[
    {
        "type": "Stim",
        "location": [
            106,
            223
        ],
        "radloc": [
            0,
            0
        ],
        "mean": [
            71.61256544502618,
            70.98952879581152,
            82.07853403141361,
            98.58115183246073,
            97.35078534031413,
            108.28795811518324,
            120.82722513089006,
            109.31937172774869
        ],
        "min": [
            6.0,
            7.0,
            7.0,
            11.0,
            13.0,
            11.0,
            21.0,
            9.0
        ],
        "max": [
            211.0,
            203.0,
            218.0,
            225.0,
            246.0,
            225.0,
            254.0,
            246.0
        ],
        "RawIntDen": [
            13678.0,
            13559.0,
            15677.0,
            18829.0,
            18594.0,
            20683.0,
            23078.0,
            20880.0
        ],
        "IntDen": [
            11681.637958869187,
            11580.006512962955,
            13388.87544094109,
            16080.827688810346,
            15880.126934289638,
            17664.228535114155,
            19709.66813969755,
            17832.47555060598
        ],
        "FlagUp": 0,
        "Times": [
            -15,
            -10,
            -5,
            2,
            10,
            20,
            30,
            40
        ],
        "width": 0,
        "height": 0,
        "area": 0.854045763917911,
        "distance": 0,
        "xpert": [
            [
                106.0,
                232.8
            ],
            [
                98.6,
                230.4
            ],
            [
                98.0,
                223.0
            ],
            [
                101.2,
                218.2
            ],
            [
                106.0,
                217.0
            ],
            [
                111.4,
                217.6
            ],
            [
                114.6,
                223.0
            ],
            [
                111.8,
                228.8
            ]
        ],
        "stack": 0
    },
    {
        "type": "Spine",
        "location": [
            207,
            171
        ],
        "radloc": [
            0,
            0
        ],
        "mean": [
            68.74691358024691,
            80.75925925925925,
            76.68518518518519,
            86.0,
            91.12345679012346,
            106.75308641975309,
            89.27160493827161,
            95.32098765432099
        ],
        "min": [
            13.0,
            6.0,
            11.0,
            11.0,
            7.0,
            11.0,
            19.0,
            25.0
        ],
        "max": [
            157.0,
            181.0,
            195.0,
            195.0,
            202.0,
            230.0,
            207.0,
            211.0
        ],
        "RawIntDen": [
            11137.0,
            13083.0,
            12423.0,
            13932.0,
            14762.0,
            17294.0,
            14462.0,
            15442.0
        ],
        "IntDen": [
            7914.859907413727,
            9297.846113737434,
            8828.796321253545,
            9901.214710432618,
            10491.080358556294,
            12290.52592608539,
            10277.875907427255,
            10974.34378111545
        ],
        "FlagUp": 0,
        "Times": [
            -15,
            -10,
            -5,
            2,
            10,
            20,
            30,
            40
        ],
        "width": 0,
        "height": 0,
        "area": 0.7106815037634666,
        "distance": 2.5198075948742895,
        "xpert": [
            [
                207.0,
                179.6
            ],
            [
                200.8,
                177.2
            ],
            [
                199.6,
                171.0
            ],
            [
                201.8,
                165.8
            ],
            [
                207.0,
                165.0
            ],
            [
                211.4,
                166.6
            ],
            [
                214.4,
                171.0
            ],
            [
                212.8,
                176.8
            ]
        ],
        "stack": 0
    },
    {
        "type": "Spine",
        "location": [
            193,
            174
        ],
        "radloc": [
            0,
            0
        ],
        "mean": [
            28.9,
            33.022222222222226,
            39.861111111111114,
            38.172222222222224,
            34.12777777777778,
            38.638888888888886,
            37.71666666666667,
            40.31111111111111
        ],
        "min": [
            4.0,
            5.0,
            5.0,
            7.0,
            6.0,
            7.0,
            8.0,
            10.0
        ],
        "max": [
            139.0,
            97.0,
            111.0,
            99.0,
            97.0,
            117.0,
            87.0,
            130.0
        ],
        "RawIntDen": [
            5202.0,
            5944.0,
            7175.0,
            6871.0,
            6143.0,
            6955.0,
            6789.0,
            7256.0
        ],
        "IntDen": [
            4391.643305437698,
            5018.056095255993,
            6057.293486450496,
            5800.64997148451,
            5186.056290908069,
            5871.5646269356375,
            5731.4237602107905,
            6125.675475635512
        ],
        "FlagUp": 0,
        "Times": [
            -15,
            -10,
            -5,
            2,
            10,
            20,
            30,
            40
        ],
        "width": 0,
        "height": 0,
        "area": 0.8442220887039019,
        "distance": 1.59734759487429,
        "xpert": [
            [
                193.0,
                181.8
            ],
            [
                187.6,
                179.4
            ],
            [
                185.6,
                174.0
            ],
            [
                187.0,
                168.0
            ],
            [
                193.0,
                167.4
            ],
            [
                199.6,
                167.4
            ],
            [
                200.8,
                174.0
            ],
            [
                199.4,
                180.4
            ]
        ],
        "stack": 0
    },
    {
        "type": "Spine",
        "location": [
            78,
            238
        ],
        "radloc": [
            0,
            0
        ],
        "mean": [
            27.416058394160583,
            24.78102189781022,
            29.583941605839417,
            36.0,
            32.96350364963504,
            33.63503649635037,
            34.21167883211679,
            39.62043795620438
        ],
        "min": [
            6.0,
            7.0,
            8.0,
            9.0,
            10.0,
            6.0,
            4.0,
            6.0
        ],
        "max": [
            121.0,
            75.0,
            88.0,
            120.0,
            81.0,
            93.0,
            91.0,
            89.0
        ],
        "RawIntDen": [
            3756.0,
            3395.0,
            4053.0,
            4932.0,
            4516.0,
            4608.0,
            4687.0,
            5428.0
        ],
        "IntDen": [
            2437.5558986084734,
            2203.275366287478,
            2630.301932124639,
            3200.752314147229,
            2930.7780719158327,
            2990.483913947776,
            3041.753060909988,
            3522.644679884663
        ],
        "FlagUp": 0,
        "Times": [
            -15,
            -10,
            -5,
            2,
            10,
            20,
            30,
            40
        ],
        "width": 0,
        "height": 0,
        "area": 0.6489765438254722,
        "distance": -0.39534,
        "xpert": [
            [
                78.0,
                243.4
            ],
            [
                72.4,
                243.6
            ],
            [
                70.6,
                238.0
            ],
            [
                73.4,
                233.4
            ],
            [
                78.0,
                228.8
            ],
            [
                84.0,
                232.0
            ],
            [
                83.6,
                238.0
            ],
            [
                81.4,
                241.4
            ]
        ],
        "stack": 0
    },
    {
        "type": "Spine",
        "location": [
            51,
            231
        ],
        "radloc": [
            0,
            0
        ],
        "mean": [
            71.64571428571429,
            59.29714285714286,
            40.41142857142857,
            38.32,
            41.54857142857143,
            34.205714285714286,
            39.68571428571428,
            58.34285714285714
        ],
        "min": [
            18.0,
            12.0,
            6.0,
            7.0,
            5.0,
            5.0,
            6.0,
            10.0
        ],
        "max": [
            195.0,
            155.0,
            141.0,
            103.0,
            119.0,
            129.0,
            153.0,
            159.0
        ],
        "RawIntDen": [
            12538.0,
            10377.0,
            7072.0,
            6706.0,
            7271.0,
            5986.0,
            6945.0,
            10210.0
        ],
        "IntDen": [
            10142.217092518795,
            8394.144741511209,
            5720.669905749954,
            5424.605824089252,
            5881.644638674761,
            4842.184679838691,
            5617.937287250202,
            8259.055392775315
        ],
        "FlagUp": 0,
        "Times": [
            -15,
            -10,
            -5,
            2,
            10,
            20,
            30,
            40
        ],
        "width": 0,
        "height": 0,
        "area": 0.8089182559035568,
        "distance": 1.4109825316247633,
        "xpert": [
            [
                51.0,
                237.2
            ],
            [
                47.4,
                234.6
            ],
            [
                45.2,
                231.0
            ],
            [
                44.0,
                224.0
            ],
            [
                51.0,
                222.2
            ],
            [
                58.6,
                223.4
            ],
            [
                59.6,
                231.0
            ],
            [
                55.8,
                235.8
            ]
        ],
        "stack": 0
    },
    {
        "type": "Spine",
        "location": [
            301,
            198
        ],
        "radloc": [
            0,
            0
        ],
        "mean": [
            23.712230215827336,
            26.41726618705036,
            33.79136690647482,
            42.68345323741007,
            42.33812949640288,
            46.92086330935252,
            41.12230215827338,
            44.10071942446043
        ],
        "min": [
            5.0,
            5.0,
            5.0,
            12.0,
            12.0,
            14.0,
            9.0,
            9.0
        ],
        "max": [
            83.0,
            75.0,
            94.0,
            99.0,
            95.0,
            105.0,
            108.0,
            95.0
        ],
        "RawIntDen": [
            3296.0,
            3672.0,
            4697.0,
            5933.0,
            5885.0,
            6522.0,
            5716.0,
            6130.0
        ],
        "IntDen": [
            2042.902026479678,
            2275.951529500418,
            2911.259350235148,
            3677.347610165027,
            3647.5966097794008,
            4042.4171773969842,
            3542.8482959216744,
            3799.450674247702
        ],
        "FlagUp": 0,
        "Times": [
            -15,
            -10,
            -5,
            2,
            10,
            20,
            30,
            40
        ],
        "width": 0,
        "height": 0,
        "area": 0.6198125080338829,
        "distance": 9.232025695744792,
        "xpert": [
            [
                301.0,
                204.4
            ],
            [
                295.2,
                203.8
            ],
            [
                292.0,
                198.0
            ],
            [
                295.6,
                192.6
            ],
            [
                301.0,
                192.4
            ],
            [
                305.4,
                193.6
            ],
            [
                306.2,
                198.0
            ],
            [
                306.2,
                203.2
            ]
        ],
        "stack": 0
    },
    {
        "type": "Spine",
        "location": [
            312,
            205
        ],
        "radloc": [
            0,
            0
        ],
        "mean": [
            31.740458015267176,
            35.35114503816794,
            33.19847328244275,
            42.93893129770992,
            53.38167938931298,
            55.152671755725194,
            37.57251908396947,
            34.465648854961835
        ],
        "min": [
            7.0,
            6.0,
            7.0,
            6.0,
            15.0,
            20.0,
            8.0,
            5.0
        ],
        "max": [
            80.0,
            80.0,
            81.0,
            89.0,
            108.0,
            103.0,
            85.0,
            74.0
        ],
        "RawIntDen": [
            4158.0,
            4631.0,
            4349.0,
            5625.0,
            6993.0,
            7225.0,
            4922.0,
            4515.0
        ],
        "IntDen": [
            2462.2986665740586,
            2742.401424940949,
            2575.4057000795046,
            3331.0317459064645,
            4141.138666510917,
            4278.525220297636,
            2914.726800595843,
            2673.7081480475886
        ],
        "FlagUp": 0,
        "Times": [
            -15,
            -10,
            -5,
            2,
            10,
            20,
            30,
            40
        ],
        "width": 0,
        "height": 0,
        "area": 0.5921834214944826,
        "distance": 10.065985822243846,
        "xpert": [
            [
                312.0,
                209.6
            ],
            [
                307.8,
                209.2
            ],
            [
                304.6,
                205.0
            ],
            [
                306.8,
                199.8
            ],
            [
                312.0,
                197.4
            ],
            [
                317.2,
                199.8
            ],
            [
                318.6,
                205.0
            ],
            [
                317.4,
                210.4
            ]
        ],
        "stack": 0
    },
    {
        "type": "Spine",
        "location": [
            323,
            201
        ],
        "radloc": [
            0,
            0
        ],
        "mean": [
            25.155555555555555,
            26.833333333333332,
            40.74444444444445,
            39.18888888888889,
            44.044444444444444,
            32.91111111111111,
            25.1,
            29.033333333333335
        ],
        "min": [
            4.0,
            6.0,
            10.0,
            7.0,
            7.0,
            8.0,
            5.0,
            5.0
        ],
        "max": [
            70.0,
            66.0,
            102.0,
            83.0,
            116.0,
            77.0,
            72.0,
            79.0
        ],
        "RawIntDen": [
            2264.0,
            2415.0,
            3667.0,
            3527.0,
            3964.0,
            2962.0,
            2259.0,
            2613.0
        ],
        "IntDen": [
            920.9081533432599,
            982.3291476695993,
            1491.5946105608366,
            1434.647993304628,
            1612.402791454365,
            1204.827716520643,
            918.8743455841096,
            1062.8679349319514
        ],
        "FlagUp": 0,
        "Times": [
            -15,
            -10,
            -5,
            2,
            10,
            20,
            30,
            40
        ],
        "width": 0,
        "height": 0,
        "area": 0.4067615518300618,
        "distance": 10.790775822243846,
        "xpert": [
            [
                323.0,
                205.6
            ],
            [
                317.8,
                206.2
            ],
            [
                316.4,
                201.0
            ],
            [
                317.2,
                195.2
            ],
            [
                323.0,
                196.0
            ],
            [
                326.2,
                197.8
            ],
            [
                326.6,
                201.0
            ],
            [
                326.0,
                204.0
            ]
        ],
        "stack": 0
    },
    {
        "type": "Spine",
        "location": [
            409,
            223
        ],
        "radloc": [
            0,
            0
        ],
        "mean": [
            42.946236559139784,
            45.72043010752688,
            40.54838709677419,
            27.225806451612904,
            30.86021505376344,
            23.666666666666668,
            17.258064516129032,
            27.172043010752688
        ],
        "min": [
            14.0,
            15.0,
            8.0,
            6.0,
            3.0,
            3.0,
            4.0,
            4.0
        ],
        "max": [
            82.0,
            87.0,
            114.0,
            91.0,
            106.0,
            93.0,
            76.0,
            132.0
        ],
        "RawIntDen": [
            3994.0,
            4252.0,
            3771.0,
            2532.0,
            2870.0,
            2201.0,
            1605.0,
            2527.0
        ],
        "IntDen": [
            1700.624920693474,
            1810.4800107132328,
            1605.6726529632174,
            1078.1127439148413,
            1222.0314277391763,
            937.1746245484067,
            683.4008507043129,
            1075.9837693020552
        ],
        "FlagUp": 0,
        "Times": [
            -15,
            -10,
            -5,
            2,
            10,
            20,
            30,
            40
        ],
        "width": 0,
        "height": 0,
        "area": 0.4257949225572043,
        "distance": 16.92128885986483,
        "xpert": [
            [
                409.0,
                227.2
            ],
            [
                404.8,
                227.2
            ],
            [
                401.4,
                223.0
            ],
            [
                404.4,
                218.4
            ],
            [
                409.0,
                217.2
            ],
            [
                412.2,
                219.8
            ],
            [
                414.0,
                223.0
            ],
            [
                413.2,
                227.2
            ]
        ],
        "stack": 0
    },
    {
        "type": "Spine",
        "location": [
            385,
            218
        ],
        "radloc": [
            0,
            0
        ],
        "mean": [
            33.914529914529915,
            35.88034188034188,
            41.41025641025641,
            27.11111111111111,
            35.88034188034188,
            23.700854700854702,
            34.98290598290598,
            30.11965811965812
        ],
        "min": [
            5.0,
            9.0,
            6.0,
            6.0,
            9.0,
            6.0,
            6.0,
            6.0
        ],
        "max": [
            84.0,
            77.0,
            94.0,
            84.0,
            101.0,
            67.0,
            101.0,
            71.0
        ],
        "RawIntDen": [
            3968.0,
            4198.0,
            4845.0,
            3172.0,
            4198.0,
            2773.0,
            4093.0,
            3524.0
        ],
        "IntDen": [
            2084.2302281050133,
            2205.039943947794,
            2544.8829272098765,
            1666.1235593621732,
            2205.039943947794,
            1456.5449653566538,
            2149.887682367394,
            1851.0149505650372
        ],
        "FlagUp": 0,
        "Times": [
            -15,
            -10,
            -5,
            2,
            10,
            20,
            30,
            40
        ],
        "width": 0,
        "height": 0,
        "area": 0.5252596340990457,
        "distance": 15.312636328240067,
        "xpert": [
            [
                385.0,
                224.2
            ],
            [
                379.6,
                223.4
            ],
            [
                378.4,
                218.0
            ],
            [
                378.8,
                211.8
            ],
            [
                385.0,
                211.0
            ],
            [
                388.6,
                214.4
            ],
            [
                389.8,
                218.0
            ],
            [
                388.2,
                221.2
            ]
        ],
        "stack": 0
    },
    {
        "type": "Stim",
        "location": [
            170,
            200
        ],
        "radloc": [
            0,
            0
        ],
        "mean": [
            33.734939759036145,
            34.975903614457835,
            41.93975903614458,
            53.8433734939759,
            57.602409638554214,
            36.66265060240964,
            42.265060240963855,
            33.83132530120482
        ],
        "min": [
            10.0,
            8.0,
            10.0,
            11.0,
            8.0,
            5.0,
            11.0,
            5.0
        ],
        "max": [
            88.0,
            99.0,
            99.0,
            144.0,
            140.0,
            103.0,
            97.0,
            111.0
        ],
        "RawIntDen": [
            2800.0,
            2903.0,
            3481.0,
            4469.0,
            4781.0,
            3043.0,
            3508.0,
            2808.0
        ],
        "IntDen": [
            1004.8391784529499,
            1041.802905374612,
            1249.2304214981139,
            1603.7951030379404,
            1715.762897208412,
            1092.0448642972594,
            1258.9199421474816,
            1007.710147534244
        ],
        "FlagUp": 0,
        "Times": [
            -15,
            -10,
            -5,
            2,
            10,
            20,
            30,
            40
        ],
        "width": 0,
        "height": 0,
        "area": 0.35887113516176783,
        "distance": 0,
        "xpert": [
            [
                170.0,
                205.2
            ],
            [
                165.8,
                204.2
            ],
            [
                163.8,
                200.0
            ],
            [
                165.8,
                195.8
            ],
            [
                170.0,
                195.8
            ],
            [
                174.2,
                195.8
            ],
            [
                174.6,
                200.0
            ],
            [
                173.2,
                203.2
            ]
        ],
        "stack": 0
    }
]