[
    {
        "type": "Stim",
        "location": [
            30,
            257
        ],
        "radloc": [
            0,
            0
        ],
        "mean": [
            88.03243243243243,
            85.14594594594594,
            115.44864864864864,
            162.21621621621622,
            139.81621621621622,
            88.77297297297298,
            91.4972972972973,
            100.31351351351351
        ],
        "min": [
            14.0,
            20.0,
            16.0,
            53.0,
            46.0,
            16.0,
            13.0,
            13.0
        ],
        "max": [
            210.0,
            226.0,
            236.0,
            255.0,
            255.0,
            215.0,
            238.0,
            221.0
        ],
        "RawIntDen": [
            16286.0,
            15752.0,
            21358.0,
            30010.0,
            25866.0,
            16423.0,
            16927.0,
            18558.0
        ],
        "IntDen": [
            15733.856708210948,
            15217.960878529953,
            20633.90099312105,
            28992.572750424322,
            24989.066536570328,
            15866.212005338843,
            16353.124923240004,
            17928.829227003484
        ],
        "FlagUp": 0,
        "Times": [
            -15,
            -10,
            -5,
            2,
            10,
            20,
            30,
            40
        ],
        "width": 0,
        "height": 0,
        "area": 0.9660970593277015,
        "distance": 0,
        "xpert": [
            [
                30.0,
                263.2
            ],
            [
                19.0,
                268.0
            ],
            [
                21.6,
                257.0
            ],
            [
                24.6,
                251.6
            ],
            [
                30.0,
                250.2
            ],
            [
                36.0,
                251.0
            ],
            [
                36.8,
                257.0
            ],
            [
                34.6,
                261.6
            ]
        ],
        "stack": 0
    },
    {
        "type": "Stim",
        "location": [
            62,
            244
        ],
        "radloc": [
            0,
            0
        ],
        "mean": [
            50.25925925925926,
            80.1358024691358,
            67.22222222222223,
            116.85185185185185,
            56.407407407407405,
            52.641975308641975,
            69.49382716049382,
            51.20987654320987
        ],
        "min": [
            11.0,
            19.0,
            15.0,
            38.0,
            14.0,
            13.0,
            12.0,
            15.0
        ],
        "max": [
            113.0,
            162.0,
            121.0,
            217.0,
            126.0,
            131.0,
            208.0,
            111.0
        ],
        "RawIntDen": [
            4071.0,
            6491.0,
            5445.0,
            9465.0,
            4569.0,
            4264.0,
            5629.0,
            4148.0
        ],
        "IntDen": [
            1574.692158226588,
            2510.765610181474,
            2106.1652668984943,
            3661.1302573359503,
            1767.3221495792877,
            1649.3459500560477,
            2177.33779382399,
            1604.4763135160615
        ],
        "FlagUp": 0,
        "Times": [
            -15,
            -10,
            -5,
            2,
            10,
            20,
            30,
            40
        ],
        "width": 0,
        "height": 0,
        "area": 0.38680721155160597,
        "distance": 0,
        "xpert": [
            [
                62.0,
                249.2
            ],
            [
                58.4,
                247.6
            ],
            [
                56.2,
                244.0
            ],
            [
                57.2,
                239.2
            ],
            [
                62.0,
                239.2
            ],
            [
                66.6,
                239.4
            ],
            [
                67.0,
                244.0
            ],
            [
                65.6,
                247.6
            ]
        ],
        "stack": 0
    },
    {
        "type": "Stim",
        "location": [
            85,
            240
        ],
        "radloc": [
            0,
            0
        ],
        "mean": [
            71.38095238095238,
            67.59183673469387,
            78.2312925170068,
            165.8639455782313,
            118.19047619047619,
            80.08843537414965,
            59.25170068027211,
            64.02721088435374
        ],
        "min": [
            10.0,
            14.0,
            13.0,
            14.0,
            15.0,
            13.0,
            12.0,
            11.0
        ],
        "max": [
            153.0,
            188.0,
            185.0,
            255.0,
            247.0,
            197.0,
            141.0,
            145.0
        ],
        "RawIntDen": [
            10493.0,
            9936.0,
            11500.0,
            24382.0,
            17374.0,
            11773.0,
            8710.0,
            9412.0
        ],
        "IntDen": [
            7260.685104450791,
            6875.266101002865,
            7957.483913197761,
            16871.249806225023,
            12022.028305034599,
            8146.387661745846,
            6026.929120343695,
            6512.681616610202
        ],
        "FlagUp": 0,
        "Times": [
            -15,
            -10,
            -5,
            2,
            10,
            20,
            30,
            40
        ],
        "width": 0,
        "height": 0,
        "area": 0.6919551228867618,
        "distance": 0,
        "xpert": [
            [
                85.0,
                247.0
            ],
            [
                79.4,
                245.6
            ],
            [
                76.0,
                240.0
            ],
            [
                80.0,
                235.0
            ],
            [
                85.0,
                234.0
            ],
            [
                89.0,
                236.0
            ],
            [
                91.4,
                240.0
            ],
            [
                91.0,
                246.0
            ]
        ],
        "stack": 0
    },
    {
        "type": "Stim",
        "location": [
            72,
            220
        ],
        "radloc": [
            0,
            0
        ],
        "mean": [
            63.55263157894737,
            62.55263157894737,
            57.223684210526315,
            127.08552631578948,
            79.89473684210526,
            79.8157894736842,
            92.23026315789474,
            78.29605263157895
        ],
        "min": [
            8.0,
            9.0,
            7.0,
            40.0,
            9.0,
            9.0,
            18.0,
            14.0
        ],
        "max": [
            158.0,
            159.0,
            148.0,
            249.0,
            185.0,
            210.0,
            196.0,
            218.0
        ],
        "RawIntDen": [
            9660.0,
            9508.0,
            8698.0,
            19317.0,
            12144.0,
            12132.0,
            14019.0,
            11901.0
        ],
        "IntDen": [
            7143.942390146611,
            7031.5325305915085,
            6432.506305330768,
            14285.666164644108,
            8980.956147612882,
            8972.081685016426,
            10367.59092830904,
            8801.248280034659
        ],
        "FlagUp": 0,
        "Times": [
            -15,
            -10,
            -5,
            2,
            10,
            20,
            30,
            40
        ],
        "width": 0,
        "height": 0,
        "area": 0.7395385497046181,
        "distance": 0,
        "xpert": [
            [
                72.0,
                227.8
            ],
            [
                67.4,
                224.6
            ],
            [
                65.0,
                220.0
            ],
            [
                66.2,
                214.2
            ],
            [
                72.0,
                214.2
            ],
            [
                75.6,
                216.4
            ],
            [
                82.4,
                220.0
            ],
            [
                78.2,
                226.2
            ]
        ],
        "stack": 0
    },
    {
        "type": "Stim",
        "location": [
            140,
            206
        ],
        "radloc": [
            0,
            0
        ],
        "mean": [
            58.24691358024691,
            51.80246913580247,
            65.19135802469135,
            175.41975308641975,
            108.22839506172839,
            75.80864197530865,
            80.68518518518519,
            99.22839506172839
        ],
        "min": [
            8.0,
            8.0,
            9.0,
            52.0,
            12.0,
            11.0,
            13.0,
            13.0
        ],
        "max": [
            198.0,
            151.0,
            203.0,
            255.0,
            243.0,
            179.0,
            213.0,
            227.0
        ],
        "RawIntDen": [
            9436.0,
            8392.0,
            10561.0,
            28418.0,
            17533.0,
            12281.0,
            13071.0,
            16075.0
        ],
        "IntDen": [
            6755.235525400495,
            6007.835579605867,
            7560.623398024018,
            20344.455612635786,
            12551.880507296193,
            8791.971967723981,
            9357.533229388499,
            11508.09782437611
        ],
        "FlagUp": 0,
        "Times": [
            -15,
            -10,
            -5,
            2,
            10,
            20,
            30,
            40
        ],
        "width": 0,
        "height": 0,
        "area": 0.7159003312209088,
        "distance": 0,
        "xpert": [
            [
                140.0,
                215.8
            ],
            [
                133.8,
                212.2
            ],
            [
                132.6,
                206.0
            ],
            [
                135.6,
                201.6
            ],
            [
                140.0,
                200.8
            ],
            [
                144.4,
                201.6
            ],
            [
                146.8,
                206.0
            ],
            [
                146.4,
                212.4
            ]
        ],
        "stack": 0
    },
    {
        "type": "Stim",
        "location": [
            146,
            231
        ],
        "radloc": [
            0,
            0
        ],
        "mean": [
            73.98275862068965,
            64.26436781609195,
            73.91379310344827,
            170.10919540229884,
            109.96551724137932,
            85.61494252873563,
            79.24137931034483,
            180.52298850574712
        ],
        "min": [
            17.0,
            9.0,
            15.0,
            37.0,
            37.0,
            29.0,
            13.0,
            75.0
        ],
        "max": [
            164.0,
            166.0,
            174.0,
            255.0,
            224.0,
            186.0,
            193.0,
            255.0
        ],
        "RawIntDen": [
            12873.0,
            11182.0,
            12861.0,
            29599.0,
            19134.0,
            14897.0,
            13788.0,
            31411.0
        ],
        "IntDen": [
            10053.5835968801,
            8732.942731322402,
            10044.211810725936,
            23116.29153142656,
            14943.313022815491,
            11634.291528215866,
            10768.182291135152,
            24531.431240705417
        ],
        "FlagUp": 0,
        "Times": [
            -15,
            -10,
            -5,
            2,
            10,
            20,
            30,
            40
        ],
        "width": 0,
        "height": 0,
        "area": 0.7809821795137186,
        "distance": 0,
        "xpert": [
            [
                146.0,
                240.8
            ],
            [
                139.6,
                237.4
            ],
            [
                138.8,
                231.0
            ],
            [
                141.8,
                226.8
            ],
            [
                146.0,
                226.8
            ],
            [
                150.2,
                226.8
            ],
            [
                155.6,
                231.0
            ],
            [
                152.6,
                237.6
            ]
        ],
        "stack": 0
    },
    {
        "type": "Stim",
        "location": [
            123,
            232
        ],
        "radloc": [
            0,
            0
        ],
        "mean": [
            97.02116402116403,
            93.3015873015873,
            96.92592592592592,
            171.56084656084656,
            121.48677248677248,
            96.70370370370371,
            84.9047619047619,
            95.91534391534391
        ],
        "min": [
            14.0,
            11.0,
            6.0,
            62.0,
            21.0,
            11.0,
            12.0,
            15.0
        ],
        "max": [
            250.0,
            236.0,
            217.0,
            255.0,
            230.0,
            226.0,
            192.0,
            202.0
        ],
        "RawIntDen": [
            18337.0,
            17634.0,
            18319.0,
            32425.0,
            22961.0,
            18277.0,
            16047.0,
            18128.0
        ],
        "IntDen": [
            16572.579380734103,
            15937.223362592857,
            16556.311374579705,
            29305.005530910363,
            20751.649406175264,
            16518.352693552773,
            14502.92748664668,
            16383.68975371914
        ],
        "FlagUp": 0,
        "Times": [
            -15,
            -10,
            -5,
            2,
            10,
            20,
            30,
            40
        ],
        "width": 0,
        "height": 0,
        "area": 0.9037781196888316,
        "distance": 0,
        "xpert": [
            [
                123.0,
                237.8
            ],
            [
                117.6,
                237.4
            ],
            [
                113.2,
                232.0
            ],
            [
                113.2,
                222.2
            ],
            [
                123.0,
                221.6
            ],
            [
                127.4,
                227.6
            ],
            [
                127.8,
                232.0
            ],
            [
                126.4,
                235.4
            ]
        ],
        "stack": 0
    },
    {
        "type": "Spine",
        "location": [
            8,
            254
        ],
        "radloc": [
            0,
            0
        ],
        "mean": [
            59.707070707070706,
            47.23232323232323,
            55.63636363636363,
            73.96464646464646,
            159.87878787878788,
            114.13636363636364,
            60.5959595959596,
            54.42929292929293
        ],
        "min": [
            12.0,
            9.0,
            14.0,
            12.0,
            43.0,
            23.0,
            13.0,
            9.0
        ],
        "max": [
            187.0,
            178.0,
            170.0,
            201.0,
            255.0,
            251.0,
            196.0,
            178.0
        ],
        "RawIntDen": [
            11822.0,
            9352.0,
            11016.0,
            14645.0,
            31656.0,
            22599.0,
            11998.0,
            10777.0
        ],
        "IntDen": [
            10390.496975999456,
            8219.58447974513,
            9682.093950905939,
            12871.665387710374,
            27822.836429727526,
            19862.53097281439,
            10545.18547775685,
            9472.033996814933
        ],
        "FlagUp": 0,
        "Times": [
            -15,
            -10,
            -5,
            2,
            10,
            20,
            30,
            40
        ],
        "width": 0,
        "height": 0,
        "area": 0.8789119418033714,
        "distance": 1.44958,
        "xpert": [
            [
                8.0,
                264.0
            ],
            [
                0.8,
                261.2
            ],
            [
                1.0,
                254.0
            ],
            [
                4.0,
                250.0
            ],
            [
                8.0,
                249.0
            ],
            [
                13.0,
                249.0
            ],
            [
                16.2,
                254.0
            ],
            [
                16.2,
                262.2
            ]
        ],
        "stack": 0
    },
    {
        "type": "Spine",
        "location": [
            18,
            246
        ],
        "radloc": [
            0,
            0
        ],
        "mean": [
            116.32142857142857,
            118.14285714285714,
            89.52857142857142,
            96.0,
            109.10714285714286,
            140.97857142857143,
            112.81428571428572,
            163.8
        ],
        "min": [
            27.0,
            24.0,
            24.0,
            32.0,
            46.0,
            55.0,
            29.0,
            66.0
        ],
        "max": [
            255.0,
            235.0,
            204.0,
            222.0,
            214.0,
            249.0,
            233.0,
            255.0
        ],
        "RawIntDen": [
            16285.0,
            16540.0,
            12534.0,
            13440.0,
            15275.0,
            19737.0,
            15794.0,
            22932.0
        ],
        "IntDen": [
            10323.61586019323,
            10485.269040687504,
            7945.729271824497,
            8520.073513110041,
            9683.342478627668,
            12511.95617025691,
            10012.354245986606,
            14537.375431744007
        ],
        "FlagUp": 0,
        "Times": [
            -15,
            -10,
            -5,
            2,
            10,
            20,
            30,
            40
        ],
        "width": 0,
        "height": 0,
        "area": 0.6339340411540209,
        "distance": 0.79068,
        "xpert": [
            [
                18.0,
                251.8
            ],
            [
                13.0,
                251.0
            ],
            [
                11.0,
                246.0
            ],
            [
                13.2,
                241.2
            ],
            [
                18.0,
                240.2
            ],
            [
                23.8,
                240.2
            ],
            [
                26.4,
                246.0
            ],
            [
                23.4,
                251.4
            ]
        ],
        "stack": 0
    },
    {
        "type": "Spine",
        "location": [
            43,
            229
        ],
        "radloc": [
            0,
            0
        ],
        "mean": [
            57.986486486486484,
            85.22972972972973,
            52.189189189189186,
            157.13513513513513,
            96.89189189189189,
            72.91891891891892,
            51.41891891891892,
            48.87837837837838
        ],
        "min": [
            9.0,
            12.0,
            11.0,
            44.0,
            17.0,
            13.0,
            15.0,
            7.0
        ],
        "max": [
            237.0,
            242.0,
            200.0,
            255.0,
            255.0,
            222.0,
            137.0,
            125.0
        ],
        "RawIntDen": [
            4291.0,
            6307.0,
            3862.0,
            11628.0,
            7170.0,
            5396.0,
            3805.0,
            3617.0
        ],
        "IntDen": [
            1426.6288044314922,
            2096.888340608115,
            1283.9991709891453,
            3865.9612533044487,
            2383.809957532929,
            1794.008163298143,
            1265.0483805317706,
            1202.5440190232364
        ],
        "FlagUp": 0,
        "Times": [
            -15,
            -10,
            -5,
            2,
            10,
            20,
            30,
            40
        ],
        "width": 0,
        "height": 0,
        "area": 0.3324700080241184,
        "distance": -0.85657,
        "xpert": [
            [
                43.0,
                233.2
            ],
            [
                38.8,
                233.2
            ],
            [
                37.8,
                229.0
            ],
            [
                39.8,
                225.8
            ],
            [
                43.0,
                224.0
            ],
            [
                46.0,
                226.0
            ],
            [
                48.8,
                229.0
            ],
            [
                47.2,
                233.2
            ]
        ],
        "stack": 0
    },
    {
        "type": "Spine",
        "location": [
            163,
            193
        ],
        "radloc": [
            0,
            0
        ],
        "mean": [
            72.0625,
            56.75,
            49.1484375,
            68.9296875,
            50.9765625,
            43.5078125,
            48.7421875,
            47.609375
        ],
        "min": [
            16.0,
            11.0,
            10.0,
            11.0,
            10.0,
            8.0,
            7.0,
            7.0
        ],
        "max": [
            165.0,
            135.0,
            138.0,
            165.0,
            139.0,
            121.0,
            97.0,
            138.0
        ],
        "RawIntDen": [
            9224.0,
            7264.0,
            6291.0,
            8823.0,
            6525.0,
            5569.0,
            6239.0,
            6094.0
        ],
        "IntDen": [
            5400.003043495468,
            4252.560939717159,
            3682.9378953414994,
            5165.245755936743,
            3819.9284322211547,
            3260.2576918068366,
            3652.495553812687,
            3567.6082553188835
        ],
        "FlagUp": 0,
        "Times": [
            -15,
            -10,
            -5,
            2,
            10,
            20,
            30,
            40
        ],
        "width": 0,
        "height": 0,
        "area": 0.5854296447848513,
        "distance": 1.970077721373343,
        "xpert": [
            [
                163.0,
                200.6
            ],
            [
                157.4,
                198.6
            ],
            [
                155.4,
                193.0
            ],
            [
                157.4,
                187.4
            ],
            [
                163.0,
                187.0
            ],
            [
                167.4,
                188.6
            ],
            [
                168.8,
                193.0
            ],
            [
                166.6,
                196.6
            ]
        ],
        "stack": 0
    },
    {
        "type": "Spine",
        "location": [
            166,
            228
        ],
        "radloc": [
            0,
            0
        ],
        "mean": [
            54.60897435897436,
            44.66025641025641,
            51.756410256410255,
            174.18589743589743,
            99.06410256410257,
            73.7948717948718,
            56.46153846153846,
            110.48076923076923
        ],
        "min": [
            10.0,
            8.0,
            8.0,
            57.0,
            14.0,
            12.0,
            8.0,
            12.0
        ],
        "max": [
            165.0,
            154.0,
            156.0,
            255.0,
            236.0,
            196.0,
            166.0,
            255.0
        ],
        "RawIntDen": [
            8519.0,
            6967.0,
            8074.0,
            27173.0,
            15454.0,
            11512.0,
            8808.0,
            17235.0
        ],
        "IntDen": [
            5960.14685526931,
            4874.32129835207,
            5648.811563498581,
            19011.042434350624,
            10812.079997808652,
            8054.139053628395,
            6162.339887452998,
            12058.120794760718
        ],
        "FlagUp": 0,
        "Times": [
            -15,
            -10,
            -5,
            2,
            10,
            20,
            30,
            40
        ],
        "width": 0,
        "height": 0,
        "area": 0.6996298691477063,
        "distance": 0.9770450632495266,
        "xpert": [
            [
                166.0,
                236.6
            ],
            [
                159.6,
                234.4
            ],
            [
                158.6,
                228.0
            ],
            [
                162.4,
                224.4
            ],
            [
                166.0,
                221.6
            ],
            [
                171.0,
                223.0
            ],
            [
                173.0,
                228.0
            ],
            [
                172.0,
                234.0
            ]
        ],
        "stack": 0
    },
    {
        "type": "Spine",
        "location": [
            191,
            195
        ],
        "radloc": [
            0,
            0
        ],
        "mean": [
            87.86238532110092,
            71.04587155963303,
            60.08256880733945,
            38.93577981651376,
            53.81651376146789,
            49.706422018348626,
            49.72477064220183,
            47.22018348623853
        ],
        "min": [
            19.0,
            10.0,
            6.0,
            6.0,
            7.0,
            7.0,
            7.0,
            6.0
        ],
        "max": [
            217.0,
            170.0,
            166.0,
            114.0,
            155.0,
            148.0,
            153.0,
            137.0
        ],
        "RawIntDen": [
            9577.0,
            7744.0,
            6549.0,
            4244.0,
            5866.0,
            5418.0,
            5420.0,
            5147.0
        ],
        "IntDen": [
            4627.625789489521,
            3741.9164784177556,
            3164.4900590338175,
            2050.709392356012,
            2834.4630762394827,
            2617.9885692235794,
            2618.954973272758,
            2487.0408205599415
        ],
        "FlagUp": 0,
        "Times": [
            -15,
            -10,
            -5,
            2,
            10,
            20,
            30,
            40
        ],
        "width": 0,
        "height": 0,
        "area": 0.4832020245890697,
        "distance": 3.1560977213733423,
        "xpert": [
            [
                191.0,
                203.0
            ],
            [
                185.6,
                200.4
            ],
            [
                184.6,
                195.0
            ],
            [
                187.4,
                191.4
            ],
            [
                191.0,
                190.0
            ],
            [
                194.0,
                192.0
            ],
            [
                196.0,
                195.0
            ],
            [
                196.2,
                200.2
            ]
        ],
        "stack": 0
    },
    {
        "type": "Spine",
        "location": [
            199,
            233
        ],
        "radloc": [
            0,
            0
        ],
        "mean": [
            82.58064516129032,
            66.72043010752688,
            51.1505376344086,
            35.53763440860215,
            40.88172043010753,
            66.0752688172043,
            59.483870967741936,
            44.10752688172043
        ],
        "min": [
            33.0,
            19.0,
            10.0,
            8.0,
            11.0,
            14.0,
            10.0,
            9.0
        ],
        "max": [
            173.0,
            117.0,
            99.0,
            92.0,
            97.0,
            125.0,
            113.0,
            95.0
        ],
        "RawIntDen": [
            7680.0,
            6205.0,
            4757.0,
            3305.0,
            3802.0,
            6145.0,
            5532.0,
            4102.0
        ],
        "IntDen": [
            3288.966461650226,
            2657.296470643184,
            2037.1892523528809,
            1415.369030697135,
            1628.209698853406,
            2631.6014201615417,
            2369.0836544074286,
            1756.6849512616182
        ],
        "FlagUp": 0,
        "Times": [
            -15,
            -10,
            -5,
            2,
            10,
            20,
            30,
            40
        ],
        "width": 0,
        "height": 0,
        "area": 0.4282508413607065,
        "distance": 4.133142784622868,
        "xpert": [
            [
                199.0,
                237.4
            ],
            [
                195.4,
                236.6
            ],
            [
                194.0,
                233.0
            ],
            [
                195.0,
                229.0
            ],
            [
                199.0,
                225.2
            ],
            [
                204.4,
                227.6
            ],
            [
                204.8,
                233.0
            ],
            [
                202.2,
                236.2
            ]
        ],
        "stack": 0
    },
    {
        "type": "Spine",
        "location": [
            209,
            232
        ],
        "radloc": [
            0,
            0
        ],
        "mean": [
            84.40186915887851,
            67.94392523364486,
            77.2803738317757,
            63.177570093457945,
            88.8785046728972,
            84.24299065420561,
            75.29906542056075,
            69.27102803738318
        ],
        "min": [
            20.0,
            13.0,
            16.0,
            11.0,
            18.0,
            20.0,
            19.0,
            17.0
        ],
        "max": [
            167.0,
            146.0,
            149.0,
            138.0,
            171.0,
            181.0,
            163.0,
            125.0
        ],
        "RawIntDen": [
            9031.0,
            7270.0,
            8269.0,
            6760.0,
            9510.0,
            9014.0,
            8057.0,
            7412.0
        ],
        "IntDen": [
            4535.687855100712,
            3651.2513239488626,
            4152.984483869759,
            3395.1112723375945,
            4776.258609457178,
            4527.149853380337,
            4046.5105800627216,
            3722.568750083765
        ],
        "FlagUp": 0,
        "Times": [
            -15,
            -10,
            -5,
            2,
            10,
            20,
            30,
            40
        ],
        "width": 0,
        "height": 0,
        "area": 0.5022353953162122,
        "distance": 4.42399531624763,
        "xpert": [
            [
                209.0,
                236.8
            ],
            [
                205.8,
                235.2
            ],
            [
                203.2,
                232.0
            ],
            [
                202.8,
                225.8
            ],
            [
                209.0,
                225.2
            ],
            [
                215.4,
                225.6
            ],
            [
                214.0,
                232.0
            ],
            [
                212.0,
                235.0
            ]
        ],
        "stack": 0
    },
    {
        "type": "Spine",
        "location": [
            217,
            209
        ],
        "radloc": [
            0,
            0
        ],
        "mean": [
            95.10909090909091,
            81.45454545454545,
            71.30909090909091,
            46.86363636363637,
            64.87272727272727,
            50.43636363636364,
            60.2,
            54.68181818181818
        ],
        "min": [
            42.0,
            18.0,
            14.0,
            9.0,
            12.0,
            12.0,
            10.0,
            13.0
        ],
        "max": [
            188.0,
            209.0,
            142.0,
            96.0,
            146.0,
            112.0,
            127.0,
            94.0
        ],
        "RawIntDen": [
            10462.0,
            8960.0,
            7844.0,
            5155.0,
            7136.0,
            5548.0,
            6622.0,
            6015.0
        ],
        "IntDen": [
            5097.012042849487,
            4365.248318097057,
            3821.5410499055038,
            2511.479361583742,
            3476.608481913013,
            2702.9461683931327,
            3226.191335093606,
            2930.4652492582363
        ],
        "FlagUp": 0,
        "Times": [
            -15,
            -10,
            -5,
            2,
            10,
            20,
            30,
            40
        ],
        "width": 0,
        "height": 0,
        "area": 0.4871928926447608,
        "distance": 4.951115316247631,
        "xpert": [
            [
                217.0,
                215.2
            ],
            [
                210.8,
                215.2
            ],
            [
                211.4,
                209.0
            ],
            [
                213.6,
                205.6
            ],
            [
                217.0,
                203.8
            ],
            [
                222.0,
                204.0
            ],
            [
                223.0,
                209.0
            ],
            [
                221.0,
                213.0
            ]
        ],
        "stack": 0
    },
    {
        "type": "Spine",
        "location": [
            225,
            214
        ],
        "radloc": [
            0,
            0
        ],
        "mean": [
            130.86746987951807,
            149.3855421686747,
            132.21686746987953,
            97.42168674698796,
            119.66265060240964,
            94.8433734939759,
            131.86746987951807,
            109.40963855421687
        ],
        "min": [
            39.0,
            34.0,
            36.0,
            24.0,
            28.0,
            16.0,
            28.0,
            17.0
        ],
        "max": [
            207.0,
            249.0,
            199.0,
            169.0,
            206.0,
            195.0,
            246.0,
            240.0
        ],
        "RawIntDen": [
            10862.0,
            12399.0,
            10974.0,
            8086.0,
            9932.0,
            7872.0,
            10945.0,
            9081.0
        ],
        "IntDen": [
            4591.639211261801,
            5241.367573230996,
            4638.984413955718,
            3418.1545444911553,
            4198.504938892673,
            3327.6913893438505,
            4626.725388258186,
            3838.7659434237175
        ],
        "FlagUp": 0,
        "Times": [
            -15,
            -10,
            -5,
            2,
            10,
            20,
            30,
            40
        ],
        "width": 0,
        "height": 0,
        "area": 0.4227250240528265,
        "distance": 5.478235316247631,
        "xpert": [
            [
                225.0,
                219.0
            ],
            [
                220.0,
                219.0
            ],
            [
                218.8,
                214.0
            ],
            [
                221.2,
                210.2
            ],
            [
                225.0,
                208.8
            ],
            [
                228.2,
                210.8
            ],
            [
                229.6,
                214.0
            ],
            [
                229.8,
                218.8
            ]
        ],
        "stack": 0
    },
    {
        "type": "Spine",
        "location": [
            232,
            232
        ],
        "radloc": [
            0,
            0
        ],
        "mean": [
            73.94791666666667,
            55.489583333333336,
            63.177083333333336,
            50.5625,
            69.41666666666667,
            68.90625,
            62.145833333333336,
            53.802083333333336
        ],
        "min": [
            18.0,
            15.0,
            27.0,
            14.0,
            14.0,
            27.0,
            17.0,
            16.0
        ],
        "max": [
            168.0,
            128.0,
            113.0,
            113.0,
            148.0,
            138.0,
            148.0,
            106.0
        ],
        "RawIntDen": [
            7099.0,
            5327.0,
            6065.0,
            4854.0,
            6664.0,
            6615.0,
            5966.0,
            5165.0
        ],
        "IntDen": [
            3070.6632160952654,
            2304.186920994433,
            2623.4078610533575,
            2099.59138624122,
            2882.504531914192,
            2861.309645650117,
            2580.585539825941,
            2234.1140317132053
        ],
        "FlagUp": 0,
        "Times": [
            -15,
            -10,
            -5,
            2,
            10,
            20,
            30,
            40
        ],
        "width": 0,
        "height": 0,
        "area": 0.43254869926683553,
        "distance": 5.939465316247632,
        "xpert": [
            [
                232.0,
                237.6
            ],
            [
                227.6,
                236.4
            ],
            [
                227.0,
                232.0
            ],
            [
                228.6,
                228.6
            ],
            [
                232.0,
                225.6
            ],
            [
                236.6,
                227.4
            ],
            [
                238.0,
                232.0
            ],
            [
                236.4,
                236.4
            ]
        ],
        "stack": 0
    },
    {
        "type": "Spine",
        "location": [
            247,
            228
        ],
        "radloc": [
            0,
            0
        ],
        "mean": [
            92.92,
            78.23,
            84.24,
            64.37,
            83.51,
            78.84,
            82.69,
            80.53
        ],
        "min": [
            27.0,
            17.0,
            14.0,
            18.0,
            17.0,
            23.0,
            22.0,
            16.0
        ],
        "max": [
            187.0,
            176.0,
            194.0,
            144.0,
            205.0,
            171.0,
            171.0,
            185.0
        ],
        "RawIntDen": [
            9292.0,
            7823.0,
            8424.0,
            6437.0,
            8351.0,
            7884.0,
            8269.0,
            8053.0
        ],
        "IntDen": [
            4167.575097481365,
            3508.710717563142,
            3778.2665326283923,
            2887.0728478785563,
            3745.525144109651,
            3536.069960024008,
            3708.747146047504,
            3611.8685170057506
        ],
        "FlagUp": 0,
        "Times": [
            -15,
            -10,
            -5,
            2,
            10,
            20,
            30,
            40
        ],
        "width": 0,
        "height": 0,
        "area": 0.4485121714896002,
        "distance": 6.955107847872394,
        "xpert": [
            [
                247.0,
                233.2
            ],
            [
                241.4,
                233.6
            ],
            [
                239.8,
                228.0
            ],
            [
                242.2,
                223.2
            ],
            [
                247.0,
                222.8
            ],
            [
                251.0,
                224.0
            ],
            [
                252.0,
                228.0
            ],
            [
                250.0,
                231.0
            ]
        ],
        "stack": 0
    },
    {
        "type": "Spine",
        "location": [
            268,
            197
        ],
        "radloc": [
            0,
            0
        ],
        "mean": [
            119.99295774647888,
            99.3169014084507,
            101.73239436619718,
            71.21126760563381,
            66.94366197183099,
            74.28169014084507,
            66.88028169014085,
            58.11971830985915
        ],
        "min": [
            29.0,
            16.0,
            11.0,
            18.0,
            19.0,
            17.0,
            16.0,
            10.0
        ],
        "max": [
            215.0,
            209.0,
            195.0,
            128.0,
            128.0,
            199.0,
            145.0,
            140.0
        ],
        "RawIntDen": [
            17039.0,
            14103.0,
            14446.0,
            10112.0,
            9506.0,
            10548.0,
            9497.0,
            8253.0
        ],
        "IntDen": [
            11010.834129687737,
            9113.55089682412,
            9335.202173687954,
            6534.512278854533,
            6142.906815940585,
            6816.261423789321,
            6137.090893224041,
            5333.201131070655
        ],
        "FlagUp": 0,
        "Times": [
            -15,
            -10,
            -5,
            2,
            10,
            20,
            30,
            40
        ],
        "width": 0,
        "height": 0,
        "area": 0.6462136351715322,
        "distance": 8.743503164120028,
        "xpert": [
            [
                268.0,
                203.8
            ],
            [
                261.2,
                203.8
            ],
            [
                260.2,
                197.0
            ],
            [
                261.8,
                190.8
            ],
            [
                268.0,
                190.2
            ],
            [
                272.0,
                193.0
            ],
            [
                274.0,
                197.0
            ],
            [
                271.6,
                200.6
            ]
        ],
        "stack": 0
    },
    {
        "type": "Spine",
        "location": [
            291,
            185
        ],
        "radloc": [
            0,
            0
        ],
        "mean": [
            55.59183673469388,
            49.6530612244898,
            53.666666666666664,
            43.3469387755102,
            40.74149659863946,
            84.37414965986395,
            55.70068027210884,
            38.72789115646258
        ],
        "min": [
            10.0,
            8.0,
            12.0,
            10.0,
            10.0,
            12.0,
            10.0,
            6.0
        ],
        "max": [
            164.0,
            127.0,
            141.0,
            123.0,
            109.0,
            175.0,
            178.0,
            93.0
        ],
        "RawIntDen": [
            8172.0,
            7299.0,
            7889.0,
            6372.0,
            5989.0,
            12403.0,
            8188.0,
            5693.0
        ],
        "IntDen": [
            5775.0758750039395,
            5158.134950031052,
            5575.082425098639,
            4503.032730729944,
            4232.370217253866,
            8765.083954683536,
            5786.382925175264,
            4023.1897890843643
        ],
        "FlagUp": 0,
        "Times": [
            -15,
            -10,
            -5,
            2,
            10,
            20,
            30,
            40
        ],
        "width": 0,
        "height": 0,
        "area": 0.7066906357077752,
        "distance": 10.154485695744794,
        "xpert": [
            [
                291.0,
                191.0
            ],
            [
                284.8,
                191.2
            ],
            [
                281.2,
                185.0
            ],
            [
                287.6,
                181.6
            ],
            [
                291.0,
                180.2
            ],
            [
                298.8,
                177.2
            ],
            [
                297.6,
                185.0
            ],
            [
                295.2,
                189.2
            ]
        ],
        "stack": 0
    },
    {
        "type": "Spine",
        "location": [
            309,
            220
        ],
        "radloc": [
            0,
            0
        ],
        "mean": [
            73.22115384615384,
            77.54807692307692,
            64.0576923076923,
            49.125,
            65.125,
            54.89423076923077,
            51.57692307692308,
            52.07692307692308
        ],
        "min": [
            17.0,
            28.0,
            15.0,
            12.0,
            13.0,
            16.0,
            16.0,
            19.0
        ],
        "max": [
            172.0,
            164.0,
            138.0,
            90.0,
            153.0,
            115.0,
            103.0,
            102.0
        ],
        "RawIntDen": [
            7615.0,
            8065.0,
            6662.0,
            5109.0,
            6773.0,
            5709.0,
            5364.0,
            5416.0
        ],
        "IntDen": [
            3572.047942535915,
            3783.134163696934,
            3125.014234166023,
            2396.5322309147723,
            3177.0821687190746,
            2677.980525796131,
            2516.1477562393497,
            2540.539941795734
        ],
        "FlagUp": 0,
        "Times": [
            -15,
            -10,
            -5,
            2,
            10,
            20,
            30,
            40
        ],
        "width": 0,
        "height": 0,
        "area": 0.4690804914689317,
        "distance": 11.340505695744794,
        "xpert": [
            [
                309.0,
                226.0
            ],
            [
                305.4,
                223.6
            ],
            [
                302.8,
                220.0
            ],
            [
                303.8,
                214.8
            ],
            [
                309.0,
                213.2
            ],
            [
                313.6,
                215.4
            ],
            [
                314.4,
                220.0
            ],
            [
                312.4,
                223.4
            ]
        ],
        "stack": 0
    },
    {
        "type": "Spine",
        "location": [
            339,
            184
        ],
        "radloc": [
            0,
            0
        ],
        "mean": [
            51.379629629629626,
            50.19444444444444,
            63.51851851851852,
            57.657407407407405,
            96.55555555555556,
            65.3425925925926,
            78.73148148148148,
            63.97222222222222
        ],
        "min": [
            10.0,
            11.0,
            15.0,
            12.0,
            27.0,
            21.0,
            24.0,
            22.0
        ],
        "max": [
            131.0,
            122.0,
            148.0,
            169.0,
            182.0,
            150.0,
            172.0,
            146.0
        ],
        "RawIntDen": [
            5549.0,
            5421.0,
            6860.0,
            6227.0,
            10428.0,
            7057.0,
            8503.0,
            6909.0
        ],
        "IntDen": [
            2703.4333612857786,
            2641.0726710272493,
            3342.14324354306,
            3033.7501424989264,
            5080.4474844995675,
            3438.120243394078,
            4142.6011661584025,
            3366.0156952826533
        ],
        "FlagUp": 0,
        "Times": [
            -15,
            -10,
            -5,
            2,
            10,
            20,
            30,
            40
        ],
        "width": 0,
        "height": 0,
        "area": 0.48719289264476096,
        "distance": 13.317205695744796,
        "xpert": [
            [
                339.0,
                191.8
            ],
            [
                334.0,
                189.0
            ],
            [
                332.2,
                184.0
            ],
            [
                335.0,
                180.0
            ],
            [
                339.0,
                179.2
            ],
            [
                342.6,
                180.4
            ],
            [
                345.0,
                184.0
            ],
            [
                343.2,
                188.2
            ]
        ],
        "stack": 0
    },
    {
        "type": "Spine",
        "location": [
            323,
            217
        ],
        "radloc": [
            0,
            0
        ],
        "mean": [
            83.5,
            89.71929824561404,
            93.16666666666667,
            68.23684210526316,
            67.55263157894737,
            64.0701754385965,
            60.51754385964912,
            64.7719298245614
        ],
        "min": [
            21.0,
            35.0,
            24.0,
            21.0,
            21.0,
            20.0,
            19.0,
            21.0
        ],
        "max": [
            206.0,
            215.0,
            220.0,
            194.0,
            201.0,
            214.0,
            213.0,
            182.0
        ],
        "RawIntDen": [
            9519.0,
            10228.0,
            10621.0,
            7779.0,
            7701.0,
            7304.0,
            6899.0,
            7384.0
        ],
        "IntDen": [
            4734.022945833948,
            5086.625348249777,
            5282.073506429495,
            3868.679955419927,
            3829.8887179186086,
            3632.451265508053,
            3431.035224635824,
            3672.23715012479
        ],
        "FlagUp": 0,
        "Times": [
            -15,
            -10,
            -5,
            2,
            10,
            20,
            30,
            40
        ],
        "width": 0,
        "height": 0,
        "area": 0.4973235577092077,
        "distance": 12.262965695744795,
        "xpert": [
            [
                323.0,
                222.6
            ],
            [
                318.2,
                221.8
            ],
            [
                316.0,
                217.0
            ],
            [
                317.8,
                211.8
            ],
            [
                323.0,
                211.8
            ],
            [
                328.2,
                211.8
            ],
            [
                328.8,
                217.0
            ],
            [
                326.6,
                220.6
            ]
        ],
        "stack": 0
    },
    {
        "type": "Spine",
        "location": [
            354,
            224
        ],
        "radloc": [
            0,
            0
        ],
        "mean": [
            51.36290322580645,
            39.225806451612904,
            36.895161290322584,
            35.5,
            47.895161290322584,
            72.6774193548387,
            72.41935483870968,
            57.67741935483871
        ],
        "min": [
            10.0,
            7.0,
            6.0,
            7.0,
            9.0,
            19.0,
            16.0,
            12.0
        ],
        "max": [
            133.0,
            99.0,
            93.0,
            99.0,
            120.0,
            142.0,
            149.0,
            135.0
        ],
        "RawIntDen": [
            6369.0,
            4864.0,
            4575.0,
            4402.0,
            5939.0,
            9012.0,
            8980.0,
            7152.0
        ],
        "IntDen": [
            3650.392673337188,
            2787.8018469323415,
            2622.16148226058,
            2523.0065234778303,
            3403.938151507232,
            5165.228257515268,
            5146.887455890713,
            4099.169163088015
        ],
        "FlagUp": 0,
        "Times": [
            -15,
            -10,
            -5,
            2,
            10,
            20,
            30,
            40
        ],
        "width": 0,
        "height": 0,
        "area": 0.5731500507673399,
        "distance": 14.305555695744797,
        "xpert": [
            [
                354.0,
                229.6
            ],
            [
                347.8,
                230.2
            ],
            [
                347.0,
                224.0
            ],
            [
                349.0,
                219.0
            ],
            [
                354.0,
                215.2
            ],
            [
                358.0,
                220.0
            ],
            [
                359.2,
                224.0
            ],
            [
                357.6,
                227.6
            ]
        ],
        "stack": 0
    },
    {
        "type": "Spine",
        "location": [
            359,
            187
        ],
        "radloc": [
            0,
            0
        ],
        "mean": [
            85.1588785046729,
            88.33644859813084,
            81.25233644859813,
            60.99065420560748,
            56.58878504672897,
            58.299065420560744,
            66.92523364485982,
            57.981308411214954
        ],
        "min": [
            31.0,
            27.0,
            22.0,
            17.0,
            9.0,
            11.0,
            16.0,
            12.0
        ],
        "max": [
            166.0,
            195.0,
            162.0,
            125.0,
            141.0,
            134.0,
            145.0,
            124.0
        ],
        "RawIntDen": [
            9112.0,
            9452.0,
            8694.0,
            6526.0,
            6055.0,
            6238.0,
            7161.0,
            6204.0
        ],
        "IntDen": [
            4800.152243496451,
            4979.262401835871,
            4579.952107655635,
            3437.861450950158,
            3189.741202191726,
            3286.1446109450026,
            3772.376011378192,
            3268.2335951110604
        ],
        "FlagUp": 0,
        "Times": [
            -15,
            -10,
            -5,
            2,
            10,
            20,
            30,
            40
        ],
        "width": 0,
        "height": 0,
        "area": 0.5267945833512347,
        "distance": 14.662298227369561,
        "xpert": [
            [
                359.0,
                193.8
            ],
            [
                351.0,
                195.0
            ],
            [
                353.4,
                187.0
            ],
            [
                355.4,
                183.4
            ],
            [
                359.0,
                182.0
            ],
            [
                362.0,
                184.0
            ],
            [
                363.6,
                187.0
            ],
            [
                363.6,
                191.6
            ]
        ],
        "stack": 0
    },
    {
        "type": "Spine",
        "location": [
            380,
            202
        ],
        "radloc": [
            0,
            0
        ],
        "mean": [
            79.89285714285714,
            85.05952380952381,
            74.05952380952381,
            79.76190476190476,
            66.1547619047619,
            61.666666666666664,
            108.20238095238095,
            65.36904761904762
        ],
        "min": [
            25.0,
            21.0,
            21.0,
            22.0,
            15.0,
            19.0,
            43.0,
            19.0
        ],
        "max": [
            138.0,
            168.0,
            151.0,
            148.0,
            145.0,
            124.0,
            186.0,
            155.0
        ],
        "RawIntDen": [
            6711.0,
            7145.0,
            6221.0,
            6700.0,
            5557.0,
            5180.0,
            9089.0,
            5491.0
        ],
        "IntDen": [
            2540.237556793053,
            2704.5145795390204,
            2354.763498854058,
            2536.0738534515654,
            2103.4272244224403,
            1960.725755355091,
            3440.3545155255642,
            2078.445004373514
        ],
        "FlagUp": 0,
        "Times": [
            -15,
            -10,
            -5,
            2,
            10,
            20,
            30,
            40
        ],
        "width": 0,
        "height": 0,
        "area": 0.3785184855897859,
        "distance": 15.639343290619092,
        "xpert": [
            [
                380.0,
                208.6
            ],
            [
                376.0,
                206.0
            ],
            [
                374.0,
                202.0
            ],
            [
                376.0,
                198.0
            ],
            [
                380.0,
                197.4
            ],
            [
                383.2,
                198.8
            ],
            [
                385.0,
                202.0
            ],
            [
                384.0,
                206.0
            ]
        ],
        "stack": 0
    },
    {
        "type": "Spine",
        "location": [
            380,
            225
        ],
        "radloc": [
            0,
            0
        ],
        "mean": [
            88.22033898305085,
            76.84745762711864,
            70.41525423728814,
            68.86440677966101,
            61.57627118644068,
            69.34745762711864,
            75.28813559322033,
            64.61016949152543
        ],
        "min": [
            16.0,
            14.0,
            15.0,
            13.0,
            13.0,
            20.0,
            21.0,
            20.0
        ],
        "max": [
            182.0,
            151.0,
            148.0,
            148.0,
            134.0,
            138.0,
            143.0,
            166.0
        ],
        "RawIntDen": [
            10410.0,
            9068.0,
            8309.0,
            8126.0,
            7266.0,
            8183.0,
            8884.0,
            7624.0
        ],
        "IntDen": [
            5397.645975423807,
            4701.811114807212,
            4308.265169048646,
            4213.378597146384,
            3767.463559791487,
            4242.93343101758,
            4606.40603704756,
            3953.0886567368975
        ],
        "FlagUp": 0,
        "Times": [
            -15,
            -10,
            -5,
            2,
            10,
            20,
            30,
            40
        ],
        "width": 0,
        "height": 0,
        "area": 0.5185058573894147,
        "distance": 16.23703594874291,
        "xpert": [
            [
                380.0,
                230.2
            ],
            [
                375.8,
                229.2
            ],
            [
                372.6,
                225.0
            ],
            [
                373.8,
                218.8
            ],
            [
                380.0,
                218.8
            ],
            [
                384.8,
                220.2
            ],
            [
                385.4,
                225.0
            ],
            [
                383.4,
                228.4
            ]
        ],
        "stack": 0
    },
    {
        "type": "Spine",
        "location": [
            397,
            206
        ],
        "radloc": [
            0,
            0
        ],
        "mean": [
            49.5607476635514,
            72.96261682242991,
            69.91588785046729,
            55.03738317757009,
            48.149532710280376,
            41.80373831775701,
            65.00934579439253,
            41.626168224299064
        ],
        "min": [
            8.0,
            12.0,
            22.0,
            13.0,
            7.0,
            8.0,
            15.0,
            8.0
        ],
        "max": [
            141.0,
            165.0,
            141.0,
            133.0,
            112.0,
            87.0,
            142.0,
            94.0
        ],
        "RawIntDen": [
            5303.0,
            7807.0,
            7481.0,
            5889.0,
            5152.0,
            4473.0,
            6956.0,
            4454.0
        ],
        "IntDen": [
            2599.863581463882,
            3827.481610501325,
            3667.655940586706,
            2887.1575770772774,
            2525.833900000362,
            2192.945464810097,
            3410.2679752334084,
            2183.630471778263
        ],
        "FlagUp": 0,
        "Times": [
            -15,
            -10,
            -5,
            2,
            10,
            20,
            30,
            40
        ],
        "width": 0,
        "height": 0,
        "area": 0.4902627911491386,
        "distance": 17.439043543617206,
        "xpert": [
            [
                397.0,
                212.8
            ],
            [
                391.2,
                211.8
            ],
            [
                391.6,
                206.0
            ],
            [
                394.0,
                203.0
            ],
            [
                397.0,
                201.0
            ],
            [
                401.0,
                202.0
            ],
            [
                403.6,
                206.0
            ],
            [
                402.2,
                211.2
            ]
        ],
        "stack": 0
    },
    {
        "type": "Spine",
        "location": [
            409,
            232
        ],
        "radloc": [
            0,
            0
        ],
        "mean": [
            92.1214953271028,
            71.25233644859813,
            68.30841121495327,
            60.10280373831776,
            70.75700934579439,
            60.018691588785046,
            70.23364485981308,
            64.71028037383178
        ],
        "min": [
            24.0,
            23.0,
            16.0,
            12.0,
            16.0,
            23.0,
            23.0,
            22.0
        ],
        "max": [
            219.0,
            152.0,
            181.0,
            165.0,
            179.0,
            138.0,
            188.0,
            161.0
        ],
        "RawIntDen": [
            9857.0,
            7624.0,
            7309.0,
            6431.0,
            7571.0,
            6422.0,
            7515.0,
            6924.0
        ],
        "IntDen": [
            5005.002272835678,
            3871.1714850460803,
            3711.226703069491,
            3265.412358385538,
            3844.260140777003,
            3260.842507471921,
            3815.825512870054,
            3515.7386362092157
        ],
        "FlagUp": 0,
        "Times": [
            -15,
            -10,
            -5,
            2,
            10,
            20,
            30,
            40
        ],
        "width": 0,
        "height": 0,
        "area": 0.5077612126240924,
        "distance": 18.36618620174102,
        "xpert": [
            [
                409.0,
                237.6
            ],
            [
                405.2,
                235.8
            ],
            [
                403.0,
                232.0
            ],
            [
                403.2,
                226.2
            ],
            [
                409.0,
                226.2
            ],
            [
                413.8,
                227.2
            ],
            [
                414.8,
                232.0
            ],
            [
                413.8,
                236.8
            ]
        ],
        "stack": 0
    },
    {
        "type": "Spine",
        "location": [
            407,
            244
        ],
        "radloc": [
            0,
            0
        ],
        "mean": [
            35.70786516853933,
            28.43820224719101,
            23.06741573033708,
            36.337078651685395,
            24.674157303370787,
            29.382022471910112,
            42.13483146067416,
            27.696629213483146
        ],
        "min": [
            12.0,
            7.0,
            7.0,
            9.0,
            7.0,
            9.0,
            19.0,
            8.0
        ],
        "max": [
            77.0,
            54.0,
            55.0,
            82.0,
            63.0,
            67.0,
            100.0,
            57.0
        ],
        "RawIntDen": [
            3178.0,
            2531.0,
            2053.0,
            3234.0,
            2196.0,
            2615.0,
            3750.0,
            2465.0
        ],
        "IntDen": [
            1282.9320742690238,
            1021.7435745673063,
            828.7789642776293,
            1305.538806855262,
            886.5068707032021,
            1055.6536734466638,
            1513.8436999713151,
            995.0999254478111
        ],
        "FlagUp": 0,
        "Times": [
            -15,
            -10,
            -5,
            2,
            10,
            20,
            30,
            40
        ],
        "width": 0,
        "height": 0,
        "area": 0.403691653325684,
        "distance": 18.234406201741017,
        "xpert": [
            [
                407.0,
                248.6
            ],
            [
                403.0,
                248.0
            ],
            [
                402.2,
                244.0
            ],
            [
                403.8,
                240.8
            ],
            [
                407.0,
                237.4
            ],
            [
                412.8,
                238.2
            ],
            [
                412.4,
                244.0
            ],
            [
                410.4,
                247.4
            ]
        ],
        "stack": 0
    },
    {
        "type": "Spine",
        "location": [
            470,
            238
        ],
        "radloc": [
            0,
            0
        ],
        "mean": [
            42.24166666666667,
            49.65833333333333,
            28.841666666666665,
            34.025,
            29.866666666666667,
            24.775,
            89.59166666666667,
            38.00833333333333
        ],
        "min": [
            10.0,
            10.0,
            9.0,
            10.0,
            7.0,
            6.0,
            26.0,
            9.0
        ],
        "max": [
            106.0,
            105.0,
            61.0,
            87.0,
            76.0,
            57.0,
            160.0,
            92.0
        ],
        "RawIntDen": [
            5069.0,
            5959.0,
            3461.0,
            4083.0,
            3584.0,
            2973.0,
            10751.0,
            4561.0
        ],
        "IntDen": [
            2727.898610426567,
            3206.8549653840823,
            1862.548252256135,
            2197.279547518578,
            1928.7410968176791,
            1599.9294868412278,
            5785.68513724522,
            2454.516780855311
        ],
        "FlagUp": 0,
        "Times": [
            -15,
            -10,
            -5,
            2,
            10,
            20,
            30,
            40
        ],
        "width": 0,
        "height": 0,
        "area": 0.5381532078174328,
        "distance": 22.440061264990547,
        "xpert": [
            [
                470.0,
                244.8
            ],
            [
                465.2,
                242.8
            ],
            [
                464.4,
                238.0
            ],
            [
                464.4,
                232.4
            ],
            [
                470.0,
                230.2
            ],
            [
                474.4,
                233.6
            ],
            [
                475.2,
                238.0
            ],
            [
                474.0,
                242.0
            ]
        ],
        "stack": 0
    },
    {
        "type": "Spine",
        "location": [
            493,
            211
        ],
        "radloc": [
            0,
            0
        ],
        "mean": [
            75.98198198198199,
            81.13513513513513,
            70.07207207207207,
            54.0990990990991,
            53.47747747747748,
            56.432432432432435,
            57.93693693693694,
            59.252252252252255
        ],
        "min": [
            11.0,
            29.0,
            24.0,
            23.0,
            14.0,
            15.0,
            12.0,
            16.0
        ],
        "max": [
            153.0,
            164.0,
            162.0,
            97.0,
            118.0,
            127.0,
            132.0,
            163.0
        ],
        "RawIntDen": [
            8434.0,
            9006.0,
            7778.0,
            6005.0,
            5936.0,
            6264.0,
            6431.0,
            6577.0
        ],
        "IntDen": [
            4297.992981663148,
            4589.485984450831,
            3963.6933141304203,
            3060.1669261189477,
            3025.004308649804,
            3192.154142416168,
            3277.2578687545297,
            3351.6599289066307
        ],
        "FlagUp": 0,
        "Times": [
            -15,
            -10,
            -5,
            2,
            10,
            20,
            30,
            40
        ],
        "width": 0,
        "height": 0,
        "area": 0.509603151726719,
        "distance": 23.955531264990547,
        "xpert": [
            [
                493.0,
                217.2
            ],
            [
                487.8,
                216.2
            ],
            [
                486.6,
                211.0
            ],
            [
                489.0,
                207.0
            ],
            [
                493.0,
                205.0
            ],
            [
                498.2,
                205.8
            ],
            [
                498.8,
                211.0
            ],
            [
                496.8,
                214.8
            ]
        ],
        "stack": 0
    }
]