[
    {
        "type": "Stim",
        "location": [
            316,
            193
        ],
        "radloc": [
            0,
            0
        ],
        "mean": [
            88.45205479452055,
            70.37671232876713,
            80.84246575342466,
            108.76027397260275,
            91.36301369863014,
            105.89041095890411,
            102.57534246575342
        ],
        "min": [
            15.0,
            11.0,
            9.0,
            19.0,
            18.0,
            23.0,
            22.0
        ],
        "max": [
            189.0,
            172.0,
            208.0,
            190.0,
            206.0,
            222.0,
            240.0
        ],
        "RawIntDen": [
            12914.0,
            10275.0,
            11803.0,
            15879.0,
            13339.0,
            15460.0,
            14976.0
        ],
        "IntDen": [
            58.15275598760433,
            46.269131777345095,
            53.149835753577044,
            71.50438379488688,
            60.06656435795681,
            69.61759389564527,
            67.43810389270269
        ],
        "FlagUp": 0,
        "Times": [
            -15,
            -10,
            -5,
            2,
            20,
            30,
            40
        ],
        "width": 0,
        "height": 0,
        "area": 0.6574494636975555,
        "distance": 0,
        "xpert": [
            [
                316.0,
                198.8
            ],
            [
                310.2,
                198.8
            ],
            [
                310.4,
                193.0
            ],
            [
                311.2,
                188.2
            ],
            [
                316.0,
                184.6
            ],
            [
                322.2,
                186.8
            ],
            [
                324.2,
                193.0
            ],
            [
                320.2,
                197.2
            ]
        ],
        "stack": 0
    },
    {
        "type": "Spine",
        "location": [
            288,
            215
        ],
        "radloc": [
            0,
            0
        ],
        "mean": [
            53.84905660377358,
            61.698113207547166,
            53.4622641509434,
            56.10377358490566,
            62.4811320754717,
            79.27358490566037,
            65.48113207547169
        ],
        "min": [
            7.0,
            16.0,
            12.0,
            18.0,
            13.0,
            28.0,
            17.0
        ],
        "max": [
            127.0,
            125.0,
            117.0,
            139.0,
            143.0,
            174.0,
            147.0
        ],
        "RawIntDen": [
            5708.0,
            6540.0,
            5667.0,
            5947.0,
            6623.0,
            8403.0,
            6941.0
        ],
        "IntDen": [
            25.348809951534644,
            29.043661016649715,
            25.166731954335468,
            26.410191447403037,
            29.412257937809034,
            37.31710757231002,
            30.824472647792916
        ],
        "FlagUp": 0,
        "Times": [
            -15,
            -10,
            -5,
            2,
            20,
            30,
            40
        ],
        "width": 0,
        "height": 0,
        "area": 0.4707382366612951,
        "distance": 1.8449200000000001,
        "xpert": [
            [
                288.0,
                221.0
            ],
            [
                283.6,
                219.4
            ],
            [
                281.8,
                215.0
            ],
            [
                283.6,
                210.6
            ],
            [
                288.0,
                208.2
            ],
            [
                293.2,
                209.8
            ],
            [
                293.6,
                215.0
            ],
            [
                291.4,
                218.4
            ]
        ],
        "stack": 0
    },
    {
        "type": "Spine",
        "location": [
            263,
            186
        ],
        "radloc": [
            0,
            0
        ],
        "mean": [
            54.064,
            82.624,
            53.296,
            68.24,
            72.928,
            73.728,
            60.592
        ],
        "min": [
            8.0,
            10.0,
            10.0,
            11.0,
            9.0,
            11.0,
            7.0
        ],
        "max": [
            147.0,
            155.0,
            137.0,
            157.0,
            182.0,
            178.0,
            147.0
        ],
        "RawIntDen": [
            6758.0,
            10328.0,
            6662.0,
            8530.0,
            9116.0,
            9216.0,
            7574.0
        ],
        "IntDen": [
            32.37098242414274,
            49.471368226775105,
            31.91114011684506,
            40.85890501301236,
            43.66585909714193,
            44.144861500577015,
            36.279642036172994
        ],
        "FlagUp": 0,
        "Times": [
            -15,
            -10,
            -5,
            2,
            20,
            30,
            40
        ],
        "width": 0,
        "height": 0,
        "area": 0.5987530042938506,
        "distance": 3.6013401264990534,
        "xpert": [
            [
                263.0,
                193.2
            ],
            [
                255.8,
                193.2
            ],
            [
                257.8,
                186.0
            ],
            [
                259.0,
                182.0
            ],
            [
                263.0,
                181.2
            ],
            [
                268.6,
                180.4
            ],
            [
                268.2,
                186.0
            ],
            [
                268.6,
                191.6
            ]
        ],
        "stack": 0
    },
    {
        "type": "Spine",
        "location": [
            232,
            213
        ],
        "radloc": [
            0,
            0
        ],
        "mean": [
            88.94,
            71.33,
            51.29,
            51.91,
            59.09,
            47.16,
            50.36
        ],
        "min": [
            29.0,
            25.0,
            16.0,
            15.0,
            13.0,
            10.0,
            7.0
        ],
        "max": [
            192.0,
            139.0,
            108.0,
            122.0,
            133.0,
            122.0,
            136.0
        ],
        "RawIntDen": [
            8894.0,
            7133.0,
            5129.0,
            5191.0,
            5909.0,
            4716.0,
            5036.0
        ],
        "IntDen": [
            39.61763575930565,
            31.77339733203589,
            22.846734181412042,
            23.12290839066288,
            26.321183910696774,
            21.007057593983074,
            22.432472867535786
        ],
        "FlagUp": 0,
        "Times": [
            -15,
            -10,
            -5,
            2,
            20,
            30,
            40
        ],
        "width": 0,
        "height": 0,
        "area": 0.4454422729852221,
        "distance": 5.862270379497159,
        "xpert": [
            [
                232.0,
                219.2
            ],
            [
                227.4,
                217.6
            ],
            [
                225.8,
                213.0
            ],
            [
                227.2,
                208.2
            ],
            [
                232.0,
                208.2
            ],
            [
                235.6,
                209.4
            ],
            [
                237.8,
                213.0
            ],
            [
                236.6,
                217.6
            ]
        ],
        "stack": 0
    },
    {
        "type": "Spine",
        "location": [
            182,
            193
        ],
        "radloc": [
            0,
            0
        ],
        "mean": [
            40.38562091503268,
            38.21568627450981,
            39.65359477124183,
            37.705882352941174,
            40.6797385620915,
            41.47712418300654,
            40.88235294117647
        ],
        "min": [
            9.0,
            7.0,
            8.0,
            8.0,
            10.0,
            9.0,
            10.0
        ],
        "max": [
            117.0,
            127.0,
            118.0,
            112.0,
            129.0,
            116.0,
            124.0
        ],
        "RawIntDen": [
            6179.0,
            5847.0,
            6067.0,
            5769.0,
            6224.0,
            6346.0,
            6255.0
        ],
        "IntDen": [
            27.320179306602622,
            25.852255770465373,
            26.824976185978006,
            25.507382168601797,
            27.519144846139294,
            28.058562531105395,
            27.656209995597894
        ],
        "FlagUp": 0,
        "Times": [
            -15,
            -10,
            -5,
            2,
            20,
            30,
            40
        ],
        "width": 0,
        "height": 0,
        "area": 0.6764828344246967,
        "distance": 9.293233037620974,
        "xpert": [
            [
                182.0,
                200.2
            ],
            [
                176.0,
                199.0
            ],
            [
                176.0,
                193.0
            ],
            [
                177.0,
                188.0
            ],
            [
                182.0,
                187.2
            ],
            [
                187.0,
                188.0
            ],
            [
                188.6,
                193.0
            ],
            [
                189.2,
                200.2
            ]
        ],
        "stack": 0
    },
    {
        "type": "Spine",
        "location": [
            174,
            224
        ],
        "radloc": [
            0,
            0
        ],
        "mean": [
            55.68141592920354,
            75.54867256637168,
            74.11504424778761,
            89.40707964601769,
            52.176991150442475,
            61.84070796460177,
            68.56637168141593
        ],
        "min": [
            11.0,
            21.0,
            19.0,
            36.0,
            11.0,
            12.0,
            15.0
        ],
        "max": [
            142.0,
            175.0,
            143.0,
            158.0,
            117.0,
            144.0,
            169.0
        ],
        "RawIntDen": [
            6292.0,
            8537.0,
            8375.0,
            10103.0,
            5896.0,
            6988.0,
            7748.0
        ],
        "IntDen": [
            29.455742437579165,
            39.96561875232253,
            39.20722233228314,
            47.2967841460366,
            27.601884521927328,
            32.714038168118755,
            36.271947299167735
        ],
        "FlagUp": 0,
        "Times": [
            -15,
            -10,
            -5,
            2,
            20,
            30,
            40
        ],
        "width": 0,
        "height": 0,
        "area": 0.5290049102743875,
        "distance": 9.820353037620974,
        "xpert": [
            [
                174.0,
                229.8
            ],
            [
                170.6,
                227.4
            ],
            [
                168.0,
                224.0
            ],
            [
                169.6,
                219.6
            ],
            [
                174.0,
                218.6
            ],
            [
                181.0,
                217.0
            ],
            [
                180.0,
                224.0
            ],
            [
                179.0,
                229.0
            ]
        ],
        "stack": 0
    },
    {
        "type": "Spine",
        "location": [
            167,
            196
        ],
        "radloc": [
            0,
            0
        ],
        "mean": [
            75.75221238938053,
            67.27433628318585,
            88.30088495575221,
            103.40707964601769,
            101.69911504424779,
            75.32743362831859,
            62.04424778761062
        ],
        "min": [
            14.0,
            11.0,
            11.0,
            13.0,
            32.0,
            16.0,
            9.0
        ],
        "max": [
            201.0,
            169.0,
            218.0,
            220.0,
            208.0,
            208.0,
            177.0
        ],
        "RawIntDen": [
            8560.0,
            7602.0,
            9978.0,
            11685.0,
            11492.0,
            8512.0,
            7011.0
        ],
        "IntDen": [
            37.645453577408176,
            33.432329216758994,
            43.881581284506865,
            51.38868283317927,
            50.53990099434285,
            37.43435757603954,
            30.833209699907563
        ],
        "FlagUp": 0,
        "Times": [
            -15,
            -10,
            -5,
            2,
            20,
            30,
            40
        ],
        "width": 0,
        "height": 0,
        "area": 0.4969551698886827,
        "distance": 10.81806835386861,
        "xpert": [
            [
                167.0,
                204.0
            ],
            [
                161.2,
                201.8
            ],
            [
                160.8,
                196.0
            ],
            [
                163.6,
                192.6
            ],
            [
                167.0,
                191.0
            ],
            [
                172.0,
                191.0
            ],
            [
                172.2,
                196.0
            ],
            [
                170.8,
                199.8
            ]
        ],
        "stack": 0
    },
    {
        "type": "Spine",
        "location": [
            199,
            199
        ],
        "radloc": [
            0,
            0
        ],
        "mean": [
            115.48571428571428,
            118.07619047619048,
            118.41904761904762,
            96.88571428571429,
            112.04761904761905,
            89.62857142857143,
            108.16190476190476
        ],
        "min": [
            25.0,
            21.0,
            34.0,
            23.0,
            31.0,
            18.0,
            35.0
        ],
        "max": [
            235.0,
            238.0,
            225.0,
            224.0,
            213.0,
            192.0,
            185.0
        ],
        "RawIntDen": [
            12126.0,
            12398.0,
            12434.0,
            10173.0,
            11765.0,
            9411.0,
            11357.0
        ],
        "IntDen": [
            51.61948377953173,
            52.777367631422926,
            52.93061696476146,
            43.30570744591591,
            50.08273352022025,
            40.061929890250134,
            48.34590774238346
        ],
        "FlagUp": 0,
        "Times": [
            -15,
            -10,
            -5,
            2,
            20,
            30,
            40
        ],
        "width": 0,
        "height": 0,
        "area": 0.4469772222374098,
        "distance": 8.06393291112192,
        "xpert": [
            [
                199.0,
                203.2
            ],
            [
                194.8,
                203.2
            ],
            [
                192.4,
                199.0
            ],
            [
                193.8,
                193.8
            ],
            [
                199.0,
                193.8
            ],
            [
                203.6,
                194.4
            ],
            [
                205.0,
                199.0
            ],
            [
                203.2,
                203.2
            ]
        ],
        "stack": 0
    },
    {
        "type": "Spine",
        "location": [
            154,
            191
        ],
        "radloc": [
            0,
            0
        ],
        "mean": [
            81.57142857142857,
            84.92857142857143,
            97.20714285714286,
            109.0,
            118.65714285714286,
            106.04285714285714,
            102.37142857142857
        ],
        "min": [
            8.0,
            8.0,
            11.0,
            15.0,
            30.0,
            12.0,
            13.0
        ],
        "max": [
            227.0,
            255.0,
            241.0,
            241.0,
            227.0,
            241.0,
            240.0
        ],
        "RawIntDen": [
            11420.0,
            11890.0,
            13609.0,
            15260.0,
            16612.0,
            14846.0,
            14332.0
        ],
        "IntDen": [
            54.07984077915769,
            56.30554350824737,
            64.44593285144983,
            72.2643056295925,
            78.66675262901643,
            70.303793012905,
            67.86972662407075
        ],
        "FlagUp": 0,
        "Times": [
            -15,
            -10,
            -5,
            2,
            20,
            30,
            40
        ],
        "width": 0,
        "height": 0,
        "area": 0.6629752810054358,
        "distance": 11.520248480367663,
        "xpert": [
            [
                154.0,
                200.8
            ],
            [
                145.6,
                199.4
            ],
            [
                149.2,
                191.0
            ],
            [
                150.6,
                187.6
            ],
            [
                154.0,
                186.2
            ],
            [
                158.6,
                186.4
            ],
            [
                159.4,
                191.0
            ],
            [
                159.2,
                196.2
            ]
        ],
        "stack": 0
    },
    {
        "type": "Spine",
        "location": [
            111,
            173
        ],
        "radloc": [
            0,
            0
        ],
        "mean": [
            39.65853658536585,
            51.00813008130081,
            62.113821138211385,
            62.02439024390244,
            58.32520325203252,
            71.2439024390244,
            57.94308943089431
        ],
        "min": [
            8.0,
            10.0,
            9.0,
            12.0,
            18.0,
            19.0,
            17.0
        ],
        "max": [
            163.0,
            221.0,
            186.0,
            141.0,
            118.0,
            153.0,
            132.0
        ],
        "RawIntDen": [
            4878.0,
            6274.0,
            7640.0,
            7629.0,
            7174.0,
            8763.0,
            7127.0
        ],
        "IntDen": [
            21.500640667553625,
            27.653755544942896,
            33.67464015992409,
            33.62615573037446,
            31.620663417185263,
            38.624459649399846,
            31.413502672745942
        ],
        "FlagUp": 0,
        "Times": [
            -15,
            -10,
            -5,
            2,
            20,
            30,
            40
        ],
        "width": 0,
        "height": 0,
        "area": 0.5421440758731234,
        "distance": 14.626443796615298,
        "xpert": [
            [
                111.0,
                180.2
            ],
            [
                105.8,
                178.2
            ],
            [
                105.8,
                173.0
            ],
            [
                107.8,
                169.8
            ],
            [
                111.0,
                167.8
            ],
            [
                115.4,
                168.6
            ],
            [
                117.0,
                173.0
            ],
            [
                118.0,
                180.0
            ]
        ],
        "stack": 0
    },
    {
        "type": "Spine",
        "location": [
            73,
            166
        ],
        "radloc": [
            0,
            0
        ],
        "mean": [
            40.123711340206185,
            44.96907216494845,
            40.329896907216494,
            48.78350515463917,
            41.72164948453608,
            37.65979381443299,
            77.85567010309278
        ],
        "min": [
            8.0,
            12.0,
            9.0,
            15.0,
            11.0,
            9.0,
            24.0
        ],
        "max": [
            79.0,
            82.0,
            101.0,
            105.0,
            92.0,
            99.0,
            143.0
        ],
        "RawIntDen": [
            3892.0,
            4362.0,
            3912.0,
            4732.0,
            4047.0,
            3653.0,
            7552.0
        ],
        "IntDen": [
            17.064764447381357,
            19.12551452196235,
            17.15245593991672,
            20.74780713386654,
            17.74437351453041,
            16.016851111583787,
            33.11230758135252
        ],
        "FlagUp": 0,
        "Times": [
            -15,
            -10,
            -5,
            2,
            20,
            30,
            40
        ],
        "width": 0,
        "height": 0,
        "area": 0.4253037387965035,
        "distance": 17.266726454739118,
        "xpert": [
            [
                73.0,
                172.0
            ],
            [
                68.4,
                170.6
            ],
            [
                67.4,
                166.0
            ],
            [
                68.0,
                161.0
            ],
            [
                73.0,
                160.6
            ],
            [
                76.6,
                162.4
            ],
            [
                78.2,
                166.0
            ],
            [
                77.2,
                170.2
            ]
        ],
        "stack": 0
    },
    {
        "type": "Spine",
        "location": [
            77,
            175
        ],
        "radloc": [
            0,
            0
        ],
        "mean": [
            65.93877551020408,
            70.74489795918367,
            60.62244897959184,
            61.86734693877551,
            63.02040816326531,
            73.15306122448979,
            102.59183673469387
        ],
        "min": [
            15.0,
            13.0,
            13.0,
            16.0,
            17.0,
            25.0,
            39.0
        ],
        "max": [
            137.0,
            155.0,
            128.0,
            127.0,
            106.0,
            150.0,
            195.0
        ],
        "RawIntDen": [
            6462.0,
            6933.0,
            5941.0,
            6063.0,
            6176.0,
            7169.0,
            10054.0
        ],
        "IntDen": [
            28.780836024035345,
            30.878603552249622,
            26.46037555227391,
            27.003746334528987,
            27.507032386945575,
            31.92971424579223,
            44.77909708846354
        ],
        "FlagUp": 0,
        "Times": [
            -15,
            -10,
            -5,
            2,
            20,
            30,
            40
        ],
        "width": 0,
        "height": 0,
        "area": 0.4364781693524395,
        "distance": 17.00316645473912,
        "xpert": [
            [
                77.0,
                182.8
            ],
            [
                72.2,
                179.8
            ],
            [
                70.0,
                175.0
            ],
            [
                72.8,
                170.8
            ],
            [
                77.0,
                169.8
            ],
            [
                80.0,
                172.0
            ],
            [
                82.0,
                175.0
            ],
            [
                80.4,
                178.4
            ]
        ],
        "stack": 0
    },
    {
        "type": "Spine",
        "location": [
            58,
            177
        ],
        "radloc": [
            0,
            0
        ],
        "mean": [
            69.9205298013245,
            75.58940397350993,
            86.62251655629139,
            80.29139072847683,
            67.82119205298014,
            68.06622516556291,
            62.29139072847682
        ],
        "min": [
            13.0,
            15.0,
            24.0,
            18.0,
            16.0,
            16.0,
            16.0
        ],
        "max": [
            151.0,
            183.0,
            206.0,
            165.0,
            134.0,
            129.0,
            135.0
        ],
        "RawIntDen": [
            10558.0,
            11414.0,
            13080.0,
            12124.0,
            10241.0,
            10278.0,
            9406.0
        ],
        "IntDen": [
            47.836660509132564,
            51.71506374798627,
            59.263451360054354,
            54.93196363068036,
            46.400382674183234,
            46.56802393567574,
            42.617127178338784
        ],
        "FlagUp": 0,
        "Times": [
            -15,
            -10,
            -5,
            2,
            20,
            30,
            40
        ],
        "width": 0,
        "height": 0,
        "area": 0.6841575806856428,
        "distance": 18.309661517988644,
        "xpert": [
            [
                58.0,
                184.8
            ],
            [
                52.6,
                182.4
            ],
            [
                49.0,
                177.0
            ],
            [
                53.4,
                172.4
            ],
            [
                58.0,
                172.2
            ],
            [
                62.4,
                172.6
            ],
            [
                65.0,
                177.0
            ],
            [
                64.8,
                183.8
            ]
        ],
        "stack": 0
    },
    {
        "type": "Spine",
        "location": [
            37,
            179
        ],
        "radloc": [
            0,
            0
        ],
        "mean": [
            66.54198473282443,
            89.3587786259542,
            98.0381679389313,
            87.6030534351145,
            74.68702290076335,
            75.12213740458016,
            76.3969465648855
        ],
        "min": [
            9.0,
            16.0,
            24.0,
            27.0,
            11.0,
            14.0,
            13.0
        ],
        "max": [
            173.0,
            186.0,
            202.0,
            197.0,
            199.0,
            167.0,
            194.0
        ],
        "RawIntDen": [
            8717.0,
            11706.0,
            12843.0,
            11476.0,
            9784.0,
            9841.0,
            10008.0
        ],
        "IntDen": [
            38.64514923351373,
            51.896308010498075,
            56.93697964965203,
            50.87664708085391,
            43.37548928538468,
            43.62818786360085,
            44.3685503646903
        ],
        "FlagUp": 0,
        "Times": [
            -15,
            -10,
            -5,
            2,
            20,
            30,
            40
        ],
        "width": 0,
        "height": 0,
        "area": 0.5807633990581964,
        "distance": 19.747936581238182,
        "xpert": [
            [
                37.0,
                186.2
            ],
            [
                32.4,
                183.6
            ],
            [
                30.8,
                179.0
            ],
            [
                32.0,
                174.0
            ],
            [
                37.0,
                172.8
            ],
            [
                42.0,
                174.0
            ],
            [
                44.0,
                179.0
            ],
            [
                42.4,
                184.4
            ]
        ],
        "stack": 0
    },
    {
        "type": "Spine",
        "location": [
            39,
            204
        ],
        "radloc": [
            0,
            0
        ],
        "mean": [
            45.479166666666664,
            48.083333333333336,
            57.229166666666664,
            46.625,
            84.20833333333333,
            73.90625,
            67.0625
        ],
        "min": [
            10.0,
            12.0,
            14.0,
            11.0,
            21.0,
            17.0,
            10.0
        ],
        "max": [
            96.0,
            116.0,
            125.0,
            121.0,
            168.0,
            147.0,
            165.0
        ],
        "RawIntDen": [
            4366.0,
            4616.0,
            5494.0,
            4476.0,
            8084.0,
            7095.0,
            6438.0
        ],
        "IntDen": [
            19.012964855959044,
            20.101659591183456,
            23.92515550129157,
            19.491990539457785,
            35.20403295821642,
            30.897156585668675,
            28.03606682149893
        ],
        "FlagUp": 0,
        "Times": [
            -15,
            -10,
            -5,
            2,
            20,
            30,
            40
        ],
        "width": 0,
        "height": 0,
        "area": 0.41805877832617233,
        "distance": 19.67074164448771,
        "xpert": [
            [
                39.0,
                209.4
            ],
            [
                35.0,
                208.0
            ],
            [
                33.4,
                204.0
            ],
            [
                35.0,
                200.0
            ],
            [
                39.0,
                198.8
            ],
            [
                43.4,
                199.6
            ],
            [
                45.0,
                204.0
            ],
            [
                43.8,
                208.8
            ]
        ],
        "stack": 0
    },
    {
        "type": "Spine",
        "location": [
            5,
            179
        ],
        "radloc": [
            0,
            0
        ],
        "mean": [
            51.1651376146789,
            63.4954128440367,
            69.13761467889908,
            58.48623853211009,
            75.18348623853211,
            78.88073394495413,
            80.94495412844037
        ],
        "min": [
            7.0,
            20.0,
            19.0,
            13.0,
            24.0,
            13.0,
            17.0
        ],
        "max": [
            136.0,
            122.0,
            158.0,
            129.0,
            159.0,
            175.0,
            164.0
        ],
        "RawIntDen": [
            5577.0,
            6921.0,
            7536.0,
            6375.0,
            8195.0,
            8598.0,
            8823.0
        ],
        "IntDen": [
            25.401648170970226,
            31.52318576139232,
            34.32433577486671,
            29.036311115283343,
            37.325893268979925,
            39.161443603012735,
            40.18625458355215
        ],
        "FlagUp": 0,
        "Times": [
            -15,
            -10,
            -5,
            2,
            20,
            30,
            40
        ],
        "width": 0,
        "height": 0,
        "area": 0.49646398612798187,
        "distance": 21.93829417611248,
        "xpert": [
            [
                5.0,
                187.0
            ],
            [
                0.4,
                183.6
            ],
            [
                0.0,
                179.0
            ],
            [
                0.4,
                174.4
            ],
            [
                5.0,
                173.4
            ],
            [
                9.8,
                174.2
            ],
            [
                10.8,
                179.0
            ],
            [
                9.4,
                183.4
            ]
        ],
        "stack": 0
    },
    {
        "type": "Spine",
        "location": [
            10,
            212
        ],
        "radloc": [
            0,
            0
        ],
        "mean": [
            63.345454545454544,
            76.46363636363637,
            75.61818181818182,
            70.69090909090909,
            65.93636363636364,
            60.96363636363636,
            63.69090909090909
        ],
        "min": [
            11.0,
            18.0,
            20.0,
            12.0,
            23.0,
            15.0,
            16.0
        ],
        "max": [
            141.0,
            173.0,
            169.0,
            171.0,
            139.0,
            135.0,
            137.0
        ],
        "RawIntDen": [
            6968.0,
            8411.0,
            8318.0,
            7776.0,
            7253.0,
            6706.0,
            7006.0
        ],
        "IntDen": [
            31.526522513192532,
            38.055335944096214,
            37.634560026511984,
            35.18229607672002,
            32.81599709933775,
            30.341110788385347,
            31.698452458011893
        ],
        "FlagUp": 0,
        "Times": [
            -15,
            -10,
            -5,
            2,
            20,
            30,
            40
        ],
        "width": 0,
        "height": 0,
        "area": 0.49769194552973284,
        "distance": 21.581551644487714,
        "xpert": [
            [
                10.0,
                217.6
            ],
            [
                5.8,
                216.2
            ],
            [
                3.2,
                212.0
            ],
            [
                5.8,
                207.8
            ],
            [
                10.0,
                206.2
            ],
            [
                15.6,
                206.4
            ],
            [
                15.8,
                212.0
            ],
            [
                14.8,
                216.8
            ]
        ],
        "stack": 0
    },
    {
        "type": "Spine",
        "location": [
            336,
            197
        ],
        "radloc": [
            0,
            0
        ],
        "mean": [
            109.66265060240964,
            99.19277108433735,
            99.06024096385542,
            117.8433734939759,
            81.90361445783132,
            74.26506024096386,
            59.34939759036145
        ],
        "min": [
            13.0,
            11.0,
            18.0,
            27.0,
            12.0,
            10.0,
            9.0
        ],
        "max": [
            255.0,
            237.0,
            200.0,
            239.0,
            219.0,
            221.0,
            194.0
        ],
        "RawIntDen": [
            9102.0,
            8233.0,
            8222.0,
            9781.0,
            6798.0,
            6164.0,
            4926.0
        ],
        "IntDen": [
            40.216592116635404,
            36.37697241224558,
            36.32836963117735,
            43.21670923893769,
            30.03651870016342,
            27.2352311367766,
            21.76520904927994
        ],
        "FlagUp": 0,
        "Times": [
            -15,
            -10,
            -5,
            2,
            20,
            30,
            40
        ],
        "width": 0,
        "height": 0,
        "area": 0.36673007533297497,
        "distance": 1.3178,
        "xpert": [
            [
                336.0,
                202.2
            ],
            [
                331.2,
                201.8
            ],
            [
                330.8,
                197.0
            ],
            [
                332.2,
                193.2
            ],
            [
                336.0,
                192.2
            ],
            [
                339.4,
                193.6
            ],
            [
                341.0,
                197.0
            ],
            [
                340.4,
                201.4
            ]
        ],
        "stack": 0
    },
    {
        "type": "Spine",
        "location": [
            372,
            210
        ],
        "radloc": [
            0,
            0
        ],
        "mean": [
            31.147368421052633,
            25.88421052631579,
            39.95789473684211,
            45.03157894736842,
            37.23157894736842,
            46.93684210526316,
            52.44210526315789
        ],
        "min": [
            8.0,
            8.0,
            12.0,
            17.0,
            11.0,
            11.0,
            14.0
        ],
        "max": [
            71.0,
            64.0,
            95.0,
            89.0,
            91.0,
            103.0,
            119.0
        ],
        "RawIntDen": [
            2959.0,
            2459.0,
            3796.0,
            4278.0,
            3537.0,
            4459.0,
            4982.0
        ],
        "IntDen": [
            13.258566554313603,
            11.01818694053976,
            17.008962027771016,
            19.168687975449,
            15.848445387836163,
            19.979705395635133,
            22.32314247164257
        ],
        "FlagUp": 0,
        "Times": [
            -15,
            -10,
            -5,
            2,
            20,
            30,
            40
        ],
        "width": 0,
        "height": 0,
        "area": 0.42567212661703013,
        "distance": 4.099227974371448,
        "xpert": [
            [
                372.0,
                214.8
            ],
            [
                367.2,
                214.8
            ],
            [
                366.0,
                210.0
            ],
            [
                367.2,
                205.2
            ],
            [
                372.0,
                204.8
            ],
            [
                375.4,
                206.6
            ],
            [
                377.8,
                210.0
            ],
            [
                376.6,
                214.6
            ]
        ],
        "stack": 0
    },
    {
        "type": "Spine",
        "location": [
            357,
            226
        ],
        "radloc": [
            0,
            0
        ],
        "mean": [
            73.38655462184875,
            61.78151260504202,
            62.94957983193277,
            61.21848739495798,
            82.76470588235294,
            80.59663865546219,
            86.0
        ],
        "min": [
            12.0,
            9.0,
            8.0,
            9.0,
            14.0,
            12.0,
            21.0
        ],
        "max": [
            165.0,
            166.0,
            157.0,
            164.0,
            168.0,
            168.0,
            174.0
        ],
        "RawIntDen": [
            8733.0,
            7352.0,
            7491.0,
            7285.0,
            9849.0,
            9591.0,
            10234.0
        ],
        "IntDen": [
            37.848598078209356,
            31.863379488262357,
            32.46580192418026,
            31.573003206201204,
            42.68531346298911,
            41.56714807833573,
            44.353893591250944
        ],
        "FlagUp": 0,
        "Times": [
            -15,
            -10,
            -5,
            2,
            20,
            30,
            40
        ],
        "width": 0,
        "height": 0,
        "area": 0.5157429487354761,
        "distance": 3.5994005059962126,
        "xpert": [
            [
                357.0,
                232.4
            ],
            [
                352.2,
                230.8
            ],
            [
                351.0,
                226.0
            ],
            [
                352.2,
                221.2
            ],
            [
                357.0,
                219.2
            ],
            [
                361.6,
                221.4
            ],
            [
                363.0,
                226.0
            ],
            [
                361.6,
                230.6
            ]
        ],
        "stack": 0
    },
    {
        "type": "Spine",
        "location": [
            418,
            218
        ],
        "radloc": [
            0,
            0
        ],
        "mean": [
            78.55,
            60.333333333333336,
            65.93333333333334,
            57.45,
            73.65833333333333,
            56.49166666666667,
            49.666666666666664
        ],
        "min": [
            34.0,
            19.0,
            16.0,
            10.0,
            13.0,
            6.0,
            6.0
        ],
        "max": [
            150.0,
            134.0,
            150.0,
            136.0,
            158.0,
            135.0,
            168.0
        ],
        "RawIntDen": [
            9426.0,
            7240.0,
            7912.0,
            6894.0,
            8839.0,
            6779.0,
            5960.0
        ],
        "IntDen": [
            41.895755251129856,
            32.17963802441971,
            35.16647735486308,
            30.641771345352137,
            39.28671553837649,
            30.130630686124476,
            26.49042025214661
        ],
        "FlagUp": 0,
        "Times": [
            -15,
            -10,
            -5,
            2,
            20,
            30,
            40
        ],
        "width": 0,
        "height": 0,
        "area": 0.5333641661506029,
        "distance": 7.43038582224384,
        "xpert": [
            [
                418.0,
                224.2
            ],
            [
                412.4,
                223.6
            ],
            [
                412.8,
                218.0
            ],
            [
                413.6,
                213.6
            ],
            [
                418.0,
                209.6
            ],
            [
                423.2,
                212.8
            ],
            [
                423.2,
                218.0
            ],
            [
                421.8,
                221.8
            ]
        ],
        "stack": 0
    },
    {
        "type": "Spine",
        "location": [
            426,
            222
        ],
        "radloc": [
            0,
            0
        ],
        "mean": [
            37.955555555555556,
            30.355555555555554,
            30.1,
            44.34444444444444,
            46.422222222222224,
            40.36666666666667,
            33.51111111111111
        ],
        "min": [
            9.0,
            11.0,
            7.0,
            13.0,
            10.0,
            9.0,
            8.0
        ],
        "max": [
            96.0,
            60.0,
            85.0,
            102.0,
            92.0,
            109.0,
            99.0
        ],
        "RawIntDen": [
            3416.0,
            2732.0,
            2709.0,
            3991.0,
            4178.0,
            3633.0,
            3016.0
        ],
        "IntDen": [
            15.473816589319776,
            12.37542942682132,
            12.271243893579413,
            18.078454920367456,
            18.925528603682093,
            16.456784446428205,
            13.661894272069217
        ],
        "FlagUp": 0,
        "Times": [
            -15,
            -10,
            -5,
            2,
            20,
            30,
            40
        ],
        "width": 0,
        "height": 0,
        "area": 0.40768252138137584,
        "distance": 7.833719619680986,
        "xpert": [
            [
                426.0,
                227.6
            ],
            [
                422.2,
                225.8
            ],
            [
                420.4,
                222.0
            ],
            [
                422.2,
                218.2
            ],
            [
                426.0,
                217.0
            ],
            [
                429.4,
                218.6
            ],
            [
                431.0,
                222.0
            ],
            [
                432.0,
                228.0
            ]
        ],
        "stack": 0
    },
    {
        "type": "Spine",
        "location": [
            480,
            259
        ],
        "radloc": [
            0,
            0
        ],
        "mean": [
            25.24590163934426,
            35.26229508196721,
            29.24590163934426,
            39.450819672131146,
            40.09016393442623,
            45.15573770491803,
            48.368852459016395
        ],
        "min": [
            6.0,
            9.0,
            8.0,
            11.0,
            11.0,
            9.0,
            12.0
        ],
        "max": [
            89.0,
            93.0,
            77.0,
            100.0,
            87.0,
            116.0,
            143.0
        ],
        "RawIntDen": [
            3080.0,
            4302.0,
            3568.0,
            4813.0,
            4891.0,
            5509.0,
            5901.0
        ],
        "IntDen": [
            14.049627038448602,
            19.623862181625288,
            16.275671841943055,
            21.95482303118608,
            22.31062527436757,
            25.129673816497842,
            26.917808166845848
        ],
        "FlagUp": 0,
        "Times": [
            -15,
            -10,
            -5,
            2,
            20,
            30,
            40
        ],
        "width": 0,
        "height": 0,
        "area": 0.5565112008736135,
        "distance": 12.977254176112462,
        "xpert": [
            [
                480.0,
                263.8
            ],
            [
                475.0,
                264.0
            ],
            [
                474.2,
                259.0
            ],
            [
                474.4,
                253.4
            ],
            [
                480.0,
                250.4
            ],
            [
                485.8,
                253.2
            ],
            [
                484.8,
                259.0
            ],
            [
                483.8,
                262.8
            ]
        ],
        "stack": 0
    }
]