[
    {
        "type": "Stim",
        "location": [
            404,
            201
        ],
        "radloc": [
            0,
            0
        ],
        "mean": [
            119.29729729729729,
            108.39864864864865,
            120.8108108108108,
            138.1689189189189,
            116.08783783783784,
            134.07432432432432,
            117.14864864864865,
            110.41216216216216
        ],
        "min": [
            32.0,
            20.0,
            26.0,
            36.0,
            46.0,
            43.0,
            35.0,
            38.0
        ],
        "max": [
            233.0,
            198.0,
            228.0,
            238.0,
            248.0,
            241.0,
            224.0,
            184.0
        ],
        "RawIntDen": [
            17656.0,
            16043.0,
            17880.0,
            20449.0,
            17181.0,
            19843.0,
            17338.0,
            16341.0
        ],
        "IntDen": [
            11534.21283697314,
            10480.481226980068,
            11680.546302961018,
            13358.8082410095,
            11223.907496150629,
            12962.92395356015,
            11326.47157722249,
            10675.156998696084
        ],
        "FlagUp": 0,
        "Times": [
            -15,
            -10,
            -5,
            2,
            10,
            20,
            30,
            40
        ],
        "width": 0,
        "height": 0,
        "area": 0.6532744017316006,
        "distance": 0,
        "xpert": [
            [
                404.0,
                209.0
            ],
            [
                399.4,
                205.6
            ],
            [
                396.0,
                201.0
            ],
            [
                398.8,
                195.8
            ],
            [
                404.0,
                195.0
            ],
            [
                408.6,
                196.4
            ],
            [
                410.4,
                201.0
            ],
            [
                410.4,
                207.4
            ]
        ],
        "stack": 0
    },
    {
        "type": "Stim",
        "location": [
            413,
            233
        ],
        "radloc": [
            0,
            0
        ],
        "mean": [
            51.2265625,
            44.015625,
            59.1015625,
            67.6875,
            41.828125,
            68.5859375,
            63.125,
            68.390625
        ],
        "min": [
            11.0,
            12.0,
            15.0,
            12.0,
            9.0,
            12.0,
            12.0,
            13.0
        ],
        "max": [
            143.0,
            101.0,
            128.0,
            143.0,
            91.0,
            155.0,
            133.0,
            156.0
        ],
        "RawIntDen": [
            6557.0,
            5634.0,
            7565.0,
            8664.0,
            5354.0,
            8779.0,
            8080.0,
            8754.0
        ],
        "IntDen": [
            3781.8974857834205,
            3249.536439668109,
            4363.284197033945,
            4997.157208605697,
            3088.040130987408,
            5063.486049670985,
            4660.322050500235,
            5049.066736395922
        ],
        "FlagUp": 0,
        "Times": [
            -15,
            -10,
            -5,
            2,
            10,
            20,
            30,
            40
        ],
        "width": 0,
        "height": 0,
        "area": 0.5767725310025043,
        "distance": 0,
        "xpert": [
            [
                413.0,
                238.6
            ],
            [
                408.6,
                237.4
            ],
            [
                402.8,
                233.0
            ],
            [
                407.8,
                227.8
            ],
            [
                413.0,
                225.8
            ],
            [
                417.0,
                229.0
            ],
            [
                418.0,
                233.0
            ],
            [
                417.4,
                237.4
            ]
        ],
        "stack": 0
    },
    {
        "type": "Stim",
        "location": [
            394,
            236
        ],
        "radloc": [
            0,
            0
        ],
        "mean": [
            41.52100840336134,
            62.84033613445378,
            45.67226890756302,
            89.73949579831933,
            68.25210084033614,
            57.680672268907564,
            65.11764705882354,
            56.69747899159664
        ],
        "min": [
            10.0,
            12.0,
            9.0,
            33.0,
            17.0,
            18.0,
            25.0,
            17.0
        ],
        "max": [
            92.0,
            154.0,
            98.0,
            177.0,
            133.0,
            121.0,
            123.0,
            115.0
        ],
        "RawIntDen": [
            4941.0,
            7478.0,
            5435.0,
            10679.0,
            8122.0,
            6864.0,
            7749.0,
            6747.0
        ],
        "IntDen": [
            2644.1499986860035,
            4001.8121210633344,
            2908.5114840838755,
            5714.810329076671,
            4346.4453125536775,
            3673.233270791485,
            4146.836336737066,
            3610.6213400393576
        ],
        "FlagUp": 0,
        "Times": [
            -15,
            -10,
            -5,
            2,
            10,
            20,
            30,
            40
        ],
        "width": 0,
        "height": 0,
        "area": 0.5351447072831418,
        "distance": 0,
        "xpert": [
            [
                394.0,
                241.6
            ],
            [
                390.0,
                240.0
            ],
            [
                387.8,
                236.0
            ],
            [
                390.6,
                232.6
            ],
            [
                394.0,
                230.2
            ],
            [
                400.0,
                230.0
            ],
            [
                402.0,
                236.0
            ],
            [
                399.2,
                241.2
            ]
        ],
        "stack": 0
    },
    {
        "type": "Stim",
        "location": [
            342,
            258
        ],
        "radloc": [
            0,
            0
        ],
        "mean": [
            64.12578616352201,
            69.67924528301887,
            65.04402515723271,
            112.35220125786164,
            78.17610062893081,
            90.91823899371069,
            81.77987421383648,
            75.9496855345912
        ],
        "min": [
            12.0,
            13.0,
            15.0,
            22.0,
            25.0,
            20.0,
            15.0,
            14.0
        ],
        "max": [
            148.0,
            202.0,
            175.0,
            214.0,
            151.0,
            207.0,
            160.0,
            181.0
        ],
        "RawIntDen": [
            10196.0,
            11079.0,
            10342.0,
            17864.0,
            12430.0,
            14456.0,
            13003.0,
            12076.0
        ],
        "IntDen": [
            7331.246475982041,
            7966.151403237057,
            7436.225093625566,
            12844.780997150176,
            8937.563132253508,
            10394.321209964337,
            9349.568254922959,
            8683.025936049346
        ],
        "FlagUp": 0,
        "Times": [
            -15,
            -10,
            -5,
            2,
            10,
            20,
            30,
            40
        ],
        "width": 0,
        "height": 0,
        "area": 0.7190316276953748,
        "distance": 0,
        "xpert": [
            [
                342.0,
                264.4
            ],
            [
                334.6,
                265.4
            ],
            [
                333.4,
                258.0
            ],
            [
                335.2,
                251.2
            ],
            [
                342.0,
                252.2
            ],
            [
                346.6,
                253.4
            ],
            [
                348.6,
                258.0
            ],
            [
                346.0,
                262.0
            ]
        ],
        "stack": 0
    },
    {
        "type": "Stim",
        "location": [
            305,
            238
        ],
        "radloc": [
            0,
            0
        ],
        "mean": [
            51.424731182795696,
            47.11827956989247,
            48.16129032258065,
            69.8763440860215,
            58.123655913978496,
            57.03225806451613,
            49.90860215053763,
            49.74731182795699
        ],
        "min": [
            15.0,
            13.0,
            14.0,
            21.0,
            14.0,
            16.0,
            10.0,
            9.0
        ],
        "max": [
            114.0,
            118.0,
            119.0,
            144.0,
            121.0,
            142.0,
            115.0,
            120.0
        ],
        "RawIntDen": [
            9565.0,
            8764.0,
            8958.0,
            12997.0,
            10811.0,
            10608.0,
            9283.0,
            9253.0
        ],
        "IntDen": [
            7951.657245836432,
            7285.763105333036,
            7447.040837240225,
            10804.776709266713,
            8987.49257550838,
            8818.732886966322,
            7717.222604610517,
            7692.282749160951
        ],
        "FlagUp": 0,
        "Times": [
            -15,
            -10,
            -5,
            2,
            10,
            20,
            30,
            40
        ],
        "width": 0,
        "height": 0,
        "area": 0.831328514985513,
        "distance": 0,
        "xpert": [
            [
                305.0,
                245.2
            ],
            [
                296.8,
                246.2
            ],
            [
                295.0,
                238.0
            ],
            [
                298.8,
                231.8
            ],
            [
                305.0,
                229.8
            ],
            [
                310.0,
                233.0
            ],
            [
                310.4,
                238.0
            ],
            [
                309.0,
                242.0
            ]
        ],
        "stack": 0
    },
    {
        "type": "Stim",
        "location": [
            288,
            269
        ],
        "radloc": [
            0,
            0
        ],
        "mean": [
            82.57055214723927,
            81.57055214723927,
            78.50920245398773,
            73.31288343558282,
            63.122699386503065,
            67.04907975460122,
            69.74846625766871,
            69.36196319018404
        ],
        "min": [
            11.0,
            11.0,
            18.0,
            14.0,
            12.0,
            24.0,
            19.0,
            19.0
        ],
        "max": [
            228.0,
            191.0,
            179.0,
            196.0,
            142.0,
            159.0,
            157.0,
            145.0
        ],
        "RawIntDen": [
            13459.0,
            13296.0,
            12797.0,
            11950.0,
            10289.0,
            10929.0,
            11369.0,
            11306.0
        ],
        "IntDen": [
            9590.679372814147,
            9474.528043757851,
            9118.948208180596,
            8515.388847992352,
            7331.7854273634575,
            7787.839725498613,
            8101.377055466532,
            8056.4842104938525
        ],
        "FlagUp": 0,
        "Times": [
            -15,
            -10,
            -5,
            2,
            10,
            20,
            30,
            40
        ],
        "width": 0,
        "height": 0,
        "area": 0.7125848408361801,
        "distance": 0,
        "xpert": [
            [
                288.0,
                276.0
            ],
            [
                282.4,
                274.6
            ],
            [
                281.6,
                269.0
            ],
            [
                282.6,
                263.6
            ],
            [
                288.0,
                260.2
            ],
            [
                293.6,
                263.4
            ],
            [
                295.4,
                269.0
            ],
            [
                293.4,
                274.4
            ]
        ],
        "stack": 0
    },
    {
        "type": "Stim",
        "location": [
            229,
            232
        ],
        "radloc": [
            0,
            0
        ],
        "mean": [
            99.21301775147928,
            95.6923076923077,
            84.76331360946746,
            105.10650887573965,
            73.88757396449704,
            76.81065088757397,
            80.14792899408285,
            79.80473372781066
        ],
        "min": [
            31.0,
            26.0,
            19.0,
            32.0,
            21.0,
            17.0,
            19.0,
            15.0
        ],
        "max": [
            188.0,
            191.0,
            176.0,
            204.0,
            177.0,
            165.0,
            172.0,
            176.0
        ],
        "RawIntDen": [
            16767.0,
            16172.0,
            14325.0,
            17763.0,
            12487.0,
            12981.0,
            13545.0,
            13487.0
        ],
        "IntDen": [
            12320.574461034035,
            11883.36197195935,
            10526.166228562804,
            13052.446123417878,
            9175.583783320331,
            9538.580370888221,
            9953.013721876663,
            9910.394689328206
        ],
        "FlagUp": 0,
        "Times": [
            -15,
            -10,
            -5,
            2,
            10,
            20,
            30,
            40
        ],
        "width": 0,
        "height": 0,
        "area": 0.7348109060078747,
        "distance": 0,
        "xpert": [
            [
                229.0,
                238.2
            ],
            [
                222.8,
                238.2
            ],
            [
                221.8,
                232.0
            ],
            [
                223.0,
                226.0
            ],
            [
                229.0,
                224.2
            ],
            [
                234.0,
                227.0
            ],
            [
                236.2,
                232.0
            ],
            [
                235.2,
                238.2
            ]
        ],
        "stack": 0
    },
    {
        "type": "Spine",
        "location": [
            225,
            215
        ],
        "radloc": [
            0,
            0
        ],
        "mean": [
            35.72549019607843,
            26.0,
            20.745098039215687,
            19.15686274509804,
            20.30392156862745,
            20.19607843137255,
            18.11764705882353,
            23.764705882352942
        ],
        "min": [
            12.0,
            8.0,
            8.0,
            7.0,
            7.0,
            7.0,
            6.0,
            8.0
        ],
        "max": [
            73.0,
            65.0,
            52.0,
            43.0,
            39.0,
            40.0,
            41.0,
            50.0
        ],
        "RawIntDen": [
            3644.0,
            2652.0,
            2116.0,
            1954.0,
            2071.0,
            2060.0,
            1848.0,
            2424.0
        ],
        "IntDen": [
            1723.2008314987297,
            1254.096763209284,
            1000.6292424399868,
            924.0215216104605,
            979.3493199873406,
            974.1475611655826,
            873.8954820553382,
            1146.27848944921
        ],
        "FlagUp": 0,
        "Times": [
            -15,
            -10,
            -5,
            2,
            10,
            20,
            30,
            40
        ],
        "width": 0,
        "height": 0,
        "area": 0.4728871656143605,
        "distance": 0.26356,
        "xpert": [
            [
                225.0,
                224.4
            ],
            [
                221.0,
                219.0
            ],
            [
                219.4,
                215.0
            ],
            [
                220.2,
                210.2
            ],
            [
                225.0,
                210.6
            ],
            [
                227.8,
                212.2
            ],
            [
                229.6,
                215.0
            ],
            [
                230.2,
                220.2
            ]
        ],
        "stack": 0
    },
    {
        "type": "Spine",
        "location": [
            227,
            256
        ],
        "radloc": [
            0,
            0
        ],
        "mean": [
            43.098214285714285,
            44.464285714285715,
            55.348214285714285,
            52.69642857142857,
            48.526785714285715,
            60.24107142857143,
            42.294642857142854,
            49.00892857142857
        ],
        "min": [
            6.0,
            7.0,
            10.0,
            10.0,
            20.0,
            21.0,
            9.0,
            16.0
        ],
        "max": [
            111.0,
            102.0,
            149.0,
            114.0,
            97.0,
            142.0,
            91.0,
            92.0
        ],
        "RawIntDen": [
            4827.0,
            4980.0,
            6199.0,
            5902.0,
            5435.0,
            6747.0,
            4737.0,
            5489.0
        ],
        "IntDen": [
            2482.082013505821,
            2560.7558374267637,
            3187.575388796889,
            3034.855612950353,
            2794.7204771916586,
            3469.3613725137297,
            2435.803293552325,
            2822.4877091637563
        ],
        "FlagUp": 0,
        "Times": [
            -15,
            -10,
            -5,
            2,
            10,
            20,
            30,
            40
        ],
        "width": 0,
        "height": 0,
        "area": 0.5142079994832859,
        "distance": 0.13178,
        "xpert": [
            [
                227.0,
                261.6
            ],
            [
                221.6,
                261.4
            ],
            [
                221.6,
                256.0
            ],
            [
                223.4,
                252.4
            ],
            [
                227.0,
                249.4
            ],
            [
                233.6,
                249.4
            ],
            [
                232.8,
                256.0
            ],
            [
                230.6,
                259.6
            ]
        ],
        "stack": 0
    },
    {
        "type": "Spine",
        "location": [
            267,
            238
        ],
        "radloc": [
            0,
            0
        ],
        "mean": [
            46.576,
            40.856,
            38.064,
            42.696,
            56.96,
            45.632,
            41.104,
            57.4
        ],
        "min": [
            16.0,
            9.0,
            9.0,
            11.0,
            22.0,
            17.0,
            12.0,
            12.0
        ],
        "max": [
            88.0,
            94.0,
            90.0,
            90.0,
            115.0,
            88.0,
            86.0,
            143.0
        ],
        "RawIntDen": [
            5822.0,
            5107.0,
            4758.0,
            5337.0,
            7120.0,
            5704.0,
            5138.0,
            7175.0
        ],
        "IntDen": [
            3384.779099135324,
            2969.0942733225866,
            2766.19356813567,
            3102.8110704371734,
            4139.406936764601,
            3316.1765684417533,
            2987.116972064118,
            4171.382692596349
        ],
        "FlagUp": 0,
        "Times": [
            -15,
            -10,
            -5,
            2,
            10,
            20,
            30,
            40
        ],
        "width": 0,
        "height": 0,
        "area": 0.5813773787590731,
        "distance": -1.5201526581238165,
        "xpert": [
            [
                267.0,
                243.6
            ],
            [
                261.2,
                243.8
            ],
            [
                261.0,
                238.0
            ],
            [
                262.6,
                233.6
            ],
            [
                267.0,
                232.0
            ],
            [
                273.6,
                231.4
            ],
            [
                273.6,
                238.0
            ],
            [
                271.4,
                242.4
            ]
        ],
        "stack": 0
    },
    {
        "type": "Spine",
        "location": [
            302,
            272
        ],
        "radloc": [
            0,
            0
        ],
        "mean": [
            37.3728813559322,
            42.440677966101696,
            39.78531073446328,
            44.25423728813559,
            45.52542372881356,
            35.85310734463277,
            35.355932203389834,
            32.909604519774014
        ],
        "min": [
            11.0,
            15.0,
            12.0,
            14.0,
            17.0,
            14.0,
            13.0,
            13.0
        ],
        "max": [
            111.0,
            105.0,
            94.0,
            114.0,
            124.0,
            70.0,
            91.0,
            63.0
        ],
        "RawIntDen": [
            6615.0,
            7512.0,
            7042.0,
            7833.0,
            8058.0,
            6346.0,
            6258.0,
            5825.0
        ],
        "IntDen": [
            5218.99630186004,
            5926.696934175755,
            5555.883893831958,
            6179.954351091412,
            6357.47123210706,
            5006.765008556888,
            4937.336183981879,
            4595.714808516211
        ],
        "FlagUp": 0,
        "Times": [
            -15,
            -10,
            -5,
            2,
            10,
            20,
            30,
            40
        ],
        "width": 0,
        "height": 0,
        "area": 0.7889639156251005,
        "distance": -0.3915013821638224,
        "xpert": [
            [
                302.0,
                282.2
            ],
            [
                297.2,
                276.8
            ],
            [
                294.6,
                272.0
            ],
            [
                295.8,
                265.8
            ],
            [
                302.0,
                262.4
            ],
            [
                307.2,
                266.8
            ],
            [
                308.0,
                272.0
            ],
            [
                307.0,
                277.0
            ]
        ],
        "stack": 0
    },
    {
        "type": "Spine",
        "location": [
            329,
            228
        ],
        "radloc": [
            0,
            0
        ],
        "mean": [
            104.43589743589743,
            107.93846153846154,
            90.0923076923077,
            83.93333333333334,
            75.63589743589743,
            89.36410256410257,
            73.92820512820512,
            85.52820512820513
        ],
        "min": [
            25.0,
            22.0,
            24.0,
            22.0,
            16.0,
            31.0,
            9.0,
            13.0
        ],
        "max": [
            220.0,
            226.0,
            198.0,
            203.0,
            188.0,
            219.0,
            173.0,
            173.0
        ],
        "RawIntDen": [
            20365.0,
            21048.0,
            17568.0,
            16367.0,
            14749.0,
            17426.0,
            14416.0,
            16678.0
        ],
        "IntDen": [
            17196.33394543745,
            17773.063436462926,
            14834.529572965634,
            13820.397627546023,
            12454.148262276305,
            14714.623880834422,
            12172.960970165788,
            14083.007981439028
        ],
        "FlagUp": 0,
        "Times": [
            -15,
            -10,
            -5,
            2,
            10,
            20,
            30,
            40
        ],
        "width": 0,
        "height": 0,
        "area": 0.8444062826141641,
        "distance": -0.47530373251994734,
        "xpert": [
            [
                329.0,
                237.0
            ],
            [
                323.0,
                234.0
            ],
            [
                319.8,
                228.0
            ],
            [
                323.6,
                222.6
            ],
            [
                329.0,
                219.0
            ],
            [
                335.0,
                222.0
            ],
            [
                335.2,
                228.0
            ],
            [
                334.6,
                233.6
            ]
        ],
        "stack": 0
    },
    {
        "type": "Spine",
        "location": [
            395,
            208
        ],
        "radloc": [
            0,
            0
        ],
        "mean": [
            73.35057471264368,
            57.632183908045974,
            72.03448275862068,
            81.45402298850574,
            59.46551724137931,
            72.89655172413794,
            71.08045977011494,
            72.52298850574712
        ],
        "min": [
            20.0,
            17.0,
            18.0,
            29.0,
            18.0,
            30.0,
            27.0,
            18.0
        ],
        "max": [
            159.0,
            123.0,
            143.0,
            131.0,
            123.0,
            216.0,
            157.0,
            140.0
        ],
        "RawIntDen": [
            12763.0,
            10028.0,
            12534.0,
            14173.0,
            10347.0,
            12684.0,
            12368.0,
            12619.0
        ],
        "IntDen": [
            10024.096362173965,
            7876.019612934304,
            9844.23911333452,
            11131.514357211598,
            8126.563116776151,
            9962.049538338524,
            9713.862242996756,
            9910.998354170122
        ],
        "FlagUp": 0,
        "Times": [
            -15,
            -10,
            -5,
            2,
            10,
            20,
            30,
            40
        ],
        "width": 0,
        "height": 0,
        "area": 0.7854028333600224,
        "distance": -0.5769232430472391,
        "xpert": [
            [
                395.0,
                216.8
            ],
            [
                388.6,
                214.4
            ],
            [
                389.2,
                208.0
            ],
            [
                389.6,
                202.6
            ],
            [
                395.0,
                198.4
            ],
            [
                399.6,
                203.4
            ],
            [
                402.0,
                208.0
            ],
            [
                401.2,
                214.2
            ]
        ],
        "stack": 0
    },
    {
        "type": "Spine",
        "location": [
            383,
            219
        ],
        "radloc": [
            0,
            0
        ],
        "mean": [
            96.60194174757281,
            87.51456310679612,
            100.06796116504854,
            121.66990291262135,
            84.2621359223301,
            90.86407766990291,
            119.3495145631068,
            91.29126213592232
        ],
        "min": [
            17.0,
            17.0,
            23.0,
            29.0,
            15.0,
            21.0,
            25.0,
            19.0
        ],
        "max": [
            244.0,
            232.0,
            235.0,
            238.0,
            202.0,
            183.0,
            224.0,
            197.0
        ],
        "RawIntDen": [
            9950.0,
            9014.0,
            10307.0,
            12532.0,
            8679.0,
            9359.0,
            12293.0,
            9403.0
        ],
        "IntDen": [
            4573.881690353076,
            4143.615030838455,
            4737.989807283332,
            5760.792496834648,
            3989.6200191532002,
            4302.206908544164,
            5650.927398945765,
            4322.433119034168
        ],
        "FlagUp": 0,
        "Times": [
            -15,
            -10,
            -5,
            2,
            10,
            20,
            30,
            40
        ],
        "width": 0,
        "height": 0,
        "area": 0.45968660204553524,
        "distance": -0.25890662027842876,
        "xpert": [
            [
                383.0,
                225.4
            ],
            [
                378.2,
                223.8
            ],
            [
                378.0,
                219.0
            ],
            [
                379.8,
                215.8
            ],
            [
                383.0,
                214.0
            ],
            [
                386.8,
                215.2
            ],
            [
                390.4,
                219.0
            ],
            [
                388.4,
                224.4
            ]
        ],
        "stack": 0
    },
    {
        "type": "Spine",
        "location": [
            449,
            203
        ],
        "radloc": [
            0,
            0
        ],
        "mean": [
            61.214285714285715,
            59.38461538461539,
            64.92307692307692,
            61.285714285714285,
            62.362637362637365,
            92.20879120879121,
            68.57142857142857,
            74.56043956043956
        ],
        "min": [
            18.0,
            12.0,
            16.0,
            17.0,
            15.0,
            24.0,
            18.0,
            17.0
        ],
        "max": [
            126.0,
            124.0,
            136.0,
            127.0,
            144.0,
            185.0,
            132.0,
            179.0
        ],
        "RawIntDen": [
            11141.0,
            10808.0,
            11816.0,
            11154.0,
            11350.0,
            16782.0,
            12480.0,
            13570.0
        ],
        "IntDen": [
            8944.438845331722,
            8677.093172995714,
            9486.355748715521,
            8954.875763470965,
            9112.232375416485,
            13473.258477906558,
            10019.441413673809,
            10894.536857656536
        ],
        "FlagUp": 0,
        "Times": [
            -15,
            -10,
            -5,
            2,
            10,
            20,
            30,
            40
        ],
        "width": 0,
        "height": 0,
        "area": 0.8028398568648885,
        "distance": 2.37204,
        "xpert": [
            [
                449.0,
                211.4
            ],
            [
                443.0,
                209.0
            ],
            [
                441.6,
                203.0
            ],
            [
                442.6,
                196.6
            ],
            [
                449.0,
                195.4
            ],
            [
                453.6,
                198.4
            ],
            [
                458.0,
                203.0
            ],
            [
                454.6,
                208.6
            ]
        ],
        "stack": 0
    },
    {
        "type": "Spine",
        "location": [
            445,
            233
        ],
        "radloc": [
            0,
            0
        ],
        "mean": [
            47.111111111111114,
            58.092592592592595,
            52.02777777777778,
            51.71296296296296,
            47.0462962962963,
            44.083333333333336,
            47.898148148148145,
            44.370370370370374
        ],
        "min": [
            10.0,
            13.0,
            11.0,
            10.0,
            10.0,
            12.0,
            15.0,
            10.0
        ],
        "max": [
            102.0,
            127.0,
            155.0,
            119.0,
            125.0,
            103.0,
            114.0,
            107.0
        ],
        "RawIntDen": [
            5088.0,
            6274.0,
            5619.0,
            5585.0,
            5081.0,
            4761.0,
            5173.0,
            4792.0
        ],
        "IntDen": [
            2453.2212222884896,
            3025.06091757822,
            2709.247257869305,
            2692.853877059987,
            2449.8461144748067,
            2295.555471563581,
            2494.204674311784,
            2310.502377595606
        ],
        "FlagUp": 0,
        "Times": [
            -15,
            -10,
            -5,
            2,
            10,
            20,
            30,
            40
        ],
        "width": 0,
        "height": 0,
        "area": 0.48215825909758053,
        "distance": 2.10848,
        "xpert": [
            [
                445.0,
                238.0
            ],
            [
                441.0,
                237.0
            ],
            [
                438.8,
                233.0
            ],
            [
                439.8,
                227.8
            ],
            [
                445.0,
                225.8
            ],
            [
                450.8,
                227.2
            ],
            [
                450.0,
                233.0
            ],
            [
                448.2,
                236.2
            ]
        ],
        "stack": 0
    },
    {
        "type": "Spine",
        "location": [
            421,
            227
        ],
        "radloc": [
            0,
            0
        ],
        "mean": [
            78.1046511627907,
            99.4186046511628,
            113.25581395348837,
            114.95348837209302,
            78.74418604651163,
            82.0813953488372,
            71.51162790697674,
            104.03488372093024
        ],
        "min": [
            31.0,
            28.0,
            23.0,
            49.0,
            14.0,
            17.0,
            12.0,
            26.0
        ],
        "max": [
            158.0,
            172.0,
            213.0,
            188.0,
            163.0,
            145.0,
            128.0,
            185.0
        ],
        "RawIntDen": [
            6717.0,
            8550.0,
            9740.0,
            9886.0,
            6772.0,
            7059.0,
            6150.0,
            8947.0
        ],
        "IntDen": [
            2548.2824100176804,
            3243.6823888121435,
            3695.1422768456464,
            3750.531473192614,
            2569.148203162086,
            2678.0297055701662,
            2333.1750516017173,
            3394.2954775090348
        ],
        "FlagUp": 0,
        "Times": [
            -15,
            -10,
            -5,
            2,
            10,
            20,
            30,
            40
        ],
        "width": 0,
        "height": 0,
        "area": 0.3793780571710109,
        "distance": 0.52712,
        "xpert": [
            [
                421.0,
                232.0
            ],
            [
                417.0,
                231.0
            ],
            [
                414.0,
                227.0
            ],
            [
                416.8,
                222.8
            ],
            [
                421.0,
                222.8
            ],
            [
                425.2,
                222.8
            ],
            [
                426.2,
                227.0
            ],
            [
                424.6,
                230.6
            ]
        ],
        "stack": 0
    },
    {
        "type": "Spine",
        "location": [
            466,
            231
        ],
        "radloc": [
            0,
            0
        ],
        "mean": [
            57.575581395348834,
            62.69767441860465,
            54.21511627906977,
            55.28488372093023,
            37.825581395348834,
            49.69767441860465,
            50.81395348837209,
            41.08139534883721
        ],
        "min": [
            17.0,
            16.0,
            16.0,
            15.0,
            13.0,
            13.0,
            18.0,
            10.0
        ],
        "max": [
            111.0,
            151.0,
            108.0,
            127.0,
            90.0,
            96.0,
            109.0,
            102.0
        ],
        "RawIntDen": [
            9903.0,
            10784.0,
            9325.0,
            9509.0,
            6506.0,
            8548.0,
            8740.0,
            7066.0
        ],
        "IntDen": [
            7602.733318604508,
            8279.094830640312,
            7158.991032615069,
            7300.251552722434,
            4994.78773814409,
            6562.472423248645,
            6709.874705099808,
            5424.711060209982
        ],
        "FlagUp": 0,
        "Times": [
            -15,
            -10,
            -5,
            2,
            10,
            20,
            30,
            40
        ],
        "width": 0,
        "height": 0,
        "area": 0.7677202179748064,
        "distance": 3.49217,
        "xpert": [
            [
                466.0,
                241.8
            ],
            [
                461.0,
                236.0
            ],
            [
                459.2,
                231.0
            ],
            [
                459.8,
                224.8
            ],
            [
                466.0,
                224.8
            ],
            [
                472.2,
                224.8
            ],
            [
                473.0,
                231.0
            ],
            [
                470.8,
                235.8
            ]
        ],
        "stack": 0
    },
    {
        "type": "Spine",
        "location": [
            468,
            210
        ],
        "radloc": [
            0,
            0
        ],
        "mean": [
            94.92857142857143,
            127.11224489795919,
            101.70408163265306,
            103.53061224489795,
            105.4795918367347,
            93.36734693877551,
            70.79591836734694,
            68.53061224489795
        ],
        "min": [
            25.0,
            30.0,
            37.0,
            25.0,
            36.0,
            32.0,
            15.0,
            13.0
        ],
        "max": [
            201.0,
            213.0,
            191.0,
            203.0,
            185.0,
            201.0,
            167.0,
            155.0
        ],
        "RawIntDen": [
            9303.0,
            12457.0,
            9967.0,
            10146.0,
            10337.0,
            9150.0,
            6938.0,
            6716.0
        ],
        "IntDen": [
            4390.70152197453,
            5879.282904357381,
            4704.087076160394,
            4788.569025255679,
            4878.714568703721,
            4318.490693976883,
            3274.501468285423,
            3169.7249727594262
        ],
        "FlagUp": 0,
        "Times": [
            -15,
            -10,
            -5,
            2,
            10,
            20,
            30,
            40
        ],
        "width": 0,
        "height": 0,
        "area": 0.4719661960630474,
        "distance": 3.7837567233364413,
        "xpert": [
            [
                468.0,
                215.8
            ],
            [
                460.8,
                217.2
            ],
            [
                463.2,
                210.0
            ],
            [
                464.4,
                206.4
            ],
            [
                468.0,
                205.0
            ],
            [
                471.8,
                206.2
            ],
            [
                473.0,
                210.0
            ],
            [
                472.6,
                214.6
            ]
        ],
        "stack": 0
    },
    {
        "type": "Spine",
        "location": [
            170,
            268
        ],
        "radloc": [
            0,
            0
        ],
        "mean": [
            19.56578947368421,
            31.986842105263158,
            25.88157894736842,
            29.486842105263158,
            25.25,
            23.026315789473685,
            26.263157894736842,
            25.19736842105263
        ],
        "min": [
            7.0,
            11.0,
            10.0,
            7.0,
            9.0,
            10.0,
            9.0,
            9.0
        ],
        "max": [
            45.0,
            80.0,
            49.0,
            69.0,
            66.0,
            45.0,
            54.0,
            57.0
        ],
        "RawIntDen": [
            1487.0,
            2431.0,
            1967.0,
            2241.0,
            1919.0,
            1750.0,
            1996.0,
            1915.0
        ],
        "IntDen": [
            526.3374754639315,
            860.475052355627,
            696.2379382902174,
            793.2227858202222,
            679.2478920075887,
            619.4287707208339,
            706.5027579193054,
            677.8320548173697
        ],
        "FlagUp": 0,
        "Times": [
            -15,
            -10,
            -5,
            2,
            10,
            20,
            30,
            40
        ],
        "width": 0,
        "height": 0,
        "area": 0.35395929755476224,
        "distance": 3.9693875948742896,
        "xpert": [
            [
                170.0,
                273.2
            ],
            [
                166.8,
                271.2
            ],
            [
                165.2,
                268.0
            ],
            [
                166.8,
                264.8
            ],
            [
                170.0,
                261.0
            ],
            [
                175.2,
                262.8
            ],
            [
                174.0,
                268.0
            ],
            [
                173.2,
                271.2
            ]
        ],
        "stack": 0
    },
    {
        "type": "Spine",
        "location": [
            147,
            257
        ],
        "radloc": [
            0,
            0
        ],
        "mean": [
            45.788990825688074,
            43.72477064220183,
            51.25688073394495,
            43.22018348623853,
            47.04587155963303,
            50.60550458715596,
            44.522935779816514,
            52.53211009174312
        ],
        "min": [
            14.0,
            10.0,
            10.0,
            11.0,
            19.0,
            13.0,
            8.0,
            13.0
        ],
        "max": [
            109.0,
            104.0,
            124.0,
            95.0,
            102.0,
            103.0,
            93.0,
            146.0
        ],
        "RawIntDen": [
            4991.0,
            4766.0,
            5587.0,
            4711.0,
            5128.0,
            5516.0,
            4853.0,
            5726.0
        ],
        "IntDen": [
            2428.515354502932,
            2319.035099090558,
            2718.516386617488,
            2292.2732588786444,
            2495.1766655762444,
            2683.969283798472,
            2361.367464516676,
            2786.150855516688
        ],
        "FlagUp": 0,
        "Times": [
            -15,
            -10,
            -5,
            2,
            10,
            20,
            30,
            40
        ],
        "width": 0,
        "height": 0,
        "area": 0.48657891294388544,
        "distance": 5.221198432795818,
        "xpert": [
            [
                147.0,
                262.2
            ],
            [
                143.0,
                261.0
            ],
            [
                140.4,
                257.0
            ],
            [
                142.6,
                252.6
            ],
            [
                147.0,
                248.6
            ],
            [
                151.8,
                252.2
            ],
            [
                152.2,
                257.0
            ],
            [
                151.0,
                261.0
            ]
        ],
        "stack": 0
    },
    {
        "type": "Spine",
        "location": [
            150,
            231
        ],
        "radloc": [
            0,
            0
        ],
        "mean": [
            133.2303664921466,
            111.91099476439791,
            116.46596858638743,
            115.39267015706807,
            110.67015706806282,
            115.2303664921466,
            99.2303664921466,
            104.63874345549738
        ],
        "min": [
            37.0,
            38.0,
            25.0,
            36.0,
            29.0,
            37.0,
            31.0,
            22.0
        ],
        "max": [
            244.0,
            211.0,
            236.0,
            219.0,
            213.0,
            210.0,
            188.0,
            202.0
        ],
        "RawIntDen": [
            25447.0,
            21375.0,
            22245.0,
            22040.0,
            21138.0,
            22009.0,
            18953.0,
            19986.0
        ],
        "IntDen": [
            21731.340160274256,
            18253.91582213472,
            18996.882220509324,
            18821.815425490022,
            18051.521527405086,
            18795.34191014564,
            16185.565687809092,
            17067.73153783319
        ],
        "FlagUp": 0,
        "Times": [
            -15,
            -10,
            -5,
            2,
            10,
            20,
            30,
            40
        ],
        "width": 0,
        "height": 0,
        "area": 0.8539843659478231,
        "distance": 5.757782911121922,
        "xpert": [
            [
                150.0,
                239.8
            ],
            [
                142.8,
                238.2
            ],
            [
                138.6,
                231.0
            ],
            [
                143.4,
                224.4
            ],
            [
                150.0,
                225.0
            ],
            [
                153.4,
                227.6
            ],
            [
                155.2,
                231.0
            ],
            [
                156.0,
                237.0
            ]
        ],
        "stack": 0
    },
    {
        "type": "Spine",
        "location": [
            108,
            241
        ],
        "radloc": [
            0,
            0
        ],
        "mean": [
            27.363636363636363,
            36.33884297520661,
            30.760330578512395,
            33.760330578512395,
            31.74380165289256,
            26.859504132231404,
            18.58677685950413,
            22.462809917355372
        ],
        "min": [
            8.0,
            7.0,
            10.0,
            8.0,
            10.0,
            8.0,
            7.0,
            7.0
        ],
        "max": [
            66.0,
            94.0,
            68.0,
            92.0,
            80.0,
            64.0,
            43.0,
            66.0
        ],
        "RawIntDen": [
            3311.0,
            4397.0,
            3722.0,
            4085.0,
            3841.0,
            3250.0,
            2249.0,
            2718.0
        ],
        "IntDen": [
            1778.572652220162,
            2361.940184781653,
            1999.3498675818312,
            2194.342882609291,
            2063.273197577059,
            1745.8052309621041,
            1208.097219825776,
            1460.030343924615
        ],
        "FlagUp": 0,
        "Times": [
            -15,
            -10,
            -5,
            2,
            10,
            20,
            30,
            40
        ],
        "width": 0,
        "height": 0,
        "area": 0.537170840296032,
        "distance": 7.708561898307645,
        "xpert": [
            [
                108.0,
                245.6
            ],
            [
                105.0,
                244.0
            ],
            [
                102.8,
                241.0
            ],
            [
                103.0,
                236.0
            ],
            [
                108.0,
                233.6
            ],
            [
                115.4,
                233.6
            ],
            [
                115.0,
                241.0
            ],
            [
                111.2,
                244.2
            ]
        ],
        "stack": 0
    },
    {
        "type": "Spine",
        "location": [
            113,
            201
        ],
        "radloc": [
            0,
            0
        ],
        "mean": [
            64.06896551724138,
            52.06896551724138,
            55.14655172413793,
            46.310344827586206,
            39.39655172413793,
            37.5,
            33.206896551724135,
            32.01724137931034
        ],
        "min": [
            14.0,
            12.0,
            14.0,
            11.0,
            11.0,
            9.0,
            10.0,
            10.0
        ],
        "max": [
            128.0,
            133.0,
            109.0,
            142.0,
            85.0,
            114.0,
            100.0,
            84.0
        ],
        "RawIntDen": [
            7432.0,
            6040.0,
            6397.0,
            5372.0,
            4570.0,
            4350.0,
            3852.0,
            3714.0
        ],
        "IntDen": [
            4142.83589059805,
            3366.8903093665535,
            3565.893594208252,
            2994.525619522703,
            2547.4650188419123,
            2424.8299413484287,
            2147.2287204768154,
            2070.3030809581755
        ],
        "FlagUp": 0,
        "Times": [
            -15,
            -10,
            -5,
            2,
            10,
            20,
            30,
            40
        ],
        "width": 0,
        "height": 0,
        "area": 0.5574321704249261,
        "distance": 9.246073670116239,
        "xpert": [
            [
                113.0,
                207.4
            ],
            [
                109.4,
                204.6
            ],
            [
                107.8,
                201.0
            ],
            [
                108.6,
                196.6
            ],
            [
                113.0,
                195.4
            ],
            [
                116.8,
                197.2
            ],
            [
                118.4,
                201.0
            ],
            [
                121.4,
                209.4
            ]
        ],
        "stack": 0
    },
    {
        "type": "Spine",
        "location": [
            104,
            194
        ],
        "radloc": [
            0,
            0
        ],
        "mean": [
            36.745098039215684,
            42.98039215686274,
            34.705882352941174,
            33.71568627450981,
            37.26470588235294,
            42.86274509803921,
            38.98039215686274,
            38.36274509803921
        ],
        "min": [
            9.0,
            9.0,
            9.0,
            9.0,
            11.0,
            13.0,
            12.0,
            12.0
        ],
        "max": [
            84.0,
            98.0,
            81.0,
            88.0,
            78.0,
            91.0,
            121.0,
            106.0
        ],
        "RawIntDen": [
            3748.0,
            4384.0,
            3540.0,
            3439.0,
            3801.0,
            4372.0,
            3976.0,
            3913.0
        ],
        "IntDen": [
            1712.5500028316999,
            2003.1534718287546,
            1617.509874606248,
            1571.360581573697,
            1736.7669585814544,
            1997.6703875080555,
            1816.7286049249838,
            1787.9424122413131
        ],
        "FlagUp": 0,
        "Times": [
            -15,
            -10,
            -5,
            2,
            10,
            20,
            30,
            40
        ],
        "width": 0,
        "height": 0,
        "area": 0.4569236933915955,
        "distance": 10.030131391489583,
        "xpert": [
            [
                104.0,
                199.6
            ],
            [
                99.0,
                199.0
            ],
            [
                98.2,
                194.0
            ],
            [
                100.2,
                190.2
            ],
            [
                104.0,
                189.2
            ],
            [
                109.0,
                189.0
            ],
            [
                110.2,
                194.0
            ],
            [
                108.6,
                198.6
            ]
        ],
        "stack": 0
    },
    {
        "type": "Spine",
        "location": [
            47,
            215
        ],
        "radloc": [
            0,
            0
        ],
        "mean": [
            83.11049723756906,
            86.20994475138122,
            65.53591160220995,
            66.45303867403315,
            49.1767955801105,
            52.14364640883978,
            57.29281767955801,
            49.23756906077348
        ],
        "min": [
            22.0,
            34.0,
            20.0,
            20.0,
            8.0,
            11.0,
            11.0,
            10.0
        ],
        "max": [
            200.0,
            186.0,
            136.0,
            158.0,
            131.0,
            125.0,
            149.0,
            124.0
        ],
        "RawIntDen": [
            15043.0,
            15604.0,
            11862.0,
            12028.0,
            8901.0,
            9438.0,
            10370.0,
            8912.0
        ],
        "IntDen": [
            11933.960468894316,
            12379.014768106554,
            9410.399460348626,
            9542.091106817845,
            7061.369549533225,
            7487.384092629432,
            8226.76128846866,
            7070.096104419739
        ],
        "FlagUp": 0,
        "Times": [
            -15,
            -10,
            -5,
            2,
            10,
            20,
            30,
            40
        ],
        "width": 0,
        "height": 0,
        "area": 0.7933231715013173,
        "distance": 13.329314049613396,
        "xpert": [
            [
                47.0,
                222.8
            ],
            [
                42.4,
                219.6
            ],
            [
                39.4,
                215.0
            ],
            [
                39.8,
                207.8
            ],
            [
                47.0,
                205.8
            ],
            [
                52.2,
                209.8
            ],
            [
                53.8,
                215.0
            ],
            [
                52.8,
                220.8
            ]
        ],
        "stack": 0
    },
    {
        "type": "Spine",
        "location": [
            7,
            207
        ],
        "radloc": [
            0,
            0
        ],
        "mean": [
            59.835443037974684,
            52.08860759493671,
            41.85443037974684,
            40.20886075949367,
            46.67088607594937,
            40.14556962025316,
            50.29113924050633,
            44.91139240506329
        ],
        "min": [
            8.0,
            11.0,
            12.0,
            9.0,
            10.0,
            8.0,
            13.0,
            11.0
        ],
        "max": [
            155.0,
            128.0,
            102.0,
            110.0,
            125.0,
            115.0,
            121.0,
            114.0
        ],
        "RawIntDen": [
            9454.0,
            8230.0,
            6613.0,
            6353.0,
            7374.0,
            6343.0,
            7946.0,
            7096.0
        ],
        "IntDen": [
            7123.361053797617,
            6201.1065657662775,
            4982.736053391543,
            4786.8323222737745,
            5556.131204855472,
            4779.297563384629,
            5987.119413314562,
            5346.664907737242
        ],
        "FlagUp": 0,
        "Times": [
            -15,
            -10,
            -5,
            2,
            10,
            20,
            30,
            40
        ],
        "width": 0,
        "height": 0,
        "area": 0.753475888914493,
        "distance": 15.606231897485802,
        "xpert": [
            [
                7.0,
                212.2
            ],
            [
                2.4,
                211.6
            ],
            [
                0.0,
                207.0
            ],
            [
                1.8,
                201.8
            ],
            [
                7.0,
                201.4
            ],
            [
                11.8,
                202.2
            ],
            [
                20.0,
                207.0
            ],
            [
                13.0,
                213.0
            ]
        ],
        "stack": 0
    }
]