[
    {
        "type": "Stim",
        "location": [
            228,
            257
        ],
        "radloc": [
            0,
            0
        ],
        "mean": [
            65.85555555555555,
            70.48333333333333,
            79.17222222222222,
            112.5111111111111,
            113.66666666666667,
            125.37777777777778,
            121.62222222222222,
            123.45
        ],
        "min": [
            6.0,
            7.0,
            7.0,
            12.0,
            12.0,
            15.0,
            21.0,
            15.0
        ],
        "max": [
            187.0,
            201.0,
            217.0,
            255.0,
            253.0,
            254.0,
            251.0,
            247.0
        ],
        "RawIntDen": [
            11854.0,
            12687.0,
            14251.0,
            20252.0,
            20460.0,
            22568.0,
            21892.0,
            22221.0
        ],
        "IntDen": [
            9832.733870515756,
            10523.696188226202,
            11821.01319290704,
            16798.762134780252,
            16971.29534256389,
            18719.85304452502,
            18159.120119228188,
            18432.02120269366
        ],
        "FlagUp": 0,
        "Times": [
            -15,
            -10,
            -5,
            2,
            10,
            20,
            30,
            40
        ],
        "width": 0,
        "height": 0,
        "area": 0.8294865758828882,
        "distance": 0,
        "xpert": [
            [
                228.0,
                262.2
            ],
            [
                223.6,
                261.4
            ],
            [
                219.2,
                257.0
            ],
            [
                221.6,
                250.6
            ],
            [
                228.0,
                247.0
            ],
            [
                234.6,
                250.4
            ],
            [
                234.8,
                257.0
            ],
            [
                234.4,
                263.4
            ]
        ],
        "stack": 0
    },
    {
        "type": "Stim",
        "location": [
            181,
            263
        ],
        "radloc": [
            0,
            0
        ],
        "mean": [
            93.10909090909091,
            100.96818181818182,
            95.24090909090908,
            133.78636363636363,
            131.81363636363636,
            131.29090909090908,
            103.65,
            122.98181818181818
        ],
        "min": [
            11.0,
            11.0,
            22.0,
            34.0,
            10.0,
            26.0,
            16.0,
            22.0
        ],
        "max": [
            199.0,
            224.0,
            247.0,
            255.0,
            255.0,
            241.0,
            237.0,
            255.0
        ],
        "RawIntDen": [
            20484.0,
            22213.0,
            20953.0,
            29433.0,
            28999.0,
            28884.0,
            22803.0,
            27056.0
        ],
        "IntDen": [
            20269.964402631143,
            21980.898226696234,
            20734.063860980783,
            29125.45705246253,
            28695.99188204943,
            28582.1935074008,
            22564.73336619791,
            26773.294126029497
        ],
        "FlagUp": 0,
        "Times": [
            -15,
            -10,
            -5,
            2,
            10,
            20,
            30,
            40
        ],
        "width": 0,
        "height": 0,
        "area": 0.9895510839011494,
        "distance": 0,
        "xpert": [
            [
                181.0,
                272.0
            ],
            [
                174.4,
                269.6
            ],
            [
                172.0,
                263.0
            ],
            [
                175.2,
                257.2
            ],
            [
                181.0,
                257.2
            ],
            [
                186.0,
                258.0
            ],
            [
                191.8,
                263.0
            ],
            [
                189.0,
                271.0
            ]
        ],
        "stack": 0
    },
    {
        "type": "Stim",
        "location": [
            136,
            269
        ],
        "radloc": [
            0,
            0
        ],
        "mean": [
            106.52307692307693,
            107.21538461538462,
            110.49743589743589,
            158.6051282051282,
            163.94871794871796,
            145.5179487179487,
            123.83076923076923,
            122.2974358974359
        ],
        "min": [
            15.0,
            14.0,
            13.0,
            24.0,
            23.0,
            24.0,
            21.0,
            11.0
        ],
        "max": [
            245.0,
            247.0,
            227.0,
            255.0,
            255.0,
            255.0,
            243.0,
            255.0
        ],
        "RawIntDen": [
            20772.0,
            20907.0,
            21547.0,
            30928.0,
            31970.0,
            28376.0,
            24147.0,
            23848.0
        ],
        "IntDen": [
            17645.862069138115,
            17760.54488154586,
            18304.226362589976,
            26273.407571456944,
            27158.588982781897,
            24105.47766579353,
            20512.9323793317,
            20258.931187406404
        ],
        "FlagUp": 0,
        "Times": [
            -15,
            -10,
            -5,
            2,
            10,
            20,
            30,
            40
        ],
        "width": 0,
        "height": 0,
        "area": 0.8495023141314325,
        "distance": 0,
        "xpert": [
            [
                136.0,
                278.6
            ],
            [
                129.6,
                275.4
            ],
            [
                127.2,
                269.0
            ],
            [
                130.8,
                263.8
            ],
            [
                136.0,
                263.2
            ],
            [
                140.8,
                264.2
            ],
            [
                145.0,
                269.0
            ],
            [
                142.6,
                275.6
            ]
        ],
        "stack": 0
    },
    {
        "type": "Stim",
        "location": [
            67,
            268
        ],
        "radloc": [
            0,
            0
        ],
        "mean": [
            158.41714285714286,
            182.66285714285715,
            181.90285714285713,
            202.76,
            200.36,
            174.73714285714286,
            164.96571428571428,
            179.06857142857143
        ],
        "min": [
            26.0,
            43.0,
            70.0,
            87.0,
            78.0,
            60.0,
            50.0,
            54.0
        ],
        "max": [
            255.0,
            255.0,
            255.0,
            255.0,
            255.0,
            255.0,
            255.0,
            255.0
        ],
        "RawIntDen": [
            27723.0,
            31966.0,
            31833.0,
            35483.0,
            35063.0,
            30579.0,
            28869.0,
            31337.0
        ],
        "IntDen": [
            21440.104107991363,
            24721.508058869957,
            24618.65000431732,
            27441.446238280758,
            27116.631329167158,
            23648.84548996385,
            22326.38478857276,
            24235.05906403078
        ],
        "FlagUp": 0,
        "Times": [
            -15,
            -10,
            -5,
            2,
            10,
            20,
            30,
            40
        ],
        "width": 0,
        "height": 0,
        "area": 0.7733688312228605,
        "distance": 0,
        "xpert": [
            [
                67.0,
                274.4
            ],
            [
                62.0,
                273.0
            ],
            [
                59.8,
                268.0
            ],
            [
                60.6,
                261.6
            ],
            [
                67.0,
                259.8
            ],
            [
                72.6,
                262.4
            ],
            [
                75.2,
                268.0
            ],
            [
                73.4,
                274.4
            ]
        ],
        "stack": 0
    },
    {
        "type": "Stim",
        "location": [
            60,
            278
        ],
        "radloc": [
            0,
            0
        ],
        "mean": [
            99.42196531791907,
            121.21387283236994,
            94.70520231213872,
            189.0693641618497,
            130.0693641618497,
            118.61849710982659,
            110.95953757225433,
            104.64739884393063
        ],
        "min": [
            14.0,
            13.0,
            11.0,
            64.0,
            29.0,
            13.0,
            16.0,
            16.0
        ],
        "max": [
            255.0,
            253.0,
            239.0,
            255.0,
            219.0,
            255.0,
            245.0,
            252.0
        ],
        "RawIntDen": [
            17200.0,
            20970.0,
            16384.0,
            32709.0,
            22502.0,
            20521.0,
            19196.0,
            18104.0
        ],
        "IntDen": [
            13624.037648112542,
            16610.236597727908,
            12977.687955039297,
            25908.64229256472,
            17823.726462664443,
            16254.585847495204,
            15205.059691463277,
            14340.09171985055
        ],
        "FlagUp": 0,
        "Times": [
            -15,
            -10,
            -5,
            2,
            10,
            20,
            30,
            40
        ],
        "width": 0,
        "height": 0,
        "area": 0.7920952120995665,
        "distance": 0,
        "xpert": [
            [
                60.0,
                285.8
            ],
            [
                53.6,
                284.4
            ],
            [
                48.2,
                278.0
            ],
            [
                54.2,
                272.2
            ],
            [
                60.0,
                272.0
            ],
            [
                65.0,
                273.0
            ],
            [
                66.2,
                278.0
            ],
            [
                64.6,
                282.6
            ]
        ],
        "stack": 0
    },
    {
        "type": "Spine",
        "location": [
            81,
            272
        ],
        "radloc": [
            0,
            0
        ],
        "mean": [
            94.36792452830188,
            97.74528301886792,
            85.55660377358491,
            153.26415094339623,
            130.46226415094338,
            110.97169811320755,
            91.72641509433963,
            108.27358490566037
        ],
        "min": [
            13.0,
            13.0,
            13.0,
            36.0,
            23.0,
            13.0,
            13.0,
            15.0
        ],
        "max": [
            220.0,
            246.0,
            195.0,
            255.0,
            255.0,
            255.0,
            235.0,
            251.0
        ],
        "RawIntDen": [
            10003.0,
            10361.0,
            9069.0,
            16246.0,
            13829.0,
            11763.0,
            9723.0,
            11477.0
        ],
        "IntDen": [
            4774.510118065032,
            4945.3863174319495,
            4328.704614688771,
            7754.3428349579635,
            6600.689835321536,
            5614.571880315802,
            4640.863928616045,
            5478.061843950052
        ],
        "FlagUp": 0,
        "Times": [
            -15,
            -10,
            -5,
            2,
            10,
            20,
            30,
            40
        ],
        "width": 0,
        "height": 0,
        "area": 0.477307819460665,
        "distance": -0.8795240999009676,
        "xpert": [
            [
                81.0,
                277.2
            ],
            [
                75.4,
                277.6
            ],
            [
                73.2,
                272.0
            ],
            [
                77.2,
                268.2
            ],
            [
                81.0,
                267.4
            ],
            [
                85.6,
                267.4
            ],
            [
                87.0,
                272.0
            ],
            [
                85.0,
                276.0
            ]
        ],
        "stack": 0
    },
    {
        "type": "Spine",
        "location": [
            211,
            261
        ],
        "radloc": [
            0,
            0
        ],
        "mean": [
            103.58,
            119.93,
            98.31,
            118.77,
            111.11,
            145.27,
            163.97,
            127.69
        ],
        "min": [
            13.0,
            17.0,
            14.0,
            15.0,
            26.0,
            27.0,
            40.0,
            30.0
        ],
        "max": [
            238.0,
            255.0,
            225.0,
            251.0,
            213.0,
            253.0,
            255.0,
            248.0
        ],
        "RawIntDen": [
            10358.0,
            11993.0,
            9831.0,
            11877.0,
            11111.0,
            14527.0,
            16397.0,
            12769.0
        ],
        "IntDen": [
            4882.266257079368,
            5652.927130831517,
            4633.863639056503,
            5598.250273733505,
            5237.194476000082,
            6847.333647093259,
            7728.762291690519,
            6018.696450728562
        ],
        "FlagUp": 0,
        "Times": [
            -15,
            -10,
            -5,
            2,
            10,
            20,
            30,
            40
        ],
        "width": 0,
        "height": 0,
        "area": 0.47135221636217106,
        "distance": -1.636806886950259,
        "xpert": [
            [
                211.0,
                264.8
            ],
            [
                206.6,
                265.4
            ],
            [
                204.0,
                261.0
            ],
            [
                206.0,
                256.0
            ],
            [
                211.0,
                255.2
            ],
            [
                216.0,
                256.0
            ],
            [
                217.0,
                261.0
            ],
            [
                215.2,
                265.2
            ]
        ],
        "stack": 0
    },
    {
        "type": "Spine",
        "location": [
            250,
            278
        ],
        "radloc": [
            0,
            0
        ],
        "mean": [
            81.44628099173553,
            77.05785123966942,
            100.60330578512396,
            105.94214876033058,
            129.40495867768595,
            108.70247933884298,
            112.69421487603306,
            92.23140495867769
        ],
        "min": [
            18.0,
            11.0,
            21.0,
            18.0,
            23.0,
            21.0,
            18.0,
            14.0
        ],
        "max": [
            156.0,
            206.0,
            183.0,
            223.0,
            247.0,
            241.0,
            250.0,
            234.0
        ],
        "RawIntDen": [
            9855.0,
            9324.0,
            12173.0,
            12819.0,
            15658.0,
            13153.0,
            13636.0,
            11160.0
        ],
        "IntDen": [
            5537.664660188169,
            5239.288208178031,
            6840.18182734354,
            7203.17841491143,
            8798.452891854527,
            7390.85776514003,
            7662.262334482585,
            6270.962720213087
        ],
        "FlagUp": 0,
        "Times": [
            -15,
            -10,
            -5,
            2,
            10,
            20,
            30,
            40
        ],
        "width": 0,
        "height": 0,
        "area": 0.561914222241316,
        "distance": 1.7184515558346887,
        "xpert": [
            [
                250.0,
                286.4
            ],
            [
                245.6,
                282.4
            ],
            [
                243.8,
                278.0
            ],
            [
                245.0,
                273.0
            ],
            [
                250.0,
                274.2
            ],
            [
                253.2,
                274.8
            ],
            [
                256.4,
                278.0
            ],
            [
                256.8,
                284.8
            ]
        ],
        "stack": 0
    },
    {
        "type": "Spine",
        "location": [
            329,
            266
        ],
        "radloc": [
            0,
            0
        ],
        "mean": [
            57.65625,
            49.1796875,
            34.734375,
            42.6328125,
            52.28125,
            51.8515625,
            58.1640625,
            56.0859375
        ],
        "min": [
            4.0,
            6.0,
            6.0,
            6.0,
            7.0,
            8.0,
            7.0,
            6.0
        ],
        "max": [
            166.0,
            132.0,
            98.0,
            126.0,
            141.0,
            155.0,
            155.0,
            137.0
        ],
        "RawIntDen": [
            7380.0,
            6295.0,
            4446.0,
            5457.0,
            6692.0,
            6637.0,
            7445.0,
            7179.0
        ],
        "IntDen": [
            4269.268555337381,
            3641.605088868403,
            2571.9739833373983,
            3156.8290659181694,
            3871.2662835118913,
            3839.4492414328183,
            4306.870514158104,
            4152.991728830225
        ],
        "FlagUp": 0,
        "Times": [
            -15,
            -10,
            -5,
            2,
            10,
            20,
            30,
            40
        ],
        "width": 0,
        "height": 0,
        "area": 0.5784916741649568,
        "distance": 6.813043698202616,
        "xpert": [
            [
                329.0,
                271.6
            ],
            [
                324.8,
                270.2
            ],
            [
                319.8,
                266.0
            ],
            [
                324.0,
                261.0
            ],
            [
                329.0,
                260.2
            ],
            [
                334.0,
                261.0
            ],
            [
                334.8,
                266.0
            ],
            [
                334.4,
                271.4
            ]
        ],
        "stack": 0
    },
    {
        "type": "Spine",
        "location": [
            382,
            291
        ],
        "radloc": [
            0,
            0
        ],
        "mean": [
            71.40140845070422,
            65.98591549295774,
            91.57042253521126,
            56.04225352112676,
            63.87323943661972,
            88.94366197183099,
            71.76760563380282,
            56.30281690140845
        ],
        "min": [
            10.0,
            12.0,
            15.0,
            8.0,
            12.0,
            14.0,
            8.0,
            6.0
        ],
        "max": [
            205.0,
            250.0,
            179.0,
            183.0,
            146.0,
            216.0,
            185.0,
            219.0
        ],
        "RawIntDen": [
            10139.0,
            9370.0,
            13003.0,
            7958.0,
            9070.0,
            12630.0,
            10191.0,
            7995.0
        ],
        "IntDen": [
            6520.211832049576,
            6025.68151359153,
            8361.99965007798,
            5117.649251351269,
            5832.75681198241,
            8122.129937743973,
            6553.652113661823,
            5141.443297883061
        ],
        "FlagUp": 0,
        "Times": [
            -15,
            -10,
            -5,
            2,
            10,
            20,
            30,
            40
        ],
        "width": 0,
        "height": 0,
        "area": 0.6430823386970683,
        "distance": 10.402802982622502,
        "xpert": [
            [
                382.0,
                297.8
            ],
            [
                377.4,
                295.6
            ],
            [
                375.0,
                291.0
            ],
            [
                376.8,
                285.8
            ],
            [
                382.0,
                285.4
            ],
            [
                388.0,
                285.0
            ],
            [
                390.6,
                291.0
            ],
            [
                387.0,
                296.0
            ]
        ],
        "stack": 0
    }
]