[
    {
        "type": "Stim",
        "location": [
            47,
            228
        ],
        "radloc": [
            0,
            0
        ],
        "mean": [
            48.24757281553398,
            51.092233009708735,
            46.50970873786408,
            85.7378640776699,
            86.47572815533981,
            87.00485436893204,
            71.16990291262135,
            74.2621359223301
        ],
        "min": [
            7.0,
            7.0,
            8.0,
            17.0,
            15.0,
            10.0,
            11.0,
            13.0
        ],
        "max": [
            181.0,
            168.0,
            156.0,
            212.0,
            164.0,
            231.0,
            197.0,
            194.0
        ],
        "RawIntDen": [
            9939.0,
            10525.0,
            9581.0,
            17662.0,
            17814.0,
            17923.0,
            14661.0,
            15298.0
        ],
        "IntDen": [
            9931.565261996146,
            10517.126912416685,
            9573.833059179502,
            17648.78817359653,
            17800.674471999126,
            17909.5929359852,
            14650.03303210841,
            15286.556532650873
        ],
        "FlagUp": 0,
        "Times": [
            -15,
            -10,
            -5,
            2,
            10,
            20,
            30,
            40
        ],
        "width": 0,
        "height": 0,
        "area": 0.9992519631749819,
        "distance": 0,
        "xpert": [
            [
                47.0,
                237.2
            ],
            [
                40.0,
                235.0
            ],
            [
                36.2,
                228.0
            ],
            [
                41.2,
                222.2
            ],
            [
                47.0,
                222.0
            ],
            [
                55.4,
                219.6
            ],
            [
                54.0,
                228.0
            ],
            [
                52.4,
                233.4
            ]
        ],
        "stack": 0
    },
    {
        "type": "Stim",
        "location": [
            89,
            216
        ],
        "radloc": [
            0,
            0
        ],
        "mean": [
            68.91129032258064,
            64.69354838709677,
            67.80645161290323,
            82.79032258064517,
            79.08064516129032,
            91.83064516129032,
            118.28225806451613,
            89.16935483870968
        ],
        "min": [
            18.0,
            17.0,
            14.0,
            19.0,
            16.0,
            23.0,
            26.0,
            28.0
        ],
        "max": [
            156.0,
            156.0,
            151.0,
            208.0,
            186.0,
            222.0,
            229.0,
            200.0
        ],
        "RawIntDen": [
            8545.0,
            8022.0,
            8408.0,
            10266.0,
            9806.0,
            11387.0,
            14667.0,
            11057.0
        ],
        "IntDen": [
            4842.47939009511,
            4546.09358307115,
            4764.841042939694,
            5817.77570728103,
            5557.092205883283,
            6453.050066122062,
            8311.836771740782,
            6266.037989032374
        ],
        "FlagUp": 0,
        "Times": [
            -15,
            -10,
            -5,
            2,
            10,
            20,
            30,
            40
        ],
        "width": 0,
        "height": 0,
        "area": 0.5667032639081463,
        "distance": 0,
        "xpert": [
            [
                89.0,
                224.6
            ],
            [
                82.8,
                222.2
            ],
            [
                83.8,
                216.0
            ],
            [
                84.0,
                211.0
            ],
            [
                89.0,
                209.4
            ],
            [
                93.4,
                211.6
            ],
            [
                94.2,
                216.0
            ],
            [
                93.0,
                220.0
            ]
        ],
        "stack": 0
    },
    {
        "type": "Stim",
        "location": [
            109,
            215
        ],
        "radloc": [
            0,
            0
        ],
        "mean": [
            54.333333333333336,
            41.20289855072464,
            49.54347826086956,
            128.8913043478261,
            137.20289855072463,
            98.18115942028986,
            88.93478260869566,
            72.97101449275362
        ],
        "min": [
            15.0,
            10.0,
            10.0,
            26.0,
            43.0,
            20.0,
            17.0,
            11.0
        ],
        "max": [
            159.0,
            102.0,
            121.0,
            237.0,
            244.0,
            219.0,
            217.0,
            190.0
        ],
        "RawIntDen": [
            7498.0,
            5686.0,
            6837.0,
            17787.0,
            18934.0,
            13549.0,
            12273.0,
            10070.0
        ],
        "IntDen": [
            4455.84360167599,
            3379.0246357868336,
            4063.0305020883893,
            10570.297431716568,
            11251.926214208215,
            8051.777135117096,
            7293.487399755858,
            5984.308491448015
        ],
        "FlagUp": 0,
        "Times": [
            -15,
            -10,
            -5,
            2,
            10,
            20,
            30,
            40
        ],
        "width": 0,
        "height": 0,
        "area": 0.5942709524774593,
        "distance": 0,
        "xpert": [
            [
                109.0,
                220.2
            ],
            [
                103.8,
                220.2
            ],
            [
                102.0,
                215.0
            ],
            [
                103.6,
                209.6
            ],
            [
                109.0,
                207.4
            ],
            [
                114.0,
                210.0
            ],
            [
                115.4,
                215.0
            ],
            [
                114.0,
                220.0
            ]
        ],
        "stack": 0
    },
    {
        "type": "Stim",
        "location": [
            155,
            234
        ],
        "radloc": [
            0,
            0
        ],
        "mean": [
            110.08227848101266,
            108.60126582278481,
            107.82911392405063,
            120.84810126582279,
            103.14556962025317,
            93.13924050632912,
            76.67088607594937,
            77.73417721518987
        ],
        "min": [
            16.0,
            17.0,
            14.0,
            22.0,
            19.0,
            22.0,
            10.0,
            10.0
        ],
        "max": [
            236.0,
            218.0,
            234.0,
            239.0,
            248.0,
            213.0,
            204.0,
            200.0
        ],
        "RawIntDen": [
            17393.0,
            17159.0,
            17037.0,
            19094.0,
            16297.0,
            14716.0,
            12114.0,
            12282.0
        ],
        "IntDen": [
            12555.240265617342,
            12386.325976986602,
            12298.259552999634,
            13783.117209894643,
            11764.086161603278,
            10622.831929444304,
            8744.562788345223,
            8865.834585310882
        ],
        "FlagUp": 0,
        "Times": [
            -15,
            -10,
            -5,
            2,
            10,
            20,
            30,
            40
        ],
        "width": 0,
        "height": 0,
        "area": 0.721855934319401,
        "distance": 0,
        "xpert": [
            [
                155.0,
                245.2
            ],
            [
                147.4,
                241.6
            ],
            [
                145.8,
                234.0
            ],
            [
                150.2,
                229.2
            ],
            [
                155.0,
                228.6
            ],
            [
                158.2,
                230.8
            ],
            [
                159.8,
                234.0
            ],
            [
                158.6,
                237.6
            ]
        ],
        "stack": 0
    },
    {
        "type": "Stim",
        "location": [
            89,
            253
        ],
        "radloc": [
            0,
            0
        ],
        "mean": [
            79.505,
            71.455,
            71.87,
            95.83,
            159.015,
            99.84,
            119.66,
            112.69
        ],
        "min": [
            23.0,
            22.0,
            13.0,
            22.0,
            34.0,
            21.0,
            41.0,
            20.0
        ],
        "max": [
            205.0,
            181.0,
            191.0,
            227.0,
            255.0,
            217.0,
            236.0,
            236.0
        ],
        "RawIntDen": [
            15901.0,
            14291.0,
            14374.0,
            19166.0,
            31803.0,
            19968.0,
            23932.0,
            22538.0
        ],
        "IntDen": [
            14123.974733214445,
            12693.901195671193,
            12767.625483631498,
            17024.0928077975,
            28248.83771086215,
            17736.464843269358,
            21257.46577669883,
            20019.25303673902
        ],
        "FlagUp": 0,
        "Times": [
            -15,
            -10,
            -5,
            2,
            10,
            20,
            30,
            40
        ],
        "width": 0,
        "height": 0,
        "area": 0.8882444332566786,
        "distance": 0,
        "xpert": [
            [
                89.0,
                262.4
            ],
            [
                81.2,
                260.8
            ],
            [
                80.0,
                253.0
            ],
            [
                83.0,
                247.0
            ],
            [
                89.0,
                244.8
            ],
            [
                94.2,
                247.8
            ],
            [
                95.0,
                253.0
            ],
            [
                94.4,
                258.4
            ]
        ],
        "stack": 0
    },
    {
        "type": "Stim",
        "location": [
            98,
            263
        ],
        "radloc": [
            0,
            0
        ],
        "mean": [
            75.38983050847457,
            88.11299435028249,
            84.10169491525424,
            113.61016949152543,
            132.85310734463278,
            114.1638418079096,
            125.24858757062147,
            119.80790960451978
        ],
        "min": [
            11.0,
            13.0,
            18.0,
            24.0,
            23.0,
            28.0,
            16.0,
            13.0
        ],
        "max": [
            158.0,
            210.0,
            182.0,
            248.0,
            252.0,
            245.0,
            249.0,
            233.0
        ],
        "RawIntDen": [
            13344.0,
            15596.0,
            14886.0,
            20109.0,
            23515.0,
            20207.0,
            22169.0,
            21206.0
        ],
        "IntDen": [
            10303.44779358088,
            12042.309036922019,
            11494.089017929033,
            15526.980791450686,
            18156.892600873383,
            15602.650596889154,
            17117.59098740217,
            16374.019327838443
        ],
        "FlagUp": 0,
        "Times": [
            -15,
            -10,
            -5,
            2,
            10,
            20,
            30,
            40
        ],
        "width": 0,
        "height": 0,
        "area": 0.7721408718211092,
        "distance": 0,
        "xpert": [
            [
                98.0,
                270.8
            ],
            [
                91.6,
                269.4
            ],
            [
                89.4,
                263.0
            ],
            [
                92.6,
                257.6
            ],
            [
                98.0,
                256.6
            ],
            [
                103.4,
                257.6
            ],
            [
                105.2,
                263.0
            ],
            [
                104.2,
                269.2
            ]
        ],
        "stack": 0
    },
    {
        "type": "Stim",
        "location": [
            133,
            257
        ],
        "radloc": [
            0,
            0
        ],
        "mean": [
            76.10169491525424,
            93.70621468926554,
            66.13559322033899,
            116.46892655367232,
            94.81920903954803,
            73.30508474576271,
            78.22033898305085,
            71.7909604519774
        ],
        "min": [
            27.0,
            21.0,
            17.0,
            20.0,
            24.0,
            17.0,
            11.0,
            8.0
        ],
        "max": [
            182.0,
            214.0,
            162.0,
            229.0,
            206.0,
            196.0,
            181.0,
            164.0
        ],
        "RawIntDen": [
            13470.0,
            16586.0,
            11706.0,
            20615.0,
            16783.0,
            12975.0,
            13845.0,
            12707.0
        ],
        "IntDen": [
            10584.338349301981,
            13032.80147450057,
            9198.237915139494,
            16198.673724636998,
            13187.598405073137,
            10195.38159481761,
            10879.002557244687,
            9984.794907541223
        ],
        "FlagUp": 0,
        "Times": [
            -15,
            -10,
            -5,
            2,
            10,
            20,
            30,
            40
        ],
        "width": 0,
        "height": 0,
        "area": 0.785771221180548,
        "distance": 0,
        "xpert": [
            [
                133.0,
                264.4
            ],
            [
                126.8,
                263.2
            ],
            [
                123.8,
                257.0
            ],
            [
                128.0,
                252.0
            ],
            [
                133.0,
                251.6
            ],
            [
                138.4,
                251.6
            ],
            [
                143.4,
                257.0
            ],
            [
                138.0,
                262.0
            ]
        ],
        "stack": 0
    },
    {
        "type": "Spine",
        "location": [
            141,
            269
        ],
        "radloc": [
            0,
            0
        ],
        "mean": [
            59.471698113207545,
            59.24528301886792,
            62.87264150943396,
            87.01886792452831,
            125.16509433962264,
            128.68396226415095,
            97.08018867924528,
            84.58490566037736
        ],
        "min": [
            7.0,
            9.0,
            6.0,
            7.0,
            27.0,
            21.0,
            25.0,
            22.0
        ],
        "max": [
            150.0,
            137.0,
            165.0,
            245.0,
            249.0,
            243.0,
            224.0,
            180.0
        ],
        "RawIntDen": [
            12608.0,
            12560.0,
            13329.0,
            18448.0,
            26535.0,
            27281.0,
            20581.0,
            17932.0
        ],
        "IntDen": [
            11620.873370241066,
            11576.631466547255,
            12285.423631975187,
            17003.638319654758,
            24457.477385734983,
            25145.070305642967,
            18969.63791504849,
            16528.037854946288
        ],
        "FlagUp": 0,
        "Times": [
            -15,
            -10,
            -5,
            2,
            10,
            20,
            30,
            40
        ],
        "width": 0,
        "height": 0,
        "area": 0.9217063269543992,
        "distance": 0.9784165820600141,
        "xpert": [
            [
                141.0,
                278.6
            ],
            [
                134.0,
                276.0
            ],
            [
                131.6,
                269.0
            ],
            [
                135.2,
                263.2
            ],
            [
                141.0,
                259.8
            ],
            [
                146.4,
                263.6
            ],
            [
                148.0,
                269.0
            ],
            [
                146.6,
                274.6
            ]
        ],
        "stack": 0
    },
    {
        "type": "Spine",
        "location": [
            157,
            255
        ],
        "radloc": [
            0,
            0
        ],
        "mean": [
            42.44897959183673,
            47.82993197278912,
            45.46258503401361,
            132.6326530612245,
            86.4625850340136,
            76.578231292517,
            74.21768707482993,
            80.63945578231292
        ],
        "min": [
            9.0,
            7.0,
            7.0,
            47.0,
            17.0,
            14.0,
            16.0,
            16.0
        ],
        "max": [
            125.0,
            138.0,
            98.0,
            238.0,
            193.0,
            175.0,
            162.0,
            209.0
        ],
        "RawIntDen": [
            6240.0,
            7031.0,
            6683.0,
            19497.0,
            12710.0,
            11257.0,
            10910.0,
            11854.0
        ],
        "IntDen": [
            4155.738796807886,
            4682.531968005808,
            4450.769612029984,
            12984.685788680023,
            8464.653863369907,
            7496.979428792687,
            7265.883056598403,
            7894.571746371903
        ],
        "FlagUp": 0,
        "Times": [
            -15,
            -10,
            -5,
            2,
            10,
            20,
            30,
            40
        ],
        "width": 0,
        "height": 0,
        "area": 0.6659837815397253,
        "distance": 0.6442839239361978,
        "xpert": [
            [
                157.0,
                259.8
            ],
            [
                153.4,
                258.6
            ],
            [
                146.8,
                255.0
            ],
            [
                151.2,
                249.2
            ],
            [
                157.0,
                247.4
            ],
            [
                163.0,
                249.0
            ],
            [
                164.2,
                255.0
            ],
            [
                161.0,
                259.0
            ]
        ],
        "stack": 0
    },
    {
        "type": "Spine",
        "location": [
            110,
            246
        ],
        "radloc": [
            0,
            0
        ],
        "mean": [
            63.40384615384615,
            64.7051282051282,
            78.23076923076923,
            122.58974358974359,
            115.96153846153847,
            97.17307692307692,
            98.0448717948718,
            87.21794871794872
        ],
        "min": [
            8.0,
            10.0,
            14.0,
            44.0,
            35.0,
            29.0,
            19.0,
            26.0
        ],
        "max": [
            168.0,
            161.0,
            177.0,
            219.0,
            248.0,
            199.0,
            235.0,
            206.0
        ],
        "RawIntDen": [
            9891.0,
            10094.0,
            12204.0,
            19124.0,
            18090.0,
            15159.0,
            15295.0,
            13606.0
        ],
        "IntDen": [
            6863.5613147813165,
            7004.427045941018,
            8468.597946172398,
            13270.52336304498,
            12553.01022994581,
            10519.13112635426,
            10613.50422703268,
            9441.473586989647
        ],
        "FlagUp": 0,
        "Times": [
            -15,
            -10,
            -5,
            2,
            10,
            20,
            30,
            40
        ],
        "width": 0,
        "height": 0,
        "area": 0.6939198579295639,
        "distance": -0.9657401264990532,
        "xpert": [
            [
                110.0,
                252.0
            ],
            [
                105.6,
                250.4
            ],
            [
                102.0,
                246.0
            ],
            [
                103.6,
                239.6
            ],
            [
                110.0,
                237.2
            ],
            [
                116.6,
                239.4
            ],
            [
                116.4,
                246.0
            ],
            [
                113.6,
                249.6
            ]
        ],
        "stack": 0
    },
    {
        "type": "Spine",
        "location": [
            64,
            206
        ],
        "radloc": [
            0,
            0
        ],
        "mean": [
            57.136054421768705,
            81.93197278911565,
            61.57142857142857,
            138.6530612244898,
            100.48979591836735,
            79.04081632653062,
            74.29251700680273,
            84.60544217687075
        ],
        "min": [
            8.0,
            12.0,
            8.0,
            49.0,
            31.0,
            22.0,
            15.0,
            14.0
        ],
        "max": [
            160.0,
            201.0,
            173.0,
            239.0,
            192.0,
            161.0,
            189.0,
            191.0
        ],
        "RawIntDen": [
            8399.0,
            12044.0,
            9051.0,
            20382.0,
            14772.0,
            11619.0,
            10921.0,
            12437.0
        ],
        "IntDen": [
            5673.012739970021,
            8134.988146231568,
            6113.399012914474,
            13766.799102996665,
            9977.585926281363,
            7847.926541934955,
            7376.4700718195745,
            8400.43570032232
        ],
        "FlagUp": 0,
        "Times": [
            -15,
            -10,
            -5,
            2,
            10,
            20,
            30,
            40
        ],
        "width": 0,
        "height": 0,
        "area": 0.6754390689332089,
        "distance": -1.12013,
        "xpert": [
            [
                64.0,
                217.0
            ],
            [
                58.6,
                211.4
            ],
            [
                56.6,
                206.0
            ],
            [
                58.8,
                200.8
            ],
            [
                64.0,
                201.2
            ],
            [
                68.2,
                201.8
            ],
            [
                70.6,
                206.0
            ],
            [
                69.0,
                211.0
            ]
        ],
        "stack": 0
    },
    {
        "type": "Spine",
        "location": [
            36,
            193
        ],
        "radloc": [
            0,
            0
        ],
        "mean": [
            82.96296296296296,
            54.888888888888886,
            51.592592592592595,
            61.074074074074076,
            76.07407407407408,
            142.12345679012347,
            68.1358024691358,
            61.03086419753087
        ],
        "min": [
            11.0,
            7.0,
            8.0,
            9.0,
            17.0,
            37.0,
            11.0,
            10.0
        ],
        "max": [
            202.0,
            165.0,
            168.0,
            187.0,
            208.0,
            240.0,
            196.0,
            186.0
        ],
        "RawIntDen": [
            13440.0,
            8892.0,
            8358.0,
            9894.0,
            12324.0,
            23024.0,
            11038.0,
            9887.0
        ],
        "IntDen": [
            10012.839903929995,
            6624.566400725112,
            6226.734815256465,
            7371.059375705607,
            9181.416590478664,
            17152.948359232454,
            8223.342772290125,
            7365.84435492231
        ],
        "FlagUp": 0,
        "Times": [
            -15,
            -10,
            -5,
            2,
            10,
            20,
            30,
            40
        ],
        "width": 0,
        "height": 0,
        "area": 0.7450029690424103,
        "distance": 1.8110051897485797,
        "xpert": [
            [
                36.0,
                199.0
            ],
            [
                30.4,
                198.6
            ],
            [
                26.8,
                193.0
            ],
            [
                31.0,
                188.0
            ],
            [
                36.0,
                187.8
            ],
            [
                41.0,
                188.0
            ],
            [
                46.8,
                193.0
            ],
            [
                41.4,
                198.4
            ]
        ],
        "stack": 0
    },
    {
        "type": "Spine",
        "location": [
            32,
            217
        ],
        "radloc": [
            0,
            0
        ],
        "mean": [
            100.9715909090909,
            117.86931818181819,
            138.58522727272728,
            106.01136363636364,
            118.22727272727273,
            160.14772727272728,
            135.95454545454547,
            148.3465909090909
        ],
        "min": [
            15.0,
            23.0,
            37.0,
            12.0,
            30.0,
            57.0,
            30.0,
            38.0
        ],
        "max": [
            216.0,
            255.0,
            246.0,
            222.0,
            227.0,
            248.0,
            231.0,
            246.0
        ],
        "RawIntDen": [
            17771.0,
            20745.0,
            24391.0,
            18658.0,
            20808.0,
            28186.0,
            23928.0,
            26109.0
        ],
        "IntDen": [
            14493.125484916101,
            16918.56891478164,
            19892.061431691443,
            15216.517657845063,
            16969.94851669204,
            22987.070784865522,
            19514.462135111837,
            21293.175020295675
        ],
        "FlagUp": 0,
        "Times": [
            -15,
            -10,
            -5,
            2,
            10,
            20,
            30,
            40
        ],
        "width": 0,
        "height": 0,
        "area": 0.8155492366730123,
        "distance": 2.0745651897485797,
        "xpert": [
            [
                32.0,
                223.0
            ],
            [
                26.0,
                223.0
            ],
            [
                23.6,
                217.0
            ],
            [
                25.6,
                210.6
            ],
            [
                32.0,
                209.8
            ],
            [
                39.2,
                209.8
            ],
            [
                38.2,
                217.0
            ],
            [
                38.2,
                223.2
            ]
        ],
        "stack": 0
    },
    {
        "type": "Spine",
        "location": [
            198,
            271
        ],
        "radloc": [
            0,
            0
        ],
        "mean": [
            64.40517241379311,
            53.060344827586206,
            62.9051724137931,
            47.0,
            60.88793103448276,
            45.98275862068966,
            51.974137931034484,
            52.543103448275865
        ],
        "min": [
            13.0,
            16.0,
            21.0,
            10.0,
            13.0,
            13.0,
            13.0,
            14.0
        ],
        "max": [
            155.0,
            122.0,
            140.0,
            120.0,
            144.0,
            112.0,
            130.0,
            120.0
        ],
        "RawIntDen": [
            7471.0,
            6155.0,
            7297.0,
            5452.0,
            7063.0,
            5334.0,
            6029.0,
            6095.0
        ],
        "IntDen": [
            4154.025547850563,
            3422.3032053299717,
            4057.2780648729167,
            3031.4211332995947,
            3927.1693808684954,
            2965.810771280271,
            3352.2446831737448,
            3388.942004303197
        ],
        "FlagUp": 0,
        "Times": [
            -15,
            -10,
            -5,
            2,
            10,
            20,
            30,
            40
        ],
        "width": 0,
        "height": 0,
        "area": 0.5560200171129117,
        "distance": 3.491601898307645,
        "xpert": [
            [
                198.0,
                276.2
            ],
            [
                194.8,
                274.2
            ],
            [
                192.6,
                271.0
            ],
            [
                190.4,
                263.4
            ],
            [
                198.0,
                263.0
            ],
            [
                202.6,
                266.4
            ],
            [
                203.0,
                271.0
            ],
            [
                202.4,
                275.4
            ]
        ],
        "stack": 0
    },
    {
        "type": "Spine",
        "location": [
            230,
            252
        ],
        "radloc": [
            0,
            0
        ],
        "mean": [
            121.94366197183099,
            115.05633802816901,
            111.04225352112677,
            83.14084507042253,
            89.69014084507042,
            85.28873239436619,
            92.19718309859155,
            88.00704225352112
        ],
        "min": [
            35.0,
            25.0,
            19.0,
            15.0,
            22.0,
            8.0,
            17.0,
            22.0
        ],
        "max": [
            222.0,
            237.0,
            255.0,
            218.0,
            224.0,
            228.0,
            206.0,
            229.0
        ],
        "RawIntDen": [
            17316.0,
            16338.0,
            15768.0,
            11806.0,
            12736.0,
            12111.0,
            13092.0,
            12497.0
        ],
        "IntDen": [
            10969.759685872763,
            10350.19252412735,
            9989.095098570207,
            7479.151238820387,
            8068.310196308356,
            7672.3700367062265,
            8293.83771121773,
            7916.902679276502
        ],
        "FlagUp": 0,
        "Times": [
            -15,
            -10,
            -5,
            2,
            10,
            20,
            30,
            40
        ],
        "width": 0,
        "height": 0,
        "area": 0.6335042553634074,
        "distance": 5.600081898307644,
        "xpert": [
            [
                230.0,
                261.4
            ],
            [
                224.0,
                258.0
            ],
            [
                223.0,
                252.0
            ],
            [
                224.6,
                246.6
            ],
            [
                230.0,
                246.0
            ],
            [
                234.0,
                248.0
            ],
            [
                235.2,
                252.0
            ],
            [
                235.0,
                257.0
            ]
        ],
        "stack": 0
    },
    {
        "type": "Spine",
        "location": [
            221,
            268
        ],
        "radloc": [
            0,
            0
        ],
        "mean": [
            103.32727272727273,
            87.26363636363637,
            75.7909090909091,
            69.93636363636364,
            78.52727272727273,
            85.51818181818182,
            130.37272727272727,
            71.98181818181818
        ],
        "min": [
            23.0,
            12.0,
            10.0,
            10.0,
            12.0,
            11.0,
            19.0,
            10.0
        ],
        "max": [
            239.0,
            240.0,
            229.0,
            207.0,
            197.0,
            201.0,
            223.0,
            205.0
        ],
        "RawIntDen": [
            11366.0,
            9599.0,
            8337.0,
            7693.0,
            8638.0,
            9407.0,
            14341.0,
            7918.0
        ],
        "IntDen": [
            6152.239675781731,
            5195.789956697945,
            4512.688912281567,
            4164.101691517584,
            4675.61554807343,
            5091.8633318739,
            7762.561076050133,
            4285.8907049832615
        ],
        "FlagUp": 0,
        "Times": [
            -15,
            -10,
            -5,
            2,
            10,
            20,
            30,
            40
        ],
        "width": 0,
        "height": 0,
        "area": 0.5412845042918997,
        "distance": 5.007071898307644,
        "xpert": [
            [
                221.0,
                272.6
            ],
            [
                217.6,
                271.4
            ],
            [
                216.2,
                268.0
            ],
            [
                214.2,
                261.2
            ],
            [
                221.0,
                261.2
            ],
            [
                227.8,
                261.2
            ],
            [
                226.8,
                268.0
            ],
            [
                224.2,
                271.2
            ]
        ],
        "stack": 0
    },
    {
        "type": "Spine",
        "location": [
            265,
            255
        ],
        "radloc": [
            0,
            0
        ],
        "mean": [
            52.15533980582524,
            47.932038834951456,
            63.48543689320388,
            47.89320388349515,
            49.79611650485437,
            45.592233009708735,
            54.310679611650485,
            47.52427184466019
        ],
        "min": [
            13.0,
            11.0,
            20.0,
            10.0,
            13.0,
            10.0,
            7.0,
            12.0
        ],
        "max": [
            109.0,
            103.0,
            118.0,
            105.0,
            111.0,
            99.0,
            120.0,
            100.0
        ],
        "RawIntDen": [
            5372.0,
            4937.0,
            6539.0,
            4933.0,
            5129.0,
            4696.0,
            5594.0,
            4895.0
        ],
        "IntDen": [
            2384.3403131985406,
            2191.2673354916597,
            2902.3085085638972,
            2189.491951788608,
            2276.485753238145,
            2084.30046738279,
            2482.8741087179146,
            2172.6258066096157
        ],
        "FlagUp": 0,
        "Times": [
            -15,
            -10,
            -5,
            2,
            10,
            20,
            30,
            40
        ],
        "width": 0,
        "height": 0,
        "area": 0.443845925762945,
        "distance": 8.069987088056223,
        "xpert": [
            [
                265.0,
                259.2
            ],
            [
                260.8,
                259.2
            ],
            [
                259.6,
                255.0
            ],
            [
                261.0,
                251.0
            ],
            [
                265.0,
                248.4
            ],
            [
                270.0,
                250.0
            ],
            [
                271.8,
                255.0
            ],
            [
                269.2,
                259.2
            ]
        ],
        "stack": 0
    },
    {
        "type": "Spine",
        "location": [
            252,
            243
        ],
        "radloc": [
            0,
            0
        ],
        "mean": [
            44.979166666666664,
            40.010416666666664,
            103.0,
            34.71875,
            36.791666666666664,
            34.010416666666664,
            30.770833333333332,
            41.375
        ],
        "min": [
            7.0,
            7.0,
            47.0,
            8.0,
            8.0,
            7.0,
            5.0,
            7.0
        ],
        "max": [
            99.0,
            104.0,
            194.0,
            86.0,
            83.0,
            78.0,
            102.0,
            108.0
        ],
        "RawIntDen": [
            4318.0,
            3841.0,
            9888.0,
            3333.0,
            3532.0,
            3265.0,
            2954.0,
            3972.0
        ],
        "IntDen": [
            1855.5499274316433,
            1650.571392141024,
            4249.114794452082,
            1432.2714006784777,
            1517.7865548143964,
            1403.0501419787668,
            1269.4058558668537,
            1706.8652875772318
        ],
        "FlagUp": 0,
        "Times": [
            -15,
            -10,
            -5,
            2,
            10,
            20,
            30,
            40
        ],
        "width": 0,
        "height": 0,
        "area": 0.4297243926428076,
        "distance": 7.213417088056223,
        "xpert": [
            [
                252.0,
                249.8
            ],
            [
                246.6,
                248.4
            ],
            [
                246.4,
                243.0
            ],
            [
                247.8,
                238.8
            ],
            [
                252.0,
                237.8
            ],
            [
                255.0,
                240.0
            ],
            [
                257.0,
                243.0
            ],
            [
                256.4,
                247.4
            ]
        ],
        "stack": 0
    },
    {
        "type": "Spine",
        "location": [
            308,
            243
        ],
        "radloc": [
            0,
            0
        ],
        "mean": [
            54.78125,
            48.7421875,
            49.828125,
            39.3359375,
            40.671875,
            46.7265625,
            59.203125,
            65.8828125
        ],
        "min": [
            17.0,
            15.0,
            11.0,
            15.0,
            16.0,
            13.0,
            17.0,
            23.0
        ],
        "max": [
            97.0,
            101.0,
            103.0,
            97.0,
            93.0,
            90.0,
            144.0,
            135.0
        ],
        "RawIntDen": [
            7012.0,
            6239.0,
            6378.0,
            5035.0,
            5206.0,
            5981.0,
            7578.0,
            8433.0
        ],
        "IntDen": [
            3997.832550234149,
            3557.113131904001,
            3636.362807386395,
            2870.6627054234086,
            2968.1569105132603,
            3410.016611943874,
            4320.532667666055,
            4808.003693115314
        ],
        "FlagUp": 0,
        "Times": [
            -15,
            -10,
            -5,
            2,
            10,
            20,
            30,
            40
        ],
        "width": 0,
        "height": 0,
        "area": 0.5701415502330504,
        "distance": 10.903257088056234,
        "xpert": [
            [
                308.0,
                248.4
            ],
            [
                304.2,
                246.8
            ],
            [
                301.4,
                243.0
            ],
            [
                303.6,
                238.6
            ],
            [
                308.0,
                236.8
            ],
            [
                313.6,
                237.4
            ],
            [
                316.2,
                243.0
            ],
            [
                313.6,
                248.6
            ]
        ],
        "stack": 0
    },
    {
        "type": "Spine",
        "location": [
            323,
            242
        ],
        "radloc": [
            0,
            0
        ],
        "mean": [
            40.710344827586205,
            32.13103448275862,
            32.12413793103448,
            27.889655172413793,
            28.806896551724137,
            51.44137931034483,
            37.41379310344828,
            41.69655172413793
        ],
        "min": [
            7.0,
            6.0,
            12.0,
            7.0,
            8.0,
            16.0,
            10.0,
            11.0
        ],
        "max": [
            104.0,
            85.0,
            66.0,
            66.0,
            74.0,
            109.0,
            85.0,
            94.0
        ],
        "RawIntDen": [
            5903.0,
            4659.0,
            4658.0,
            4044.0,
            4177.0,
            7459.0,
            5425.0,
            6046.0
        ],
        "IntDen": [
            3810.2499018084272,
            3007.2766885525093,
            3006.631211692979,
            2610.3084199412638,
            2696.1568422588175,
            4814.611895237855,
            3501.7119629528574,
            3902.553092721286
        ],
        "FlagUp": 0,
        "Times": [
            -15,
            -10,
            -5,
            2,
            10,
            20,
            30,
            40
        ],
        "width": 0,
        "height": 0,
        "area": 0.6454768595304806,
        "distance": 11.89160708805624,
        "xpert": [
            [
                323.0,
                251.2
            ],
            [
                316.0,
                249.0
            ],
            [
                314.8,
                242.0
            ],
            [
                317.8,
                236.8
            ],
            [
                323.0,
                237.0
            ],
            [
                326.2,
                238.8
            ],
            [
                328.0,
                242.0
            ],
            [
                327.8,
                246.8
            ]
        ],
        "stack": 0
    },
    {
        "type": "Spine",
        "location": [
            300,
            249
        ],
        "radloc": [
            0,
            0
        ],
        "mean": [
            56.027027027027025,
            46.91216216216216,
            41.28378378378378,
            56.567567567567565,
            58.9527027027027,
            46.520270270270274,
            43.28378378378378,
            47.972972972972975
        ],
        "min": [
            17.0,
            16.0,
            13.0,
            22.0,
            21.0,
            22.0,
            18.0,
            21.0
        ],
        "max": [
            134.0,
            108.0,
            106.0,
            160.0,
            141.0,
            114.0,
            84.0,
            102.0
        ],
        "RawIntDen": [
            8292.0,
            6943.0,
            6110.0,
            8372.0,
            8725.0,
            6885.0,
            6406.0,
            7100.0
        ],
        "IntDen": [
            5518.264620783672,
            4620.515106379768,
            4066.159772429841,
            5571.504028605995,
            5806.422915621991,
            4581.916535708585,
            4263.145581372432,
            4724.997444231075
        ],
        "FlagUp": 0,
        "Times": [
            -15,
            -10,
            -5,
            2,
            10,
            20,
            30,
            40
        ],
        "width": 0,
        "height": 0,
        "area": 0.6654925977790247,
        "distance": 10.376137088056232,
        "xpert": [
            [
                300.0,
                256.2
            ],
            [
                292.8,
                256.2
            ],
            [
                289.0,
                249.0
            ],
            [
                296.2,
                245.2
            ],
            [
                300.0,
                244.2
            ],
            [
                304.0,
                245.0
            ],
            [
                305.2,
                249.0
            ],
            [
                304.8,
                253.8
            ]
        ],
        "stack": 0
    },
    {
        "type": "Spine",
        "location": [
            295,
            277
        ],
        "radloc": [
            0,
            0
        ],
        "mean": [
            53.77142857142857,
            51.56428571428572,
            63.4,
            54.142857142857146,
            58.52142857142857,
            49.85,
            54.05714285714286,
            67.01428571428572
        ],
        "min": [
            19.0,
            14.0,
            13.0,
            12.0,
            14.0,
            15.0,
            17.0,
            19.0
        ],
        "max": [
            114.0,
            123.0,
            152.0,
            111.0,
            122.0,
            108.0,
            119.0,
            140.0
        ],
        "RawIntDen": [
            7528.0,
            7219.0,
            8876.0,
            7580.0,
            8193.0,
            6979.0,
            7568.0,
            9382.0
        ],
        "IntDen": [
            4717.715399386803,
            4524.068473455543,
            5562.4922801484145,
            4750.303231582355,
            5134.463638041456,
            4373.663094091458,
            4742.782962614151,
            5879.59695497436
        ],
        "FlagUp": 0,
        "Times": [
            -15,
            -10,
            -5,
            2,
            10,
            20,
            30,
            40
        ],
        "width": 0,
        "height": 0,
        "area": 0.626689080683688,
        "distance": 10.046687088056231,
        "xpert": [
            [
                295.0,
                284.2
            ],
            [
                289.4,
                282.6
            ],
            [
                287.8,
                277.0
            ],
            [
                290.6,
                272.6
            ],
            [
                295.0,
                268.8
            ],
            [
                301.2,
                270.8
            ],
            [
                300.2,
                277.0
            ],
            [
                299.0,
                281.0
            ]
        ],
        "stack": 0
    },
    {
        "type": "Spine",
        "location": [
            288,
            296
        ],
        "radloc": [
            0,
            0
        ],
        "mean": [
            25.21153846153846,
            27.0,
            26.153846153846153,
            19.134615384615383,
            20.153846153846153,
            20.865384615384617,
            21.057692307692307,
            20.557692307692307
        ],
        "min": [
            10.0,
            10.0,
            10.0,
            6.0,
            8.0,
            8.0,
            8.0,
            9.0
        ],
        "max": [
            52.0,
            58.0,
            45.0,
            43.0,
            46.0,
            46.0,
            43.0,
            37.0
        ],
        "RawIntDen": [
            1311.0,
            1404.0,
            1360.0,
            995.0,
            1048.0,
            1085.0,
            1095.0,
            1069.0
        ],
        "IntDen": [
            309.25310241114977,
            331.1909655112542,
            320.81176146389294,
            234.71154607100993,
            247.2137691280587,
            255.94173616788518,
            258.3006461786491,
            252.16748015066293
        ],
        "FlagUp": 0,
        "Times": [
            -15,
            -10,
            -5,
            2,
            10,
            20,
            30,
            40
        ],
        "width": 0,
        "height": 0,
        "area": 0.23589100107639188,
        "distance": 9.585457088056229,
        "xpert": [
            [
                288.0,
                300.0
            ],
            [
                285.0,
                299.0
            ],
            [
                284.6,
                296.0
            ],
            [
                285.2,
                293.2
            ],
            [
                288.0,
                290.6
            ],
            [
                291.6,
                292.4
            ],
            [
                292.4,
                296.0
            ],
            [
                291.0,
                299.0
            ]
        ],
        "stack": 0
    },
    {
        "type": "Spine",
        "location": [
            348,
            289
        ],
        "radloc": [
            0,
            0
        ],
        "mean": [
            52.07142857142857,
            48.526785714285715,
            52.55357142857143,
            35.5625,
            38.38392857142857,
            47.169642857142854,
            53.94642857142857,
            48.544642857142854
        ],
        "min": [
            9.0,
            14.0,
            9.0,
            7.0,
            7.0,
            8.0,
            14.0,
            12.0
        ],
        "max": [
            134.0,
            116.0,
            117.0,
            98.0,
            106.0,
            137.0,
            117.0,
            130.0
        ],
        "RawIntDen": [
            5832.0,
            5435.0,
            5886.0,
            3983.0,
            4299.0,
            5283.0,
            6042.0,
            5437.0
        ],
        "IntDen": [
            2871.3870786745015,
            2675.924000788051,
            2897.9739960696356,
            1961.0313330522188,
            2116.6140348459676,
            2601.0867518239697,
            2974.780646322246,
            2676.9087014323154
        ],
        "FlagUp": 0,
        "Times": [
            -15,
            -10,
            -5,
            2,
            10,
            20,
            30,
            40
        ],
        "width": 0,
        "height": 0,
        "area": 0.49235032213211616,
        "distance": 13.538857088056242,
        "xpert": [
            [
                348.0,
                294.8
            ],
            [
                343.4,
                293.6
            ],
            [
                341.0,
                289.0
            ],
            [
                343.4,
                284.4
            ],
            [
                348.0,
                283.2
            ],
            [
                353.2,
                283.8
            ],
            [
                353.2,
                289.0
            ],
            [
                352.4,
                293.4
            ]
        ],
        "stack": 0
    },
    {
        "type": "Spine",
        "location": [
            380,
            283
        ],
        "radloc": [
            0,
            0
        ],
        "mean": [
            37.356521739130436,
            38.2,
            36.17391304347826,
            30.26086956521739,
            34.165217391304346,
            39.530434782608694,
            49.165217391304346,
            44.10434782608696
        ],
        "min": [
            8.0,
            9.0,
            11.0,
            6.0,
            7.0,
            7.0,
            16.0,
            11.0
        ],
        "max": [
            86.0,
            76.0,
            81.0,
            73.0,
            88.0,
            89.0,
            111.0,
            86.0
        ],
        "RawIntDen": [
            4296.0,
            4393.0,
            4160.0,
            3480.0,
            3929.0,
            4546.0,
            5654.0,
            5072.0
        ],
        "IntDen": [
            2254.6690283330263,
            2305.5775236189443,
            2183.29216896308,
            1826.4078721133455,
            2062.0564740038317,
            2385.8764904101345,
            2967.387962335878,
            2661.93699062037
        ],
        "FlagUp": 0,
        "Times": [
            -15,
            -10,
            -5,
            2,
            10,
            20,
            30,
            40
        ],
        "width": 0,
        "height": 0,
        "area": 0.5248298483084326,
        "distance": 15.701922151305773,
        "xpert": [
            [
                380.0,
                289.0
            ],
            [
                375.2,
                287.8
            ],
            [
                373.2,
                283.0
            ],
            [
                373.6,
                276.6
            ],
            [
                380.0,
                277.8
            ],
            [
                384.2,
                278.8
            ],
            [
                385.2,
                283.0
            ],
            [
                384.6,
                287.6
            ]
        ],
        "stack": 0
    },
    {
        "type": "Spine",
        "location": [
            420,
            282
        ],
        "radloc": [
            0,
            0
        ],
        "mean": [
            26.535211267605632,
            33.0,
            27.704225352112676,
            23.274647887323944,
            26.711267605633804,
            38.33802816901409,
            49.274647887323944,
            49.83098591549296
        ],
        "min": [
            6.0,
            6.0,
            6.0,
            7.0,
            8.0,
            7.0,
            10.0,
            14.0
        ],
        "max": [
            79.0,
            89.0,
            94.0,
            54.0,
            72.0,
            108.0,
            129.0,
            108.0
        ],
        "RawIntDen": [
            3768.0,
            4686.0,
            3934.0,
            3305.0,
            3793.0,
            5444.0,
            6997.0,
            7076.0
        ],
        "IntDen": [
            2434.932977326329,
            3028.1570944137948,
            2542.204440764803,
            2135.7360642419103,
            2451.0883182056173,
            3517.987029873815,
            4521.556805295203,
            4572.607682473754
        ],
        "FlagUp": 0,
        "Times": [
            -15,
            -10,
            -5,
            2,
            10,
            20,
            30,
            40
        ],
        "width": 0,
        "height": 0,
        "area": 0.6462136351715311,
        "distance": 17.938871011992443,
        "xpert": [
            [
                420.0,
                287.2
            ],
            [
                416.0,
                286.0
            ],
            [
                412.8,
                282.0
            ],
            [
                415.0,
                277.0
            ],
            [
                420.0,
                271.2
            ],
            [
                425.0,
                277.0
            ],
            [
                427.4,
                282.0
            ],
            [
                424.4,
                286.4
            ]
        ],
        "stack": 0
    },
    {
        "type": "Spine",
        "location": [
            462,
            248
        ],
        "radloc": [
            0,
            0
        ],
        "mean": [
            47.630057803468205,
            54.84971098265896,
            57.16763005780347,
            56.4393063583815,
            52.31791907514451,
            51.895953757225435,
            55.79190751445087,
            62.410404624277454
        ],
        "min": [
            8.0,
            11.0,
            8.0,
            15.0,
            11.0,
            9.0,
            10.0,
            18.0
        ],
        "max": [
            115.0,
            141.0,
            149.0,
            146.0,
            132.0,
            137.0,
            138.0,
            132.0
        ],
        "RawIntDen": [
            8240.0,
            9489.0,
            9890.0,
            9764.0,
            9051.0,
            8978.0,
            9652.0,
            10797.0
        ],
        "IntDen": [
            6338.156658676909,
            7298.879676478785,
            7607.326377950804,
            7510.407963024434,
            6961.97280554426,
            6905.821660388506,
            7424.25826086766,
            8304.98512666682
        ],
        "FlagUp": 0,
        "Times": [
            -15,
            -10,
            -5,
            2,
            10,
            20,
            30,
            40
        ],
        "width": 0,
        "height": 0,
        "area": 0.7691937692569064,
        "distance": 20.827529492360103,
        "xpert": [
            [
                462.0,
                254.0
            ],
            [
                455.6,
                254.4
            ],
            [
                449.6,
                248.0
            ],
            [
                455.8,
                241.8
            ],
            [
                462.0,
                240.6
            ],
            [
                466.2,
                243.8
            ],
            [
                467.8,
                248.0
            ],
            [
                465.8,
                251.8
            ]
        ],
        "stack": 0
    },
    {
        "type": "Spine",
        "location": [
            436,
            220
        ],
        "radloc": [
            0,
            0
        ],
        "mean": [
            57.486486486486484,
            50.42342342342342,
            46.95495495495496,
            42.153153153153156,
            55.945945945945944,
            61.95495495495496,
            46.990990990990994,
            78.6036036036036
        ],
        "min": [
            17.0,
            11.0,
            7.0,
            9.0,
            14.0,
            9.0,
            11.0,
            25.0
        ],
        "max": [
            109.0,
            103.0,
            131.0,
            103.0,
            105.0,
            135.0,
            145.0,
            179.0
        ],
        "RawIntDen": [
            6381.0,
            5597.0,
            5212.0,
            4679.0,
            6210.0,
            6877.0,
            5216.0,
            8725.0
        ],
        "IntDen": [
            3152.6572580446295,
            2765.306797253689,
            2575.090053115281,
            2311.7510281132772,
            3068.1713794792586,
            3397.7157128307344,
            2577.066330976459,
            4310.756084695094
        ],
        "FlagUp": 0,
        "Times": [
            -15,
            -10,
            -5,
            2,
            10,
            20,
            30,
            40
        ],
        "width": 0,
        "height": 0,
        "area": 0.4940694652945666,
        "distance": 20.920712023984866,
        "xpert": [
            [
                436.0,
                226.4
            ],
            [
                431.8,
                224.2
            ],
            [
                430.8,
                220.0
            ],
            [
                432.0,
                216.0
            ],
            [
                436.0,
                214.8
            ],
            [
                440.6,
                215.4
            ],
            [
                444.2,
                220.0
            ],
            [
                441.0,
                225.0
            ]
        ],
        "stack": 0
    },
    {
        "type": "Spine",
        "location": [
            460,
            196
        ],
        "radloc": [
            0,
            0
        ],
        "mean": [
            50.56547619047619,
            80.35714285714286,
            64.0297619047619,
            52.26190476190476,
            58.05952380952381,
            57.166666666666664,
            86.94642857142857,
            71.17261904761905
        ],
        "min": [
            9.0,
            11.0,
            15.0,
            10.0,
            11.0,
            12.0,
            21.0,
            17.0
        ],
        "max": [
            129.0,
            201.0,
            115.0,
            129.0,
            138.0,
            157.0,
            206.0,
            195.0
        ],
        "RawIntDen": [
            8495.0,
            13500.0,
            10757.0,
            8780.0,
            9754.0,
            9604.0,
            14607.0,
            11957.0
        ],
        "IntDen": [
            6237.002888977977,
            9911.658505144518,
            7897.756336284414,
            6446.249012975472,
            7161.356819198491,
            7051.227280252441,
            10724.41450256637,
            8778.792647852815
        ],
        "FlagUp": 0,
        "Times": [
            -15,
            -10,
            -5,
            2,
            10,
            20,
            30,
            40
        ],
        "width": 0,
        "height": 0,
        "area": 0.7341969263070014,
        "distance": 23.15709278297918,
        "xpert": [
            [
                460.0,
                203.8
            ],
            [
                453.6,
                202.4
            ],
            [
                453.8,
                196.0
            ],
            [
                454.4,
                190.4
            ],
            [
                460.0,
                188.2
            ],
            [
                465.6,
                190.4
            ],
            [
                467.8,
                196.0
            ],
            [
                465.0,
                201.0
            ]
        ],
        "stack": 0
    },
    {
        "type": "Spine",
        "location": [
            475,
            183
        ],
        "radloc": [
            0,
            0
        ],
        "mean": [
            57.620370370370374,
            63.888888888888886,
            69.4074074074074,
            60.98148148148148,
            73.52777777777777,
            89.07407407407408,
            105.20370370370371,
            86.87037037037037
        ],
        "min": [
            12.0,
            14.0,
            22.0,
            11.0,
            25.0,
            26.0,
            42.0,
            22.0
        ],
        "max": [
            124.0,
            129.0,
            150.0,
            135.0,
            134.0,
            188.0,
            213.0,
            165.0
        ],
        "RawIntDen": [
            6223.0,
            6900.0,
            7496.0,
            6586.0,
            7941.0,
            9620.0,
            11362.0,
            9382.0
        ],
        "IntDen": [
            2978.692310996518,
            3302.744166137871,
            3588.024676720215,
            3152.445373649858,
            3801.0277425073677,
            4604.6954896009165,
            5438.518726907028,
            4490.7747487978995
        ],
        "FlagUp": 0,
        "Times": [
            -15,
            -10,
            -5,
            2,
            10,
            20,
            30,
            40
        ],
        "width": 0,
        "height": 0,
        "area": 0.47865857480259005,
        "distance": 24.461648225725863,
        "xpert": [
            [
                475.0,
                188.8
            ],
            [
                470.6,
                187.4
            ],
            [
                469.0,
                183.0
            ],
            [
                469.8,
                177.8
            ],
            [
                475.0,
                175.6
            ],
            [
                478.8,
                179.2
            ],
            [
                480.2,
                183.0
            ],
            [
                479.4,
                187.4
            ]
        ],
        "stack": 0
    }
]