[
    {
        "type": "Stim",
        "location": [
            185,
            84
        ],
        "radloc": [
            0,
            0
        ],
        "mean": [
            59.532786885245905,
            65.30327868852459,
            77.02459016393442,
            67.5,
            54.60655737704918,
            48.71311475409836,
            40.122950819672134,
            80.29508196721312
        ],
        "min": [
            15.0,
            19.0,
            26.0,
            21.0,
            16.0,
            8.0,
            10.0,
            12.0
        ],
        "max": [
            116.0,
            123.0,
            153.0,
            167.0,
            111.0,
            121.0,
            104.0,
            183.0
        ],
        "RawIntDen": [
            7263.0,
            7967.0,
            9397.0,
            8235.0,
            6662.0,
            5943.0,
            4895.0,
            9796.0
        ],
        "IntDen": [
            33.189145797155604,
            36.406157863959606,
            42.94071362465526,
            37.63081586666341,
            30.442804529898197,
            27.15724817189808,
            22.36828702699665,
            44.76399177047175
        ],
        "FlagUp": 0,
        "Times": [
            -15,
            -10,
            -5,
            2,
            10,
            20,
            30,
            40
        ],
        "width": 0,
        "height": 0,
        "area": 0.5574935683950135,
        "distance": 0,
        "xpert": [
            [
                185.0,
                90.8
            ],
            [
                180.0,
                89.0
            ],
            [
                179.2,
                84.0
            ],
            [
                180.4,
                79.4
            ],
            [
                185.0,
                78.0
            ],
            [
                188.8,
                80.2
            ],
            [
                190.8,
                84.0
            ],
            [
                191.8,
                90.8
            ]
        ],
        "stack": 0
    },
    {
        "type": "Spine",
        "location": [
            204,
            79
        ],
        "radloc": [
            0,
            0
        ],
        "mean": [
            40.408839779005525,
            41.30386740331492,
            44.767955801104975,
            42.12154696132597,
            47.07734806629834,
            33.386740331491715,
            30.552486187845304,
            30.624309392265193
        ],
        "min": [
            11.0,
            10.0,
            13.0,
            10.0,
            12.0,
            9.0,
            9.0,
            8.0
        ],
        "max": [
            107.0,
            127.0,
            122.0,
            98.0,
            114.0,
            97.0,
            82.0,
            84.0
        ],
        "RawIntDen": [
            7314.0,
            7476.0,
            8103.0,
            7624.0,
            8521.0,
            6043.0,
            5530.0,
            5543.0
        ],
        "IntDen": [
            32.92314516704175,
            33.65236987541758,
            36.47473958005733,
            34.31857516455104,
            38.356319383150506,
            27.20188217725367,
            24.89267060073023,
            24.951188632883845
        ],
        "FlagUp": 0,
        "Times": [
            -15,
            -10,
            -5,
            2,
            10,
            20,
            30,
            40
        ],
        "width": 0,
        "height": 0,
        "area": 0.8147510630618755,
        "distance": 1.25191,
        "xpert": [
            [
                204.0,
                87.4
            ],
            [
                198.8,
                84.2
            ],
            [
                197.8,
                79.0
            ],
            [
                198.2,
                73.2
            ],
            [
                204.0,
                71.6
            ],
            [
                209.4,
                73.6
            ],
            [
                210.8,
                79.0
            ],
            [
                212.4,
                87.4
            ]
        ],
        "stack": 0
    },
    {
        "type": "Spine",
        "location": [
            220,
            79
        ],
        "radloc": [
            0,
            0
        ],
        "mean": [
            49.240437158469945,
            52.77049180327869,
            53.169398907103826,
            51.76502732240437,
            62.185792349726775,
            46.2896174863388,
            37.31147540983606,
            50.202185792349724
        ],
        "min": [
            15.0,
            18.0,
            12.0,
            12.0,
            19.0,
            9.0,
            12.0,
            11.0
        ],
        "max": [
            161.0,
            151.0,
            162.0,
            141.0,
            183.0,
            108.0,
            75.0,
            151.0
        ],
        "RawIntDen": [
            9011.0,
            9657.0,
            9730.0,
            9473.0,
            11380.0,
            8471.0,
            6828.0,
            9187.0
        ],
        "IntDen": [
            40.22451272156624,
            43.1082143327228,
            43.434081542652265,
            42.28685040632527,
            50.799573273934506,
            37.81398815496478,
            30.479743964360704,
            41.010165172903015
        ],
        "FlagUp": 0,
        "Times": [
            -15,
            -10,
            -5,
            2,
            10,
            20,
            30,
            40
        ],
        "width": 0,
        "height": 0,
        "area": 0.8168999920149398,
        "distance": 2.973553159424295,
        "xpert": [
            [
                220.0,
                88.0
            ],
            [
                213.0,
                86.0
            ],
            [
                213.6,
                79.0
            ],
            [
                214.0,
                73.0
            ],
            [
                220.0,
                73.0
            ],
            [
                225.4,
                73.6
            ],
            [
                228.0,
                79.0
            ],
            [
                226.4,
                85.4
            ]
        ],
        "stack": 0
    },
    {
        "type": "Spine",
        "location": [
            232,
            73
        ],
        "radloc": [
            0,
            0
        ],
        "mean": [
            52.680672268907564,
            64.97478991596638,
            66.5546218487395,
            55.02521008403362,
            47.57142857142857,
            53.142857142857146,
            48.0,
            68.96638655462185
        ],
        "min": [
            17.0,
            16.0,
            22.0,
            15.0,
            10.0,
            10.0,
            9.0,
            10.0
        ],
        "max": [
            131.0,
            145.0,
            120.0,
            120.0,
            100.0,
            134.0,
            110.0,
            136.0
        ],
        "RawIntDen": [
            6269.0,
            7732.0,
            7920.0,
            6548.0,
            5661.0,
            6324.0,
            5712.0,
            8207.0
        ],
        "IntDen": [
            27.9491964653118,
            34.471715914785584,
            35.309879726474634,
            29.19306722840352,
            25.23853903176425,
            28.19440396341232,
            25.465913257275645,
            36.589417034744606
        ],
        "FlagUp": 0,
        "Times": [
            -15,
            -10,
            -5,
            2,
            10,
            20,
            30,
            40
        ],
        "width": 0,
        "height": 0,
        "area": 0.5305398595265759,
        "distance": 4.16511797437145,
        "xpert": [
            [
                232.0,
                81.6
            ],
            [
                226.4,
                78.6
            ],
            [
                225.0,
                73.0
            ],
            [
                227.2,
                68.2
            ],
            [
                232.0,
                67.8
            ],
            [
                235.4,
                69.6
            ],
            [
                237.0,
                73.0
            ],
            [
                236.4,
                77.4
            ]
        ],
        "stack": 0
    },
    {
        "type": "Spine",
        "location": [
            313,
            54
        ],
        "radloc": [
            0,
            0
        ],
        "mean": [
            76.17821782178218,
            70.89108910891089,
            71.53465346534654,
            74.58910891089108,
            90.85643564356435,
            79.9059405940594,
            77.26732673267327,
            99.50990099009901
        ],
        "min": [
            9.0,
            8.0,
            17.0,
            14.0,
            16.0,
            16.0,
            12.0,
            15.0
        ],
        "max": [
            200.0,
            183.0,
            180.0,
            161.0,
            215.0,
            165.0,
            200.0,
            219.0
        ],
        "RawIntDen": [
            15388.0,
            14320.0,
            14450.0,
            15067.0,
            18353.0,
            16141.0,
            15608.0,
            20101.0
        ],
        "IntDen": [
            67.3421519478118,
            62.66828800966109,
            63.237204032095164,
            65.93736700010919,
            80.31781353640433,
            70.63748860083378,
            68.30493290885407,
            87.96754589959481
        ],
        "FlagUp": 0,
        "Times": [
            -15,
            -10,
            -5,
            2,
            10,
            20,
            30,
            40
        ],
        "width": 0,
        "height": 0,
        "area": 0.8840079733206383,
        "distance": 9.48896341711813,
        "xpert": [
            [
                313.0,
                62.2
            ],
            [
                306.4,
                60.6
            ],
            [
                304.6,
                54.0
            ],
            [
                307.4,
                48.4
            ],
            [
                313.0,
                46.6
            ],
            [
                319.0,
                48.0
            ],
            [
                322.2,
                54.0
            ],
            [
                319.2,
                60.2
            ]
        ],
        "stack": 0
    },
    {
        "type": "Spine",
        "location": [
            297,
            62
        ],
        "radloc": [
            0,
            0
        ],
        "mean": [
            115.18115942028986,
            105.05797101449275,
            86.44927536231884,
            90.71014492753623,
            118.05797101449275,
            87.26811594202898,
            85.8913043478261,
            32.7463768115942
        ],
        "min": [
            40.0,
            30.0,
            19.0,
            16.0,
            17.0,
            13.0,
            12.0,
            11.0
        ],
        "max": [
            204.0,
            198.0,
            214.0,
            234.0,
            243.0,
            244.0,
            252.0,
            111.0
        ],
        "RawIntDen": [
            15895.0,
            14498.0,
            11930.0,
            12518.0,
            16292.0,
            12043.0,
            11853.0,
            4519.0
        ],
        "IntDen": [
            70.6340311348015,
            64.42605746413035,
            53.01440650759244,
            55.62735462380907,
            72.39821549217905,
            53.516554699994614,
            52.67223473046884,
            20.0814839067737
        ],
        "FlagUp": 0,
        "Times": [
            -15,
            -10,
            -5,
            2,
            10,
            20,
            30,
            40
        ],
        "width": 0,
        "height": 0,
        "area": 0.6132429252345144,
        "distance": 8.430040758994314,
        "xpert": [
            [
                297.0,
                70.0
            ],
            [
                290.2,
                68.8
            ],
            [
                290.8,
                62.0
            ],
            [
                293.0,
                58.0
            ],
            [
                297.0,
                56.6
            ],
            [
                300.8,
                58.2
            ],
            [
                304.2,
                62.0
            ],
            [
                302.6,
                67.6
            ]
        ],
        "stack": 0
    },
    {
        "type": "Spine",
        "location": [
            318,
            82
        ],
        "radloc": [
            0,
            0
        ],
        "mean": [
            60.36434108527132,
            59.89922480620155,
            51.02325581395349,
            57.98449612403101,
            56.82945736434109,
            83.06201550387597,
            53.50387596899225,
            64.51937984496124
        ],
        "min": [
            14.0,
            14.0,
            10.0,
            12.0,
            15.0,
            23.0,
            10.0,
            14.0
        ],
        "max": [
            138.0,
            129.0,
            146.0,
            135.0,
            115.0,
            175.0,
            110.0,
            135.0
        ],
        "RawIntDen": [
            7787.0,
            7727.0,
            6582.0,
            7480.0,
            7331.0,
            10715.0,
            6902.0,
            8323.0
        ],
        "IntDen": [
            34.4495752372279,
            34.18413610608193,
            29.118672686712987,
            33.09141168286435,
            32.432237840518525,
            47.403004837151265,
            30.53434805282483,
            36.82083147546523
        ],
        "FlagUp": 0,
        "Times": [
            -15,
            -10,
            -5,
            2,
            10,
            20,
            30,
            40
        ],
        "width": 0,
        "height": 0,
        "area": 0.570694131963837,
        "distance": 9.122657245088792,
        "xpert": [
            [
                318.0,
                88.2
            ],
            [
                311.8,
                88.2
            ],
            [
                311.6,
                82.0
            ],
            [
                313.6,
                77.6
            ],
            [
                318.0,
                74.8
            ],
            [
                324.0,
                76.0
            ],
            [
                323.2,
                82.0
            ],
            [
                321.6,
                85.6
            ]
        ],
        "stack": 0
    },
    {
        "type": "Spine",
        "location": [
            344,
            81
        ],
        "radloc": [
            0,
            0
        ],
        "mean": [
            81.80740740740741,
            71.01481481481481,
            57.62222222222222,
            47.422222222222224,
            40.65185185185185,
            39.318518518518516,
            46.577777777777776,
            56.318518518518516
        ],
        "min": [
            15.0,
            15.0,
            9.0,
            8.0,
            6.0,
            6.0,
            7.0,
            6.0
        ],
        "max": [
            222.0,
            212.0,
            201.0,
            170.0,
            150.0,
            117.0,
            137.0,
            196.0
        ],
        "RawIntDen": [
            11044.0,
            9587.0,
            7779.0,
            6402.0,
            5488.0,
            5308.0,
            6288.0,
            7603.0
        ],
        "IntDen": [
            50.338589321970105,
            43.69757839820059,
            35.45670828826561,
            29.180337634847213,
            25.014322546085832,
            24.193881937795844,
            28.660725249596883,
            34.65449969349318
        ],
        "FlagUp": 0,
        "Times": [
            -15,
            -10,
            -5,
            2,
            10,
            20,
            30,
            40
        ],
        "width": 0,
        "height": 0,
        "area": 0.6153304562174904,
        "distance": 11.349871011992423,
        "xpert": [
            [
                344.0,
                86.6
            ],
            [
                339.6,
                85.4
            ],
            [
                337.6,
                81.0
            ],
            [
                337.0,
                74.0
            ],
            [
                344.0,
                73.8
            ],
            [
                350.8,
                74.2
            ],
            [
                349.2,
                81.0
            ],
            [
                347.2,
                84.2
            ]
        ],
        "stack": 0
    },
    {
        "type": "Spine",
        "location": [
            182,
            112
        ],
        "radloc": [
            0,
            0
        ],
        "mean": [
            44.659574468085104,
            43.65425531914894,
            41.579787234042556,
            43.62234042553192,
            45.29255319148936,
            57.48936170212766,
            49.601063829787236,
            58.8936170212766
        ],
        "min": [
            7.0,
            10.0,
            10.0,
            7.0,
            5.0,
            12.0,
            11.0,
            14.0
        ],
        "max": [
            122.0,
            125.0,
            120.0,
            107.0,
            126.0,
            121.0,
            118.0,
            138.0
        ],
        "RawIntDen": [
            8396.0,
            8207.0,
            7817.0,
            8201.0,
            8515.0,
            10808.0,
            9325.0,
            11072.0
        ],
        "IntDen": [
            39.87152694696999,
            38.97399019220852,
            37.1219302220658,
            38.945496961898634,
            40.436642681449435,
            51.32580553154499,
            44.28322877328433,
            52.57950766518006
        ],
        "FlagUp": 0,
        "Times": [
            -15,
            -10,
            -5,
            2,
            10,
            20,
            30,
            40
        ],
        "width": 0,
        "height": 0,
        "area": 0.8927878830431585,
        "distance": 0.19767,
        "xpert": [
            [
                182.0,
                118.2
            ],
            [
                177.6,
                116.4
            ],
            [
                173.8,
                112.0
            ],
            [
                173.8,
                103.8
            ],
            [
                182.0,
                103.4
            ],
            [
                190.2,
                103.8
            ],
            [
                188.0,
                112.0
            ],
            [
                187.4,
                117.4
            ]
        ],
        "stack": 0
    },
    {
        "type": "Spine",
        "location": [
            209,
            108
        ],
        "radloc": [
            0,
            0
        ],
        "mean": [
            60.254777070063696,
            55.1656050955414,
            44.203821656050955,
            46.732484076433124,
            70.91082802547771,
            84.9171974522293,
            92.03184713375796,
            106.87261146496816
        ],
        "min": [
            6.0,
            5.0,
            6.0,
            6.0,
            5.0,
            10.0,
            17.0,
            17.0
        ],
        "max": [
            141.0,
            148.0,
            137.0,
            134.0,
            169.0,
            168.0,
            194.0,
            220.0
        ],
        "RawIntDen": [
            9460.0,
            8661.0,
            6940.0,
            7337.0,
            11133.0,
            13332.0,
            14449.0,
            16779.0
        ],
        "IntDen": [
            42.659176653077346,
            39.05614471377409,
            31.29542135014342,
            33.08566375302627,
            50.20344753474737,
            60.11967686456947,
            65.156706496862,
            75.66367072536838
        ],
        "FlagUp": 0,
        "Times": [
            -15,
            -10,
            -5,
            2,
            10,
            20,
            30,
            40
        ],
        "width": 0,
        "height": 0,
        "area": 0.7079799930796135,
        "distance": 1.58136,
        "xpert": [
            [
                209.0,
                113.8
            ],
            [
                202.8,
                114.2
            ],
            [
                201.8,
                108.0
            ],
            [
                202.2,
                101.2
            ],
            [
                209.0,
                101.2
            ],
            [
                215.2,
                101.8
            ],
            [
                215.4,
                108.0
            ],
            [
                213.6,
                112.6
            ]
        ],
        "stack": 0
    },
    {
        "type": "Spine",
        "location": [
            149,
            113
        ],
        "radloc": [
            0,
            0
        ],
        "mean": [
            76.94193548387096,
            80.35483870967742,
            104.89032258064516,
            81.83225806451613,
            87.71612903225807,
            87.7741935483871,
            81.87096774193549,
            69.04516129032258
        ],
        "min": [
            13.0,
            16.0,
            33.0,
            19.0,
            29.0,
            23.0,
            23.0,
            17.0
        ],
        "max": [
            165.0,
            174.0,
            193.0,
            167.0,
            182.0,
            218.0,
            208.0,
            198.0
        ],
        "RawIntDen": [
            11926.0,
            12455.0,
            16258.0,
            12684.0,
            13596.0,
            13605.0,
            12690.0,
            10702.0
        ],
        "IntDen": [
            53.131712613860905,
            55.488468942280534,
            72.43127483449193,
            56.50869049087806,
            60.57175622153723,
            60.61185226493189,
            56.53542118647451,
            47.67865071218677
        ],
        "FlagUp": 0,
        "Times": [
            -15,
            -10,
            -5,
            2,
            10,
            20,
            30,
            40
        ],
        "width": 0,
        "height": 0,
        "area": 0.6905429695747477,
        "distance": 2.4539175948742904,
        "xpert": [
            [
                149.0,
                118.6
            ],
            [
                144.4,
                117.6
            ],
            [
                140.8,
                113.0
            ],
            [
                141.8,
                105.8
            ],
            [
                149.0,
                105.2
            ],
            [
                155.4,
                106.6
            ],
            [
                154.8,
                113.0
            ],
            [
                152.8,
                116.8
            ]
        ],
        "stack": 0
    },
    {
        "type": "Spine",
        "location": [
            110,
            114
        ],
        "radloc": [
            0,
            0
        ],
        "mean": [
            62.678048780487806,
            62.90731707317073,
            59.863414634146345,
            76.8,
            63.74634146341464,
            59.93170731707317,
            62.66341463414634,
            72.6390243902439
        ],
        "min": [
            9.0,
            7.0,
            10.0,
            11.0,
            13.0,
            16.0,
            14.0,
            13.0
        ],
        "max": [
            203.0,
            149.0,
            132.0,
            149.0,
            140.0,
            114.0,
            140.0,
            163.0
        ],
        "RawIntDen": [
            12849.0,
            12896.0,
            12272.0,
            15744.0,
            13068.0,
            12286.0,
            12846.0,
            14891.0
        ],
        "IntDen": [
            59.46400830636714,
            59.68152004972454,
            56.793704563447555,
            72.86180611529646,
            60.47752047222397,
            56.85849529551145,
            59.45012457806774,
            68.91419936883128
        ],
        "FlagUp": 0,
        "Times": [
            -15,
            -10,
            -5,
            2,
            10,
            20,
            30,
            40
        ],
        "width": 0,
        "height": 0,
        "area": 0.9487214337929227,
        "distance": 4.274179448927386,
        "xpert": [
            [
                110.0,
                122.8
            ],
            [
                103.8,
                120.2
            ],
            [
                103.6,
                114.0
            ],
            [
                103.4,
                107.4
            ],
            [
                110.0,
                105.2
            ],
            [
                119.0,
                105.0
            ],
            [
                116.8,
                114.0
            ],
            [
                115.0,
                119.0
            ]
        ],
        "stack": 0
    }
]