[
    {
        "type": "Stim",
        "location": [
            16,
            114
        ],
        "radloc": [
            0,
            0
        ],
        "mean": [
            55.26315789473684,
            61.30263157894737,
            58.07236842105263,
            71.33552631578948,
            117.19736842105263,
            95.36842105263158,
            100.07894736842105,
            86.86842105263158
        ],
        "min": [
            8.0,
            10.0,
            8.0,
            10.0,
            19.0,
            20.0,
            16.0,
            12.0
        ],
        "max": [
            141.0,
            154.0,
            128.0,
            183.0,
            230.0,
            192.0,
            208.0,
            176.0
        ],
        "RawIntDen": [
            8400.0,
            9318.0,
            8827.0,
            10843.0,
            17814.0,
            14496.0,
            15212.0,
            13204.0
        ],
        "IntDen": [
            5620.5666553192,
            6234.814296936228,
            5906.27879363126,
            7255.2147909078685,
            11919.61599974479,
            9699.492170893707,
            10178.578566751867,
            8834.995490099373
        ],
        "FlagUp": 0,
        "Times": [
            -15,
            -10,
            -5,
            2,
            10,
            20,
            30,
            40
        ],
        "width": 0,
        "height": 0,
        "area": 0.6691150780141906,
        "distance": 0,
        "xpert": [
            [
                16.0,
                121.8
            ],
            [
                9.0,
                121.0
            ],
            [
                7.2,
                114.0
            ],
            [
                12.0,
                110.0
            ],
            [
                16.0,
                108.8
            ],
            [
                19.8,
                110.2
            ],
            [
                23.0,
                114.0
            ],
            [
                21.6,
                119.6
            ]
        ],
        "stack": 0
    },
    {
        "type": "Spine",
        "location": [
            23,
            134
        ],
        "radloc": [
            0,
            0
        ],
        "mean": [
            89.43165467625899,
            111.80575539568345,
            86.73381294964028,
            162.7841726618705,
            108.12949640287769,
            133.31654676258992,
            148.36690647482015,
            153.76258992805757
        ],
        "min": [
            13.0,
            18.0,
            16.0,
            57.0,
            18.0,
            30.0,
            38.0,
            26.0
        ],
        "max": [
            182.0,
            216.0,
            181.0,
            255.0,
            196.0,
            242.0,
            253.0,
            250.0
        ],
        "RawIntDen": [
            12431.0,
            15541.0,
            12056.0,
            22627.0,
            15030.0,
            18531.0,
            20623.0,
            21373.0
        ],
        "IntDen": [
            7805.6367253021035,
            9758.458719967823,
            7570.167835270064,
            14207.878866013249,
            9437.593112484163,
            11635.930669823287,
            12949.533117682027,
            13420.470897746107
        ],
        "FlagUp": 0,
        "Times": [
            -15,
            -10,
            -5,
            2,
            10,
            20,
            30,
            40
        ],
        "width": 0,
        "height": 0,
        "area": 0.6279170400854399,
        "distance": -0.46123000000000003,
        "xpert": [
            [
                23.0,
                140.0
            ],
            [
                17.4,
                139.6
            ],
            [
                14.0,
                134.0
            ],
            [
                18.8,
                129.8
            ],
            [
                23.0,
                128.6
            ],
            [
                28.2,
                128.8
            ],
            [
                30.8,
                134.0
            ],
            [
                28.0,
                139.0
            ]
        ],
        "stack": 0
    },
    {
        "type": "Stim",
        "location": [
            47,
            143
        ],
        "radloc": [
            0,
            0
        ],
        "mean": [
            79.83333333333333,
            91.58823529411765,
            72.30882352941177,
            149.5392156862745,
            96.96078431372548,
            117.19607843137256,
            136.13725490196077,
            119.19117647058823
        ],
        "min": [
            13.0,
            12.0,
            10.0,
            25.0,
            20.0,
            22.0,
            38.0,
            24.0
        ],
        "max": [
            230.0,
            235.0,
            200.0,
            255.0,
            220.0,
            241.0,
            249.0,
            255.0
        ],
        "RawIntDen": [
            16286.0,
            18684.0,
            14751.0,
            30506.0,
            19780.0,
            23908.0,
            27772.0,
            24315.0
        ],
        "IntDen": [
            14491.946950880285,
            16625.785142468823,
            13126.041352845086,
            27145.482849291046,
            17601.05063787376,
            21274.31337969089,
            24712.658155461577,
            21636.478577345824
        ],
        "FlagUp": 0,
        "Times": [
            -15,
            -10,
            -5,
            2,
            10,
            20,
            30,
            40
        ],
        "width": 0,
        "height": 0,
        "area": 0.8898407804789564,
        "distance": 0,
        "xpert": [
            [
                47.0,
                153.4
            ],
            [
                41.0,
                149.0
            ],
            [
                39.0,
                143.0
            ],
            [
                42.4,
                138.4
            ],
            [
                47.0,
                135.2
            ],
            [
                54.2,
                135.8
            ],
            [
                54.2,
                143.0
            ],
            [
                53.2,
                149.2
            ]
        ],
        "stack": 0
    },
    {
        "type": "Spine",
        "location": [
            66,
            140
        ],
        "radloc": [
            0,
            0
        ],
        "mean": [
            62.540880503144656,
            74.52830188679245,
            103.9245283018868,
            132.38993710691824,
            132.125786163522,
            159.30188679245282,
            109.83018867924528,
            96.35849056603773
        ],
        "min": [
            10.0,
            10.0,
            26.0,
            21.0,
            27.0,
            54.0,
            22.0,
            13.0
        ],
        "max": [
            170.0,
            193.0,
            210.0,
            229.0,
            241.0,
            255.0,
            207.0,
            216.0
        ],
        "RawIntDen": [
            9944.0,
            11850.0,
            16524.0,
            21050.0,
            21008.0,
            25329.0,
            17463.0,
            15321.0
        ],
        "IntDen": [
            6980.930533972274,
            8318.989021276293,
            11600.251020048056,
            14777.613409102612,
            14748.128384723404,
            17781.57577383183,
            12259.451922240329,
            10755.715678900766
        ],
        "FlagUp": 0,
        "Times": [
            -15,
            -10,
            -5,
            2,
            10,
            20,
            30,
            40
        ],
        "width": 0,
        "height": 0,
        "area": 0.7020243899811217,
        "distance": -1.25191,
        "xpert": [
            [
                66.0,
                147.8
            ],
            [
                60.4,
                145.6
            ],
            [
                59.6,
                140.0
            ],
            [
                60.2,
                134.2
            ],
            [
                66.0,
                133.2
            ],
            [
                72.0,
                134.0
            ],
            [
                73.0,
                140.0
            ],
            [
                71.4,
                145.4
            ]
        ],
        "stack": 0
    },
    {
        "type": "Spine",
        "location": [
            60,
            152
        ],
        "radloc": [
            0,
            0
        ],
        "mean": [
            77.13571428571429,
            78.69285714285714,
            74.43571428571428,
            35.40714285714286,
            84.15,
            27.021428571428572,
            73.69285714285714,
            110.60714285714286
        ],
        "min": [
            24.0,
            16.0,
            11.0,
            7.0,
            18.0,
            6.0,
            11.0,
            30.0
        ],
        "max": [
            174.0,
            169.0,
            169.0,
            159.0,
            199.0,
            150.0,
            179.0,
            245.0
        ],
        "RawIntDen": [
            10799.0,
            11017.0,
            10421.0,
            4957.0,
            11781.0,
            3783.0,
            10317.0,
            15485.0
        ],
        "IntDen": [
            6688.714017505071,
            6823.739450954104,
            6454.587348497115,
            3070.2801541598888,
            7296.947850747962,
            2343.12483824629,
            6390.171545383815,
            9591.141453937034
        ],
        "FlagUp": 0,
        "Times": [
            -15,
            -10,
            -5,
            2,
            10,
            20,
            30,
            40
        ],
        "width": 0,
        "height": 0,
        "area": 0.6193827222432698,
        "distance": -0.85657,
        "xpert": [
            [
                60.0,
                158.6
            ],
            [
                55.4,
                156.6
            ],
            [
                51.8,
                152.0
            ],
            [
                54.2,
                146.2
            ],
            [
                60.0,
                144.6
            ],
            [
                65.6,
                146.4
            ],
            [
                65.8,
                152.0
            ],
            [
                64.0,
                156.0
            ]
        ],
        "stack": 0
    },
    {
        "type": "Stim",
        "location": [
            91,
            136
        ],
        "radloc": [
            0,
            0
        ],
        "mean": [
            75.92682926829268,
            63.27642276422764,
            48.40650406504065,
            81.48780487804878,
            78.89430894308943,
            86.11382113821138,
            72.47154471544715,
            90.65040650406505
        ],
        "min": [
            9.0,
            9.0,
            9.0,
            15.0,
            17.0,
            11.0,
            15.0,
            33.0
        ],
        "max": [
            206.0,
            137.0,
            109.0,
            150.0,
            152.0,
            202.0,
            148.0,
            182.0
        ],
        "RawIntDen": [
            9339.0,
            7783.0,
            5954.0,
            10023.0,
            9704.0,
            10592.0,
            8914.0,
            11150.0
        ],
        "IntDen": [
            5164.574553327747,
            4304.088633531412,
            3292.630569709113,
            5542.834430667524,
            5366.423756878944,
            5857.49798360076,
            4929.544658781832,
            6166.078409851631
        ],
        "FlagUp": 0,
        "Times": [
            -15,
            -10,
            -5,
            2,
            10,
            20,
            30,
            40
        ],
        "width": 0,
        "height": 0,
        "area": 0.5530115165786216,
        "distance": 0,
        "xpert": [
            [
                91.0,
                141.8
            ],
            [
                86.4,
                140.6
            ],
            [
                85.2,
                136.0
            ],
            [
                85.6,
                130.6
            ],
            [
                91.0,
                130.2
            ],
            [
                95.0,
                132.0
            ],
            [
                99.0,
                136.0
            ],
            [
                96.6,
                141.6
            ]
        ],
        "stack": 0
    },
    {
        "type": "Spine",
        "location": [
            98,
            129
        ],
        "radloc": [
            0,
            0
        ],
        "mean": [
            77.7810650887574,
            93.11834319526628,
            119.05917159763314,
            130.66863905325442,
            148.79881656804733,
            120.92899408284023,
            135.44970414201183,
            153.5976331360947
        ],
        "min": [
            11.0,
            12.0,
            8.0,
            20.0,
            45.0,
            14.0,
            22.0,
            28.0
        ],
        "max": [
            190.0,
            210.0,
            251.0,
            252.0,
            255.0,
            255.0,
            255.0,
            255.0
        ],
        "RawIntDen": [
            13145.0,
            15737.0,
            20121.0,
            22083.0,
            25147.0,
            20437.0,
            22891.0,
            25958.0
        ],
        "IntDen": [
            10290.223039211864,
            12319.303154665431,
            15751.20409067949,
            17287.10501140476,
            19685.67811084524,
            15998.576512162255,
            17919.626899246767,
            20320.548471043097
        ],
        "FlagUp": 0,
        "Times": [
            -15,
            -10,
            -5,
            2,
            10,
            20,
            30,
            40
        ],
        "width": 0,
        "height": 0,
        "area": 0.7828241186163456,
        "distance": -0.26356,
        "xpert": [
            [
                98.0,
                137.0
            ],
            [
                94.0,
                133.0
            ],
            [
                90.0,
                129.0
            ],
            [
                89.8,
                120.8
            ],
            [
                98.0,
                117.2
            ],
            [
                102.0,
                125.0
            ],
            [
                102.6,
                129.0
            ],
            [
                101.4,
                132.4
            ]
        ],
        "stack": 0
    },
    {
        "type": "Stim",
        "location": [
            130,
            125
        ],
        "radloc": [
            0,
            0
        ],
        "mean": [
            39.67460317460318,
            45.492063492063494,
            44.94444444444444,
            30.61111111111111,
            48.111111111111114,
            77.07142857142857,
            102.3015873015873,
            87.04761904761905
        ],
        "min": [
            7.0,
            6.0,
            7.0,
            6.0,
            10.0,
            20.0,
            41.0,
            26.0
        ],
        "max": [
            124.0,
            125.0,
            115.0,
            108.0,
            109.0,
            166.0,
            220.0,
            170.0
        ],
        "RawIntDen": [
            4999.0,
            5732.0,
            5663.0,
            3857.0,
            6062.0,
            9711.0,
            12890.0,
            10968.0
        ],
        "IntDen": [
            2916.1272268955695,
            3343.7169963123433,
            3303.4663904600143,
            2249.950532933829,
            3536.219893866962,
            5664.835267130001,
            7519.27984690616,
            6398.096304178957
        ],
        "FlagUp": 0,
        "Times": [
            -15,
            -10,
            -5,
            2,
            10,
            20,
            30,
            40
        ],
        "width": 0,
        "height": 0,
        "area": 0.5833421138018743,
        "distance": 0,
        "xpert": [
            [
                130.0,
                130.8
            ],
            [
                124.0,
                131.0
            ],
            [
                123.4,
                125.0
            ],
            [
                123.8,
                118.8
            ],
            [
                130.0,
                120.0
            ],
            [
                133.8,
                121.2
            ],
            [
                137.6,
                125.0
            ],
            [
                134.6,
                129.6
            ]
        ],
        "stack": 0
    },
    {
        "type": "Stim",
        "location": [
            120,
            96
        ],
        "radloc": [
            0,
            0
        ],
        "mean": [
            72.6652719665272,
            57.58158995815899,
            56.58577405857741,
            144.46443514644352,
            63.34309623430963,
            81.8702928870293,
            89.4142259414226,
            99.67364016736401
        ],
        "min": [
            12.0,
            12.0,
            13.0,
            28.0,
            7.0,
            9.0,
            12.0,
            12.0
        ],
        "max": [
            195.0,
            165.0,
            154.0,
            255.0,
            188.0,
            236.0,
            207.0,
            246.0
        ],
        "RawIntDen": [
            17367.0,
            13762.0,
            13524.0,
            34527.0,
            15139.0,
            19567.0,
            21370.0,
            23822.0
        ],
        "IntDen": [
            19005.70529300482,
            15060.546798084431,
            14800.089732400367,
            37784.87860030963,
            16567.476963827947,
            21413.291614454156,
            23386.41804062377,
            26069.782431620937
        ],
        "FlagUp": 0,
        "Times": [
            -15,
            -10,
            -5,
            2,
            10,
            20,
            30,
            40
        ],
        "width": 0,
        "height": 0,
        "area": 1.0943574188406069,
        "distance": 0,
        "xpert": [
            [
                120.0,
                104.8
            ],
            [
                113.4,
                102.6
            ],
            [
                110.8,
                96.0
            ],
            [
                114.0,
                90.0
            ],
            [
                120.0,
                86.0
            ],
            [
                126.0,
                90.0
            ],
            [
                127.6,
                96.0
            ],
            [
                129.0,
                105.0
            ]
        ],
        "stack": 0
    },
    {
        "type": "Spine",
        "location": [
            133,
            92
        ],
        "radloc": [
            0,
            0
        ],
        "mean": [
            35.60283687943262,
            30.418439716312058,
            27.425531914893618,
            25.425531914893618,
            19.21276595744681,
            53.219858156028366,
            50.241134751773046,
            64.16312056737588
        ],
        "min": [
            13.0,
            10.0,
            9.0,
            7.0,
            5.0,
            8.0,
            6.0,
            9.0
        ],
        "max": [
            88.0,
            78.0,
            77.0,
            91.0,
            77.0,
            125.0,
            116.0,
            147.0
        ],
        "RawIntDen": [
            5020.0,
            4289.0,
            3867.0,
            3585.0,
            2709.0,
            7504.0,
            7084.0,
            9047.0
        ],
        "IntDen": [
            3234.4376964560624,
            2763.4468685458273,
            2491.5479227481264,
            2309.8524186842596,
            1745.436597549696,
            4834.904476933524,
            4564.294151732021,
            5829.075266899999
        ],
        "FlagUp": 0,
        "Times": [
            -15,
            -10,
            -5,
            2,
            10,
            20,
            30,
            40
        ],
        "width": 0,
        "height": 0,
        "area": 0.6443102980988172,
        "distance": -0.19767,
        "xpert": [
            [
                133.0,
                102.0
            ],
            [
                127.0,
                98.0
            ],
            [
                125.4,
                92.0
            ],
            [
                128.4,
                87.4
            ],
            [
                133.0,
                83.8
            ],
            [
                136.2,
                88.8
            ],
            [
                137.2,
                92.0
            ],
            [
                137.6,
                96.6
            ]
        ],
        "stack": 0
    },
    {
        "type": "Spine",
        "location": [
            157,
            131
        ],
        "radloc": [
            0,
            0
        ],
        "mean": [
            35.290780141843975,
            32.297872340425535,
            45.53191489361702,
            36.801418439716315,
            43.86524822695036,
            38.0354609929078,
            52.858156028368796,
            48.184397163120565
        ],
        "min": [
            6.0,
            8.0,
            11.0,
            8.0,
            11.0,
            9.0,
            14.0,
            13.0
        ],
        "max": [
            90.0,
            78.0,
            101.0,
            94.0,
            108.0,
            138.0,
            136.0,
            96.0
        ],
        "RawIntDen": [
            4976.0,
            4554.0,
            6420.0,
            5189.0,
            6185.0,
            5363.0,
            7453.0,
            6794.0
        ],
        "IntDen": [
            3289.1884767100655,
            3010.2420263138342,
            4243.687705080109,
            3429.9837230001067,
            4088.35022677889,
            3544.999557997605,
            4926.5115990595095,
            4490.905649270134
        ],
        "FlagUp": 0,
        "Times": [
            -15,
            -10,
            -5,
            2,
            10,
            20,
            30,
            40
        ],
        "width": 0,
        "height": 0,
        "area": 0.6610105459626338,
        "distance": -0.52712,
        "xpert": [
            [
                157.0,
                136.8
            ],
            [
                151.6,
                136.4
            ],
            [
                149.8,
                131.0
            ],
            [
                152.6,
                126.6
            ],
            [
                157.0,
                122.4
            ],
            [
                165.0,
                123.0
            ],
            [
                161.8,
                131.0
            ],
            [
                160.4,
                134.4
            ]
        ],
        "stack": 0
    },
    {
        "type": "Stim",
        "location": [
            165,
            104
        ],
        "radloc": [
            0,
            0
        ],
        "mean": [
            45.20161290322581,
            38.145161290322584,
            33.37903225806452,
            90.0241935483871,
            75.58064516129032,
            46.57258064516129,
            102.73387096774194,
            110.01612903225806
        ],
        "min": [
            11.0,
            10.0,
            7.0,
            28.0,
            13.0,
            7.0,
            26.0,
            28.0
        ],
        "max": [
            100.0,
            87.0,
            102.0,
            183.0,
            203.0,
            191.0,
            230.0,
            192.0
        ],
        "RawIntDen": [
            5605.0,
            4730.0,
            4139.0,
            11163.0,
            9372.0,
            5775.0,
            12739.0,
            13642.0
        ],
        "IntDen": [
            3291.3130920669723,
            2777.504179389256,
            2430.462959512078,
            6555.027305395827,
            5503.333862417781,
            3391.138823672929,
            7480.470558401635,
            8010.721356285038
        ],
        "FlagUp": 0,
        "Times": [
            -15,
            -10,
            -5,
            2,
            10,
            20,
            30,
            40
        ],
        "width": 0,
        "height": 0,
        "area": 0.5872101859173903,
        "distance": 0,
        "xpert": [
            [
                165.0,
                109.6
            ],
            [
                159.2,
                109.8
            ],
            [
                158.8,
                104.0
            ],
            [
                159.2,
                98.2
            ],
            [
                165.0,
                97.0
            ],
            [
                168.6,
                100.4
            ],
            [
                171.0,
                104.0
            ],
            [
                170.8,
                109.8
            ]
        ],
        "stack": 0
    },
    {
        "type": "Spine",
        "location": [
            185,
            108
        ],
        "radloc": [
            0,
            0
        ],
        "mean": [
            33.57657657657658,
            46.792792792792795,
            33.891891891891895,
            23.27027027027027,
            67.30630630630631,
            65.08108108108108,
            80.25225225225225,
            98.10810810810811
        ],
        "min": [
            8.0,
            12.0,
            6.0,
            6.0,
            10.0,
            15.0,
            20.0,
            18.0
        ],
        "max": [
            104.0,
            116.0,
            97.0,
            105.0,
            144.0,
            126.0,
            168.0,
            195.0
        ],
        "RawIntDen": [
            3727.0,
            5194.0,
            3762.0,
            2583.0,
            7471.0,
            7224.0,
            8908.0,
            10890.0
        ],
        "IntDen": [
            1823.7769690950945,
            2541.641421379104,
            1840.9039328510185,
            1263.9699251871825,
            3655.872749157352,
            3535.005319222689,
            4359.0569467934265,
            5328.932437200317
        ],
        "FlagUp": 0,
        "Times": [
            -15,
            -10,
            -5,
            2,
            10,
            20,
            30,
            40
        ],
        "width": 0,
        "height": 0,
        "area": 0.4893418215978252,
        "distance": -0.8838625316247634,
        "xpert": [
            [
                185.0,
                114.6
            ],
            [
                181.0,
                112.0
            ],
            [
                179.0,
                108.0
            ],
            [
                181.0,
                104.0
            ],
            [
                185.0,
                101.0
            ],
            [
                189.2,
                103.8
            ],
            [
                191.4,
                108.0
            ],
            [
                190.0,
                113.0
            ]
        ],
        "stack": 0
    },
    {
        "type": "Spine",
        "location": [
            214,
            150
        ],
        "radloc": [
            0,
            0
        ],
        "mean": [
            77.12435233160622,
            94.31088082901555,
            109.64766839378238,
            176.37305699481865,
            128.67875647668393,
            124.56994818652849,
            144.81865284974094,
            130.76683937823833
        ],
        "min": [
            9.0,
            9.0,
            17.0,
            40.0,
            19.0,
            23.0,
            24.0,
            20.0
        ],
        "max": [
            217.0,
            241.0,
            248.0,
            255.0,
            247.0,
            255.0,
            255.0,
            255.0
        ],
        "RawIntDen": [
            14885.0,
            18202.0,
            21162.0,
            34040.0,
            24835.0,
            24042.0,
            27950.0,
            25238.0
        ],
        "IntDen": [
            12815.742888595225,
            15671.625936057124,
            18220.137790289027,
            29307.886323666877,
            21382.531047246383,
            20699.770945757904,
            24064.495380331646,
            21729.50749226512
        ],
        "FlagUp": 0,
        "Times": [
            -15,
            -10,
            -5,
            2,
            10,
            20,
            30,
            40
        ],
        "width": 0,
        "height": 0,
        "area": 0.8609837345378049,
        "distance": -3.15370745087342,
        "xpert": [
            [
                214.0,
                157.6
            ],
            [
                208.4,
                155.6
            ],
            [
                205.8,
                150.0
            ],
            [
                207.6,
                143.6
            ],
            [
                214.0,
                143.0
            ],
            [
                220.4,
                143.6
            ],
            [
                223.4,
                150.0
            ],
            [
                220.0,
                156.0
            ]
        ],
        "stack": 0
    },
    {
        "type": "Stim",
        "location": [
            256,
            173
        ],
        "radloc": [
            0,
            0
        ],
        "mean": [
            78.54591836734694,
            92.61734693877551,
            101.38775510204081,
            86.90816326530613,
            98.12755102040816,
            91.68367346938776,
            141.6122448979592,
            160.12244897959184
        ],
        "min": [
            11.0,
            15.0,
            8.0,
            10.0,
            11.0,
            12.0,
            42.0,
            54.0
        ],
        "max": [
            183.0,
            205.0,
            219.0,
            236.0,
            205.0,
            207.0,
            232.0,
            248.0
        ],
        "RawIntDen": [
            15395.0,
            18153.0,
            19872.0,
            17034.0,
            19233.0,
            17970.0,
            27756.0,
            31384.0
        ],
        "IntDen": [
            13433.491503864609,
            15840.089072403653,
            17340.067759973856,
            14863.663155364062,
            16782.484059358754,
            15680.405477391816,
            24219.55116474609,
            27385.300250554523
        ],
        "FlagUp": 0,
        "Times": [
            -15,
            -10,
            -5,
            2,
            10,
            20,
            30,
            40
        ],
        "width": 0,
        "height": 0,
        "area": 0.8725879508843526,
        "distance": 0,
        "xpert": [
            [
                256.0,
                183.2
            ],
            [
                249.6,
                179.4
            ],
            [
                246.6,
                173.0
            ],
            [
                249.0,
                166.0
            ],
            [
                256.0,
                167.0
            ],
            [
                261.0,
                168.0
            ],
            [
                263.2,
                173.0
            ],
            [
                261.4,
                178.4
            ]
        ],
        "stack": 0
    },
    {
        "type": "Stim",
        "location": [
            261,
            138
        ],
        "radloc": [
            0,
            0
        ],
        "mean": [
            49.95625,
            52.1375,
            50.5875,
            59.15625,
            86.95,
            95.59375,
            196.55625,
            210.0875
        ],
        "min": [
            7.0,
            8.0,
            7.0,
            8.0,
            10.0,
            10.0,
            38.0,
            78.0
        ],
        "max": [
            182.0,
            209.0,
            202.0,
            196.0,
            238.0,
            246.0,
            255.0,
            255.0
        ],
        "RawIntDen": [
            7993.0,
            8342.0,
            8094.0,
            9465.0,
            13912.0,
            15295.0,
            31449.0,
            33614.0
        ],
        "IntDen": [
            5786.48011816192,
            6039.13638755245,
            5859.59840815746,
            6852.124899087022,
            10071.501489286704,
            11072.715301799895,
            22767.298040294532,
            24334.635642674184
        ],
        "FlagUp": 0,
        "Times": [
            -15,
            -10,
            -5,
            2,
            10,
            20,
            30,
            40
        ],
        "width": 0,
        "height": 0,
        "area": 0.7239434653023795,
        "distance": 0,
        "xpert": [
            [
                261.0,
                142.8
            ],
            [
                256.2,
                142.8
            ],
            [
                252.2,
                138.0
            ],
            [
                254.6,
                131.6
            ],
            [
                261.0,
                130.4
            ],
            [
                266.4,
                132.6
            ],
            [
                270.0,
                138.0
            ],
            [
                265.8,
                142.8
            ]
        ],
        "stack": 0
    },
    {
        "type": "Stim",
        "location": [
            297,
            149
        ],
        "radloc": [
            0,
            0
        ],
        "mean": [
            106.37142857142857,
            110.07857142857142,
            81.8,
            67.80714285714286,
            99.85,
            168.9857142857143,
            142.65714285714284,
            121.32142857142857
        ],
        "min": [
            12.0,
            15.0,
            11.0,
            11.0,
            14.0,
            36.0,
            24.0,
            16.0
        ],
        "max": [
            243.0,
            255.0,
            245.0,
            235.0,
            255.0,
            255.0,
            255.0,
            255.0
        ],
        "RawIntDen": [
            14892.0,
            15411.0,
            11452.0,
            9493.0,
            13979.0,
            23658.0,
            19972.0,
            16985.0
        ],
        "IntDen": [
            9028.179045550378,
            9342.81945144889,
            6942.701210693185,
            5755.070083226547,
            8474.67867833392,
            14342.510063096348,
            12107.896313304602,
            10297.046809607384
        ],
        "FlagUp": 0,
        "Times": [
            -15,
            -10,
            -5,
            2,
            10,
            20,
            30,
            40
        ],
        "width": 0,
        "height": 0,
        "area": 0.6062435566445324,
        "distance": 0,
        "xpert": [
            [
                297.0,
                153.2
            ],
            [
                292.8,
                153.2
            ],
            [
                289.2,
                149.0
            ],
            [
                291.0,
                143.0
            ],
            [
                297.0,
                141.6
            ],
            [
                302.4,
                143.6
            ],
            [
                304.8,
                149.0
            ],
            [
                301.2,
                153.2
            ]
        ],
        "stack": 0
    },
    {
        "type": "Spine",
        "location": [
            303,
            177
        ],
        "radloc": [
            0,
            0
        ],
        "mean": [
            77.87179487179488,
            58.23076923076923,
            48.16025641025641,
            34.21153846153846,
            36.48076923076923,
            65.91666666666667,
            66.58333333333333,
            53.58974358974359
        ],
        "min": [
            15.0,
            12.0,
            13.0,
            9.0,
            8.0,
            10.0,
            12.0,
            7.0
        ],
        "max": [
            168.0,
            151.0,
            118.0,
            108.0,
            137.0,
            192.0,
            159.0,
            151.0
        ],
        "RawIntDen": [
            12148.0,
            9084.0,
            7513.0,
            5337.0,
            5691.0,
            10283.0,
            10387.0,
            8360.0
        ],
        "IntDen": [
            8561.756103818736,
            6402.287820800906,
            5295.066974645223,
            3761.4498128153273,
            4010.9445165321395,
            7247.327791864345,
            7320.625670922392,
            5892.021816589121
        ],
        "FlagUp": 0,
        "Times": [
            -15,
            -10,
            -5,
            2,
            10,
            20,
            30,
            40
        ],
        "width": 0,
        "height": 0,
        "area": 0.7047872986350623,
        "distance": -0.920686374001903,
        "xpert": [
            [
                303.0,
                183.6
            ],
            [
                298.4,
                181.6
            ],
            [
                296.0,
                177.0
            ],
            [
                298.0,
                172.0
            ],
            [
                303.0,
                167.4
            ],
            [
                309.8,
                170.2
            ],
            [
                309.6,
                177.0
            ],
            [
                307.8,
                181.8
            ]
        ],
        "stack": 0
    },
    {
        "type": "Spine",
        "location": [
            293,
            170
        ],
        "radloc": [
            0,
            0
        ],
        "mean": [
            49.067669172932334,
            45.255639097744364,
            50.62406015037594,
            51.78947368421053,
            51.78195488721804,
            79.51127819548873,
            61.774436090225564,
            50.27067669172932
        ],
        "min": [
            9.0,
            11.0,
            9.0,
            12.0,
            9.0,
            19.0,
            15.0,
            16.0
        ],
        "max": [
            159.0,
            119.0,
            160.0,
            176.0,
            149.0,
            158.0,
            118.0,
            99.0
        ],
        "RawIntDen": [
            6526.0,
            6019.0,
            6733.0,
            6888.0,
            6887.0,
            10575.0,
            8216.0,
            6686.0
        ],
        "IntDen": [
            3784.8530612675077,
            3490.8106919658485,
            3904.905862935049,
            3994.800472879343,
            3994.2205076538958,
            6133.13225910265,
            4764.994292273037,
            3877.647497339037
        ],
        "FlagUp": 0,
        "Times": [
            -15,
            -10,
            -5,
            2,
            10,
            20,
            30,
            40
        ],
        "width": 0,
        "height": 0,
        "area": 0.5799652254470591,
        "distance": -0.26356,
        "xpert": [
            [
                293.0,
                175.6
            ],
            [
                288.6,
                174.4
            ],
            [
                287.4,
                170.0
            ],
            [
                289.2,
                166.2
            ],
            [
                293.0,
                162.6
            ],
            [
                299.4,
                163.6
            ],
            [
                300.8,
                170.0
            ],
            [
                298.0,
                175.0
            ]
        ],
        "stack": 0
    },
    {
        "type": "Spine",
        "location": [
            361,
            163
        ],
        "radloc": [
            0,
            0
        ],
        "mean": [
            138.7062937062937,
            103.24475524475524,
            88.5104895104895,
            69.06293706293707,
            86.61538461538461,
            159.8041958041958,
            138.7762237762238,
            157.32867132867133
        ],
        "min": [
            26.0,
            10.0,
            9.0,
            7.0,
            9.0,
            17.0,
            12.0,
            19.0
        ],
        "max": [
            255.0,
            216.0,
            223.0,
            219.0,
            251.0,
            255.0,
            255.0,
            255.0
        ],
        "RawIntDen": [
            19835.0,
            14764.0,
            12657.0,
            9876.0,
            12386.0,
            22852.0,
            19845.0,
            22498.0
        ],
        "IntDen": [
            13133.06509642917,
            9775.47633393901,
            8380.398534182204,
            6539.054746273481,
            8200.965176928245,
            15130.668191762008,
            13139.686253523414,
            14896.279230625838
        ],
        "FlagUp": 0,
        "Times": [
            -15,
            -10,
            -5,
            2,
            10,
            20,
            30,
            40
        ],
        "width": 0,
        "height": 0,
        "area": 0.6621157094242083,
        "distance": -0.9770450632495267,
        "xpert": [
            [
                361.0,
                175.4
            ],
            [
                353.8,
                170.2
            ],
            [
                355.8,
                163.0
            ],
            [
                358.0,
                160.0
            ],
            [
                361.0,
                158.2
            ],
            [
                364.2,
                159.8
            ],
            [
                366.2,
                163.0
            ],
            [
                366.4,
                168.4
            ]
        ],
        "stack": 0
    },
    {
        "type": "Stim",
        "location": [
            375,
            187
        ],
        "radloc": [
            0,
            0
        ],
        "mean": [
            118.24609375,
            120.5,
            144.15625,
            144.04296875,
            157.640625,
            116.765625,
            82.51953125,
            74.83984375
        ],
        "min": [
            24.0,
            14.0,
            22.0,
            22.0,
            24.0,
            13.0,
            8.0,
            11.0
        ],
        "max": [
            246.0,
            255.0,
            255.0,
            255.0,
            255.0,
            255.0,
            255.0,
            217.0
        ],
        "RawIntDen": [
            30271.0,
            30848.0,
            36904.0,
            36875.0,
            40356.0,
            29892.0,
            21125.0,
            19159.0
        ],
        "IntDen": [
            35110.396101063285,
            35779.64054460045,
            42803.80752910837,
            42770.171326573574,
            46807.67549980212,
            34670.80573000508,
            24502.233743020115,
            22221.931184971476
        ],
        "FlagUp": 0,
        "Times": [
            -15,
            -10,
            -5,
            2,
            10,
            20,
            30,
            40
        ],
        "width": 0,
        "height": 0,
        "area": 1.1598690529240292,
        "distance": 0,
        "xpert": [
            [
                375.0,
                195.4
            ],
            [
                368.4,
                193.6
            ],
            [
                366.0,
                187.0
            ],
            [
                368.6,
                180.6
            ],
            [
                375.0,
                178.4
            ],
            [
                385.2,
                176.8
            ],
            [
                384.0,
                187.0
            ],
            [
                381.0,
                193.0
            ]
        ],
        "stack": 0
    },
    {
        "type": "Stim",
        "location": [
            464,
            136
        ],
        "radloc": [
            0,
            0
        ],
        "mean": [
            113.6962962962963,
            132.3753086419753,
            132.17777777777778,
            226.3827160493827,
            120.58271604938271,
            45.57283950617284,
            37.75555555555555,
            47.95802469135803
        ],
        "min": [
            11.0,
            12.0,
            14.0,
            55.0,
            8.0,
            7.0,
            6.0,
            5.0
        ],
        "max": [
            255.0,
            255.0,
            255.0,
            255.0,
            255.0,
            213.0,
            126.0,
            163.0
        ],
        "RawIntDen": [
            46047.0,
            53612.0,
            53532.0,
            91685.0,
            48836.0,
            18457.0,
            15291.0,
            19423.0
        ],
        "IntDen": [
            83226.88776996594,
            96900.12176957051,
            96755.52709409552,
            165714.53526156594,
            88267.81964371308,
            33359.79906552569,
            27637.464783602605,
            35105.7797718863
        ],
        "FlagUp": 0,
        "Times": [
            -15,
            -10,
            -5,
            2,
            10,
            20,
            30,
            40
        ],
        "width": 0,
        "height": 0,
        "area": 1.8074334434374864,
        "distance": 0,
        "xpert": [
            [
                464.0,
                146.8
            ],
            [
                452.8,
                147.2
            ],
            [
                448.8,
                136.0
            ],
            [
                453.6,
                125.6
            ],
            [
                464.0,
                125.0
            ],
            [
                470.8,
                129.2
            ],
            [
                472.2,
                136.0
            ],
            [
                470.4,
                142.4
            ]
        ],
        "stack": 0
    },
    {
        "type": "Stim",
        "location": [
            429,
            141
        ],
        "radloc": [
            0,
            0
        ],
        "mean": [
            75.88461538461539,
            89.14615384615385,
            97.75641025641026,
            149.76666666666668,
            122.41025641025641,
            176.68974358974359,
            153.52564102564102,
            185.85641025641024
        ],
        "min": [
            7.0,
            8.0,
            9.0,
            19.0,
            11.0,
            15.0,
            14.0,
            12.0
        ],
        "max": [
            237.0,
            252.0,
            255.0,
            255.0,
            250.0,
            255.0,
            255.0,
            255.0
        ],
        "RawIntDen": [
            29595.0,
            34767.0,
            38125.0,
            58409.0,
            47740.0,
            68909.0,
            59875.0,
            72484.0
        ],
        "IntDen": [
            54881.053545959534,
            64472.02529590725,
            70699.11020238916,
            108313.81843439603,
            88529.1939950704,
            127785.04878521796,
            111032.37307194888,
            134414.5391189502
        ],
        "FlagUp": 0,
        "Times": [
            -15,
            -10,
            -5,
            2,
            10,
            20,
            30,
            40
        ],
        "width": 0,
        "height": 0,
        "area": 1.8544028905544698,
        "distance": 0,
        "xpert": [
            [
                429.0,
                154.8
            ],
            [
                418.2,
                151.8
            ],
            [
                419.6,
                141.0
            ],
            [
                422.4,
                134.4
            ],
            [
                429.0,
                133.4
            ],
            [
                435.4,
                134.6
            ],
            [
                438.4,
                141.0
            ],
            [
                442.8,
                154.8
            ]
        ],
        "stack": 0
    }
]