[
    {
        "type": "Stim",
        "location": [
            312,
            299
        ],
        "radloc": [
            0,
            0
        ],
        "mean": [
            41.746153846153845,
            43.40769230769231,
            38.684615384615384,
            43.91538461538462,
            39.50769230769231,
            39.84615384615385,
            31.376923076923077,
            30.130769230769232
        ],
        "min": [
            10.0,
            10.0,
            5.0,
            12.0,
            9.0,
            7.0,
            6.0,
            6.0
        ],
        "max": [
            109.0,
            91.0,
            86.0,
            87.0,
            99.0,
            106.0,
            72.0,
            88.0
        ],
        "RawIntDen": [
            5427.0,
            5643.0,
            5029.0,
            5709.0,
            5136.0,
            5180.0,
            4079.0,
            3917.0
        ],
        "IntDen": [
            3355.3923115082534,
            3488.940264205099,
            3109.317843113139,
            3529.746583084691,
            3175.47354190278,
            3202.6777544891747,
            2521.9541622705297,
            2421.793197747895
        ],
        "FlagUp": 0,
        "Times": [
            -15,
            -10,
            -5,
            2,
            10,
            20,
            30,
            40
        ],
        "width": 0,
        "height": 0,
        "area": 0.618277558781694,
        "distance": 0,
        "xpert": [
            [
                312.0,
                304.8
            ],
            [
                305.2,
                305.8
            ],
            [
                305.6,
                299.0
            ],
            [
                307.0,
                294.0
            ],
            [
                312.0,
                290.4
            ],
            [
                317.2,
                293.8
            ],
            [
                316.8,
                299.0
            ],
            [
                315.4,
                302.4
            ]
        ],
        "stack": 0
    },
    {
        "type": "Stim",
        "location": [
            329,
            287
        ],
        "radloc": [
            0,
            0
        ],
        "mean": [
            54.7956204379562,
            51.1021897810219,
            45.57664233576642,
            47.2992700729927,
            50.7007299270073,
            52.27007299270073,
            45.715328467153284,
            52.18978102189781
        ],
        "min": [
            8.0,
            12.0,
            6.0,
            7.0,
            7.0,
            12.0,
            8.0,
            8.0
        ],
        "max": [
            149.0,
            115.0,
            109.0,
            118.0,
            118.0,
            111.0,
            122.0,
            117.0
        ],
        "RawIntDen": [
            7507.0,
            7001.0,
            6244.0,
            6480.0,
            6946.0,
            7161.0,
            6263.0,
            7150.0
        ],
        "IntDen": [
            4595.318177629448,
            4285.576470172341,
            3822.188184510227,
            3966.6526962886405,
            4251.90889327483,
            4383.518512056012,
            3833.8188019839126,
            4376.784996676509
        ],
        "FlagUp": 0,
        "Times": [
            -15,
            -10,
            -5,
            2,
            10,
            20,
            30,
            40
        ],
        "width": 0,
        "height": 0,
        "area": 0.6121377617729383,
        "distance": 0,
        "xpert": [
            [
                329.0,
                292.6
            ],
            [
                322.6,
                293.4
            ],
            [
                320.2,
                287.0
            ],
            [
                322.8,
                280.8
            ],
            [
                329.0,
                280.8
            ],
            [
                333.0,
                283.0
            ],
            [
                334.0,
                287.0
            ],
            [
                333.0,
                291.0
            ]
        ],
        "stack": 0
    },
    {
        "type": "Stim",
        "location": [
            353,
            247
        ],
        "radloc": [
            0,
            0
        ],
        "mean": [
            22.50862068965517,
            28.5,
            27.887931034482758,
            28.017241379310345,
            31.646551724137932,
            36.172413793103445,
            34.86206896551724,
            33.73275862068966
        ],
        "min": [
            4.0,
            6.0,
            5.0,
            4.0,
            5.0,
            9.0,
            9.0,
            8.0
        ],
        "max": [
            61.0,
            97.0,
            68.0,
            84.0,
            88.0,
            80.0,
            101.0,
            87.0
        ],
        "RawIntDen": [
            2611.0,
            3306.0,
            3235.0,
            3250.0,
            3671.0,
            4196.0,
            4044.0,
            3913.0
        ],
        "IntDen": [
            1389.0870156214557,
            1758.8363361334864,
            1721.0633839660702,
            1729.0435851282004,
            1953.0212310786535,
            2232.328271753209,
            2151.46223331029,
            2081.7684764943533
        ],
        "FlagUp": 0,
        "Times": [
            -15,
            -10,
            -5,
            2,
            10,
            20,
            30,
            40
        ],
        "width": 0,
        "height": 0,
        "area": 0.532013410808677,
        "distance": 0,
        "xpert": [
            [
                353.0,
                255.6
            ],
            [
                348.0,
                252.0
            ],
            [
                345.6,
                247.0
            ],
            [
                348.6,
                242.6
            ],
            [
                353.0,
                241.4
            ],
            [
                356.2,
                243.8
            ],
            [
                358.0,
                247.0
            ],
            [
                357.8,
                251.8
            ]
        ],
        "stack": 0
    },
    {
        "type": "Spine",
        "location": [
            417,
            255
        ],
        "radloc": [
            0,
            0
        ],
        "mean": [
            29.692307692307693,
            32.294871794871796,
            31.0,
            30.128205128205128,
            36.782051282051285,
            25.08974358974359,
            26.935897435897434,
            32.51282051282051
        ],
        "min": [
            9.0,
            8.0,
            12.0,
            9.0,
            6.0,
            5.0,
            4.0,
            7.0
        ],
        "max": [
            70.0,
            75.0,
            85.0,
            70.0,
            84.0,
            59.0,
            70.0,
            86.0
        ],
        "RawIntDen": [
            2316.0,
            2519.0,
            2418.0,
            2350.0,
            2869.0,
            1957.0,
            2101.0,
            2536.0
        ],
        "IntDen": [
            784.9312969497505,
            853.7314063110628,
            819.5008100278483,
            796.454467975783,
            972.3522845202219,
            663.2601675866415,
            712.0641860498384,
            859.4929918240791
        ],
        "FlagUp": 0,
        "Times": [
            -15,
            -10,
            -5,
            2,
            10,
            20,
            30,
            40
        ],
        "width": 0,
        "height": 0,
        "area": 0.33891679488331194,
        "distance": 4.256386643641868,
        "xpert": [
            [
                417.0,
                260.2
            ],
            [
                413.4,
                258.6
            ],
            [
                411.6,
                255.0
            ],
            [
                412.8,
                250.8
            ],
            [
                417.0,
                250.8
            ],
            [
                421.0,
                251.0
            ],
            [
                422.2,
                255.0
            ],
            [
                420.4,
                258.4
            ]
        ],
        "stack": 0
    },
    {
        "type": "Spine",
        "location": [
            244,
            235
        ],
        "radloc": [
            0,
            0
        ],
        "mean": [
            43.17218543046358,
            38.04635761589404,
            34.629139072847686,
            41.675496688741724,
            32.90728476821192,
            33.152317880794705,
            41.13245033112583,
            30.70860927152318
        ],
        "min": [
            4.0,
            6.0,
            7.0,
            9.0,
            4.0,
            6.0,
            8.0,
            5.0
        ],
        "max": [
            104.0,
            94.0,
            82.0,
            114.0,
            89.0,
            105.0,
            111.0,
            82.0
        ],
        "RawIntDen": [
            6519.0,
            5745.0,
            5229.0,
            6293.0,
            4969.0,
            5006.0,
            6211.0,
            4637.0
        ],
        "IntDen": [
            4450.817441048684,
            3922.372480261495,
            3570.075839736703,
            4296.5169744622435,
            3392.5620286195594,
            3417.823609432384,
            4240.531849417606,
            3165.890546731515
        ],
        "FlagUp": 0,
        "Times": [
            -15,
            -10,
            -5,
            2,
            10,
            20,
            30,
            40
        ],
        "width": 0,
        "height": 0,
        "area": 0.6827454273736284,
        "distance": 4.944493037620972,
        "xpert": [
            [
                244.0,
                241.4
            ],
            [
                237.8,
                241.2
            ],
            [
                236.4,
                235.0
            ],
            [
                240.2,
                231.2
            ],
            [
                244.0,
                229.2
            ],
            [
                250.6,
                228.4
            ],
            [
                251.8,
                235.0
            ],
            [
                249.0,
                240.0
            ]
        ],
        "stack": 0
    },
    {
        "type": "Spine",
        "location": [
            221,
            273
        ],
        "radloc": [
            0,
            0
        ],
        "mean": [
            48.66417910447761,
            56.656716417910445,
            48.45522388059702,
            47.74626865671642,
            47.88805970149254,
            42.85820895522388,
            50.276119402985074,
            51.80597014925373
        ],
        "min": [
            18.0,
            21.0,
            11.0,
            14.0,
            10.0,
            7.0,
            10.0,
            12.0
        ],
        "max": [
            96.0,
            133.0,
            106.0,
            120.0,
            113.0,
            101.0,
            98.0,
            92.0
        ],
        "RawIntDen": [
            6521.0,
            7592.0,
            6493.0,
            6398.0,
            6417.0,
            5743.0,
            6737.0,
            6942.0
        ],
        "IntDen": [
            3869.6356148243385,
            4505.179203764204,
            3853.020096159244,
            3796.6460149741015,
            3807.92083121113,
            3407.9615604870687,
            3997.812473097925,
            4119.461806181653
        ],
        "FlagUp": 0,
        "Times": [
            -15,
            -10,
            -5,
            2,
            10,
            20,
            30,
            40
        ],
        "width": 0,
        "height": 0,
        "area": 0.5934113808962335,
        "distance": 6.459963037620972,
        "xpert": [
            [
                221.0,
                278.8
            ],
            [
                215.8,
                278.2
            ],
            [
                213.8,
                273.0
            ],
            [
                215.8,
                267.8
            ],
            [
                221.0,
                266.2
            ],
            [
                226.2,
                267.8
            ],
            [
                227.8,
                273.0
            ],
            [
                225.4,
                277.4
            ]
        ],
        "stack": 0
    },
    {
        "type": "Spine",
        "location": [
            233,
            272
        ],
        "radloc": [
            0,
            0
        ],
        "mean": [
            47.50476190476191,
            52.25714285714286,
            39.02857142857143,
            33.0,
            29.752380952380953,
            34.60952380952381,
            37.476190476190474,
            39.60952380952381
        ],
        "min": [
            17.0,
            14.0,
            7.0,
            7.0,
            5.0,
            10.0,
            8.0,
            13.0
        ],
        "max": [
            85.0,
            111.0,
            84.0,
            96.0,
            77.0,
            86.0,
            92.0,
            106.0
        ],
        "RawIntDen": [
            4988.0,
            5487.0,
            4098.0,
            3465.0,
            3124.0,
            3634.0,
            3935.0,
            4159.0
        ],
        "IntDen": [
            2390.305248788492,
            2629.431615898648,
            1963.8073194737851,
            1660.4666573881566,
            1497.0556530102745,
            1741.4533428422976,
            1885.6959009588445,
            1993.0392000223214
        ],
        "FlagUp": 0,
        "Times": [
            -15,
            -10,
            -5,
            2,
            10,
            20,
            30,
            40
        ],
        "width": 0,
        "height": 0,
        "area": 0.47921115653337854,
        "distance": 5.669283037620972,
        "xpert": [
            [
                233.0,
                277.6
            ],
            [
                227.6,
                277.4
            ],
            [
                226.2,
                272.0
            ],
            [
                227.6,
                266.6
            ],
            [
                233.0,
                266.0
            ],
            [
                236.6,
                268.4
            ],
            [
                238.0,
                272.0
            ],
            [
                236.6,
                275.6
            ]
        ],
        "stack": 0
    },
    {
        "type": "Spine",
        "location": [
            201,
            249
        ],
        "radloc": [
            0,
            0
        ],
        "mean": [
            21.663716814159294,
            34.49557522123894,
            32.283185840707965,
            34.07079646017699,
            32.91150442477876,
            37.06194690265487,
            32.14159292035398,
            35.02654867256637
        ],
        "min": [
            4.0,
            7.0,
            8.0,
            8.0,
            6.0,
            5.0,
            5.0,
            10.0
        ],
        "max": [
            73.0,
            84.0,
            71.0,
            91.0,
            70.0,
            84.0,
            76.0,
            79.0
        ],
        "RawIntDen": [
            2448.0,
            3898.0,
            3648.0,
            3850.0,
            3719.0,
            4188.0,
            3632.0,
            3958.0
        ],
        "IntDen": [
            1188.8906454250161,
            1893.0946633442454,
            1771.6801774961025,
            1869.783082061402,
            1806.1618914769751,
            2033.9354669280913,
            1763.9096504018214,
            1922.2341399477998
        ],
        "FlagUp": 0,
        "Times": [
            -15,
            -10,
            -5,
            2,
            10,
            20,
            30,
            40
        ],
        "width": 0,
        "height": 0,
        "area": 0.48565794339257196,
        "distance": 7.859640632495261,
        "xpert": [
            [
                201.0,
                254.2
            ],
            [
                196.2,
                253.8
            ],
            [
                194.6,
                249.0
            ],
            [
                196.2,
                244.2
            ],
            [
                201.0,
                243.2
            ],
            [
                205.2,
                244.8
            ],
            [
                206.4,
                249.0
            ],
            [
                206.2,
                254.2
            ]
        ],
        "stack": 0
    },
    {
        "type": "Spine",
        "location": [
            187,
            268
        ],
        "radloc": [
            0,
            0
        ],
        "mean": [
            42.412213740458014,
            42.6412213740458,
            35.786259541984734,
            34.57251908396947,
            35.29007633587786,
            38.11450381679389,
            40.969465648854964,
            42.64885496183206
        ],
        "min": [
            8.0,
            10.0,
            8.0,
            6.0,
            5.0,
            6.0,
            13.0,
            13.0
        ],
        "max": [
            102.0,
            93.0,
            86.0,
            88.0,
            100.0,
            96.0,
            93.0,
            96.0
        ],
        "RawIntDen": [
            5556.0,
            5586.0,
            4688.0,
            4529.0,
            4623.0,
            4993.0,
            5367.0,
            5587.0
        ],
        "IntDen": [
            3325.9894376130233,
            3343.9483438636335,
            2806.3784167620324,
            2711.196213633798,
            2767.4674532190434,
            2988.9606303099035,
            3212.8483282341786,
            3344.546974071987
        ],
        "FlagUp": 0,
        "Times": [
            -15,
            -10,
            -5,
            2,
            10,
            20,
            30,
            40
        ],
        "width": 0,
        "height": 0,
        "area": 0.5986302083536759,
        "distance": 8.782100632495263,
        "xpert": [
            [
                187.0,
                275.2
            ],
            [
                182.6,
                272.4
            ],
            [
                181.4,
                268.0
            ],
            [
                181.6,
                262.6
            ],
            [
                187.0,
                262.2
            ],
            [
                192.8,
                262.2
            ],
            [
                194.4,
                268.0
            ],
            [
                191.8,
                272.8
            ]
        ],
        "stack": 0
    },
    {
        "type": "Spine",
        "location": [
            175,
            267
        ],
        "radloc": [
            0,
            0
        ],
        "mean": [
            29.43103448275862,
            33.310344827586206,
            36.1551724137931,
            44.456896551724135,
            33.793103448275865,
            34.14655172413793,
            29.017241379310345,
            28.836206896551722
        ],
        "min": [
            6.0,
            7.0,
            11.0,
            11.0,
            6.0,
            12.0,
            6.0,
            11.0
        ],
        "max": [
            68.0,
            71.0,
            105.0,
            91.0,
            84.0,
            79.0,
            74.0,
            58.0
        ],
        "RawIntDen": [
            3414.0,
            3864.0,
            4194.0,
            5157.0,
            3920.0,
            3961.0,
            3366.0,
            3345.0
        ],
        "IntDen": [
            1836.2069881393206,
            2078.2377862244684,
            2255.727038153577,
            2773.672946055793,
            2108.35717443062,
            2130.408869367267,
            1810.390369676905,
            1799.095599099598
        ],
        "FlagUp": 0,
        "Times": [
            -15,
            -10,
            -5,
            2,
            10,
            20,
            30,
            40
        ],
        "width": 0,
        "height": 0,
        "area": 0.5378462179669949,
        "distance": 9.204733164120029,
        "xpert": [
            [
                175.0,
                271.6
            ],
            [
                171.2,
                270.8
            ],
            [
                169.2,
                267.0
            ],
            [
                169.0,
                261.0
            ],
            [
                175.0,
                258.4
            ],
            [
                179.6,
                262.4
            ],
            [
                181.2,
                267.0
            ],
            [
                179.0,
                271.0
            ]
        ],
        "stack": 0
    },
    {
        "type": "Spine",
        "location": [
            154,
            260
        ],
        "radloc": [
            0,
            0
        ],
        "mean": [
            47.68292682926829,
            42.146341463414636,
            40.83739837398374,
            44.5609756097561,
            44.1219512195122,
            44.422764227642276,
            39.99186991869919,
            40.016260162601625
        ],
        "min": [
            10.0,
            12.0,
            5.0,
            11.0,
            7.0,
            14.0,
            11.0,
            10.0
        ],
        "max": [
            91.0,
            80.0,
            86.0,
            90.0,
            110.0,
            81.0,
            86.0,
            82.0
        ],
        "RawIntDen": [
            5865.0,
            5184.0,
            5023.0,
            5481.0,
            5427.0,
            5464.0,
            4919.0,
            4922.0
        ],
        "IntDen": [
            3348.9215794407246,
            2960.0698154852034,
            2868.138634873105,
            3129.657148664043,
            3098.823088086072,
            3119.9501295932005,
            2808.7545182044205,
            2810.467521569863
        ],
        "FlagUp": 0,
        "Times": [
            -15,
            -10,
            -5,
            2,
            10,
            20,
            30,
            40
        ],
        "width": 0,
        "height": 0,
        "area": 0.5710011218142753,
        "distance": 11.007134919495247,
        "xpert": [
            [
                154.0,
                265.0
            ],
            [
                149.2,
                264.8
            ],
            [
                146.8,
                260.0
            ],
            [
                147.4,
                253.4
            ],
            [
                154.0,
                254.2
            ],
            [
                159.2,
                254.8
            ],
            [
                160.0,
                260.0
            ],
            [
                158.0,
                264.0
            ]
        ],
        "stack": 0
    },
    {
        "type": "Spine",
        "location": [
            132,
            247
        ],
        "radloc": [
            0,
            0
        ],
        "mean": [
            59.419117647058826,
            58.580882352941174,
            53.98529411764706,
            55.18382352941177,
            49.595588235294116,
            52.38970588235294,
            52.63970588235294,
            51.76470588235294
        ],
        "min": [
            18.0,
            13.0,
            13.0,
            9.0,
            8.0,
            12.0,
            11.0,
            11.0
        ],
        "max": [
            110.0,
            126.0,
            132.0,
            114.0,
            129.0,
            142.0,
            126.0,
            120.0
        ],
        "RawIntDen": [
            8081.0,
            7967.0,
            7342.0,
            7505.0,
            6745.0,
            7125.0,
            7159.0,
            7040.0
        ],
        "IntDen": [
            5016.14723236597,
            4945.383615921258,
            4557.42519243051,
            4658.604749276897,
            4186.847306312148,
            4422.726027794522,
            4443.830966032419,
            4369.963682199781
        ],
        "FlagUp": 0,
        "Times": [
            -15,
            -10,
            -5,
            2,
            10,
            20,
            30,
            40
        ],
        "width": 0,
        "height": 0,
        "area": 0.6207334775851961,
        "distance": 12.979193796615306,
        "xpert": [
            [
                132.0,
                252.8
            ],
            [
                127.6,
                251.4
            ],
            [
                124.6,
                247.0
            ],
            [
                126.2,
                241.2
            ],
            [
                132.0,
                241.2
            ],
            [
                137.8,
                241.2
            ],
            [
                140.2,
                247.0
            ],
            [
                136.2,
                251.2
            ]
        ],
        "stack": 0
    },
    {
        "type": "Spine",
        "location": [
            120,
            224
        ],
        "radloc": [
            0,
            0
        ],
        "mean": [
            45.622950819672134,
            39.295081967213115,
            40.295081967213115,
            39.09836065573771,
            35.36065573770492,
            34.69672131147541,
            30.868852459016395,
            28.68032786885246
        ],
        "min": [
            9.0,
            7.0,
            4.0,
            9.0,
            8.0,
            4.0,
            9.0,
            5.0
        ],
        "max": [
            103.0,
            96.0,
            107.0,
            111.0,
            81.0,
            96.0,
            75.0,
            84.0
        ],
        "RawIntDen": [
            5566.0,
            4794.0,
            4916.0,
            4770.0,
            4314.0,
            4233.0,
            3766.0,
            3499.0
        ],
        "IntDen": [
            3299.510335053363,
            2841.8707413305465,
            2914.1920242763804,
            2827.643603701858,
            2557.3279887567746,
            2509.3113992599506,
            2232.4750129017184,
            2074.1981067825577
        ],
        "FlagUp": 0,
        "Times": [
            -15,
            -10,
            -5,
            2,
            10,
            20,
            30,
            40
        ],
        "width": 0,
        "height": 0,
        "area": 0.5927974011953581,
        "distance": 13.977622536952675,
        "xpert": [
            [
                120.0,
                231.0
            ],
            [
                114.4,
                229.6
            ],
            [
                113.8,
                224.0
            ],
            [
                114.0,
                218.0
            ],
            [
                120.0,
                219.2
            ],
            [
                123.4,
                220.6
            ],
            [
                125.0,
                224.0
            ],
            [
                126.0,
                230.0
            ]
        ],
        "stack": 0
    },
    {
        "type": "Spine",
        "location": [
            76,
            221
        ],
        "radloc": [
            0,
            0
        ],
        "mean": [
            19.48051948051948,
            20.655844155844157,
            20.0,
            20.948051948051948,
            24.90909090909091,
            24.928571428571427,
            21.11038961038961,
            29.123376623376622
        ],
        "min": [
            3.0,
            2.0,
            3.0,
            4.0,
            6.0,
            4.0,
            5.0,
            5.0
        ],
        "max": [
            59.0,
            60.0,
            62.0,
            60.0,
            59.0,
            67.0,
            60.0,
            63.0
        ],
        "RawIntDen": [
            3000.0,
            3181.0,
            3080.0,
            3226.0,
            3836.0,
            3839.0,
            3251.0,
            4485.0
        ],
        "IntDen": [
            2108.0993029562524,
            2235.28796090128,
            2164.3152843684193,
            2266.9094504456234,
            2695.556308713395,
            2697.6644080163514,
            2284.4769446369255,
            3151.6084579195976
        ],
        "FlagUp": 0,
        "Times": [
            -15,
            -10,
            -5,
            2,
            10,
            20,
            30,
            40
        ],
        "width": 0,
        "height": 0,
        "area": 0.7026997676520842,
        "distance": 17.387201517988647,
        "xpert": [
            [
                76.0,
                229.0
            ],
            [
                69.6,
                227.4
            ],
            [
                67.2,
                221.0
            ],
            [
                71.0,
                216.0
            ],
            [
                76.0,
                214.8
            ],
            [
                79.2,
                217.8
            ],
            [
                81.2,
                221.0
            ],
            [
                82.8,
                227.8
            ]
        ],
        "stack": 0
    },
    {
        "type": "Spine",
        "location": [
            71,
            255
        ],
        "radloc": [
            0,
            0
        ],
        "mean": [
            25.91194968553459,
            29.968553459119498,
            26.729559748427672,
            25.9874213836478,
            24.333333333333332,
            22.88679245283019,
            24.566037735849058,
            26.58490566037736
        ],
        "min": [
            0.0,
            9.0,
            6.0,
            9.0,
            5.0,
            6.0,
            7.0,
            7.0
        ],
        "max": [
            88.0,
            66.0,
            85.0,
            71.0,
            78.0,
            53.0,
            57.0,
            59.0
        ],
        "RawIntDen": [
            4120.0,
            4765.0,
            4250.0,
            4132.0,
            3869.0,
            3639.0,
            3906.0,
            4227.0
        ],
        "IntDen": [
            2996.30689743088,
            3465.3889238490638,
            3090.8505616702037,
            3005.034004899125,
            2813.764899553416,
            2646.4953397453814,
            2840.673480913839,
            3074.1236056894004
        ],
        "FlagUp": 0,
        "Times": [
            -15,
            -10,
            -5,
            2,
            10,
            20,
            30,
            40
        ],
        "width": 0,
        "height": 0,
        "area": 0.7272589556871067,
        "distance": 17.16223898636388,
        "xpert": [
            [
                71.0,
                261.0
            ],
            [
                65.8,
                260.2
            ],
            [
                60.8,
                255.0
            ],
            [
                64.8,
                248.8
            ],
            [
                71.0,
                248.4
            ],
            [
                76.4,
                249.6
            ],
            [
                77.2,
                255.0
            ],
            [
                76.0,
                260.0
            ]
        ],
        "stack": 0
    },
    {
        "type": "Spine",
        "location": [
            46,
            245
        ],
        "radloc": [
            0,
            0
        ],
        "mean": [
            84.14975845410628,
            89.91304347826087,
            75.8743961352657,
            80.8792270531401,
            91.29951690821257,
            73.11111111111111,
            110.10628019323671,
            79.53623188405797
        ],
        "min": [
            12.0,
            18.0,
            9.0,
            14.0,
            10.0,
            11.0,
            17.0,
            16.0
        ],
        "max": [
            191.0,
            228.0,
            173.0,
            200.0,
            195.0,
            173.0,
            237.0,
            188.0
        ],
        "RawIntDen": [
            17419.0,
            18612.0,
            15706.0,
            16742.0,
            18899.0,
            15134.0,
            22792.0,
            16464.0
        ],
        "IntDen": [
            16454.122742094933,
            17581.03981146282,
            14836.009632432573,
            15814.623281942324,
            17852.142241394577,
            14295.693988108656,
            21529.500289214517,
            15552.022321938743
        ],
        "FlagUp": 0,
        "Times": [
            -15,
            -10,
            -5,
            2,
            10,
            20,
            30,
            40
        ],
        "width": 0,
        "height": 0,
        "area": 0.9446077697970567,
        "distance": 18.352941644487704,
        "xpert": [
            [
                46.0,
                251.8
            ],
            [
                40.6,
                250.4
            ],
            [
                38.8,
                245.0
            ],
            [
                39.6,
                238.6
            ],
            [
                46.0,
                235.0
            ],
            [
                51.8,
                239.2
            ],
            [
                56.2,
                245.0
            ],
            [
                53.0,
                252.0
            ]
        ],
        "stack": 0
    }
]