[
    {
        "type": "Stim",
        "location": [
            140,
            233
        ],
        "radloc": [
            0,
            0
        ],
        "mean": [
            55.59090909090909,
            53.14935064935065,
            59.74025974025974,
            106.31168831168831,
            65.3896103896104,
            93.6948051948052,
            89.68181818181819,
            111.57792207792208
        ],
        "min": [
            5.0,
            8.0,
            7.0,
            26.0,
            17.0,
            33.0,
            41.0,
            47.0
        ],
        "max": [
            140.0,
            123.0,
            180.0,
            243.0,
            127.0,
            160.0,
            184.0,
            194.0
        ],
        "RawIntDen": [
            8561.0,
            8185.0,
            9200.0,
            16372.0,
            10070.0,
            14429.0,
            13811.0,
            17183.0
        ],
        "IntDen": [
            5705.692177936946,
            5455.097590983985,
            6131.569680763918,
            10911.52813189857,
            6711.402900575288,
            9616.567274319845,
            9204.685745764182,
            11452.039328757217
        ],
        "FlagUp": 0,
        "Times": [
            -15,
            -10,
            -5,
            2,
            10,
            20,
            30,
            40
        ],
        "width": 0,
        "height": 0,
        "area": 0.6664749653004258,
        "distance": 0,
        "xpert": [
            [
                140.0,
                239.2
            ],
            [
                133.8,
                239.2
            ],
            [
                133.6,
                233.0
            ],
            [
                136.0,
                229.0
            ],
            [
                140.0,
                225.6
            ],
            [
                145.4,
                227.6
            ],
            [
                147.8,
                233.0
            ],
            [
                146.0,
                239.0
            ]
        ],
        "stack": 0
    },
    {
        "type": "Stim",
        "location": [
            137,
            256
        ],
        "radloc": [
            0,
            0
        ],
        "mean": [
            61.80379746835443,
            62.835443037974684,
            66.76582278481013,
            116.32911392405063,
            58.91772151898734,
            67.67088607594937,
            70.57594936708861,
            87.83544303797468
        ],
        "min": [
            8.0,
            12.0,
            13.0,
            34.0,
            12.0,
            18.0,
            17.0,
            18.0
        ],
        "max": [
            175.0,
            156.0,
            156.0,
            214.0,
            127.0,
            151.0,
            154.0,
            190.0
        ],
        "RawIntDen": [
            9765.0,
            9928.0,
            10549.0,
            18380.0,
            9309.0,
            10692.0,
            11151.0,
            13878.0
        ],
        "IntDen": [
            6710.176783112639,
            6822.184854351488,
            7248.914990789066,
            12630.112572822356,
            6396.82905007635,
            7347.179740403516,
            7662.5889716834645,
            9536.49087517022
        ],
        "FlagUp": 0,
        "Times": [
            -15,
            -10,
            -5,
            2,
            10,
            20,
            30,
            40
        ],
        "width": 0,
        "height": 0,
        "area": 0.6871660812199323,
        "distance": 0,
        "xpert": [
            [
                137.0,
                263.0
            ],
            [
                132.2,
                260.8
            ],
            [
                130.0,
                256.0
            ],
            [
                131.6,
                250.6
            ],
            [
                137.0,
                249.8
            ],
            [
                143.2,
                249.8
            ],
            [
                145.2,
                256.0
            ],
            [
                142.6,
                261.6
            ]
        ],
        "stack": 0
    },
    {
        "type": "Stim",
        "location": [
            156,
            255
        ],
        "radloc": [
            0,
            0
        ],
        "mean": [
            58.53846153846154,
            74.26573426573427,
            80.72027972027972,
            120.81818181818181,
            68.91608391608392,
            81.66433566433567,
            81.05594405594405,
            89.51748251748252
        ],
        "min": [
            14.0,
            12.0,
            20.0,
            38.0,
            22.0,
            25.0,
            26.0,
            19.0
        ],
        "max": [
            115.0,
            151.0,
            185.0,
            205.0,
            149.0,
            149.0,
            136.0,
            170.0
        ],
        "RawIntDen": [
            8371.0,
            10620.0,
            11543.0,
            17277.0,
            9855.0,
            11678.0,
            11591.0,
            12801.0
        ],
        "IntDen": [
            5400.203016684059,
            6851.051969559754,
            7446.487088948045,
            11145.539065732944,
            6357.543988701636,
            7533.57673262889,
            7477.452295590123,
            8258.033546359173
        ],
        "FlagUp": 0,
        "Times": [
            -15,
            -10,
            -5,
            2,
            10,
            20,
            30,
            40
        ],
        "width": 0,
        "height": 0,
        "area": 0.645108471709958,
        "distance": 0,
        "xpert": [
            [
                156.0,
                261.6
            ],
            [
                150.2,
                260.8
            ],
            [
                147.6,
                255.0
            ],
            [
                150.2,
                249.2
            ],
            [
                156.0,
                249.4
            ],
            [
                161.8,
                249.2
            ],
            [
                162.4,
                255.0
            ],
            [
                160.0,
                259.0
            ]
        ],
        "stack": 0
    },
    {
        "type": "Stim",
        "location": [
            236,
            229
        ],
        "radloc": [
            0,
            0
        ],
        "mean": [
            46.48125,
            52.0375,
            54.73125,
            64.39375,
            72.38125,
            60.16875,
            56.01875,
            53.125
        ],
        "min": [
            9.0,
            12.0,
            13.0,
            12.0,
            16.0,
            14.0,
            17.0,
            9.0
        ],
        "max": [
            111.0,
            127.0,
            153.0,
            138.0,
            150.0,
            140.0,
            134.0,
            149.0
        ],
        "RawIntDen": [
            7437.0,
            8326.0,
            8757.0,
            10303.0,
            11581.0,
            9627.0,
            8963.0,
            8500.0
        ],
        "IntDen": [
            5261.137658201214,
            5890.04062689032,
            6194.941841181664,
            7288.624619126947,
            8192.716850830746,
            6810.4036890551415,
            6340.671887919521,
            6013.132996465016
        ],
        "FlagUp": 0,
        "Times": [
            -15,
            -10,
            -5,
            2,
            10,
            20,
            30,
            40
        ],
        "width": 0,
        "height": 0,
        "area": 0.7074274113488254,
        "distance": 0,
        "xpert": [
            [
                236.0,
                237.2
            ],
            [
                230.6,
                234.4
            ],
            [
                227.2,
                229.0
            ],
            [
                231.0,
                224.0
            ],
            [
                236.0,
                223.8
            ],
            [
                240.4,
                224.6
            ],
            [
                242.2,
                229.0
            ],
            [
                243.2,
                236.2
            ]
        ],
        "stack": 0
    },
    {
        "type": "Stim",
        "location": [
            268,
            218
        ],
        "radloc": [
            0,
            0
        ],
        "mean": [
            38.88607594936709,
            40.15822784810127,
            44.335443037974684,
            77.21518987341773,
            58.81645569620253,
            55.348101265822784,
            52.4873417721519,
            46.51898734177215
        ],
        "min": [
            6.0,
            5.0,
            10.0,
            10.0,
            12.0,
            15.0,
            11.0,
            8.0
        ],
        "max": [
            133.0,
            108.0,
            103.0,
            166.0,
            174.0,
            119.0,
            136.0,
            126.0
        ],
        "RawIntDen": [
            6144.0,
            6345.0,
            7005.0,
            12200.0,
            9293.0,
            8745.0,
            8293.0,
            7350.0
        ],
        "IntDen": [
            4351.715223122238,
            4494.080906691179,
            4961.550315425013,
            8641.101191746631,
            6582.110932368971,
            6193.969665723303,
            5873.823949438919,
            5205.909324535881
        ],
        "FlagUp": 0,
        "Times": [
            -15,
            -10,
            -5,
            2,
            10,
            20,
            30,
            40
        ],
        "width": 0,
        "height": 0,
        "area": 0.7082869829300518,
        "distance": 0,
        "xpert": [
            [
                268.0,
                225.8
            ],
            [
                262.0,
                224.0
            ],
            [
                261.0,
                218.0
            ],
            [
                262.6,
                212.6
            ],
            [
                268.0,
                209.2
            ],
            [
                273.6,
                212.4
            ],
            [
                273.2,
                218.0
            ],
            [
                273.2,
                223.2
            ]
        ],
        "stack": 0
    },
    {
        "type": "Stim",
        "location": [
            266,
            255
        ],
        "radloc": [
            0,
            0
        ],
        "mean": [
            75.3625730994152,
            78.16959064327486,
            70.83040935672514,
            93.38011695906432,
            92.38011695906432,
            79.50292397660819,
            82.37426900584795,
            72.09941520467837
        ],
        "min": [
            13.0,
            12.0,
            12.0,
            33.0,
            30.0,
            19.0,
            25.0,
            18.0
        ],
        "max": [
            191.0,
            187.0,
            160.0,
            181.0,
            183.0,
            175.0,
            159.0,
            157.0
        ],
        "RawIntDen": [
            12887.0,
            13367.0,
            12112.0,
            15968.0,
            15797.0,
            13595.0,
            14086.0,
            12329.0
        ],
        "IntDen": [
            10490.202121992173,
            10880.92897995417,
            9859.341049241035,
            12998.180141535737,
            12858.983698386775,
            11066.524237486117,
            11466.205252609743,
            10035.982149611353
        ],
        "FlagUp": 0,
        "Times": [
            -15,
            -10,
            -5,
            2,
            10,
            20,
            30,
            40
        ],
        "width": 0,
        "height": 0,
        "area": 0.8140142874208252,
        "distance": 0,
        "xpert": [
            [
                266.0,
                260.8
            ],
            [
                257.4,
                263.6
            ],
            [
                252.6,
                255.0
            ],
            [
                261.8,
                250.8
            ],
            [
                266.0,
                250.8
            ],
            [
                270.2,
                250.8
            ],
            [
                273.0,
                255.0
            ],
            [
                270.0,
                259.0
            ]
        ],
        "stack": 0
    },
    {
        "type": "Stim",
        "location": [
            342,
            255
        ],
        "radloc": [
            0,
            0
        ],
        "mean": [
            55.0234375,
            55.5234375,
            68.734375,
            108.3125,
            88.65625,
            95.953125,
            103.1171875,
            111.9140625
        ],
        "min": [
            9.0,
            9.0,
            11.0,
            14.0,
            21.0,
            23.0,
            25.0,
            26.0
        ],
        "max": [
            170.0,
            185.0,
            228.0,
            229.0,
            243.0,
            208.0,
            243.0,
            220.0
        ],
        "RawIntDen": [
            7043.0,
            7107.0,
            8798.0,
            13864.0,
            11348.0,
            12282.0,
            13199.0,
            14325.0
        ],
        "IntDen": [
            3947.616071469073,
            3983.4882038805486,
            4931.297202439998,
            7770.800683635841,
            6360.577478209718,
            6884.086410589685,
            7398.066807797855,
            8029.192137412249
        ],
        "FlagUp": 0,
        "Times": [
            -15,
            -10,
            -5,
            2,
            10,
            20,
            30,
            40
        ],
        "width": 0,
        "height": 0,
        "area": 0.5605020689293019,
        "distance": 0,
        "xpert": [
            [
                342.0,
                260.4
            ],
            [
                337.0,
                260.0
            ],
            [
                332.8,
                255.0
            ],
            [
                337.6,
                250.6
            ],
            [
                342.0,
                249.8
            ],
            [
                347.2,
                249.8
            ],
            [
                348.8,
                255.0
            ],
            [
                346.2,
                259.2
            ]
        ],
        "stack": 0
    },
    {
        "type": "Spine",
        "location": [
            40,
            233
        ],
        "radloc": [
            0,
            0
        ],
        "mean": [
            57.0125786163522,
            60.465408805031444,
            67.27044025157232,
            44.723270440251575,
            103.65408805031447,
            60.22012578616352,
            59.55974842767296,
            65.18867924528301
        ],
        "min": [
            5.0,
            11.0,
            13.0,
            9.0,
            38.0,
            17.0,
            9.0,
            14.0
        ],
        "max": [
            135.0,
            132.0,
            139.0,
            101.0,
            205.0,
            129.0,
            129.0,
            149.0
        ],
        "RawIntDen": [
            9065.0,
            9614.0,
            10696.0,
            7111.0,
            16481.0,
            9575.0,
            9470.0,
            10365.0
        ],
        "IntDen": [
            6631.005942623836,
            7032.596925800944,
            7824.0749655051895,
            5201.663900496204,
            12055.775944885101,
            7004.068604591641,
            6927.261585951211,
            7581.949982933928
        ],
        "FlagUp": 0,
        "Times": [
            -15,
            -10,
            -5,
            2,
            10,
            20,
            30,
            40
        ],
        "width": 0,
        "height": 0,
        "area": 0.7314954156231479,
        "distance": 6.800717974371448,
        "xpert": [
            [
                40.0,
                240.2
            ],
            [
                32.2,
                240.8
            ],
            [
                33.0,
                233.0
            ],
            [
                36.8,
                229.8
            ],
            [
                40.0,
                227.8
            ],
            [
                45.8,
                227.2
            ],
            [
                48.2,
                233.0
            ],
            [
                46.0,
                239.0
            ]
        ],
        "stack": 0
    },
    {
        "type": "Spine",
        "location": [
            55,
            231
        ],
        "radloc": [
            0,
            0
        ],
        "mean": [
            50.24418604651163,
            48.16860465116279,
            54.16279069767442,
            40.424418604651166,
            52.575581395348834,
            49.348837209302324,
            52.27325581395349,
            55.174418604651166
        ],
        "min": [
            8.0,
            7.0,
            12.0,
            9.0,
            11.0,
            13.0,
            16.0,
            10.0
        ],
        "max": [
            124.0,
            120.0,
            136.0,
            96.0,
            121.0,
            108.0,
            112.0,
            133.0
        ],
        "RawIntDen": [
            8642.0,
            8285.0,
            9316.0,
            6953.0,
            9043.0,
            8488.0,
            8991.0,
            9490.0
        ],
        "IntDen": [
            6662.229389128107,
            6387.013479394395,
            7181.824692098756,
            5360.157480051808,
            6971.365467008271,
            6543.508800615526,
            6931.277995562464,
            7315.963538859724
        ],
        "FlagUp": 0,
        "Times": [
            -15,
            -10,
            -5,
            2,
            10,
            20,
            30,
            40
        ],
        "width": 0,
        "height": 0,
        "area": 0.7709129124193598,
        "distance": 5.648612784622868,
        "xpert": [
            [
                55.0,
                238.8
            ],
            [
                48.8,
                237.2
            ],
            [
                46.8,
                231.0
            ],
            [
                49.2,
                225.2
            ],
            [
                55.0,
                223.0
            ],
            [
                60.6,
                225.4
            ],
            [
                61.0,
                231.0
            ],
            [
                60.8,
                236.8
            ]
        ],
        "stack": 0
    },
    {
        "type": "Spine",
        "location": [
            95,
            250
        ],
        "radloc": [
            0,
            0
        ],
        "mean": [
            118.56565656565657,
            118.75757575757575,
            111.22222222222223,
            89.75252525252525,
            88.15656565656566,
            84.34343434343434,
            82.84343434343434,
            92.29797979797979
        ],
        "min": [
            17.0,
            26.0,
            16.0,
            19.0,
            24.0,
            21.0,
            21.0,
            19.0
        ],
        "max": [
            247.0,
            237.0,
            221.0,
            175.0,
            177.0,
            199.0,
            170.0,
            191.0
        ],
        "RawIntDen": [
            23476.0,
            23514.0,
            22022.0,
            17771.0,
            17455.0,
            16700.0,
            16403.0,
            18275.0
        ],
        "IntDen": [
            20646.309154487924,
            20679.72880638222,
            19367.567737269255,
            15628.964047725545,
            15351.05325828875,
            14687.057543020459,
            14425.856579530815,
            16072.21416758676
        ],
        "FlagUp": 0,
        "Times": [
            -15,
            -10,
            -5,
            2,
            10,
            20,
            30,
            40
        ],
        "width": 0,
        "height": 0,
        "area": 0.8794645235341593,
        "distance": 3.0130127846228696,
        "xpert": [
            [
                95.0,
                255.6
            ],
            [
                90.0,
                255.0
            ],
            [
                85.0,
                250.0
            ],
            [
                87.2,
                242.2
            ],
            [
                95.0,
                239.8
            ],
            [
                102.0,
                243.0
            ],
            [
                100.4,
                250.0
            ],
            [
                99.4,
                254.4
            ]
        ],
        "stack": 0
    },
    {
        "type": "Spine",
        "location": [
            181,
            262
        ],
        "radloc": [
            0,
            0
        ],
        "mean": [
            23.063636363636363,
            28.48181818181818,
            37.79090909090909,
            19.863636363636363,
            24.072727272727274,
            26.345454545454544,
            32.836363636363636,
            24.336363636363636
        ],
        "min": [
            9.0,
            8.0,
            13.0,
            7.0,
            8.0,
            10.0,
            10.0,
            7.0
        ],
        "max": [
            47.0,
            60.0,
            68.0,
            60.0,
            53.0,
            52.0,
            72.0,
            63.0
        ],
        "RawIntDen": [
            2537.0,
            3133.0,
            4157.0,
            2185.0,
            2648.0,
            2898.0,
            3612.0,
            2677.0
        ],
        "IntDen": [
            1387.257785898637,
            1713.1567375721047,
            2273.0905068902775,
            1194.780552695515,
            1447.9537315962123,
            1584.6563119961568,
            1975.0788816183983,
            1463.8112309226058
        ],
        "FlagUp": 0,
        "Times": [
            -15,
            -10,
            -5,
            2,
            10,
            20,
            30,
            40
        ],
        "width": 0,
        "height": 0,
        "area": 0.546810321599778,
        "distance": -2.0971750632495265,
        "xpert": [
            [
                181.0,
                266.2
            ],
            [
                176.0,
                267.0
            ],
            [
                174.6,
                262.0
            ],
            [
                177.6,
                258.6
            ],
            [
                181.0,
                255.4
            ],
            [
                189.0,
                254.0
            ],
            [
                186.2,
                262.0
            ],
            [
                184.6,
                265.6
            ]
        ],
        "stack": 0
    },
    {
        "type": "Spine",
        "location": [
            210,
            270
        ],
        "radloc": [
            0,
            0
        ],
        "mean": [
            33.28048780487805,
            34.46341463414634,
            38.48780487804878,
            28.067073170731707,
            30.634146341463413,
            29.347560975609756,
            31.884146341463413,
            32.03048780487805
        ],
        "min": [
            6.0,
            6.0,
            11.0,
            8.0,
            9.0,
            7.0,
            7.0,
            7.0
        ],
        "max": [
            97.0,
            81.0,
            91.0,
            73.0,
            62.0,
            90.0,
            87.0,
            108.0
        ],
        "RawIntDen": [
            5458.0,
            5652.0,
            6312.0,
            4603.0,
            5024.0,
            4813.0,
            5229.0,
            5253.0
        ],
        "IntDen": [
            4159.0517084778685,
            4306.881688588661,
            4809.808425048059,
            3507.532981700921,
            3828.3392787454763,
            3667.5551251198203,
            3984.5513711305925,
            4002.8396160927523
        ],
        "FlagUp": 0,
        "Times": [
            -15,
            -10,
            -5,
            2,
            10,
            20,
            30,
            40
        ],
        "width": 0,
        "height": 0,
        "area": 0.7620102067566633,
        "distance": -1.71314,
        "xpert": [
            [
                210.0,
                277.8
            ],
            [
                205.2,
                274.8
            ],
            [
                204.0,
                270.0
            ],
            [
                201.6,
                261.6
            ],
            [
                210.0,
                262.0
            ],
            [
                215.2,
                264.8
            ],
            [
                216.0,
                270.0
            ],
            [
                215.4,
                275.4
            ]
        ],
        "stack": 0
    },
    {
        "type": "Spine",
        "location": [
            214,
            239
        ],
        "radloc": [
            0,
            0
        ],
        "mean": [
            101.24528301886792,
            96.53459119496856,
            107.76100628930817,
            94.09433962264151,
            115.03144654088051,
            120.55345911949685,
            131.42138364779873,
            137.23270440251574
        ],
        "min": [
            10.0,
            10.0,
            12.0,
            10.0,
            27.0,
            32.0,
            22.0,
            19.0
        ],
        "max": [
            249.0,
            244.0,
            220.0,
            225.0,
            232.0,
            231.0,
            238.0,
            255.0
        ],
        "RawIntDen": [
            16098.0,
            15349.0,
            17134.0,
            14961.0,
            18290.0,
            19168.0,
            20896.0,
            21820.0
        ],
        "IntDen": [
            11132.174876573788,
            10614.222399088772,
            11848.595125805397,
            10345.910568295467,
            12647.998415488544,
            13255.157661458961,
            14450.113443961105,
            15089.082855437946
        ],
        "FlagUp": 0,
        "Times": [
            -15,
            -10,
            -5,
            2,
            10,
            20,
            30,
            40
        ],
        "width": 0,
        "height": 0,
        "area": 0.6915253370961478,
        "distance": -1.44958,
        "xpert": [
            [
                214.0,
                244.2
            ],
            [
                208.8,
                244.2
            ],
            [
                206.6,
                239.0
            ],
            [
                208.8,
                233.8
            ],
            [
                214.0,
                232.4
            ],
            [
                220.4,
                232.6
            ],
            [
                223.0,
                239.0
            ],
            [
                219.2,
                244.2
            ]
        ],
        "stack": 0
    },
    {
        "type": "Spine",
        "location": [
            294,
            257
        ],
        "radloc": [
            0,
            0
        ],
        "mean": [
            80.94610778443113,
            85.10778443113773,
            98.54491017964072,
            74.22155688622755,
            87.41916167664671,
            103.05988023952096,
            103.33532934131736,
            93.61676646706587
        ],
        "min": [
            10.0,
            10.0,
            11.0,
            12.0,
            23.0,
            22.0,
            25.0,
            20.0
        ],
        "max": [
            183.0,
            185.0,
            199.0,
            207.0,
            184.0,
            203.0,
            196.0,
            204.0
        ],
        "RawIntDen": [
            13518.0,
            14213.0,
            16457.0,
            12395.0,
            14599.0,
            17211.0,
            17257.0,
            15634.0
        ],
        "IntDen": [
            10247.735398319417,
            10774.601510305805,
            12475.734683395667,
            9396.410731037813,
            11067.220674660834,
            13047.327558845649,
            13082.199272732518,
            11851.834237115383
        ],
        "FlagUp": 0,
        "Times": [
            -15,
            -10,
            -5,
            2,
            10,
            20,
            30,
            40
        ],
        "width": 0,
        "height": 0,
        "area": 0.758080736671062,
        "distance": -1.71314,
        "xpert": [
            [
                294.0,
                264.8
            ],
            [
                287.6,
                263.4
            ],
            [
                287.2,
                257.0
            ],
            [
                288.2,
                251.2
            ],
            [
                294.0,
                251.2
            ],
            [
                299.8,
                251.2
            ],
            [
                302.6,
                257.0
            ],
            [
                299.6,
                262.6
            ]
        ],
        "stack": 0
    },
    {
        "type": "Spine",
        "location": [
            283,
            239
        ],
        "radloc": [
            0,
            0
        ],
        "mean": [
            73.5632183908046,
            79.49425287356321,
            85.88505747126437,
            93.62068965517241,
            88.64367816091954,
            82.816091954023,
            80.65517241379311,
            68.64367816091954
        ],
        "min": [
            12.0,
            14.0,
            31.0,
            38.0,
            28.0,
            14.0,
            9.0,
            9.0
        ],
        "max": [
            146.0,
            175.0,
            164.0,
            199.0,
            194.0,
            171.0,
            200.0,
            188.0
        ],
        "RawIntDen": [
            6400.0,
            6916.0,
            7472.0,
            8145.0,
            7712.0,
            7205.0,
            7017.0,
            5972.0
        ],
        "IntDen": [
            2528.2210530773696,
            2732.0588754817327,
            2951.698079467829,
            3217.556324580496,
            3046.5063689582303,
            2846.2238574097573,
            2771.95736397561,
            2359.1462701528203
        ],
        "FlagUp": 0,
        "Times": [
            -15,
            -10,
            -5,
            2,
            10,
            20,
            30,
            40
        ],
        "width": 0,
        "height": 0,
        "area": 0.395034539543339,
        "distance": -0.9883500000000001,
        "xpert": [
            [
                283.0,
                243.8
            ],
            [
                278.2,
                243.8
            ],
            [
                277.0,
                239.0
            ],
            [
                279.2,
                235.2
            ],
            [
                283.0,
                234.0
            ],
            [
                286.4,
                235.6
            ],
            [
                288.4,
                239.0
            ],
            [
                287.8,
                243.8
            ]
        ],
        "stack": 0
    },
    {
        "type": "Spine",
        "location": [
            332,
            232
        ],
        "radloc": [
            0,
            0
        ],
        "mean": [
            27.042857142857144,
            27.885714285714286,
            33.08571428571429,
            37.83571428571429,
            45.792857142857144,
            45.47857142857143,
            45.23571428571429,
            38.107142857142854
        ],
        "min": [
            7.0,
            7.0,
            8.0,
            9.0,
            11.0,
            10.0,
            10.0,
            8.0
        ],
        "max": [
            100.0,
            63.0,
            95.0,
            89.0,
            126.0,
            131.0,
            128.0,
            100.0
        ],
        "RawIntDen": [
            3786.0,
            3904.0,
            4632.0,
            5297.0,
            6411.0,
            6367.0,
            6333.0,
            5335.0
        ],
        "IntDen": [
            2340.566384832744,
            2413.515891808514,
            2863.5772568793636,
            3274.691003819082,
            3963.3838069632125,
            3936.182295887502,
            3915.1629464199073,
            3298.1832179299236
        ],
        "FlagUp": 0,
        "Times": [
            -15,
            -10,
            -5,
            2,
            10,
            20,
            30,
            40
        ],
        "width": 0,
        "height": 0,
        "area": 0.618216160811607,
        "distance": -0.6589,
        "xpert": [
            [
                332.0,
                239.8
            ],
            [
                324.6,
                239.4
            ],
            [
                325.2,
                232.0
            ],
            [
                328.2,
                228.2
            ],
            [
                332.0,
                227.0
            ],
            [
                337.0,
                227.0
            ],
            [
                338.6,
                232.0
            ],
            [
                336.4,
                236.4
            ]
        ],
        "stack": 0
    },
    {
        "type": "Spine",
        "location": [
            353,
            228
        ],
        "radloc": [
            0,
            0
        ],
        "mean": [
            29.44736842105263,
            29.042105263157893,
            29.00526315789474,
            37.43684210526316,
            47.51052631578948,
            40.05263157894737,
            37.752631578947366,
            26.942105263157895
        ],
        "min": [
            6.0,
            6.0,
            7.0,
            8.0,
            10.0,
            13.0,
            8.0,
            5.0
        ],
        "max": [
            88.0,
            86.0,
            70.0,
            108.0,
            91.0,
            92.0,
            90.0,
            93.0
        ],
        "RawIntDen": [
            5595.0,
            5518.0,
            5511.0,
            7113.0,
            9027.0,
            7610.0,
            7173.0,
            5119.0
        ],
        "IntDen": [
            5424.550258926332,
            5349.896037311082,
            5343.109289891514,
            6896.304913626989,
            8751.995565206078,
            7378.163980416334,
            6954.477034366146,
            4963.051434395692
        ],
        "FlagUp": 0,
        "Times": [
            -15,
            -10,
            -5,
            2,
            10,
            20,
            30,
            40
        ],
        "width": 0,
        "height": 0,
        "area": 0.9695353456526064,
        "distance": 0.72479,
        "xpert": [
            [
                353.0,
                234.2
            ],
            [
                347.2,
                233.8
            ],
            [
                344.6,
                228.0
            ],
            [
                347.2,
                222.2
            ],
            [
                353.0,
                220.6
            ],
            [
                358.8,
                222.2
            ],
            [
                361.6,
                228.0
            ],
            [
                362.8,
                237.8
            ]
        ],
        "stack": 0
    },
    {
        "type": "Spine",
        "location": [
            395,
            229
        ],
        "radloc": [
            0,
            0
        ],
        "mean": [
            26.210526315789473,
            26.834586466165412,
            30.954887218045112,
            25.796992481203006,
            28.06015037593985,
            28.293233082706767,
            22.165413533834588,
            24.30075187969925
        ],
        "min": [
            6.0,
            7.0,
            4.0,
            8.0,
            8.0,
            7.0,
            6.0,
            7.0
        ],
        "max": [
            62.0,
            64.0,
            86.0,
            62.0,
            63.0,
            64.0,
            51.0,
            55.0
        ],
        "RawIntDen": [
            3486.0,
            3569.0,
            4117.0,
            3431.0,
            3732.0,
            3763.0,
            2948.0,
            3232.0
        ],
        "IntDen": [
            2059.000574236637,
            2108.0243974327473,
            2431.6997602215242,
            2026.5149082633106,
            2204.3000984082414,
            2222.6102010477525,
            1741.2316961702827,
            1908.9758622870943
        ],
        "FlagUp": 0,
        "Times": [
            -15,
            -10,
            -5,
            2,
            10,
            20,
            30,
            40
        ],
        "width": 0,
        "height": 0,
        "area": 0.590648472242294,
        "distance": 3.49217,
        "xpert": [
            [
                395.0,
                238.2
            ],
            [
                389.8,
                234.2
            ],
            [
                388.2,
                229.0
            ],
            [
                391.0,
                225.0
            ],
            [
                395.0,
                223.6
            ],
            [
                400.6,
                223.4
            ],
            [
                400.8,
                229.0
            ],
            [
                399.6,
                233.6
            ]
        ],
        "stack": 0
    },
    {
        "type": "Spine",
        "location": [
            423,
            263
        ],
        "radloc": [
            0,
            0
        ],
        "mean": [
            68.02877697841727,
            44.02877697841727,
            43.89928057553957,
            34.49640287769784,
            32.410071942446045,
            42.45323741007194,
            32.05755395683453,
            37.8705035971223
        ],
        "min": [
            22.0,
            9.0,
            12.0,
            7.0,
            6.0,
            8.0,
            6.0,
            8.0
        ],
        "max": [
            135.0,
            111.0,
            91.0,
            95.0,
            89.0,
            123.0,
            72.0,
            111.0
        ],
        "RawIntDen": [
            9456.0,
            6120.0,
            6102.0,
            4795.0,
            4505.0,
            5901.0,
            4456.0,
            5264.0
        ],
        "IntDen": [
            5905.6516747648075,
            3822.185728591436,
            3810.944005860285,
            2994.670027548356,
            2813.553383546474,
            3685.411435362429,
            2782.950916111673,
            3287.5793587100197
        ],
        "FlagUp": 0,
        "Times": [
            -15,
            -10,
            -5,
            2,
            10,
            20,
            30,
            40
        ],
        "width": 0,
        "height": 0,
        "area": 0.6245401517306268,
        "distance": 5.4735526581238165,
        "xpert": [
            [
                423.0,
                269.4
            ],
            [
                417.4,
                268.6
            ],
            [
                415.0,
                263.0
            ],
            [
                417.4,
                257.4
            ],
            [
                423.0,
                257.2
            ],
            [
                427.0,
                259.0
            ],
            [
                429.6,
                263.0
            ],
            [
                428.8,
                268.8
            ]
        ],
        "stack": 0
    },
    {
        "type": "Spine",
        "location": [
            429,
            255
        ],
        "radloc": [
            0,
            0
        ],
        "mean": [
            27.53787878787879,
            30.856060606060606,
            34.84848484848485,
            32.11363636363637,
            35.015151515151516,
            40.121212121212125,
            41.96969696969697,
            37.46969696969697
        ],
        "min": [
            6.0,
            6.0,
            8.0,
            6.0,
            7.0,
            10.0,
            9.0,
            10.0
        ],
        "max": [
            67.0,
            71.0,
            105.0,
            73.0,
            86.0,
            95.0,
            101.0,
            84.0
        ],
        "RawIntDen": [
            3635.0,
            4073.0,
            4600.0,
            4239.0,
            4622.0,
            5296.0,
            5540.0,
            4946.0
        ],
        "IntDen": [
            2143.2131090391777,
            2401.4599705960304,
            2712.181651053705,
            2499.334351916664,
            2725.152954602223,
            3122.5465269522656,
            3266.410075399462,
            2916.184879589484
        ],
        "FlagUp": 0,
        "Times": [
            -15,
            -10,
            -5,
            2,
            10,
            20,
            30,
            40
        ],
        "width": 0,
        "height": 0,
        "area": 0.5896047067508055,
        "distance": 5.8688926581238166,
        "xpert": [
            [
                429.0,
                262.0
            ],
            [
                425.0,
                259.0
            ],
            [
                422.0,
                255.0
            ],
            [
                424.0,
                250.0
            ],
            [
                429.0,
                247.4
            ],
            [
                434.6,
                249.4
            ],
            [
                434.8,
                255.0
            ],
            [
                434.0,
                260.0
            ]
        ],
        "stack": 0
    },
    {
        "type": "Spine",
        "location": [
            412,
            211
        ],
        "radloc": [
            0,
            0
        ],
        "mean": [
            37.48850574712644,
            28.695402298850574,
            31.850574712643677,
            33.31609195402299,
            63.71264367816092,
            40.04022988505747,
            37.97126436781609,
            34.91954022988506
        ],
        "min": [
            6.0,
            6.0,
            6.0,
            7.0,
            15.0,
            9.0,
            8.0,
            7.0
        ],
        "max": [
            101.0,
            86.0,
            75.0,
            90.0,
            121.0,
            87.0,
            109.0,
            83.0
        ],
        "RawIntDen": [
            6523.0,
            4993.0,
            5542.0,
            5797.0,
            11086.0,
            6967.0,
            6607.0,
            6076.0
        ],
        "IntDen": [
            5985.857439437379,
            4581.846726216592,
            5085.638805666404,
            5319.640591203201,
            10173.112919454665,
            6393.295842489685,
            6062.940380555383,
            5575.666074202287
        ],
        "FlagUp": 0,
        "Times": [
            -15,
            -10,
            -5,
            2,
            10,
            20,
            30,
            40
        ],
        "width": 0,
        "height": 0,
        "area": 0.9176540609286186,
        "distance": 5.144102658123816,
        "xpert": [
            [
                412.0,
                218.4
            ],
            [
                406.8,
                216.2
            ],
            [
                406.2,
                211.0
            ],
            [
                402.8,
                201.8
            ],
            [
                412.0,
                203.4
            ],
            [
                417.2,
                205.8
            ],
            [
                418.8,
                211.0
            ],
            [
                420.0,
                219.0
            ]
        ],
        "stack": 0
    },
    {
        "type": "Spine",
        "location": [
            435,
            222
        ],
        "radloc": [
            0,
            0
        ],
        "mean": [
            21.875,
            26.8046875,
            27.890625,
            29.03125,
            32.84375,
            33.015625,
            38.34375,
            38.96875
        ],
        "min": [
            5.0,
            7.0,
            9.0,
            8.0,
            8.0,
            10.0,
            11.0,
            10.0
        ],
        "max": [
            55.0,
            67.0,
            67.0,
            71.0,
            72.0,
            97.0,
            80.0,
            95.0
        ],
        "RawIntDen": [
            2800.0,
            3431.0,
            3570.0,
            3716.0,
            4204.0,
            4226.0,
            4908.0,
            4988.0
        ],
        "IntDen": [
            1601.5537701398916,
            1962.4753519107028,
            2041.9810569283618,
            2125.4906463713705,
            2404.61858916718,
            2417.202225932565,
            2807.2949656594956,
            2853.0536448063494
        ],
        "FlagUp": 0,
        "Times": [
            -15,
            -10,
            -5,
            2,
            10,
            20,
            30,
            40
        ],
        "width": 0,
        "height": 0,
        "area": 0.5719834893356756,
        "distance": 6.264232658123817,
        "xpert": [
            [
                435.0,
                232.2
            ],
            [
                430.2,
                226.8
            ],
            [
                428.8,
                222.0
            ],
            [
                431.8,
                218.8
            ],
            [
                435.0,
                217.0
            ],
            [
                440.2,
                216.8
            ],
            [
                441.2,
                222.0
            ],
            [
                439.8,
                226.8
            ]
        ],
        "stack": 0
    },
    {
        "type": "Spine",
        "location": [
            460,
            226
        ],
        "radloc": [
            0,
            0
        ],
        "mean": [
            54.67088607594937,
            62.91139240506329,
            55.06962025316456,
            53.87341772151899,
            55.20253164556962,
            52.25316455696203,
            47.79746835443038,
            47.11392405063291
        ],
        "min": [
            5.0,
            9.0,
            8.0,
            10.0,
            11.0,
            5.0,
            6.0,
            8.0
        ],
        "max": [
            118.0,
            151.0,
            119.0,
            109.0,
            134.0,
            157.0,
            143.0,
            117.0
        ],
        "RawIntDen": [
            8638.0,
            9940.0,
            8701.0,
            8512.0,
            8722.0,
            8256.0,
            7552.0,
            7444.0
        ],
        "IntDen": [
            6418.894620954251,
            7386.410341778798,
            6465.709897768342,
            6325.264067326069,
            6481.314990039706,
            6135.0305615418265,
            5611.8884206351595,
            5531.633660382432
        ],
        "FlagUp": 0,
        "Times": [
            -15,
            -10,
            -5,
            2,
            10,
            20,
            30,
            40
        ],
        "width": 0,
        "height": 0,
        "area": 0.743099631969698,
        "distance": 8.125140252998106,
        "xpert": [
            [
                460.0,
                232.8
            ],
            [
                453.2,
                232.8
            ],
            [
                453.0,
                226.0
            ],
            [
                454.4,
                220.4
            ],
            [
                460.0,
                219.4
            ],
            [
                465.2,
                220.8
            ],
            [
                466.6,
                226.0
            ],
            [
                466.8,
                232.8
            ]
        ],
        "stack": 0
    },
    {
        "type": "Spine",
        "location": [
            425,
            228
        ],
        "radloc": [
            0,
            0
        ],
        "mean": [
            78.83443708609272,
            83.45033112582782,
            86.56291390728477,
            82.03311258278146,
            91.55629139072848,
            106.42384105960265,
            96.54966887417218,
            97.80794701986756
        ],
        "min": [
            13.0,
            16.0,
            14.0,
            13.0,
            27.0,
            30.0,
            20.0,
            19.0
        ],
        "max": [
            197.0,
            198.0,
            206.0,
            200.0,
            212.0,
            229.0,
            223.0,
            232.0
        ],
        "RawIntDen": [
            11904.0,
            12601.0,
            13071.0,
            12387.0,
            13825.0,
            16070.0,
            14579.0,
            14769.0
        ],
        "IntDen": [
            8138.364788994514,
            8614.880267651199,
            8936.203474205922,
            8468.57565870926,
            9451.687937487328,
            10986.518998583824,
            9967.172400768735,
            10097.069016184474
        ],
        "FlagUp": 0,
        "Times": [
            -15,
            -10,
            -5,
            2,
            10,
            20,
            30,
            40
        ],
        "width": 0,
        "height": 0,
        "area": 0.6836663969249424,
        "distance": 5.6053326581238165,
        "xpert": [
            [
                425.0,
                234.4
            ],
            [
                419.2,
                233.8
            ],
            [
                416.0,
                228.0
            ],
            [
                419.4,
                222.4
            ],
            [
                425.0,
                222.6
            ],
            [
                429.4,
                223.6
            ],
            [
                431.2,
                228.0
            ],
            [
                431.6,
                234.6
            ]
        ],
        "stack": 0
    },
    {
        "type": "Spine",
        "location": [
            478,
            202
        ],
        "radloc": [
            0,
            0
        ],
        "mean": [
            26.514285714285716,
            23.104761904761904,
            29.17142857142857,
            24.228571428571428,
            24.78095238095238,
            21.123809523809523,
            24.6,
            27.104761904761904
        ],
        "min": [
            7.0,
            6.0,
            6.0,
            6.0,
            8.0,
            6.0,
            5.0,
            7.0
        ],
        "max": [
            60.0,
            52.0,
            80.0,
            62.0,
            75.0,
            59.0,
            58.0,
            70.0
        ],
        "RawIntDen": [
            2784.0,
            2426.0,
            3063.0,
            2544.0,
            2602.0,
            2218.0,
            2583.0,
            2846.0
        ],
        "IntDen": [
            1289.8524850694737,
            1123.9878336129825,
            1419.1157190257895,
            1178.6583053221054,
            1205.530232094386,
            1027.6195444985965,
            1196.7273595310528,
            1318.5776481708772
        ],
        "FlagUp": 0,
        "Times": [
            -15,
            -10,
            -5,
            2,
            10,
            20,
            30,
            40
        ],
        "width": 0,
        "height": 0,
        "area": 0.4633090822807018,
        "distance": 10.818068353868606,
        "xpert": [
            [
                478.0,
                210.0
            ],
            [
                473.6,
                206.4
            ],
            [
                472.2,
                202.0
            ],
            [
                474.2,
                198.2
            ],
            [
                478.0,
                196.8
            ],
            [
                481.6,
                198.4
            ],
            [
                483.8,
                202.0
            ],
            [
                483.0,
                207.0
            ]
        ],
        "stack": 0
    }
]