[
    {
        "type": "Stim",
        "location": [
            270,
            324
        ],
        "radloc": [
            0,
            0
        ],
        "mean": [
            47.94117647058823,
            37.1078431372549,
            38.36274509803921,
            89.31372549019608,
            35.509803921568626,
            36.627450980392155,
            29.058823529411764,
            23.42156862745098
        ],
        "min": [
            7.0,
            9.0,
            6.0,
            40.0,
            10.0,
            11.0,
            8.0,
            6.0
        ],
        "max": [
            143.0,
            82.0,
            102.0,
            160.0,
            91.0,
            90.0,
            67.0,
            55.0
        ],
        "RawIntDen": [
            4890.0,
            3785.0,
            3913.0,
            9110.0,
            3622.0,
            3736.0,
            2964.0,
            2389.0
        ],
        "IntDen": [
            513130.4205443292,
            397177.63635179674,
            410609.2710817915,
            955954.6280488424,
            380073.28900031914,
            392035.83868172066,
            311026.29171644006,
            250688.87007779191
        ],
        "FlagUp": 0,
        "Times": [
            -15,
            -10,
            -5,
            2,
            10,
            20,
            30,
            40
        ],
        "width": 0,
        "height": 0,
        "area": 104.93464632808369,
        "distance": 0,
        "xpert": [
            [
                270.0,
                329.6
            ],
            [
                264.6,
                329.4
            ],
            [
                263.2,
                324.0
            ],
            [
                265.2,
                319.2
            ],
            [
                270.0,
                318.8
            ],
            [
                273.2,
                320.8
            ],
            [
                275.6,
                324.0
            ],
            [
                274.0,
                328.0
            ]
        ],
        "stack": 0
    },
    {
        "type": "Spine",
        "location": [
            260,
            318
        ],
        "radloc": [
            0,
            0
        ],
        "mean": [
            92.94845360824742,
            56.30927835051546,
            58.597938144329895,
            73.4639175257732,
            59.96907216494845,
            45.0,
            42.02061855670103,
            52.93814432989691
        ],
        "min": [
            23.0,
            22.0,
            20.0,
            30.0,
            19.0,
            13.0,
            15.0,
            13.0
        ],
        "max": [
            158.0,
            114.0,
            138.0,
            136.0,
            111.0,
            96.0,
            88.0,
            102.0
        ],
        "RawIntDen": [
            9016.0,
            5462.0,
            5684.0,
            7126.0,
            5817.0,
            4365.0,
            4076.0,
            5135.0
        ],
        "IntDen": [
            926327.4196025507,
            561180.1648035861,
            583989.0254016081,
            732143.8766734445,
            597653.79323736,
            448471.5158124594,
            418778.8999889082,
            527583.3295983915
        ],
        "FlagUp": 0,
        "Times": [
            -15,
            -10,
            -5,
            2,
            10,
            20,
            30,
            40
        ],
        "width": 0,
        "height": 0,
        "area": 102.74261530640536,
        "distance": 0.39534,
        "xpert": [
            [
                260.0,
                323.4
            ],
            [
                256.4,
                321.6
            ],
            [
                253.2,
                318.0
            ],
            [
                255.0,
                313.0
            ],
            [
                260.0,
                313.6
            ],
            [
                263.4,
                314.6
            ],
            [
                266.8,
                318.0
            ],
            [
                264.8,
                322.8
            ]
        ],
        "stack": 0
    },
    {
        "type": "Spine",
        "location": [
            255,
            359
        ],
        "radloc": [
            0,
            0
        ],
        "mean": [
            42.47692307692308,
            43.83076923076923,
            45.57692307692308,
            103.6076923076923,
            44.2,
            38.04615384615385,
            34.63846153846154,
            55.723076923076924
        ],
        "min": [
            6.0,
            8.0,
            5.0,
            31.0,
            8.0,
            8.0,
            7.0,
            18.0
        ],
        "max": [
            119.0,
            126.0,
            151.0,
            196.0,
            107.0,
            88.0,
            89.0,
            117.0
        ],
        "RawIntDen": [
            5522.0,
            5698.0,
            5925.0,
            13469.0,
            5746.0,
            4946.0,
            4503.0,
            7244.0
        ],
        "IntDen": [
            726263.7181024535,
            749411.5656913763,
            779267.0282066348,
            1771467.9498590992,
            755724.6150338098,
            650507.1259932516,
            592242.9414370424,
            952744.3632622552
        ],
        "FlagUp": 0,
        "Times": [
            -15,
            -10,
            -5,
            2,
            10,
            20,
            30,
            40
        ],
        "width": 0,
        "height": 0,
        "area": 131.52186130069785,
        "distance": 4.264922784622868,
        "xpert": [
            [
                255.0,
                365.4
            ],
            [
                250.6,
                363.4
            ],
            [
                249.4,
                359.0
            ],
            [
                250.2,
                354.2
            ],
            [
                255.0,
                352.4
            ],
            [
                260.2,
                353.8
            ],
            [
                262.8,
                359.0
            ],
            [
                260.0,
                364.0
            ]
        ],
        "stack": 0
    },
    {
        "type": "Spine",
        "location": [
            244,
            379
        ],
        "radloc": [
            0,
            0
        ],
        "mean": [
            37.095238095238095,
            32.333333333333336,
            33.05714285714286,
            30.428571428571427,
            33.94285714285714,
            33.114285714285714,
            27.99047619047619,
            28.333333333333332
        ],
        "min": [
            12.0,
            11.0,
            6.0,
            8.0,
            8.0,
            12.0,
            8.0,
            9.0
        ],
        "max": [
            88.0,
            57.0,
            68.0,
            74.0,
            84.0,
            63.0,
            66.0,
            66.0
        ],
        "RawIntDen": [
            3895.0,
            3395.0,
            3471.0,
            3195.0,
            3564.0,
            3477.0,
            2939.0,
            2975.0
        ],
        "IntDen": [
            426347.2052893041,
            371617.1404254653,
            379936.1102847688,
            349725.1144799298,
            390115.9023494428,
            380592.87106313487,
            321703.3212696443,
            325643.88593984075
        ],
        "FlagUp": 0,
        "Times": [
            -15,
            -10,
            -5,
            2,
            10,
            20,
            30,
            40
        ],
        "width": 0,
        "height": 0,
        "area": 109.46012972767755,
        "distance": 5.269260379497158,
        "xpert": [
            [
                244.0,
                384.8
            ],
            [
                239.0,
                384.0
            ],
            [
                236.0,
                379.0
            ],
            [
                240.2,
                375.2
            ],
            [
                244.0,
                374.0
            ],
            [
                247.6,
                375.4
            ],
            [
                250.0,
                379.0
            ],
            [
                248.6,
                383.6
            ]
        ],
        "stack": 0
    },
    {
        "type": "Spine",
        "location": [
            230,
            419
        ],
        "radloc": [
            0,
            0
        ],
        "mean": [
            30.35483870967742,
            28.55483870967742,
            29.393548387096775,
            24.974193548387095,
            27.16774193548387,
            23.858064516129033,
            27.206451612903226,
            21.967741935483872
        ],
        "min": [
            9.0,
            13.0,
            12.0,
            6.0,
            10.0,
            7.0,
            7.0,
            9.0
        ],
        "max": [
            75.0,
            69.0,
            86.0,
            104.0,
            95.0,
            60.0,
            76.0,
            60.0
        ],
        "RawIntDen": [
            4705.0,
            4426.0,
            4556.0,
            3871.0,
            4211.0,
            3698.0,
            4217.0,
            3405.0
        ],
        "IntDen": [
            799130.364796946,
            751743.0381703046,
            773823.1545196357,
            657477.9260635448,
            715225.9226694878,
            628094.3866140503,
            716245.0049625338,
            578329.2013036347
        ],
        "FlagUp": 0,
        "Times": [
            -15,
            -10,
            -5,
            2,
            10,
            20,
            30,
            40
        ],
        "width": 0,
        "height": 0,
        "area": 169.84704884100873,
        "distance": 8.73688088549337,
        "xpert": [
            [
                230.0,
                429.0
            ],
            [
                223.8,
                425.2
            ],
            [
                223.2,
                419.0
            ],
            [
                222.6,
                411.6
            ],
            [
                230.0,
                414.6
            ],
            [
                233.2,
                415.8
            ],
            [
                235.2,
                419.0
            ],
            [
                236.2,
                425.2
            ]
        ],
        "stack": 0
    },
    {
        "type": "Spine",
        "location": [
            215,
            448
        ],
        "radloc": [
            0,
            0
        ],
        "mean": [
            47.711409395973156,
            33.06711409395973,
            37.95302013422819,
            32.033557046979865,
            33.718120805369125,
            34.442953020134226,
            31.711409395973153,
            37.22147651006711
        ],
        "min": [
            13.0,
            8.0,
            11.0,
            10.0,
            9.0,
            10.0,
            10.0,
            11.0
        ],
        "max": [
            141.0,
            156.0,
            171.0,
            133.0,
            104.0,
            116.0,
            89.0,
            100.0
        ],
        "RawIntDen": [
            7109.0,
            4927.0,
            5655.0,
            4773.0,
            5024.0,
            5132.0,
            4725.0,
            5546.0
        ],
        "IntDen": [
            1128521.563123685,
            782138.942398424,
            897705.6462884286,
            757692.1396524615,
            797537.2532189329,
            814681.7642355819,
            750072.3569783953,
            880402.3897994033
        ],
        "FlagUp": 0,
        "Times": [
            -15,
            -10,
            -5,
            2,
            10,
            20,
            30,
            40
        ],
        "width": 0,
        "height": 0,
        "area": 158.74547237637995,
        "distance": 10.54925759405244,
        "xpert": [
            [
                215.0,
                453.8
            ],
            [
                210.6,
                452.4
            ],
            [
                206.0,
                448.0
            ],
            [
                209.0,
                442.0
            ],
            [
                215.0,
                438.8
            ],
            [
                220.6,
                442.4
            ],
            [
                220.8,
                448.0
            ],
            [
                219.0,
                452.0
            ]
        ],
        "stack": 0
    },
    {
        "type": "Spine",
        "location": [
            221,
            432
        ],
        "radloc": [
            0,
            0
        ],
        "mean": [
            154.85116279069769,
            165.1860465116279,
            157.97674418604652,
            157.41860465116278,
            155.0279069767442,
            135.48837209302326,
            122.53953488372093,
            131.70697674418605
        ],
        "min": [
            31.0,
            44.0,
            39.0,
            29.0,
            50.0,
            40.0,
            22.0,
            22.0
        ],
        "max": [
            255.0,
            255.0,
            255.0,
            255.0,
            255.0,
            255.0,
            237.0,
            247.0
        ],
        "RawIntDen": [
            33293.0,
            35515.0,
            33965.0,
            33845.0,
            33331.0,
            29130.0,
            26346.0,
            28317.0
        ],
        "IntDen": [
            7342658.121999038,
            7832712.678424769,
            7490865.440594039,
            7464399.847987789,
            7351038.892991018,
            6424522.605167212,
            5810520.856702209,
            6245218.215259868
        ],
        "FlagUp": 0,
        "Times": [
            -15,
            -10,
            -5,
            2,
            10,
            20,
            30,
            40
        ],
        "width": 0,
        "height": 0,
        "area": 220.54660505208417,
        "distance": 9.453146060186487,
        "xpert": [
            [
                221.0,
                439.6
            ],
            [
                214.0,
                439.0
            ],
            [
                213.0,
                432.0
            ],
            [
                214.6,
                425.6
            ],
            [
                221.0,
                423.0
            ],
            [
                226.8,
                426.2
            ],
            [
                231.0,
                432.0
            ],
            [
                226.8,
                437.8
            ]
        ],
        "stack": 0
    },
    {
        "type": "Spine",
        "location": [
            205,
            422
        ],
        "radloc": [
            0,
            0
        ],
        "mean": [
            51.84415584415584,
            42.746753246753244,
            42.73376623376623,
            40.4025974025974,
            38.87012987012987,
            44.15584415584416,
            31.83116883116883,
            43.26623376623377
        ],
        "min": [
            10.0,
            11.0,
            11.0,
            10.0,
            10.0,
            11.0,
            8.0,
            9.0
        ],
        "max": [
            210.0,
            151.0,
            164.0,
            143.0,
            131.0,
            138.0,
            134.0,
            150.0
        ],
        "RawIntDen": [
            7984.0,
            6583.0,
            6581.0,
            6222.0,
            5986.0,
            6800.0,
            4902.0,
            6663.0
        ],
        "IntDen": [
            1293393.3379415867,
            1066433.9107802438,
            1066109.9144531041,
            1007952.5737315322,
            969721.0071290504,
            1101587.5122748986,
            794114.997819346,
            1079393.7638658308
        ],
        "FlagUp": 0,
        "Times": [
            -15,
            -10,
            -5,
            2,
            10,
            20,
            30,
            40
        ],
        "width": 0,
        "height": 0,
        "area": 161.99816356983803,
        "distance": 9.250422414481696,
        "xpert": [
            [
                205.0,
                431.6
            ],
            [
                200.0,
                427.0
            ],
            [
                199.6,
                422.0
            ],
            [
                201.6,
                418.6
            ],
            [
                205.0,
                417.0
            ],
            [
                211.0,
                416.0
            ],
            [
                213.6,
                422.0
            ],
            [
                211.4,
                428.4
            ]
        ],
        "stack": 0
    },
    {
        "type": "Spine",
        "location": [
            183,
            486
        ],
        "radloc": [
            0,
            0
        ],
        "mean": [
            39.377049180327866,
            28.024590163934427,
            43.4344262295082,
            56.84426229508197,
            51.59016393442623,
            49.50819672131148,
            46.41803278688525,
            52.35245901639344
        ],
        "min": [
            6.0,
            5.0,
            8.0,
            11.0,
            12.0,
            15.0,
            16.0,
            9.0
        ],
        "max": [
            128.0,
            109.0,
            109.0,
            132.0,
            123.0,
            102.0,
            87.0,
            119.0
        ],
        "RawIntDen": [
            4804.0,
            3419.0,
            5299.0,
            6935.0,
            6294.0,
            6040.0,
            5663.0,
            6387.0
        ],
        "IntDen": [
            614506.6227067695,
            437343.4935542142,
            677824.8529815095,
            887094.801929943,
            805100.8916145727,
            772610.3249685445,
            724386.1374663688,
            816997.0439692208
        ],
        "FlagUp": 0,
        "Times": [
            -15,
            -10,
            -5,
            2,
            10,
            20,
            30,
            40
        ],
        "width": 0,
        "height": 0,
        "area": 127.91561671664644,
        "distance": 13.74713080860772,
        "xpert": [
            [
                183.0,
                491.4
            ],
            [
                178.6,
                490.4
            ],
            [
                176.8,
                486.0
            ],
            [
                176.6,
                479.6
            ],
            [
                183.0,
                479.4
            ],
            [
                188.6,
                480.4
            ],
            [
                188.6,
                486.0
            ],
            [
                186.8,
                489.8
            ]
        ],
        "stack": 0
    },
    {
        "type": "Spine",
        "location": [
            228,
            288
        ],
        "radloc": [
            0,
            0
        ],
        "mean": [
            50.0990990990991,
            44.11711711711712,
            46.567567567567565,
            41.6036036036036,
            31.55855855855856,
            37.054054054054056,
            39.4954954954955,
            30.98198198198198
        ],
        "min": [
            14.0,
            11.0,
            12.0,
            14.0,
            7.0,
            10.0,
            11.0,
            9.0
        ],
        "max": [
            109.0,
            94.0,
            122.0,
            88.0,
            71.0,
            79.0,
            83.0,
            68.0
        ],
        "RawIntDen": [
            5561.0,
            4897.0,
            5169.0,
            4618.0,
            3503.0,
            4113.0,
            4384.0,
            3439.0
        ],
        "IntDen": [
            654714.7648947021,
            576539.8675938422,
            608563.3195002185,
            543692.2827339929,
            412419.6765736633,
            484236.976804875,
            516142.6954321838,
            404884.74671333947
        ],
        "FlagUp": 0,
        "Times": [
            -15,
            -10,
            -5,
            2,
            10,
            20,
            30,
            40
        ],
        "width": 0,
        "height": 0,
        "area": 117.73327906756018,
        "distance": 2.4266250632495265,
        "xpert": [
            [
                228.0,
                294.0
            ],
            [
                223.2,
                292.8
            ],
            [
                221.4,
                288.0
            ],
            [
                224.4,
                284.4
            ],
            [
                228.0,
                283.0
            ],
            [
                232.0,
                284.0
            ],
            [
                236.6,
                288.0
            ],
            [
                232.6,
                292.6
            ]
        ],
        "stack": 0
    },
    {
        "type": "Spine",
        "location": [
            256,
            296
        ],
        "radloc": [
            0,
            0
        ],
        "mean": [
            60.75454545454546,
            51.13636363636363,
            56.336363636363636,
            57.27272727272727,
            56.27272727272727,
            38.75454545454546,
            34.07272727272727,
            38.32727272727273
        ],
        "min": [
            11.0,
            11.0,
            11.0,
            13.0,
            18.0,
            9.0,
            8.0,
            8.0
        ],
        "max": [
            136.0,
            126.0,
            112.0,
            128.0,
            98.0,
            77.0,
            72.0,
            91.0
        ],
        "RawIntDen": [
            6683.0,
            5625.0,
            6197.0,
            6300.0,
            6190.0,
            4263.0,
            3748.0,
            4216.0
        ],
        "IntDen": [
            805713.8824831832,
            678159.5973317231,
            747120.8932737224,
            759538.7490115298,
            746276.9613303762,
            513954.5534978019,
            451865.2748087641,
            508288.1533067635
        ],
        "FlagUp": 0,
        "Times": [
            -15,
            -10,
            -5,
            2,
            10,
            20,
            30,
            40
        ],
        "width": 0,
        "height": 0,
        "area": 120.56170619230633,
        "distance": 1.8995050632495267,
        "xpert": [
            [
                256.0,
                302.8
            ],
            [
                250.2,
                301.8
            ],
            [
                250.2,
                296.0
            ],
            [
                250.2,
                290.2
            ],
            [
                256.0,
                290.0
            ],
            [
                260.0,
                292.0
            ],
            [
                260.8,
                296.0
            ],
            [
                259.8,
                299.8
            ]
        ],
        "stack": 0
    },
    {
        "type": "Spine",
        "location": [
            257,
            282
        ],
        "radloc": [
            0,
            0
        ],
        "mean": [
            83.88095238095238,
            71.08730158730158,
            67.3015873015873,
            67.8015873015873,
            58.53174603174603,
            51.26190476190476,
            40.198412698412696,
            54.30952380952381
        ],
        "min": [
            19.0,
            19.0,
            18.0,
            22.0,
            13.0,
            15.0,
            11.0,
            18.0
        ],
        "max": [
            148.0,
            141.0,
            124.0,
            137.0,
            118.0,
            95.0,
            83.0,
            107.0
        ],
        "RawIntDen": [
            10569.0,
            8957.0,
            8480.0,
            8543.0,
            7375.0,
            6459.0,
            5065.0,
            6843.0
        ],
        "IntDen": [
            1328025.2360530822,
            1125472.8015259209,
            1065536.3801428836,
            1073452.5112689452,
            926689.9532492649,
            811591.9197338307,
            636431.8119603426,
            859842.623740301
        ],
        "FlagUp": 0,
        "Times": [
            -15,
            -10,
            -5,
            2,
            10,
            20,
            30,
            40
        ],
        "width": 0,
        "height": 0,
        "area": 125.65287501684948,
        "distance": 2.8219650632495266,
        "xpert": [
            [
                257.0,
                287.8
            ],
            [
                250.8,
                288.2
            ],
            [
                250.8,
                282.0
            ],
            [
                251.0,
                276.0
            ],
            [
                257.0,
                275.8
            ],
            [
                261.0,
                278.0
            ],
            [
                262.6,
                282.0
            ],
            [
                260.8,
                285.8
            ]
        ],
        "stack": 0
    },
    {
        "type": "Spine",
        "location": [
            240,
            275
        ],
        "radloc": [
            0,
            0
        ],
        "mean": [
            78.625,
            126.94642857142857,
            85.1875,
            65.28571428571429,
            64.98214285714286,
            52.32142857142857,
            61.892857142857146,
            68.6875
        ],
        "min": [
            26.0,
            52.0,
            27.0,
            16.0,
            17.0,
            18.0,
            19.0,
            22.0
        ],
        "max": [
            169.0,
            236.0,
            162.0,
            154.0,
            146.0,
            102.0,
            109.0,
            131.0
        ],
        "RawIntDen": [
            8806.0,
            14218.0,
            9541.0,
            7312.0,
            7278.0,
            5860.0,
            6932.0,
            7693.0
        ],
        "IntDen": [
            1041118.0030895252,
            1680969.312733008,
            1128015.7696431023,
            864484.9918908253,
            860465.231261136,
            692817.5673523298,
            819558.2554413568,
            909529.9565941081
        ],
        "FlagUp": 0,
        "Times": [
            -15,
            -10,
            -5,
            2,
            10,
            20,
            30,
            40
        ],
        "width": 0,
        "height": 0,
        "area": 118.22825381439077,
        "distance": 3.283195063249526,
        "xpert": [
            [
                240.0,
                282.0
            ],
            [
                234.4,
                280.6
            ],
            [
                233.6,
                275.0
            ],
            [
                236.0,
                271.0
            ],
            [
                240.0,
                268.2
            ],
            [
                244.0,
                271.0
            ],
            [
                244.6,
                275.0
            ],
            [
                244.6,
                279.6
            ]
        ],
        "stack": 0
    },
    {
        "type": "Spine",
        "location": [
            241,
            257
        ],
        "radloc": [
            0,
            0
        ],
        "mean": [
            127.36363636363636,
            85.84297520661157,
            89.1900826446281,
            90.09917355371901,
            77.6198347107438,
            63.917355371900825,
            64.66115702479338,
            65.61157024793388
        ],
        "min": [
            47.0,
            19.0,
            22.0,
            24.0,
            21.0,
            16.0,
            18.0,
            10.0
        ],
        "max": [
            230.0,
            183.0,
            171.0,
            175.0,
            141.0,
            123.0,
            132.0,
            140.0
        ],
        "RawIntDen": [
            15411.0,
            10387.0,
            10792.0,
            10902.0,
            9392.0,
            7734.0,
            7824.0,
            7939.0
        ],
        "IntDen": [
            1960410.3466153727,
            1321314.7926996222,
            1372834.2392234835,
            1386827.175316384,
            1194742.3253138396,
            983830.615840847,
            995279.3817350384,
            1009908.3603776162
        ],
        "FlagUp": 0,
        "Times": [
            -15,
            -10,
            -5,
            2,
            10,
            20,
            30,
            40
        ],
        "width": 0,
        "height": 0,
        "area": 127.20850993545992,
        "distance": 4.5510926581238165,
        "xpert": [
            [
                241.0,
                264.2
            ],
            [
                235.2,
                262.8
            ],
            [
                234.2,
                257.0
            ],
            [
                236.4,
                252.4
            ],
            [
                241.0,
                250.6
            ],
            [
                245.4,
                252.6
            ],
            [
                245.6,
                257.0
            ],
            [
                245.6,
                261.6
            ]
        ],
        "stack": 0
    },
    {
        "type": "Spine",
        "location": [
            243,
            178
        ],
        "radloc": [
            0,
            0
        ],
        "mean": [
            79.79527559055119,
            59.58267716535433,
            50.56692913385827,
            53.7007874015748,
            61.968503937007874,
            40.023622047244096,
            39.04724409448819,
            46.803149606299215
        ],
        "min": [
            27.0,
            11.0,
            16.0,
            16.0,
            23.0,
            10.0,
            11.0,
            16.0
        ],
        "max": [
            151.0,
            130.0,
            108.0,
            124.0,
            123.0,
            78.0,
            87.0,
            125.0
        ],
        "RawIntDen": [
            10134.0,
            7567.0,
            6422.0,
            6820.0,
            7870.0,
            5083.0,
            4959.0,
            5944.0
        ],
        "IntDen": [
            1368671.6430239943,
            1021979.3095285736,
            867338.5920169817,
            921091.4353092206,
            1062901.7002761827,
            686496.7398353033,
            669749.622829681,
            802781.1571082122
        ],
        "FlagUp": 0,
        "Times": [
            -15,
            -10,
            -5,
            2,
            10,
            20,
            30,
            40
        ],
        "width": 0,
        "height": 0,
        "area": 135.0573952066306,
        "distance": 10.138498100870502,
        "xpert": [
            [
                243.0,
                183.6
            ],
            [
                239.0,
                182.0
            ],
            [
                237.6,
                178.0
            ],
            [
                238.6,
                173.6
            ],
            [
                243.0,
                170.6
            ],
            [
                247.0,
                174.0
            ],
            [
                250.2,
                178.0
            ],
            [
                250.2,
                185.2
            ]
        ],
        "stack": 0
    },
    {
        "type": "Spine",
        "location": [
            273,
            149
        ],
        "radloc": [
            0,
            0
        ],
        "mean": [
            31.53061224489796,
            21.56122448979592,
            23.877551020408163,
            29.887755102040817,
            19.5,
            24.785714285714285,
            22.479591836734695,
            17.540816326530614
        ],
        "min": [
            8.0,
            9.0,
            7.0,
            8.0,
            6.0,
            8.0,
            5.0,
            6.0
        ],
        "max": [
            77.0,
            73.0,
            50.0,
            83.0,
            52.0,
            61.0,
            53.0,
            46.0
        ],
        "RawIntDen": [
            3090.0,
            2113.0,
            2340.0,
            2929.0,
            1911.0,
            2429.0,
            2203.0,
            1719.0
        ],
        "IntDen": [
            326214.52111225826,
            223071.61265702322,
            247036.2392888946,
            309217.58328084287,
            201746.2620859306,
            256432.0620652671,
            232573.00647582684,
            181476.6219391495
        ],
        "FlagUp": 0,
        "Times": [
            -15,
            -10,
            -5,
            2,
            10,
            20,
            30,
            40
        ],
        "width": 0,
        "height": 0,
        "area": 105.57104243115154,
        "distance": 12.103893164120027,
        "xpert": [
            [
                273.0,
                154.6
            ],
            [
                269.0,
                153.0
            ],
            [
                264.0,
                149.0
            ],
            [
                269.0,
                145.0
            ],
            [
                273.0,
                143.8
            ],
            [
                276.8,
                145.2
            ],
            [
                278.2,
                149.0
            ],
            [
                277.0,
                153.0
            ]
        ],
        "stack": 0
    },
    {
        "type": "Spine",
        "location": [
            237,
            142
        ],
        "radloc": [
            0,
            0
        ],
        "mean": [
            19.424460431654676,
            23.58992805755396,
            26.496402877697843,
            23.87769784172662,
            24.48201438848921,
            22.640287769784173,
            20.453237410071942,
            29.093525179856115
        ],
        "min": [
            6.0,
            7.0,
            6.0,
            5.0,
            7.0,
            7.0,
            8.0,
            8.0
        ],
        "max": [
            45.0,
            61.0,
            62.0,
            66.0,
            65.0,
            51.0,
            46.0,
            91.0
        ],
        "RawIntDen": [
            2700.0,
            3279.0,
            3683.0,
            3319.0,
            3403.0,
            3147.0,
            2843.0,
            4044.0
        ],
        "IntDen": [
            426321.7494451814,
            517744.08015953697,
            581534.4456320752,
            524059.95792909525,
            537323.3012451675,
            496901.6835199948,
            448901.0124713521,
            638535.2425023384
        ],
        "FlagUp": 0,
        "Times": [
            -15,
            -10,
            -5,
            2,
            10,
            20,
            30,
            40
        ],
        "width": 0,
        "height": 0,
        "area": 157.89694423895608,
        "distance": 12.56512316412003,
        "xpert": [
            [
                237.0,
                147.8
            ],
            [
                232.4,
                146.6
            ],
            [
                231.4,
                142.0
            ],
            [
                231.2,
                136.2
            ],
            [
                237.0,
                136.6
            ],
            [
                240.4,
                138.6
            ],
            [
                245.6,
                142.0
            ],
            [
                245.0,
                150.0
            ]
        ],
        "stack": 0
    },
    {
        "type": "Spine",
        "location": [
            274,
            103
        ],
        "radloc": [
            0,
            0
        ],
        "mean": [
            159.91596638655463,
            102.0672268907563,
            101.97478991596638,
            86.15966386554622,
            88.08403361344538,
            82.16806722689076,
            66.21848739495799,
            67.05042016806723
        ],
        "min": [
            59.0,
            31.0,
            41.0,
            19.0,
            14.0,
            22.0,
            14.0,
            13.0
        ],
        "max": [
            255.0,
            207.0,
            194.0,
            172.0,
            194.0,
            161.0,
            124.0,
            156.0
        ],
        "RawIntDen": [
            19030.0,
            12146.0,
            12135.0,
            10253.0,
            10482.0,
            9778.0,
            7880.0,
            7979.0
        ],
        "IntDen": [
            2399247.956798234,
            1531332.9313332292,
            1529946.082803288,
            1292668.9070442612,
            1321540.5718948548,
            1232782.2659786197,
            993487.8559942241,
            1005969.4927636946
        ],
        "FlagUp": 0,
        "Times": [
            -15,
            -10,
            -5,
            2,
            10,
            20,
            30,
            40
        ],
        "width": 0,
        "height": 0,
        "area": 126.07713908556143,
        "distance": 15.95748835386862,
        "xpert": [
            [
                274.0,
                109.8
            ],
            [
                267.4,
                109.6
            ],
            [
                266.4,
                103.0
            ],
            [
                270.4,
                99.4
            ],
            [
                274.0,
                97.8
            ],
            [
                278.0,
                99.0
            ],
            [
                279.8,
                103.0
            ],
            [
                278.6,
                107.6
            ]
        ],
        "stack": 0
    },
    {
        "type": "Spine",
        "location": [
            288,
            77
        ],
        "radloc": [
            0,
            0
        ],
        "mean": [
            52.06140350877193,
            50.64035087719298,
            40.50877192982456,
            41.921052631578945,
            51.271929824561404,
            59.666666666666664,
            53.62280701754386,
            52.08771929824562
        ],
        "min": [
            14.0,
            11.0,
            13.0,
            8.0,
            10.0,
            16.0,
            14.0,
            14.0
        ],
        "max": [
            114.0,
            119.0,
            101.0,
            92.0,
            125.0,
            141.0,
            144.0,
            111.0
        ],
        "RawIntDen": [
            5935.0,
            5773.0,
            4618.0,
            4779.0,
            5845.0,
            6802.0,
            6113.0,
            5938.0
        ],
        "IntDen": [
            696648.6718927985,
            677633.1563331299,
            542059.5731762331,
            560957.7090102248,
            686084.4965818714,
            798416.8940547288,
            717542.2630632985,
            697000.8110698294
        ],
        "FlagUp": 0,
        "Times": [
            -15,
            -10,
            -5,
            2,
            10,
            20,
            30,
            40
        ],
        "width": 0,
        "height": 0,
        "area": 117.37972567696688,
        "distance": 17.668688733365776,
        "xpert": [
            [
                288.0,
                82.2
            ],
            [
                283.6,
                81.4
            ],
            [
                279.2,
                77.0
            ],
            [
                281.8,
                70.8
            ],
            [
                288.0,
                71.0
            ],
            [
                291.2,
                73.8
            ],
            [
                293.2,
                77.0
            ],
            [
                291.6,
                80.6
            ]
        ],
        "stack": 0
    },
    {
        "type": "Spine",
        "location": [
            296,
            61
        ],
        "radloc": [
            0,
            0
        ],
        "mean": [
            57.24516129032258,
            50.825806451612905,
            54.651612903225804,
            49.851612903225806,
            40.980645161290326,
            49.54838709677419,
            39.225806451612904,
            39.645161290322584
        ],
        "min": [
            19.0,
            15.0,
            17.0,
            15.0,
            11.0,
            15.0,
            10.0,
            12.0
        ],
        "max": [
            102.0,
            102.0,
            123.0,
            118.0,
            86.0,
            96.0,
            71.0,
            93.0
        ],
        "RawIntDen": [
            8873.0,
            7878.0,
            8471.0,
            7727.0,
            6352.0,
            7680.0,
            6080.0,
            6145.0
        ],
        "IntDen": [
            1466898.2501616736,
            1302403.2925474658,
            1400438.9808542249,
            1277439.7361658122,
            1050122.5836838668,
            1269669.6225900657,
            1005155.117883802,
            1015901.019637494
        ],
        "FlagUp": 0,
        "Times": [
            -15,
            -10,
            -5,
            2,
            10,
            20,
            30,
            40
        ],
        "width": 0,
        "height": 0,
        "area": 165.3215654414148,
        "distance": 19.145796016670428,
        "xpert": [
            [
                296.0,
                66.2
            ],
            [
                291.6,
                65.4
            ],
            [
                288.6,
                61.0
            ],
            [
                290.8,
                55.8
            ],
            [
                296.0,
                51.0
            ],
            [
                304.0,
                53.0
            ],
            [
                301.4,
                61.0
            ],
            [
                299.4,
                64.4
            ]
        ],
        "stack": 0
    },
    {
        "type": "Spine",
        "location": [
            303,
            31
        ],
        "radloc": [
            0,
            0
        ],
        "mean": [
            98.21951219512195,
            87.95121951219512,
            82.90243902439025,
            68.0569105691057,
            65.13821138211382,
            59.886178861788615,
            64.22764227642277,
            77.78048780487805
        ],
        "min": [
            25.0,
            26.0,
            23.0,
            19.0,
            13.0,
            11.0,
            22.0,
            22.0
        ],
        "max": [
            205.0,
            216.0,
            201.0,
            178.0,
            155.0,
            147.0,
            147.0,
            144.0
        ],
        "RawIntDen": [
            12081.0,
            10818.0,
            10197.0,
            8371.0,
            8012.0,
            7366.0,
            7900.0,
            9567.0
        ],
        "IntDen": [
            1563287.9353031865,
            1399855.0520743208,
            1319497.316139938,
            1083211.9283522037,
            1036757.1341485912,
            953164.38469028,
            1022264.2735613917,
            1237974.975336941
        ],
        "FlagUp": 0,
        "Times": [
            -15,
            -10,
            -5,
            2,
            10,
            20,
            30,
            40
        ],
        "width": 0,
        "height": 0,
        "area": 129.4005409571382,
        "distance": 21.517033163298187,
        "xpert": [
            [
                303.0,
                36.8
            ],
            [
                297.0,
                37.0
            ],
            [
                294.4,
                31.0
            ],
            [
                298.0,
                26.0
            ],
            [
                303.0,
                25.2
            ],
            [
                306.4,
                27.6
            ],
            [
                308.4,
                31.0
            ],
            [
                307.8,
                35.8
            ]
        ],
        "stack": 0
    },
    {
        "type": "Spine",
        "location": [
            282,
            28
        ],
        "radloc": [
            0,
            0
        ],
        "mean": [
            138.05232558139534,
            110.08720930232558,
            93.73837209302326,
            102.27906976744185,
            91.80232558139535,
            102.51744186046511,
            91.47093023255815,
            96.38372093023256
        ],
        "min": [
            23.0,
            19.0,
            15.0,
            15.0,
            14.0,
            31.0,
            20.0,
            19.0
        ],
        "max": [
            255.0,
            255.0,
            252.0,
            255.0,
            247.0,
            251.0,
            241.0,
            244.0
        ],
        "RawIntDen": [
            23745.0,
            18935.0,
            16123.0,
            17592.0,
            15790.0,
            17633.0,
            15733.0,
            16578.0
        ],
        "IntDen": [
            4548478.865671482,
            3627098.223688756,
            3088444.9252988547,
            3369839.5537962816,
            3024657.0347000505,
            3377693.3181042424,
            3013738.3867597147,
            3175602.553594518
        ],
        "FlagUp": 0,
        "Times": [
            -15,
            -10,
            -5,
            2,
            10,
            20,
            30,
            40
        ],
        "width": 0,
        "height": 0,
        "area": 191.55522702343575,
        "distance": 21.00452923936199,
        "xpert": [
            [
                282.0,
                34.8
            ],
            [
                275.8,
                34.2
            ],
            [
                274.8,
                28.0
            ],
            [
                275.2,
                21.2
            ],
            [
                282.0,
                14.8
            ],
            [
                286.2,
                23.8
            ],
            [
                286.2,
                28.0
            ],
            [
                285.6,
                31.6
            ]
        ],
        "stack": 0
    }
]