[
    {
        "type": "Stim",
        "location": [
            71,
            282
        ],
        "radloc": [
            0,
            0
        ],
        "mean": [
            40.45454545454545,
            43.54545454545455,
            42.03030303030303,
            45.371212121212125,
            44.49242424242424,
            47.75,
            59.25757575757576,
            55.25757575757576
        ],
        "min": [
            8.0,
            12.0,
            13.0,
            12.0,
            11.0,
            9.0,
            11.0,
            8.0
        ],
        "max": [
            96.0,
            114.0,
            104.0,
            110.0,
            127.0,
            126.0,
            160.0,
            137.0
        ],
        "RawIntDen": [
            5340.0,
            5748.0,
            5548.0,
            5989.0,
            5873.0,
            6303.0,
            7822.0,
            7294.0
        ],
        "IntDen": [
            3108.1617193363945,
            3345.6392439598494,
            3229.228692673842,
            3485.913958259488,
            3418.395838513604,
            3668.6785237785193,
            4552.816660795745,
            4245.492805400686
        ],
        "FlagUp": 0,
        "Times": [
            -15,
            -10,
            -5,
            2,
            10,
            20,
            30,
            40
        ],
        "width": 0,
        "height": 0,
        "area": 0.5820527564300364,
        "distance": 0,
        "xpert": [
            [
                71.0,
                289.6
            ],
            [
                66.0,
                287.0
            ],
            [
                65.4,
                282.0
            ],
            [
                65.4,
                276.4
            ],
            [
                71.0,
                276.2
            ],
            [
                75.8,
                277.2
            ],
            [
                77.6,
                282.0
            ],
            [
                76.2,
                287.2
            ]
        ],
        "stack": 0
    },
    {
        "type": "Spine",
        "location": [
            38,
            258
        ],
        "radloc": [
            0,
            0
        ],
        "mean": [
            43.725190839694655,
            44.48854961832061,
            46.916030534351144,
            47.41984732824427,
            53.0,
            50.70992366412214,
            60.83206106870229,
            59.55725190839695
        ],
        "min": [
            9.0,
            11.0,
            11.0,
            16.0,
            11.0,
            17.0,
            11.0,
            14.0
        ],
        "max": [
            96.0,
            113.0,
            110.0,
            133.0,
            140.0,
            106.0,
            176.0,
            181.0
        ],
        "RawIntDen": [
            5728.0,
            5828.0,
            6146.0,
            6212.0,
            6943.0,
            6643.0,
            7969.0,
            7802.0
        ],
        "IntDen": [
            3427.1953955865465,
            3487.0277174368703,
            3677.2945009209,
            3716.7838333421137,
            4154.158106067981,
            3974.6611405170092,
            4768.037728252302,
            4668.117750762262
        ],
        "FlagUp": 0,
        "Times": [
            -15,
            -10,
            -5,
            2,
            10,
            20,
            30,
            40
        ],
        "width": 0,
        "height": 0,
        "area": 0.5983232185032379,
        "distance": -1.05424,
        "xpert": [
            [
                38.0,
                266.8
            ],
            [
                32.6,
                263.4
            ],
            [
                32.2,
                258.0
            ],
            [
                34.0,
                254.0
            ],
            [
                38.0,
                252.4
            ],
            [
                42.0,
                254.0
            ],
            [
                43.2,
                258.0
            ],
            [
                45.0,
                265.0
            ]
        ],
        "stack": 0
    },
    {
        "type": "Spine",
        "location": [
            31,
            285
        ],
        "radloc": [
            0,
            0
        ],
        "mean": [
            58.235897435897435,
            58.85641025641026,
            68.03076923076924,
            66.93333333333334,
            61.02564102564103,
            64.28205128205128,
            63.46153846153846,
            58.98461538461538
        ],
        "min": [
            11.0,
            17.0,
            17.0,
            17.0,
            13.0,
            12.0,
            13.0,
            13.0
        ],
        "max": [
            130.0,
            154.0,
            145.0,
            149.0,
            152.0,
            150.0,
            146.0,
            178.0
        ],
        "RawIntDen": [
            11356.0,
            11477.0,
            13266.0,
            13052.0,
            11900.0,
            12535.0,
            12375.0,
            11502.0
        ],
        "IntDen": [
            11012.135091275923,
            11129.47115556303,
            12864.299411840999,
            12656.779430374545,
            11539.662520798121,
            12155.434428420544,
            12000.279302090485,
            11153.7141440521
        ],
        "FlagUp": 0,
        "Times": [
            -15,
            -10,
            -5,
            2,
            10,
            20,
            30,
            40
        ],
        "width": 0,
        "height": 0,
        "area": 0.9697195395628674,
        "distance": -0.59301,
        "xpert": [
            [
                31.0,
                290.2
            ],
            [
                25.4,
                290.6
            ],
            [
                14.4,
                285.0
            ],
            [
                24.8,
                278.8
            ],
            [
                31.0,
                278.8
            ],
            [
                36.8,
                279.2
            ],
            [
                38.2,
                285.0
            ],
            [
                35.0,
                289.0
            ]
        ],
        "stack": 0
    },
    {
        "type": "Spine",
        "location": [
            59,
            279
        ],
        "radloc": [
            0,
            0
        ],
        "mean": [
            40.597938144329895,
            41.845360824742265,
            43.76288659793814,
            44.68041237113402,
            45.02061855670103,
            44.4639175257732,
            53.47422680412371,
            54.34020618556701
        ],
        "min": [
            15.0,
            12.0,
            16.0,
            18.0,
            16.0,
            20.0,
            16.0,
            15.0
        ],
        "max": [
            88.0,
            92.0,
            108.0,
            89.0,
            109.0,
            108.0,
            140.0,
            125.0
        ],
        "RawIntDen": [
            3938.0,
            4059.0,
            4245.0,
            4334.0,
            4367.0,
            4313.0,
            5187.0,
            5271.0
        ],
        "IntDen": [
            1697.3321475576768,
            1749.484811309449,
            1829.653368812173,
            1868.0135925634765,
            1882.23704631396,
            1858.962303813169,
            2235.66832132597,
            2271.8734763272
        ],
        "FlagUp": 0,
        "Times": [
            -15,
            -10,
            -5,
            2,
            10,
            20,
            30,
            40
        ],
        "width": 0,
        "height": 0,
        "area": 0.4310137500146462,
        "distance": -1.3111777213733429,
        "xpert": [
            [
                59.0,
                286.0
            ],
            [
                54.0,
                284.0
            ],
            [
                53.4,
                279.0
            ],
            [
                56.0,
                276.0
            ],
            [
                59.0,
                273.6
            ],
            [
                63.0,
                275.0
            ],
            [
                65.0,
                279.0
            ],
            [
                63.2,
                283.2
            ]
        ],
        "stack": 0
    },
    {
        "type": "Spine",
        "location": [
            89,
            267
        ],
        "radloc": [
            0,
            0
        ],
        "mean": [
            27.8,
            30.236363636363638,
            32.38181818181818,
            31.836363636363636,
            31.754545454545454,
            33.90909090909091,
            33.25454545454546,
            38.25454545454546
        ],
        "min": [
            9.0,
            10.0,
            8.0,
            11.0,
            12.0,
            13.0,
            10.0,
            12.0
        ],
        "max": [
            54.0,
            78.0,
            68.0,
            67.0,
            75.0,
            75.0,
            76.0,
            102.0
        ],
        "RawIntDen": [
            3058.0,
            3326.0,
            3562.0,
            3502.0,
            3493.0,
            3730.0,
            3658.0,
            4208.0
        ],
        "IntDen": [
            1529.4521691310322,
            1663.4917967723393,
            1781.5266927549826,
            1751.5178208949885,
            1747.0164901159894,
            1865.551533962966,
            1829.5408877309733,
            2104.622213114252
        ],
        "FlagUp": 0,
        "Times": [
            -15,
            -10,
            -5,
            2,
            10,
            20,
            30,
            40
        ],
        "width": 0,
        "height": 0,
        "area": 0.5001478643332349,
        "distance": -0.6249851897485795,
        "xpert": [
            [
                89.0,
                273.2
            ],
            [
                83.2,
                272.8
            ],
            [
                83.4,
                267.0
            ],
            [
                85.8,
                263.8
            ],
            [
                89.0,
                261.0
            ],
            [
                95.0,
                261.0
            ],
            [
                94.0,
                267.0
            ],
            [
                93.2,
                271.2
            ]
        ],
        "stack": 0
    },
    {
        "type": "Spine",
        "location": [
            98,
            240
        ],
        "radloc": [
            0,
            0
        ],
        "mean": [
            47.87248322147651,
            53.75167785234899,
            54.22147651006711,
            55.852348993288594,
            60.214765100671144,
            59.4496644295302,
            64.77181208053692,
            72.33557046979865
        ],
        "min": [
            11.0,
            15.0,
            16.0,
            16.0,
            10.0,
            15.0,
            19.0,
            23.0
        ],
        "max": [
            135.0,
            144.0,
            137.0,
            165.0,
            158.0,
            155.0,
            176.0,
            180.0
        ],
        "RawIntDen": [
            7133.0,
            8009.0,
            8079.0,
            8322.0,
            8972.0,
            8858.0,
            9651.0,
            10778.0
        ],
        "IntDen": [
            4665.061728199128,
            5237.975519577571,
            5283.756301993657,
            5442.681018095211,
            5867.788283387435,
            5793.231009166952,
            6311.861872823466,
            7048.932469722445
        ],
        "FlagUp": 0,
        "Times": [
            -15,
            -10,
            -5,
            2,
            10,
            20,
            30,
            40
        ],
        "width": 0,
        "height": 0,
        "area": 0.6540111773726521,
        "distance": 0.7600763290619081,
        "xpert": [
            [
                98.0,
                249.4
            ],
            [
                91.8,
                246.2
            ],
            [
                91.8,
                240.0
            ],
            [
                93.0,
                235.0
            ],
            [
                98.0,
                234.4
            ],
            [
                101.4,
                236.6
            ],
            [
                104.0,
                240.0
            ],
            [
                104.4,
                246.4
            ]
        ],
        "stack": 0
    },
    {
        "type": "Spine",
        "location": [
            112,
            238
        ],
        "radloc": [
            0,
            0
        ],
        "mean": [
            36.25,
            38.05487804878049,
            38.890243902439025,
            40.23170731707317,
            42.93292682926829,
            43.49390243902439,
            42.53658536585366,
            51.01829268292683
        ],
        "min": [
            13.0,
            15.0,
            12.0,
            13.0,
            13.0,
            14.0,
            11.0,
            10.0
        ],
        "max": [
            80.0,
            102.0,
            94.0,
            120.0,
            126.0,
            101.0,
            137.0,
            161.0
        ],
        "RawIntDen": [
            5945.0,
            6241.0,
            6378.0,
            6598.0,
            7041.0,
            7133.0,
            6976.0,
            8367.0
        ],
        "IntDen": [
            4349.470267743955,
            4566.0292583667,
            4666.260953350875,
            4827.216959894806,
            5151.323827617358,
            5218.6327030811835,
            5103.768643865742,
            6121.449576150324
        ],
        "FlagUp": 0,
        "Times": [
            -15,
            -10,
            -5,
            2,
            10,
            20,
            30,
            40
        ],
        "width": 0,
        "height": 0,
        "area": 0.7316182115633231,
        "distance": 2.5564654427466857,
        "xpert": [
            [
                112.0,
                246.6
            ],
            [
                105.4,
                244.6
            ],
            [
                104.8,
                238.0
            ],
            [
                105.0,
                231.0
            ],
            [
                112.0,
                232.0
            ],
            [
                117.0,
                233.0
            ],
            [
                117.8,
                238.0
            ],
            [
                116.8,
                242.8
            ]
        ],
        "stack": 0
    },
    {
        "type": "Spine",
        "location": [
            128,
            228
        ],
        "radloc": [
            0,
            0
        ],
        "mean": [
            26.920289855072465,
            30.753623188405797,
            29.557971014492754,
            30.797101449275363,
            32.2536231884058,
            32.57971014492754,
            34.471014492753625,
            31.39855072463768
        ],
        "min": [
            9.0,
            8.0,
            10.0,
            10.0,
            11.0,
            8.0,
            9.0,
            8.0
        ],
        "max": [
            59.0,
            73.0,
            65.0,
            74.0,
            84.0,
            79.0,
            97.0,
            83.0
        ],
        "RawIntDen": [
            3715.0,
            4244.0,
            4079.0,
            4250.0,
            4451.0,
            4496.0,
            4757.0,
            4333.0
        ],
        "IntDen": [
            2271.1265700210856,
            2594.5252121586777,
            2493.654180111981,
            2598.1932496876484,
            2721.0725069081705,
            2748.5827883754514,
            2908.142420885681,
            2648.934435505078
        ],
        "FlagUp": 0,
        "Times": [
            -15,
            -10,
            -5,
            2,
            10,
            20,
            30,
            40
        ],
        "width": 0,
        "height": 0,
        "area": 0.6113395881617997,
        "distance": 3.0369941769343045,
        "xpert": [
            [
                128.0,
                234.2
            ],
            [
                121.8,
                234.2
            ],
            [
                121.2,
                228.0
            ],
            [
                122.2,
                222.2
            ],
            [
                128.0,
                221.6
            ],
            [
                132.4,
                223.6
            ],
            [
                133.2,
                228.0
            ],
            [
                133.6,
                233.6
            ]
        ],
        "stack": 0
    },
    {
        "type": "Spine",
        "location": [
            153,
            234
        ],
        "radloc": [
            0,
            0
        ],
        "mean": [
            44.24193548387097,
            46.82795698924731,
            50.31720430107527,
            51.666666666666664,
            54.73118279569893,
            57.03763440860215,
            60.04838709677419,
            67.62903225806451
        ],
        "min": [
            10.0,
            7.0,
            16.0,
            15.0,
            18.0,
            20.0,
            16.0,
            21.0
        ],
        "max": [
            118.0,
            104.0,
            130.0,
            127.0,
            123.0,
            123.0,
            119.0,
            144.0
        ],
        "RawIntDen": [
            8229.0,
            8710.0,
            9359.0,
            9610.0,
            10180.0,
            10609.0,
            11169.0,
            12579.0
        ],
        "IntDen": [
            6736.416863374745,
            7130.172667395069,
            7661.456486125196,
            7866.929889054721,
            8333.542796105832,
            8684.730405096934,
            9143.157120796272,
            10297.410101396392
        ],
        "FlagUp": 0,
        "Times": [
            -15,
            -10,
            -5,
            2,
            10,
            20,
            30,
            40
        ],
        "width": 0,
        "height": 0,
        "area": 0.8186191351773903,
        "distance": 4.6842441769343015,
        "xpert": [
            [
                153.0,
                241.2
            ],
            [
                147.4,
                239.6
            ],
            [
                142.8,
                234.0
            ],
            [
                146.2,
                227.2
            ],
            [
                153.0,
                227.8
            ],
            [
                157.8,
                229.2
            ],
            [
                160.8,
                234.0
            ],
            [
                159.2,
                240.2
            ]
        ],
        "stack": 0
    },
    {
        "type": "Spine",
        "location": [
            145,
            261
        ],
        "radloc": [
            0,
            0
        ],
        "mean": [
            33.80473372781065,
            37.10650887573964,
            36.337278106508876,
            36.3905325443787,
            37.798816568047336,
            37.63905325443787,
            41.44378698224852,
            41.01183431952663
        ],
        "min": [
            10.0,
            14.0,
            11.0,
            14.0,
            13.0,
            11.0,
            11.0,
            11.0
        ],
        "max": [
            76.0,
            98.0,
            72.0,
            77.0,
            101.0,
            77.0,
            92.0,
            91.0
        ],
        "RawIntDen": [
            5713.0,
            6271.0,
            6141.0,
            6150.0,
            6388.0,
            6361.0,
            7004.0,
            6931.0
        ],
        "IntDen": [
            4436.495996137949,
            4869.817327460368,
            4768.864329123604,
            4775.853382854611,
            4960.6750259634555,
            4939.707864770435,
            5439.036925774584,
            5382.347934400863
        ],
        "FlagUp": 0,
        "Times": [
            -15,
            -10,
            -5,
            2,
            10,
            20,
            30,
            40
        ],
        "width": 0,
        "height": 0,
        "area": 0.7765615256674163,
        "distance": 4.157124176934303,
        "xpert": [
            [
                145.0,
                266.6
            ],
            [
                139.6,
                266.4
            ],
            [
                137.2,
                261.0
            ],
            [
                138.6,
                254.6
            ],
            [
                145.0,
                253.2
            ],
            [
                152.8,
                253.2
            ],
            [
                151.4,
                261.0
            ],
            [
                150.0,
                266.0
            ]
        ],
        "stack": 0
    },
    {
        "type": "Spine",
        "location": [
            174,
            238
        ],
        "radloc": [
            0,
            0
        ],
        "mean": [
            32.829787234042556,
            37.06382978723404,
            39.54255319148936,
            35.297872340425535,
            36.212765957446805,
            37.81382978723404,
            36.670212765957444,
            35.638297872340424
        ],
        "min": [
            7.0,
            7.0,
            14.0,
            14.0,
            10.0,
            15.0,
            13.0,
            11.0
        ],
        "max": [
            86.0,
            85.0,
            89.0,
            74.0,
            77.0,
            87.0,
            79.0,
            93.0
        ],
        "RawIntDen": [
            6172.0,
            6968.0,
            7434.0,
            6636.0,
            6808.0,
            7109.0,
            6894.0,
            6700.0
        ],
        "IntDen": [
            5459.8866940487815,
            6164.045768653907,
            6576.279598761932,
            5870.351280250764,
            6022.506256170464,
            6288.77746402994,
            6098.583744130315,
            5926.967085244141
        ],
        "FlagUp": 0,
        "Times": [
            -15,
            -10,
            -5,
            2,
            10,
            20,
            30,
            40
        ],
        "width": 0,
        "height": 0,
        "area": 0.8846219530215136,
        "distance": 6.149811771808592,
        "xpert": [
            [
                174.0,
                244.6
            ],
            [
                167.8,
                244.2
            ],
            [
                165.2,
                238.0
            ],
            [
                167.0,
                231.0
            ],
            [
                174.0,
                228.4
            ],
            [
                180.6,
                231.4
            ],
            [
                179.4,
                238.0
            ],
            [
                180.0,
                244.0
            ]
        ],
        "stack": 0
    },
    {
        "type": "Spine",
        "location": [
            208,
            233
        ],
        "radloc": [
            0,
            0
        ],
        "mean": [
            62.91573033707865,
            67.98314606741573,
            71.32584269662921,
            74.09550561797752,
            71.43258426966293,
            75.19101123595506,
            78.01685393258427,
            82.91011235955057
        ],
        "min": [
            16.0,
            16.0,
            19.0,
            19.0,
            14.0,
            16.0,
            19.0,
            23.0
        ],
        "max": [
            136.0,
            160.0,
            156.0,
            167.0,
            157.0,
            173.0,
            183.0,
            186.0
        ],
        "RawIntDen": [
            11199.0,
            12101.0,
            12696.0,
            13189.0,
            12715.0,
            13384.0,
            13887.0,
            14758.0
        ],
        "IntDen": [
            9398.74790616712,
            10155.7503716875,
            10655.10343929795,
            11068.853123889467,
            10671.04916750736,
            11232.506650249195,
            11654.64882337198,
            12385.634574445428
        ],
        "FlagUp": 0,
        "Times": [
            -15,
            -10,
            -5,
            2,
            10,
            20,
            30,
            40
        ],
        "width": 0,
        "height": 0,
        "area": 0.8392488531268077,
        "distance": 9.103556835058118,
        "xpert": [
            [
                208.0,
                241.2
            ],
            [
                201.4,
                239.6
            ],
            [
                200.4,
                233.0
            ],
            [
                201.4,
                226.4
            ],
            [
                208.0,
                225.4
            ],
            [
                214.2,
                226.8
            ],
            [
                214.0,
                233.0
            ],
            [
                214.2,
                239.2
            ]
        ],
        "stack": 0
    },
    {
        "type": "Spine",
        "location": [
            232,
            230
        ],
        "radloc": [
            0,
            0
        ],
        "mean": [
            32.12307692307692,
            32.223076923076924,
            35.684615384615384,
            37.16923076923077,
            38.16923076923077,
            41.323076923076925,
            44.746153846153845,
            48.84615384615385
        ],
        "min": [
            8.0,
            10.0,
            12.0,
            14.0,
            13.0,
            11.0,
            12.0,
            6.0
        ],
        "max": [
            66.0,
            93.0,
            85.0,
            76.0,
            81.0,
            80.0,
            108.0,
            132.0
        ],
        "RawIntDen": [
            4176.0,
            4189.0,
            4639.0,
            4832.0,
            4962.0,
            5372.0,
            5817.0,
            6350.0
        ],
        "IntDen": [
            2440.6518298521696,
            2448.2496444565945,
            2711.2509192251473,
            2824.049243736993,
            2900.0273897812417,
            3139.6507734592565,
            3399.729811841492,
            3711.240210622911
        ],
        "FlagUp": 0,
        "Times": [
            -15,
            -10,
            -5,
            2,
            10,
            20,
            30,
            40
        ],
        "width": 0,
        "height": 0,
        "area": 0.5844472772634506,
        "distance": 10.053309366682885,
        "xpert": [
            [
                232.0,
                239.2
            ],
            [
                225.2,
                236.8
            ],
            [
                225.0,
                230.0
            ],
            [
                227.6,
                225.6
            ],
            [
                232.0,
                224.8
            ],
            [
                235.4,
                226.6
            ],
            [
                237.2,
                230.0
            ],
            [
                236.4,
                234.4
            ]
        ],
        "stack": 0
    },
    {
        "type": "Spine",
        "location": [
            247,
            236
        ],
        "radloc": [
            0,
            0
        ],
        "mean": [
            62.88405797101449,
            71.89855072463769,
            77.31884057971014,
            76.6086956521739,
            85.90579710144928,
            78.7536231884058,
            95.34057971014492,
            108.34057971014492
        ],
        "min": [
            8.0,
            15.0,
            16.0,
            14.0,
            20.0,
            21.0,
            18.0,
            32.0
        ],
        "max": [
            165.0,
            156.0,
            186.0,
            193.0,
            211.0,
            215.0,
            237.0,
            239.0
        ],
        "RawIntDen": [
            8678.0,
            9922.0,
            10670.0,
            10572.0,
            11855.0,
            10868.0,
            13157.0,
            14951.0
        ],
        "IntDen": [
            5226.881643158383,
            5976.160366837689,
            6426.691303583768,
            6367.664523100993,
            7140.433496156099,
            6545.949492722436,
            7924.646436855824,
            9005.197908142542
        ],
        "FlagUp": 0,
        "Times": [
            -15,
            -10,
            -5,
            2,
            10,
            20,
            30,
            40
        ],
        "width": 0,
        "height": 0,
        "area": 0.6023140865589286,
        "distance": 11.041659366682891,
        "xpert": [
            [
                247.0,
                242.2
            ],
            [
                240.8,
                242.2
            ],
            [
                241.2,
                236.0
            ],
            [
                242.4,
                231.4
            ],
            [
                247.0,
                230.6
            ],
            [
                251.8,
                231.2
            ],
            [
                254.0,
                236.0
            ],
            [
                253.2,
                242.2
            ]
        ],
        "stack": 0
    },
    {
        "type": "Spine",
        "location": [
            260,
            234
        ],
        "radloc": [
            0,
            0
        ],
        "mean": [
            52.095238095238095,
            53.55555555555556,
            52.61904761904762,
            55.698412698412696,
            59.095238095238095,
            59.80952380952381,
            62.82539682539682,
            67.42857142857143
        ],
        "min": [
            14.0,
            18.0,
            12.0,
            14.0,
            20.0,
            18.0,
            16.0,
            13.0
        ],
        "max": [
            103.0,
            113.0,
            112.0,
            115.0,
            104.0,
            149.0,
            147.0,
            166.0
        ],
        "RawIntDen": [
            6564.0,
            6748.0,
            6630.0,
            7018.0,
            7446.0,
            7536.0,
            7916.0,
            8496.0
        ],
        "IntDen": [
            3602.9655043532057,
            3703.9627092284322,
            3639.1927626236675,
            3852.1651294257763,
            4087.0934103311956,
            4136.494217063643,
            4345.075401045091,
            4663.436155543089
        ],
        "FlagUp": 0,
        "Times": [
            -15,
            -10,
            -5,
            2,
            10,
            20,
            30,
            40
        ],
        "width": 0,
        "height": 0,
        "area": 0.5488978525827553,
        "distance": 12.057301898307653,
        "xpert": [
            [
                260.0,
                240.2
            ],
            [
                254.0,
                240.0
            ],
            [
                252.8,
                234.0
            ],
            [
                255.6,
                229.6
            ],
            [
                260.0,
                229.2
            ],
            [
                263.0,
                231.0
            ],
            [
                266.6,
                234.0
            ],
            [
                266.0,
                240.0
            ]
        ],
        "stack": 0
    },
    {
        "type": "Spine",
        "location": [
            279,
            234
        ],
        "radloc": [
            0,
            0
        ],
        "mean": [
            89.0503144654088,
            96.72955974842768,
            104.18867924528301,
            105.65408805031447,
            107.57861635220125,
            104.27672955974843,
            112.67924528301887,
            120.69811320754717
        ],
        "min": [
            20.0,
            22.0,
            31.0,
            27.0,
            41.0,
            33.0,
            33.0,
            28.0
        ],
        "max": [
            208.0,
            193.0,
            217.0,
            204.0,
            197.0,
            228.0,
            217.0,
            209.0
        ],
        "RawIntDen": [
            14159.0,
            15380.0,
            16566.0,
            16799.0,
            17105.0,
            16580.0,
            17916.0,
            19191.0
        ],
        "IntDen": [
            10190.33148898199,
            11069.093742534289,
            11922.666250898767,
            12090.357983149124,
            12310.588326791223,
            11932.742148973895,
            12894.270708143324,
            13811.897139985405
        ],
        "FlagUp": 0,
        "Times": [
            -15,
            -10,
            -5,
            2,
            10,
            20,
            30,
            40
        ],
        "width": 0,
        "height": 0,
        "area": 0.7197070053663387,
        "distance": 13.177431898307653,
        "xpert": [
            [
                279.0,
                240.8
            ],
            [
                272.2,
                240.8
            ],
            [
                269.0,
                234.0
            ],
            [
                273.4,
                228.4
            ],
            [
                279.0,
                228.2
            ],
            [
                283.8,
                229.2
            ],
            [
                284.8,
                234.0
            ],
            [
                284.2,
                239.2
            ]
        ],
        "stack": 0
    },
    {
        "type": "Spine",
        "location": [
            284,
            258
        ],
        "radloc": [
            0,
            0
        ],
        "mean": [
            61.07936507936508,
            59.55555555555556,
            56.785714285714285,
            57.98412698412698,
            54.48412698412698,
            58.72222222222222,
            61.73809523809524,
            62.29365079365079
        ],
        "min": [
            16.0,
            20.0,
            20.0,
            13.0,
            14.0,
            15.0,
            21.0,
            15.0
        ],
        "max": [
            128.0,
            130.0,
            119.0,
            136.0,
            156.0,
            155.0,
            123.0,
            137.0
        ],
        "RawIntDen": [
            7696.0,
            7504.0,
            7155.0,
            7306.0,
            6865.0,
            7399.0,
            7779.0,
            7849.0
        ],
        "IntDen": [
            4472.862750596446,
            4361.2736591054745,
            4158.43723759324,
            4246.19740850541,
            3989.8912139870845,
            4300.248374696349,
            4521.101784938897,
            4561.785307878314
        ],
        "FlagUp": 0,
        "Times": [
            -15,
            -10,
            -5,
            2,
            10,
            20,
            30,
            40
        ],
        "width": 0,
        "height": 0,
        "area": 0.5811931848488106,
        "distance": 13.506881898307654,
        "xpert": [
            [
                284.0,
                263.6
            ],
            [
                278.6,
                263.4
            ],
            [
                278.2,
                258.0
            ],
            [
                278.8,
                252.8
            ],
            [
                284.0,
                251.2
            ],
            [
                290.8,
                251.2
            ],
            [
                289.8,
                258.0
            ],
            [
                287.8,
                261.8
            ]
        ],
        "stack": 0
    },
    {
        "type": "Spine",
        "location": [
            295,
            262
        ],
        "radloc": [
            0,
            0
        ],
        "mean": [
            42.42948717948718,
            44.65384615384615,
            48.92307692307692,
            48.12820512820513,
            47.166666666666664,
            50.506410256410255,
            61.07051282051282,
            56.94871794871795
        ],
        "min": [
            15.0,
            17.0,
            20.0,
            20.0,
            18.0,
            16.0,
            19.0,
            11.0
        ],
        "max": [
            101.0,
            90.0,
            98.0,
            94.0,
            100.0,
            115.0,
            129.0,
            136.0
        ],
        "RawIntDen": [
            6619.0,
            6966.0,
            7632.0,
            7508.0,
            7358.0,
            7879.0,
            9527.0,
            8884.0
        ],
        "IntDen": [
            4845.832087649702,
            5099.8740478271375,
            5587.458905112936,
            5496.677340092757,
            5386.860930794153,
            5768.289925757969,
            6974.806209251958,
            6504.059868058611
        ],
        "FlagUp": 0,
        "Times": [
            -15,
            -10,
            -5,
            2,
            10,
            20,
            30,
            40
        ],
        "width": 0,
        "height": 0,
        "area": 0.732109395324022,
        "distance": 14.231671898307656,
        "xpert": [
            [
                295.0,
                268.0
            ],
            [
                287.6,
                269.4
            ],
            [
                289.6,
                262.0
            ],
            [
                291.0,
                258.0
            ],
            [
                295.0,
                253.2
            ],
            [
                300.8,
                256.2
            ],
            [
                303.2,
                262.0
            ],
            [
                300.4,
                267.4
            ]
        ],
        "stack": 0
    },
    {
        "type": "Spine",
        "location": [
            292,
            240
        ],
        "radloc": [
            0,
            0
        ],
        "mean": [
            73.32673267326733,
            77.58415841584159,
            77.25742574257426,
            80.8019801980198,
            79.98019801980197,
            79.12871287128714,
            80.5049504950495,
            99.67326732673267
        ],
        "min": [
            27.0,
            33.0,
            24.0,
            25.0,
            28.0,
            29.0,
            31.0,
            29.0
        ],
        "max": [
            178.0,
            165.0,
            153.0,
            155.0,
            204.0,
            149.0,
            147.0,
            227.0
        ],
        "RawIntDen": [
            7406.0,
            7836.0,
            7803.0,
            8161.0,
            8078.0,
            7992.0,
            8131.0,
            10067.0
        ],
        "IntDen": [
            3325.318848983733,
            3518.3902917413625,
            3503.573181018103,
            3664.3163821977105,
            3627.0491037119355,
            3588.4348151604095,
            3650.8462815402013,
            4520.1167773047855
        ],
        "FlagUp": 0,
        "Times": [
            -15,
            -10,
            -5,
            2,
            10,
            20,
            30,
            40
        ],
        "width": 0,
        "height": 0,
        "area": 0.4490033552503015,
        "distance": 14.034001898307658,
        "xpert": [
            [
                292.0,
                245.2
            ],
            [
                287.2,
                244.8
            ],
            [
                286.4,
                240.0
            ],
            [
                288.6,
                236.6
            ],
            [
                292.0,
                235.2
            ],
            [
                296.4,
                235.6
            ],
            [
                299.8,
                240.0
            ],
            [
                296.6,
                244.6
            ]
        ],
        "stack": 0
    },
    {
        "type": "Spine",
        "location": [
            310,
            228
        ],
        "radloc": [
            0,
            0
        ],
        "mean": [
            32.12230215827338,
            35.223021582733814,
            37.884892086330936,
            40.46762589928058,
            38.935251798561154,
            38.9136690647482,
            38.935251798561154,
            40.17985611510792
        ],
        "min": [
            9.0,
            10.0,
            10.0,
            13.0,
            11.0,
            8.0,
            9.0,
            7.0
        ],
        "max": [
            71.0,
            75.0,
            85.0,
            82.0,
            112.0,
            86.0,
            78.0,
            94.0
        ],
        "RawIntDen": [
            4465.0,
            4896.0,
            5266.0,
            5625.0,
            5412.0,
            5409.0,
            5412.0,
            5585.0
        ],
        "IntDen": [
            2780.073377447571,
            3048.4298445651307,
            3278.8054659885574,
            3502.3320824507473,
            3369.7104409286126,
            3367.8425304846387,
            3369.7104409286126,
            3477.426609864431
        ],
        "FlagUp": 0,
        "Times": [
            -15,
            -10,
            -5,
            2,
            10,
            20,
            30,
            40
        ],
        "width": 0,
        "height": 0,
        "area": 0.6226368146579107,
        "distance": 15.220021898307657,
        "xpert": [
            [
                310.0,
                235.0
            ],
            [
                305.0,
                233.0
            ],
            [
                301.6,
                228.0
            ],
            [
                303.4,
                221.4
            ],
            [
                310.0,
                221.6
            ],
            [
                313.6,
                224.4
            ],
            [
                314.4,
                228.0
            ],
            [
                315.6,
                233.6
            ]
        ],
        "stack": 0
    },
    {
        "type": "Spine",
        "location": [
            306,
            242
        ],
        "radloc": [
            0,
            0
        ],
        "mean": [
            71.61325966850829,
            76.30386740331491,
            76.22651933701657,
            84.27624309392266,
            77.9060773480663,
            81.30939226519337,
            88.81767955801105,
            97.35911602209944
        ],
        "min": [
            14.0,
            15.0,
            13.0,
            14.0,
            14.0,
            16.0,
            19.0,
            22.0
        ],
        "max": [
            186.0,
            187.0,
            193.0,
            203.0,
            182.0,
            211.0,
            214.0,
            207.0
        ],
        "RawIntDen": [
            12962.0,
            13811.0,
            13797.0,
            15254.0,
            14101.0,
            14717.0,
            16076.0,
            17622.0
        ],
        "IntDen": [
            10563.986641361129,
            11255.918801407079,
            11244.508848237887,
            12431.958974488709,
            11492.267831340323,
            11994.305770784735,
            13101.88622485122,
            14361.8710533919
        ],
        "FlagUp": 0,
        "Times": [
            -15,
            -10,
            -5,
            2,
            10,
            20,
            30,
            40
        ],
        "width": 0,
        "height": 0,
        "area": 0.8149966549422256,
        "distance": 14.956461898307657,
        "xpert": [
            [
                306.0,
                252.8
            ],
            [
                298.4,
                249.6
            ],
            [
                298.2,
                242.0
            ],
            [
                299.8,
                235.8
            ],
            [
                306.0,
                235.6
            ],
            [
                309.4,
                238.6
            ],
            [
                311.0,
                242.0
            ],
            [
                312.0,
                248.0
            ]
        ],
        "stack": 0
    },
    {
        "type": "Spine",
        "location": [
            316,
            266
        ],
        "radloc": [
            0,
            0
        ],
        "mean": [
            38.83435582822086,
            38.03680981595092,
            39.88343558282209,
            37.515337423312886,
            37.515337423312886,
            42.76687116564417,
            42.625766871165645,
            42.74233128834356
        ],
        "min": [
            10.0,
            10.0,
            12.0,
            10.0,
            7.0,
            10.0,
            9.0,
            11.0
        ],
        "max": [
            110.0,
            88.0,
            94.0,
            92.0,
            102.0,
            125.0,
            104.0,
            112.0
        ],
        "RawIntDen": [
            6330.0,
            6200.0,
            6501.0,
            6115.0,
            6115.0,
            6971.0,
            6948.0,
            6967.0
        ],
        "IntDen": [
            4907.084176160331,
            4806.306776018017,
            5039.645217885989,
            4740.413860540351,
            4740.413860540351,
            5403.994279938967,
            5386.164432221482,
            5400.893436857666
        ],
        "FlagUp": 0,
        "Times": [
            -15,
            -10,
            -5,
            2,
            10,
            20,
            30,
            40
        ],
        "width": 0,
        "height": 0,
        "area": 0.7752107703254867,
        "distance": 15.669946961557185,
        "xpert": [
            [
                316.0,
                272.0
            ],
            [
                310.8,
                271.2
            ],
            [
                308.6,
                266.0
            ],
            [
                306.6,
                256.6
            ],
            [
                316.0,
                257.2
            ],
            [
                320.4,
                261.6
            ],
            [
                321.0,
                266.0
            ],
            [
                320.6,
                270.6
            ]
        ],
        "stack": 0
    },
    {
        "type": "Spine",
        "location": [
            338,
            268
        ],
        "radloc": [
            0,
            0
        ],
        "mean": [
            52.4304932735426,
            55.47533632286996,
            55.57847533632287,
            58.18834080717489,
            56.92825112107624,
            61.32286995515695,
            61.29596412556054,
            62.681614349775785
        ],
        "min": [
            12.0,
            16.0,
            10.0,
            18.0,
            15.0,
            11.0,
            12.0,
            10.0
        ],
        "max": [
            109.0,
            115.0,
            144.0,
            137.0,
            122.0,
            157.0,
            131.0,
            150.0
        ],
        "RawIntDen": [
            11692.0,
            12371.0,
            12394.0,
            12976.0,
            12695.0,
            13675.0,
            13669.0,
            13978.0
        ],
        "IntDen": [
            11778.012142188714,
            12462.007202447536,
            12485.176401837747,
            13071.457882059594,
            12788.390706900935,
            13775.600072222946,
            13769.555933251586,
            14080.829090276588
        ],
        "FlagUp": 0,
        "Times": [
            -15,
            -10,
            -5,
            2,
            10,
            20,
            30,
            40
        ],
        "width": 0,
        "height": 0,
        "area": 1.0073564952265408,
        "distance": 17.83301202480671,
        "xpert": [
            [
                338.0,
                274.0
            ],
            [
                331.4,
                274.6
            ],
            [
                328.6,
                268.0
            ],
            [
                328.0,
                258.0
            ],
            [
                338.0,
                258.0
            ],
            [
                343.6,
                262.4
            ],
            [
                344.0,
                268.0
            ],
            [
                342.8,
                272.8
            ]
        ],
        "stack": 0
    },
    {
        "type": "Spine",
        "location": [
            333,
            236
        ],
        "radloc": [
            0,
            0
        ],
        "mean": [
            53.390728476821195,
            58.086092715231786,
            58.94701986754967,
            62.48344370860927,
            58.966887417218544,
            65.27814569536424,
            70.98675496688742,
            73.52980132450331
        ],
        "min": [
            10.0,
            12.0,
            17.0,
            18.0,
            13.0,
            15.0,
            19.0,
            10.0
        ],
        "max": [
            113.0,
            139.0,
            132.0,
            139.0,
            112.0,
            156.0,
            140.0,
            148.0
        ],
        "RawIntDen": [
            8062.0,
            8771.0,
            8901.0,
            9435.0,
            8904.0,
            9857.0,
            10719.0,
            11103.0
        ],
        "IntDen": [
            5684.96514420494,
            6184.920525901951,
            6276.590765141177,
            6653.14390170846,
            6278.706232200544,
            6950.719601392718,
            7558.563803117434,
            7829.343586716379
        ],
        "FlagUp": 0,
        "Times": [
            -15,
            -10,
            -5,
            2,
            10,
            20,
            30,
            40
        ],
        "width": 0,
        "height": 0,
        "area": 0.7051556864555867,
        "distance": 16.790076961557183,
        "xpert": [
            [
                333.0,
                242.8
            ],
            [
                326.2,
                242.8
            ],
            [
                326.8,
                236.0
            ],
            [
                327.0,
                230.0
            ],
            [
                333.0,
                228.8
            ],
            [
                337.2,
                231.8
            ],
            [
                339.0,
                236.0
            ],
            [
                339.6,
                242.6
            ]
        ],
        "stack": 0
    },
    {
        "type": "Spine",
        "location": [
            361,
            240
        ],
        "radloc": [
            0,
            0
        ],
        "mean": [
            29.02127659574468,
            29.68617021276596,
            26.845744680851062,
            30.340425531914892,
            29.356382978723403,
            27.914893617021278,
            33.191489361702125,
            35.723404255319146
        ],
        "min": [
            9.0,
            9.0,
            6.0,
            11.0,
            9.0,
            8.0,
            13.0,
            12.0
        ],
        "max": [
            63.0,
            73.0,
            56.0,
            62.0,
            65.0,
            55.0,
            70.0,
            84.0
        ],
        "RawIntDen": [
            5456.0,
            5581.0,
            5047.0,
            5704.0,
            5519.0,
            5248.0,
            6240.0,
            6716.0
        ],
        "IntDen": [
            4405.418308414661,
            4506.348896492343,
            4075.173424224485,
            4605.664595160782,
            4456.287324805812,
            4237.469809853397,
            5038.454956837882,
            5422.798636237694
        ],
        "FlagUp": 0,
        "Times": [
            -15,
            -10,
            -5,
            2,
            10,
            20,
            30,
            40
        ],
        "width": 0,
        "height": 0,
        "area": 0.8074447046214553,
        "distance": 18.716874556431478,
        "xpert": [
            [
                361.0,
                246.2
            ],
            [
                355.2,
                245.8
            ],
            [
                352.4,
                240.0
            ],
            [
                354.8,
                233.8
            ],
            [
                361.0,
                231.6
            ],
            [
                366.8,
                234.2
            ],
            [
                368.4,
                240.0
            ],
            [
                367.2,
                246.2
            ]
        ],
        "stack": 0
    },
    {
        "type": "Spine",
        "location": [
            384,
            240
        ],
        "radloc": [
            0,
            0
        ],
        "mean": [
            36.153284671532845,
            37.32116788321168,
            37.01459854014598,
            39.87591240875913,
            34.31386861313869,
            38.627737226277375,
            43.78102189781022,
            47.44525547445255
        ],
        "min": [
            10.0,
            15.0,
            12.0,
            12.0,
            10.0,
            9.0,
            12.0,
            8.0
        ],
        "max": [
            75.0,
            87.0,
            73.0,
            119.0,
            64.0,
            87.0,
            83.0,
            112.0
        ],
        "RawIntDen": [
            4953.0,
            5113.0,
            5071.0,
            5463.0,
            4701.0,
            5292.0,
            5998.0,
            6500.0
        ],
        "IntDen": [
            3054.1179367079517,
            3152.7771068822444,
            3126.8790747114926,
            3368.59404163851,
            2898.7297436834406,
            3263.1520535147347,
            3698.4856419088014,
            4008.0287883306455
        ],
        "FlagUp": 0,
        "Times": [
            -15,
            -10,
            -5,
            2,
            10,
            20,
            30,
            40
        ],
        "width": 0,
        "height": 0,
        "area": 0.61661981358933,
        "distance": 20.25963708805624,
        "xpert": [
            [
                384.0,
                246.4
            ],
            [
                377.4,
                246.6
            ],
            [
                375.8,
                240.0
            ],
            [
                379.0,
                235.0
            ],
            [
                384.0,
                232.4
            ],
            [
                388.0,
                236.0
            ],
            [
                389.6,
                240.0
            ],
            [
                388.2,
                244.2
            ]
        ],
        "stack": 0
    },
    {
        "type": "Spine",
        "location": [
            366,
            275
        ],
        "radloc": [
            0,
            0
        ],
        "mean": [
            58.57861635220126,
            62.34591194968554,
            65.19811320754717,
            65.70440251572327,
            63.65723270440252,
            64.8993710691824,
            69.88050314465409,
            66.09433962264151
        ],
        "min": [
            12.0,
            10.0,
            19.0,
            17.0,
            14.0,
            21.0,
            20.0,
            9.0
        ],
        "max": [
            129.0,
            133.0,
            138.0,
            139.0,
            126.0,
            131.0,
            143.0,
            158.0
        ],
        "RawIntDen": [
            18628.0,
            19826.0,
            20733.0,
            20894.0,
            20243.0,
            20638.0,
            22222.0,
            21018.0
        ],
        "IntDen": [
            28022.317697766375,
            29824.483072574414,
            31188.89375283392,
            31431.08793091747,
            30451.78103692746,
            31045.984144647973,
            33428.81382219049,
            31617.622577391758
        ],
        "FlagUp": 0,
        "Times": [
            -15,
            -10,
            -5,
            2,
            10,
            20,
            30,
            40
        ],
        "width": 0,
        "height": 0,
        "area": 1.504311665115223,
        "distance": 19.07361708805624,
        "xpert": [
            [
                366.0,
                280.6
            ],
            [
                359.6,
                281.4
            ],
            [
                354.2,
                275.0
            ],
            [
                355.2,
                264.2
            ],
            [
                366.0,
                265.2
            ],
            [
                375.4,
                265.6
            ],
            [
                378.6,
                275.0
            ],
            [
                371.6,
                280.6
            ]
        ],
        "stack": 0
    },
    {
        "type": "Spine",
        "location": [
            393,
            243
        ],
        "radloc": [
            0,
            0
        ],
        "mean": [
            33.598130841121495,
            33.495327102803735,
            32.81308411214953,
            34.90654205607477,
            32.97196261682243,
            35.373831775700936,
            41.64485981308411,
            38.13084112149533
        ],
        "min": [
            14.0,
            13.0,
            13.0,
            14.0,
            14.0,
            13.0,
            13.0,
            9.0
        ],
        "max": [
            68.0,
            66.0,
            98.0,
            65.0,
            61.0,
            70.0,
            103.0,
            92.0
        ],
        "RawIntDen": [
            3595.0,
            3584.0,
            3511.0,
            3735.0,
            3528.0,
            3785.0,
            4456.0,
            4080.0
        ],
        "IntDen": [
            1646.3930146846837,
            1641.3553726369698,
            1607.9237481385048,
            1710.5084589283153,
            1615.7091949395171,
            1733.4068318724696,
            2040.7029967830183,
            1868.507232242979
        ],
        "FlagUp": 0,
        "Times": [
            -15,
            -10,
            -5,
            2,
            10,
            20,
            30,
            40
        ],
        "width": 0,
        "height": 0,
        "area": 0.4579674588830831,
        "distance": 20.85264708805624,
        "xpert": [
            [
                393.0,
                248.2
            ],
            [
                387.8,
                248.2
            ],
            [
                387.4,
                243.0
            ],
            [
                388.8,
                238.8
            ],
            [
                393.0,
                236.4
            ],
            [
                396.6,
                239.4
            ],
            [
                398.2,
                243.0
            ],
            [
                398.2,
                248.2
            ]
        ],
        "stack": 0
    },
    {
        "type": "Spine",
        "location": [
            419,
            241
        ],
        "radloc": [
            0,
            0
        ],
        "mean": [
            36.739583333333336,
            38.244791666666664,
            40.276041666666664,
            41.265625,
            37.78125,
            39.848958333333336,
            43.645833333333336,
            47.3125
        ],
        "min": [
            10.0,
            10.0,
            10.0,
            11.0,
            12.0,
            11.0,
            14.0,
            10.0
        ],
        "max": [
            93.0,
            101.0,
            93.0,
            115.0,
            92.0,
            116.0,
            126.0,
            161.0
        ],
        "RawIntDen": [
            7054.0,
            7343.0,
            7733.0,
            7923.0,
            7254.0,
            7651.0,
            8380.0,
            9084.0
        ],
        "IntDen": [
            5893.642231815641,
            6135.102765554614,
            6460.949160565686,
            6619.694840186465,
            6060.742947205934,
            6392.437867255666,
            7001.519974853284,
            7589.714493027116
        ],
        "FlagUp": 0,
        "Times": [
            -15,
            -10,
            -5,
            2,
            10,
            20,
            30,
            40
        ],
        "width": 0,
        "height": 0,
        "area": 0.8355035769514659,
        "distance": 22.56578708805624,
        "xpert": [
            [
                419.0,
                247.2
            ],
            [
                412.8,
                247.2
            ],
            [
                409.8,
                241.0
            ],
            [
                412.8,
                234.8
            ],
            [
                419.0,
                232.8
            ],
            [
                423.4,
                236.6
            ],
            [
                428.2,
                241.0
            ],
            [
                425.2,
                247.2
            ]
        ],
        "stack": 0
    },
    {
        "type": "Spine",
        "location": [
            434,
            235
        ],
        "radloc": [
            0,
            0
        ],
        "mean": [
            35.774358974358975,
            31.56923076923077,
            35.04615384615385,
            38.16410256410256,
            36.271794871794874,
            36.86666666666667,
            39.271794871794874,
            40.738461538461536
        ],
        "min": [
            8.0,
            7.0,
            11.0,
            15.0,
            11.0,
            12.0,
            15.0,
            8.0
        ],
        "max": [
            86.0,
            67.0,
            75.0,
            78.0,
            85.0,
            77.0,
            82.0,
            87.0
        ],
        "RawIntDen": [
            6976.0,
            6156.0,
            6834.0,
            7442.0,
            7073.0,
            7189.0,
            7658.0,
            7944.0
        ],
        "IntDen": [
            6046.912194872156,
            5336.122630681334,
            5923.824245951306,
            6450.8487033025485,
            6130.9933994166795,
            6231.54411825343,
            6638.081076308911,
            6885.990607234003
        ],
        "FlagUp": 0,
        "Times": [
            -15,
            -10,
            -5,
            2,
            10,
            20,
            30,
            40
        ],
        "width": 0,
        "height": 0,
        "area": 0.8668165416961232,
        "distance": 23.608722151305766,
        "xpert": [
            [
                434.0,
                244.2
            ],
            [
                428.4,
                240.6
            ],
            [
                425.0,
                235.0
            ],
            [
                427.6,
                228.6
            ],
            [
                434.0,
                226.2
            ],
            [
                438.8,
                230.2
            ],
            [
                440.2,
                235.0
            ],
            [
                440.8,
                241.8
            ]
        ],
        "stack": 0
    },
    {
        "type": "Spine",
        "location": [
            460,
            238
        ],
        "radloc": [
            0,
            0
        ],
        "mean": [
            37.32044198895028,
            36.248618784530386,
            39.09944751381215,
            40.629834254143645,
            37.966850828729285,
            38.94475138121547,
            42.83425414364641,
            45.60220994475138
        ],
        "min": [
            12.0,
            9.0,
            10.0,
            16.0,
            11.0,
            8.0,
            10.0,
            12.0
        ],
        "max": [
            86.0,
            78.0,
            99.0,
            89.0,
            106.0,
            93.0,
            103.0,
            118.0
        ],
        "RawIntDen": [
            6755.0,
            6561.0,
            7077.0,
            7354.0,
            6872.0,
            7049.0,
            7753.0,
            8254.0
        ],
        "IntDen": [
            5590.739521450673,
            5430.176461915303,
            5857.241094493918,
            6086.498658882051,
            5687.573943953965,
            5834.067044664071,
            6416.728868957376,
            6831.378831984287
        ],
        "FlagUp": 0,
        "Times": [
            -15,
            -10,
            -5,
            2,
            10,
            20,
            30,
            40
        ],
        "width": 0,
        "height": 0,
        "area": 0.8276446367802626,
        "distance": 25.376447214555295,
        "xpert": [
            [
                460.0,
                244.8
            ],
            [
                453.2,
                244.8
            ],
            [
                449.8,
                238.0
            ],
            [
                453.2,
                231.2
            ],
            [
                460.0,
                232.6
            ],
            [
                463.8,
                234.2
            ],
            [
                468.0,
                238.0
            ],
            [
                466.4,
                244.4
            ]
        ],
        "stack": 0
    },
    {
        "type": "Spine",
        "location": [
            461,
            264
        ],
        "radloc": [
            0,
            0
        ],
        "mean": [
            33.16428571428571,
            29.392857142857142,
            33.114285714285714,
            31.485714285714284,
            32.05714285714286,
            32.5,
            31.614285714285714,
            30.321428571428573
        ],
        "min": [
            8.0,
            10.0,
            10.0,
            9.0,
            11.0,
            10.0,
            6.0,
            6.0
        ],
        "max": [
            86.0,
            62.0,
            67.0,
            87.0,
            80.0,
            73.0,
            83.0,
            74.0
        ],
        "RawIntDen": [
            4643.0,
            4115.0,
            4636.0,
            4408.0,
            4488.0,
            4550.0,
            4426.0,
            4245.0
        ],
        "IntDen": [
            3079.334512808696,
            2729.153891925002,
            3074.691966698496,
            2923.477607680537,
            2976.5352775113997,
            3017.6549716303184,
            2935.415583392481,
            2815.372605400154
        ],
        "FlagUp": 0,
        "Times": [
            -15,
            -10,
            -5,
            2,
            10,
            20,
            30,
            40
        ],
        "width": 0,
        "height": 0,
        "area": 0.6632208728857842,
        "distance": 25.442337214555295,
        "xpert": [
            [
                461.0,
                270.0
            ],
            [
                456.0,
                269.0
            ],
            [
                451.6,
                264.0
            ],
            [
                456.8,
                259.8
            ],
            [
                461.0,
                256.2
            ],
            [
                466.8,
                258.2
            ],
            [
                467.0,
                264.0
            ],
            [
                466.4,
                269.4
            ]
        ],
        "stack": 0
    }
]