[
    {
        "type": "Stim",
        "location": [
            13,
            260
        ],
        "radloc": [
            0,
            0
        ],
        "mean": [
            158.84302325581396,
            172.61627906976744,
            142.63953488372093,
            206.18023255813952,
            145.92441860465115,
            91.62209302325581,
            84.94186046511628,
            84.6046511627907
        ],
        "min": [
            15.0,
            38.0,
            19.0,
            59.0,
            14.0,
            11.0,
            13.0,
            10.0
        ],
        "max": [
            255.0,
            255.0,
            255.0,
            255.0,
            255.0,
            254.0,
            255.0,
            255.0
        ],
        "RawIntDen": [
            27321.0,
            29690.0,
            24534.0,
            35463.0,
            25099.0,
            15759.0,
            14610.0,
            14552.0
        ],
        "IntDen": [
            21151.01673906973,
            22985.018373521478,
            18993.41329659737,
            27454.284492428164,
            19430.81765432858,
            12200.097829179014,
            11310.579940624748,
            11265.678254344377
        ],
        "FlagUp": 0,
        "Times": [
            -15,
            -10,
            -5,
            2,
            10,
            20,
            30,
            40
        ],
        "width": 0,
        "height": 0,
        "area": 0.7741670048340006,
        "distance": 0,
        "xpert": [
            [
                13.0,
                267.0
            ],
            [
                7.6,
                265.4
            ],
            [
                4.4,
                260.0
            ],
            [
                7.2,
                254.2
            ],
            [
                13.0,
                254.2
            ],
            [
                18.8,
                254.2
            ],
            [
                22.6,
                260.0
            ],
            [
                18.6,
                265.6
            ]
        ],
        "stack": 0
    },
    {
        "type": "Stim",
        "location": [
            37,
            270
        ],
        "radloc": [
            0,
            0
        ],
        "mean": [
            71.78894472361809,
            87.74371859296483,
            80.96482412060301,
            127.94974874371859,
            178.20100502512562,
            137.83417085427135,
            124.92462311557789,
            107.25628140703517
        ],
        "min": [
            13.0,
            17.0,
            14.0,
            18.0,
            68.0,
            17.0,
            17.0,
            11.0
        ],
        "max": [
            214.0,
            212.0,
            200.0,
            255.0,
            255.0,
            254.0,
            255.0,
            250.0
        ],
        "RawIntDen": [
            14286.0,
            17461.0,
            16112.0,
            25462.0,
            35462.0,
            27429.0,
            24860.0,
            21344.0
        ],
        "IntDen": [
            12678.05726529621,
            15495.699139670804,
            14298.534135408967,
            22596.156663094782,
            31470.6192595502,
            24341.763455817563,
            22061.914014788166,
            18941.65296587444
        ],
        "FlagUp": 0,
        "Times": [
            -15,
            -10,
            -5,
            2,
            10,
            20,
            30,
            40
        ],
        "width": 0,
        "height": 0,
        "area": 0.8874462596455417,
        "distance": 0,
        "xpert": [
            [
                37.0,
                279.8
            ],
            [
                29.2,
                277.8
            ],
            [
                30.8,
                270.0
            ],
            [
                32.4,
                265.4
            ],
            [
                37.0,
                262.0
            ],
            [
                43.4,
                263.6
            ],
            [
                44.2,
                270.0
            ],
            [
                43.4,
                276.4
            ]
        ],
        "stack": 0
    },
    {
        "type": "Stim",
        "location": [
            97,
            238
        ],
        "radloc": [
            0,
            0
        ],
        "mean": [
            59.138888888888886,
            44.5,
            62.592592592592595,
            48.870370370370374,
            53.2037037037037,
            69.32407407407408,
            91.58333333333333,
            84.45370370370371
        ],
        "min": [
            12.0,
            7.0,
            5.0,
            7.0,
            10.0,
            16.0,
            16.0,
            14.0
        ],
        "max": [
            112.0,
            108.0,
            149.0,
            113.0,
            130.0,
            163.0,
            213.0,
            171.0
        ],
        "RawIntDen": [
            6387.0,
            4806.0,
            6760.0,
            5278.0,
            5746.0,
            7487.0,
            9891.0,
            9121.0
        ],
        "IntDen": [
            3011.7030524100346,
            2266.203987769317,
            3187.5861334416527,
            2488.7691734179057,
            2709.448213425405,
            3530.393103709712,
            4663.966634004643,
            4300.883598094869
        ],
        "FlagUp": 0,
        "Times": [
            -15,
            -10,
            -5,
            2,
            10,
            20,
            30,
            40
        ],
        "width": 0,
        "height": 0,
        "area": 0.4715364102724338,
        "distance": 0,
        "xpert": [
            [
                97.0,
                243.2
            ],
            [
                91.2,
                243.8
            ],
            [
                89.2,
                238.0
            ],
            [
                92.4,
                233.4
            ],
            [
                97.0,
                232.2
            ],
            [
                100.6,
                234.4
            ],
            [
                102.2,
                238.0
            ],
            [
                100.4,
                241.4
            ]
        ],
        "stack": 0
    },
    {
        "type": "Stim",
        "location": [
            71,
            261
        ],
        "radloc": [
            0,
            0
        ],
        "mean": [
            87.93706293706293,
            93.37062937062937,
            77.86013986013987,
            151.02797202797203,
            82.00699300699301,
            95.03496503496504,
            120.73426573426573,
            99.23776223776224
        ],
        "min": [
            23.0,
            30.0,
            10.0,
            37.0,
            11.0,
            16.0,
            16.0,
            11.0
        ],
        "max": [
            215.0,
            191.0,
            185.0,
            255.0,
            197.0,
            207.0,
            231.0,
            208.0
        ],
        "RawIntDen": [
            12575.0,
            13352.0,
            11134.0,
            21597.0,
            11727.0,
            13590.0,
            17265.0,
            14191.0
        ],
        "IntDen": [
            8019.589494890573,
            8515.114030678245,
            7100.605124144067,
            13773.286228322204,
            7478.78536831664,
            8666.896320919515,
            11010.59344964499,
            9050.178490814484
        ],
        "FlagUp": 0,
        "Times": [
            -15,
            -10,
            -5,
            2,
            10,
            20,
            30,
            40
        ],
        "width": 0,
        "height": 0,
        "area": 0.6377407152994492,
        "distance": 0,
        "xpert": [
            [
                71.0,
                268.4
            ],
            [
                65.0,
                267.0
            ],
            [
                64.0,
                261.0
            ],
            [
                66.0,
                256.0
            ],
            [
                71.0,
                255.8
            ],
            [
                75.0,
                257.0
            ],
            [
                80.4,
                261.0
            ],
            [
                75.6,
                265.6
            ]
        ],
        "stack": 0
    },
    {
        "type": "Stim",
        "location": [
            104,
            268
        ],
        "radloc": [
            0,
            0
        ],
        "mean": [
            108.73684210526316,
            119.91812865497076,
            125.57309941520468,
            127.77777777777777,
            139.62573099415204,
            118.73099415204679,
            128.5906432748538,
            144.3450292397661
        ],
        "min": [
            18.0,
            24.0,
            22.0,
            12.0,
            29.0,
            14.0,
            19.0,
            42.0
        ],
        "max": [
            224.0,
            241.0,
            255.0,
            254.0,
            253.0,
            249.0,
            249.0,
            248.0
        ],
        "RawIntDen": [
            18594.0,
            20506.0,
            21473.0,
            21850.0,
            23876.0,
            20303.0,
            21989.0,
            24683.0
        ],
        "IntDen": [
            13881.126052769769,
            15308.50655254904,
            16030.408719539919,
            16311.853514736982,
            17824.33933720184,
            15156.959355135237,
            16415.62228537993,
            18426.79543726558
        ],
        "FlagUp": 0,
        "Times": [
            -15,
            -10,
            -5,
            2,
            10,
            20,
            30,
            40
        ],
        "width": 0,
        "height": 0,
        "area": 0.7465379182945987,
        "distance": 0,
        "xpert": [
            [
                104.0,
                275.0
            ],
            [
                98.0,
                274.0
            ],
            [
                95.0,
                268.0
            ],
            [
                98.8,
                262.8
            ],
            [
                104.0,
                262.8
            ],
            [
                109.2,
                262.8
            ],
            [
                112.2,
                268.0
            ],
            [
                110.4,
                274.4
            ]
        ],
        "stack": 0
    },
    {
        "type": "Stim",
        "location": [
            124,
            269
        ],
        "radloc": [
            0,
            0
        ],
        "mean": [
            65.39837398373983,
            79.96747967479675,
            80.04065040650407,
            118.869918699187,
            138.9268292682927,
            122.0,
            131.4390243902439,
            104.08943089430895
        ],
        "min": [
            11.0,
            11.0,
            9.0,
            9.0,
            15.0,
            27.0,
            22.0,
            21.0
        ],
        "max": [
            149.0,
            180.0,
            187.0,
            255.0,
            255.0,
            252.0,
            244.0,
            203.0
        ],
        "RawIntDen": [
            8044.0,
            9836.0,
            9845.0,
            14621.0,
            17088.0,
            15006.0,
            16167.0,
            12803.0
        ],
        "IntDen": [
            4247.9072191763935,
            5194.2336409521395,
            5198.986396418647,
            7721.11529731204,
            9023.89837907586,
            7924.4276144904225,
            8537.53306966991,
            6761.058693077494
        ],
        "FlagUp": 0,
        "Times": [
            -15,
            -10,
            -5,
            2,
            10,
            20,
            30,
            40
        ],
        "width": 0,
        "height": 0,
        "area": 0.5280839407230723,
        "distance": 0,
        "xpert": [
            [
                124.0,
                275.0
            ],
            [
                119.6,
                273.4
            ],
            [
                116.8,
                269.0
            ],
            [
                118.8,
                263.8
            ],
            [
                124.0,
                263.8
            ],
            [
                129.2,
                263.8
            ],
            [
                130.6,
                269.0
            ],
            [
                128.4,
                273.4
            ]
        ],
        "stack": 0
    },
    {
        "type": "Stim",
        "location": [
            155,
            250
        ],
        "radloc": [
            0,
            0
        ],
        "mean": [
            152.22155688622755,
            137.53892215568862,
            149.30538922155688,
            163.51497005988023,
            168.67664670658684,
            181.23952095808383,
            166.94011976047904,
            188.99401197604791
        ],
        "min": [
            41.0,
            28.0,
            21.0,
            24.0,
            24.0,
            19.0,
            31.0,
            37.0
        ],
        "max": [
            255.0,
            255.0,
            255.0,
            255.0,
            255.0,
            255.0,
            255.0,
            255.0
        ],
        "RawIntDen": [
            25421.0,
            22969.0,
            24934.0,
            27307.0,
            28169.0,
            30267.0,
            27879.0,
            31562.0
        ],
        "IntDen": [
            18539.156239842592,
            16750.949202350203,
            18183.994401645694,
            19914.587917130782,
            20543.23166359018,
            22073.27177968277,
            20331.738987867182,
            23017.695969549266
        ],
        "FlagUp": 0,
        "Times": [
            -15,
            -10,
            -5,
            2,
            10,
            20,
            30,
            40
        ],
        "width": 0,
        "height": 0,
        "area": 0.7292850886999958,
        "distance": 0,
        "xpert": [
            [
                155.0,
                256.2
            ],
            [
                150.0,
                255.0
            ],
            [
                148.0,
                250.0
            ],
            [
                148.8,
                243.8
            ],
            [
                155.0,
                241.6
            ],
            [
                161.0,
                244.0
            ],
            [
                161.8,
                250.0
            ],
            [
                161.0,
                256.0
            ]
        ],
        "stack": 0
    },
    {
        "type": "Spine",
        "location": [
            164,
            238
        ],
        "radloc": [
            0,
            0
        ],
        "mean": [
            118.41134751773049,
            128.51063829787233,
            117.17021276595744,
            135.89361702127658,
            127.73049645390071,
            102.0354609929078,
            107.12056737588652,
            89.46099290780141
        ],
        "min": [
            24.0,
            34.0,
            15.0,
            24.0,
            20.0,
            18.0,
            14.0,
            9.0
        ],
        "max": [
            247.0,
            235.0,
            255.0,
            255.0,
            250.0,
            255.0,
            255.0,
            255.0
        ],
        "RawIntDen": [
            16696.0,
            18120.0,
            16521.0,
            19161.0,
            18010.0,
            14387.0,
            15104.0,
            12614.0
        ],
        "IntDen": [
            10486.778202792271,
            11381.194360002153,
            10376.860486843023,
            12035.04774459168,
            11312.103224262626,
            9036.492453496192,
            9486.84103827111,
            7922.8689656218085
        ],
        "FlagUp": 0,
        "Times": [
            -15,
            -10,
            -5,
            2,
            10,
            20,
            30,
            40
        ],
        "width": 0,
        "height": 0,
        "area": 0.6281012339957038,
        "distance": 0.59301,
        "xpert": [
            [
                164.0,
                245.4
            ],
            [
                158.0,
                244.0
            ],
            [
                158.6,
                238.0
            ],
            [
                159.2,
                233.2
            ],
            [
                164.0,
                232.8
            ],
            [
                168.6,
                233.4
            ],
            [
                172.4,
                238.0
            ],
            [
                169.8,
                243.8
            ]
        ],
        "stack": 0
    },
    {
        "type": "Spine",
        "location": [
            163,
            273
        ],
        "radloc": [
            0,
            0
        ],
        "mean": [
            10.434782608695652,
            11.356521739130434,
            17.843478260869563,
            21.808695652173913,
            23.05217391304348,
            33.7304347826087,
            45.04347826086956,
            57.07826086956522
        ],
        "min": [
            4.0,
            6.0,
            6.0,
            6.0,
            5.0,
            7.0,
            8.0,
            11.0
        ],
        "max": [
            24.0,
            34.0,
            75.0,
            82.0,
            98.0,
            86.0,
            91.0,
            121.0
        ],
        "RawIntDen": [
            1200.0,
            1306.0,
            2052.0,
            2508.0,
            2651.0,
            3879.0,
            5180.0,
            6564.0
        ],
        "IntDen": [
            668.7712493817014,
            727.846043077085,
            1143.5988364427094,
            1397.731911207756,
            1477.4271517590753,
            2161.8030636263497,
            2886.862559831011,
            3658.1787341179065
        ],
        "FlagUp": 0,
        "Times": [
            -15,
            -10,
            -5,
            2,
            10,
            20,
            30,
            40
        ],
        "width": 0,
        "height": 0,
        "area": 0.5573093744847512,
        "distance": 0.52712,
        "xpert": [
            [
                163.0,
                278.6
            ],
            [
                158.2,
                277.8
            ],
            [
                156.0,
                273.0
            ],
            [
                156.2,
                266.2
            ],
            [
                163.0,
                267.6
            ],
            [
                166.0,
                270.0
            ],
            [
                168.0,
                273.0
            ],
            [
                169.0,
                279.0
            ]
        ],
        "stack": 0
    },
    {
        "type": "Spine",
        "location": [
            186,
            245
        ],
        "radloc": [
            0,
            0
        ],
        "mean": [
            123.07575757575758,
            125.89393939393939,
            129.79545454545453,
            106.3030303030303,
            119.99242424242425,
            129.87121212121212,
            120.15151515151516,
            138.00757575757575
        ],
        "min": [
            52.0,
            35.0,
            26.0,
            21.0,
            21.0,
            22.0,
            26.0,
            27.0
        ],
        "max": [
            253.0,
            255.0,
            255.0,
            255.0,
            255.0,
            248.0,
            232.0,
            255.0
        ],
        "RawIntDen": [
            16246.0,
            16618.0,
            17133.0,
            14032.0,
            15839.0,
            17143.0,
            15860.0,
            18217.0
        ],
        "IntDen": [
            9546.79898036823,
            9765.401049843607,
            10068.03563527323,
            8245.76408300671,
            9307.629511883073,
            10073.91203499031,
            9319.969951288942,
            10705.037364604706
        ],
        "FlagUp": 0,
        "Times": [
            -15,
            -10,
            -5,
            2,
            10,
            20,
            30,
            40
        ],
        "width": 0,
        "height": 0,
        "area": 0.5876399717080039,
        "distance": 2.7687515188104874,
        "xpert": [
            [
                186.0,
                253.4
            ],
            [
                181.2,
                249.8
            ],
            [
                179.4,
                245.0
            ],
            [
                181.0,
                240.0
            ],
            [
                186.0,
                239.4
            ],
            [
                190.0,
                241.0
            ],
            [
                194.4,
                245.0
            ],
            [
                190.4,
                249.4
            ]
        ],
        "stack": 0
    },
    {
        "type": "Spine",
        "location": [
            176,
            250
        ],
        "radloc": [
            0,
            0
        ],
        "mean": [
            163.98473282442748,
            136.3587786259542,
            166.24427480916032,
            132.05343511450383,
            158.51908396946564,
            152.4351145038168,
            159.45038167938932,
            167.8320610687023
        ],
        "min": [
            50.0,
            22.0,
            25.0,
            30.0,
            45.0,
            29.0,
            36.0,
            41.0
        ],
        "max": [
            251.0,
            241.0,
            255.0,
            253.0,
            253.0,
            235.0,
            255.0,
            255.0
        ],
        "RawIntDen": [
            21482.0,
            17863.0,
            21778.0,
            17299.0,
            20766.0,
            19969.0,
            20888.0,
            21986.0
        ],
        "IntDen": [
            12105.3340532169,
            10065.989302328158,
            12272.133181778125,
            9748.169341150691,
            11701.860485480967,
            11252.742561618485,
            11770.608774955526,
            12389.343380226552
        ],
        "FlagUp": 0,
        "Times": [
            -15,
            -10,
            -5,
            2,
            10,
            20,
            30,
            40
        ],
        "width": 0,
        "height": 0,
        "area": 0.5635105694635928,
        "distance": 1.38369,
        "xpert": [
            [
                176.0,
                256.2
            ],
            [
                171.4,
                254.6
            ],
            [
                170.8,
                250.0
            ],
            [
                171.2,
                245.2
            ],
            [
                176.0,
                242.8
            ],
            [
                180.8,
                245.2
            ],
            [
                182.2,
                250.0
            ],
            [
                182.2,
                256.2
            ]
        ],
        "stack": 0
    },
    {
        "type": "Spine",
        "location": [
            167,
            251
        ],
        "radloc": [
            0,
            0
        ],
        "mean": [
            126.41880341880342,
            118.93162393162393,
            142.94871794871796,
            139.1965811965812,
            126.84615384615384,
            154.17094017094018,
            136.82905982905982,
            154.54700854700855
        ],
        "min": [
            36.0,
            26.0,
            33.0,
            34.0,
            37.0,
            41.0,
            22.0,
            62.0
        ],
        "max": [
            216.0,
            209.0,
            255.0,
            252.0,
            215.0,
            252.0,
            247.0,
            251.0
        ],
        "RawIntDen": [
            14791.0,
            13915.0,
            16725.0,
            16286.0,
            14841.0,
            18038.0,
            16009.0,
            18082.0
        ],
        "IntDen": [
            7720.075829678471,
            7262.852759784729,
            8729.51580362196,
            8500.382324531374,
            7746.1730368641865,
            9414.82846431886,
            8355.80379672251,
            9437.794006642289
        ],
        "FlagUp": 0,
        "Times": [
            -15,
            -10,
            -5,
            2,
            10,
            20,
            30,
            40
        ],
        "width": 0,
        "height": 0,
        "area": 0.5219441437143175,
        "distance": 0.79068,
        "xpert": [
            [
                167.0,
                256.2
            ],
            [
                162.4,
                255.6
            ],
            [
                161.2,
                251.0
            ],
            [
                161.0,
                245.0
            ],
            [
                167.0,
                244.6
            ],
            [
                171.4,
                246.6
            ],
            [
                172.2,
                251.0
            ],
            [
                172.4,
                256.4
            ]
        ],
        "stack": 0
    },
    {
        "type": "Spine",
        "location": [
            192,
            262
        ],
        "radloc": [
            0,
            0
        ],
        "mean": [
            66.05882352941177,
            80.51960784313725,
            75.47058823529412,
            78.88235294117646,
            88.06862745098039,
            83.95098039215686,
            122.01960784313725,
            105.19607843137256
        ],
        "min": [
            10.0,
            10.0,
            12.0,
            9.0,
            11.0,
            12.0,
            33.0,
            27.0
        ],
        "max": [
            181.0,
            190.0,
            203.0,
            199.0,
            224.0,
            158.0,
            251.0,
            195.0
        ],
        "RawIntDen": [
            6738.0,
            8213.0,
            7698.0,
            8046.0,
            8983.0,
            8563.0,
            12446.0,
            10730.0
        ],
        "IntDen": [
            3149.9081639339665,
            3839.4472766977838,
            3598.6929424107557,
            3761.3774246085923,
            4199.410067767709,
            4003.066727184113,
            5818.307659293878,
            5016.104867766616
        ],
        "FlagUp": 0,
        "Times": [
            -15,
            -10,
            -5,
            2,
            10,
            20,
            30,
            40
        ],
        "width": 0,
        "height": 0,
        "area": 0.46748414424665574,
        "distance": 2.25624759487429,
        "xpert": [
            [
                192.0,
                266.8
            ],
            [
                187.2,
                266.8
            ],
            [
                185.0,
                262.0
            ],
            [
                187.4,
                257.4
            ],
            [
                192.0,
                255.0
            ],
            [
                197.2,
                256.8
            ],
            [
                196.8,
                262.0
            ],
            [
                195.0,
                265.0
            ]
        ],
        "stack": 0
    },
    {
        "type": "Spine",
        "location": [
            214,
            216
        ],
        "radloc": [
            0,
            0
        ],
        "mean": [
            66.56470588235294,
            61.523529411764706,
            65.6470588235294,
            67.34705882352941,
            98.44117647058823,
            87.5764705882353,
            108.1,
            83.74117647058823
        ],
        "min": [
            7.0,
            7.0,
            8.0,
            11.0,
            7.0,
            12.0,
            15.0,
            6.0
        ],
        "max": [
            195.0,
            173.0,
            194.0,
            182.0,
            253.0,
            216.0,
            225.0,
            230.0
        ],
        "RawIntDen": [
            11316.0,
            10459.0,
            11160.0,
            11449.0,
            16735.0,
            14888.0,
            18377.0,
            14236.0
        ],
        "IntDen": [
            8447.12830399218,
            7807.3979260740725,
            8330.677966821555,
            8546.40968119534,
            12492.284567630712,
            11113.542434591338,
            13717.99901400356,
            10626.839743339755
        ],
        "FlagUp": 0,
        "Times": [
            -15,
            -10,
            -5,
            2,
            10,
            20,
            30,
            40
        ],
        "width": 0,
        "height": 0,
        "area": 0.7464765203245122,
        "distance": 4.378775569245739,
        "xpert": [
            [
                214.0,
                225.0
            ],
            [
                207.6,
                222.4
            ],
            [
                205.6,
                216.0
            ],
            [
                208.8,
                210.8
            ],
            [
                214.0,
                209.0
            ],
            [
                219.6,
                210.4
            ],
            [
                220.4,
                216.0
            ],
            [
                218.8,
                220.8
            ]
        ],
        "stack": 0
    },
    {
        "type": "Spine",
        "location": [
            255,
            237
        ],
        "radloc": [
            0,
            0
        ],
        "mean": [
            147.52898550724638,
            142.07971014492753,
            155.1159420289855,
            117.3768115942029,
            109.28985507246377,
            123.73913043478261,
            128.13768115942028,
            105.55797101449275
        ],
        "min": [
            33.0,
            36.0,
            21.0,
            14.0,
            14.0,
            14.0,
            17.0,
            15.0
        ],
        "max": [
            254.0,
            255.0,
            255.0,
            255.0,
            255.0,
            255.0,
            255.0,
            251.0
        ],
        "RawIntDen": [
            20359.0,
            19607.0,
            21406.0,
            16198.0,
            15082.0,
            17076.0,
            17683.0,
            14567.0
        ],
        "IntDen": [
            12080.012302393401,
            11633.813115232939,
            12701.249734517076,
            9611.083023437708,
            8948.90444249213,
            10132.044308446864,
            10492.207748083034,
            8643.329201285165
        ],
        "FlagUp": 0,
        "Times": [
            -15,
            -10,
            -5,
            2,
            10,
            20,
            30,
            40
        ],
        "width": 0,
        "height": 0,
        "area": 0.5933499829261457,
        "distance": 7.107558100870499,
        "xpert": [
            [
                255.0,
                241.2
            ],
            [
                250.8,
                241.2
            ],
            [
                247.0,
                237.0
            ],
            [
                249.0,
                231.0
            ],
            [
                255.0,
                228.0
            ],
            [
                260.0,
                232.0
            ],
            [
                260.6,
                237.0
            ],
            [
                259.2,
                241.2
            ]
        ],
        "stack": 0
    },
    {
        "type": "Spine",
        "location": [
            243,
            262
        ],
        "radloc": [
            0,
            0
        ],
        "mean": [
            61.13385826771653,
            67.90551181102362,
            70.14173228346456,
            71.73228346456693,
            62.67716535433071,
            60.21259842519685,
            81.4724409448819,
            75.67716535433071
        ],
        "min": [
            13.0,
            18.0,
            22.0,
            13.0,
            8.0,
            7.0,
            10.0,
            8.0
        ],
        "max": [
            124.0,
            160.0,
            175.0,
            147.0,
            208.0,
            174.0,
            223.0,
            197.0
        ],
        "RawIntDen": [
            7764.0,
            8624.0,
            8908.0,
            9110.0,
            7960.0,
            7647.0,
            10347.0,
            9611.0
        ],
        "IntDen": [
            4785.529457348518,
            5315.61128801824,
            5490.66156698359,
            5615.169159768804,
            4906.338804803478,
            4713.413673408567,
            6377.624072022812,
            5923.972644845003
        ],
        "FlagUp": 0,
        "Times": [
            -15,
            -10,
            -5,
            2,
            10,
            20,
            30,
            40
        ],
        "width": 0,
        "height": 0,
        "area": 0.6163742217089796,
        "distance": 6.3168781008704995,
        "xpert": [
            [
                243.0,
                267.6
            ],
            [
                238.6,
                266.4
            ],
            [
                237.8,
                262.0
            ],
            [
                239.8,
                258.8
            ],
            [
                243.0,
                255.6
            ],
            [
                252.0,
                253.0
            ],
            [
                250.0,
                262.0
            ],
            [
                247.0,
                266.0
            ]
        ],
        "stack": 0
    },
    {
        "type": "Spine",
        "location": [
            284,
            226
        ],
        "radloc": [
            0,
            0
        ],
        "mean": [
            82.13157894736842,
            121.01315789473684,
            95.26315789473684,
            102.17763157894737,
            113.47368421052632,
            104.88815789473684,
            93.38157894736842,
            111.05263157894737
        ],
        "min": [
            13.0,
            22.0,
            19.0,
            14.0,
            7.0,
            15.0,
            6.0,
            15.0
        ],
        "max": [
            205.0,
            242.0,
            228.0,
            249.0,
            255.0,
            221.0,
            248.0,
            243.0
        ],
        "RawIntDen": [
            12484.0,
            18394.0,
            14480.0,
            15531.0,
            17248.0,
            15943.0,
            14194.0,
            16880.0
        ],
        "IntDen": [
            8277.349900330433,
            12195.896673075777,
            9600.771111565578,
            10297.622661168853,
            11436.056638969827,
            10570.793772906769,
            9411.142621378578,
            11192.059141106834
        ],
        "FlagUp": 0,
        "Times": [
            -15,
            -10,
            -5,
            2,
            10,
            20,
            30,
            40
        ],
        "width": 0,
        "height": 0,
        "area": 0.6630366789755233,
        "distance": 9.018368100870498,
        "xpert": [
            [
                284.0,
                233.6
            ],
            [
                278.2,
                231.8
            ],
            [
                277.2,
                226.0
            ],
            [
                279.8,
                221.8
            ],
            [
                284.0,
                218.8
            ],
            [
                289.0,
                221.0
            ],
            [
                291.8,
                226.0
            ],
            [
                289.6,
                231.6
            ]
        ],
        "stack": 0
    },
    {
        "type": "Spine",
        "location": [
            295,
            235
        ],
        "radloc": [
            0,
            0
        ],
        "mean": [
            89.45132743362832,
            87.59292035398231,
            112.14159292035399,
            97.15929203539822,
            115.17699115044248,
            109.20353982300885,
            87.86725663716814,
            111.27433628318585
        ],
        "min": [
            27.0,
            17.0,
            26.0,
            33.0,
            32.0,
            31.0,
            29.0,
            28.0
        ],
        "max": [
            168.0,
            193.0,
            220.0,
            187.0,
            225.0,
            201.0,
            198.0,
            200.0
        ],
        "RawIntDen": [
            10108.0,
            9898.0,
            12672.0,
            10979.0,
            13015.0,
            12340.0,
            9929.0,
            12574.0
        ],
        "IntDen": [
            5192.649573323885,
            5084.7690420221425,
            6509.819488836592,
            5640.0969198182565,
            6686.024356629439,
            6339.265506016694,
            5100.694263309543,
            6459.475240895779
        ],
        "FlagUp": 0,
        "Times": [
            -15,
            -10,
            -5,
            2,
            10,
            20,
            30,
            40
        ],
        "width": 0,
        "height": 0,
        "area": 0.5137168157225847,
        "distance": 9.743158100870497,
        "xpert": [
            [
                295.0,
                240.0
            ],
            [
                289.8,
                240.2
            ],
            [
                287.8,
                235.0
            ],
            [
                290.0,
                230.0
            ],
            [
                295.0,
                229.2
            ],
            [
                301.0,
                229.0
            ],
            [
                300.0,
                235.0
            ],
            [
                298.4,
                238.4
            ]
        ],
        "stack": 0
    },
    {
        "type": "Spine",
        "location": [
            327,
            267
        ],
        "radloc": [
            0,
            0
        ],
        "mean": [
            55.25,
            64.90833333333333,
            71.09166666666667,
            64.65833333333333,
            67.31666666666666,
            61.516666666666666,
            67.50833333333334,
            76.76666666666667
        ],
        "min": [
            8.0,
            10.0,
            8.0,
            17.0,
            13.0,
            13.0,
            16.0,
            15.0
        ],
        "max": [
            109.0,
            166.0,
            169.0,
            162.0,
            150.0,
            148.0,
            146.0,
            167.0
        ],
        "RawIntDen": [
            6630.0,
            7789.0,
            8531.0,
            7759.0,
            8078.0,
            7382.0,
            8101.0,
            9212.0
        ],
        "IntDen": [
            3709.6156203344112,
            4358.098954266174,
            4773.262572710839,
            4341.313363223936,
            4519.800147973058,
            4130.374435793156,
            4532.66910110544,
            5154.295489369622
        ],
        "FlagUp": 0,
        "Times": [
            -15,
            -10,
            -5,
            2,
            10,
            20,
            30,
            40
        ],
        "width": 0,
        "height": 0,
        "area": 0.5595197014079052,
        "distance": 12.206441011992435,
        "xpert": [
            [
                327.0,
                273.0
            ],
            [
                322.4,
                271.6
            ],
            [
                319.4,
                267.0
            ],
            [
                321.2,
                261.2
            ],
            [
                327.0,
                261.2
            ],
            [
                332.8,
                261.2
            ],
            [
                332.6,
                267.0
            ],
            [
                330.8,
                270.8
            ]
        ],
        "stack": 0
    },
    {
        "type": "Spine",
        "location": [
            389,
            244
        ],
        "radloc": [
            0,
            0
        ],
        "mean": [
            83.74149659863946,
            74.5374149659864,
            82.71428571428571,
            87.91836734693878,
            82.44897959183673,
            95.72789115646259,
            77.27210884353741,
            80.61224489795919
        ],
        "min": [
            10.0,
            13.0,
            15.0,
            13.0,
            12.0,
            11.0,
            8.0,
            11.0
        ],
        "max": [
            210.0,
            174.0,
            212.0,
            247.0,
            244.0,
            225.0,
            233.0,
            198.0
        ],
        "RawIntDen": [
            12310.0,
            10957.0,
            12159.0,
            12924.0,
            12120.0,
            14072.0,
            11359.0,
            11850.0
        ],
        "IntDen": [
            7961.692130067548,
            7086.61743859871,
            7864.030431315297,
            8358.806587245572,
            7838.806548856107,
            9101.294204249434,
            7346.617457793443,
            7664.179670292481
        ],
        "FlagUp": 0,
        "Times": [
            -15,
            -10,
            -5,
            2,
            10,
            20,
            30,
            40
        ],
        "width": 0,
        "height": 0,
        "area": 0.6467662169023191,
        "distance": 16.291621011992437,
        "xpert": [
            [
                389.0,
                250.6
            ],
            [
                381.8,
                251.2
            ],
            [
                382.0,
                244.0
            ],
            [
                384.2,
                239.2
            ],
            [
                389.0,
                237.4
            ],
            [
                394.4,
                238.6
            ],
            [
                395.2,
                244.0
            ],
            [
                393.4,
                248.4
            ]
        ],
        "stack": 0
    },
    {
        "type": "Spine",
        "location": [
            413,
            249
        ],
        "radloc": [
            0,
            0
        ],
        "mean": [
            69.42307692307692,
            62.69230769230769,
            68.13461538461539,
            60.79807692307692,
            60.85576923076923,
            74.5,
            54.66346153846154,
            62.76923076923077
        ],
        "min": [
            13.0,
            12.0,
            13.0,
            16.0,
            17.0,
            14.0,
            14.0,
            19.0
        ],
        "max": [
            152.0,
            167.0,
            154.0,
            138.0,
            125.0,
            153.0,
            135.0,
            131.0
        ],
        "RawIntDen": [
            7220.0,
            6520.0,
            7086.0,
            6323.0,
            6329.0,
            7748.0,
            5685.0,
            6528.0
        ],
        "IntDen": [
            3403.6062954789068,
            3073.6167654463256,
            3340.436871158384,
            2980.748283422871,
            2983.5767651088645,
            3652.5126838463393,
            2679.9863974788896,
            3077.388074360984
        ],
        "FlagUp": 0,
        "Times": [
            -15,
            -10,
            -5,
            2,
            10,
            20,
            30,
            40
        ],
        "width": 0,
        "height": 0,
        "area": 0.47141361433225853,
        "distance": 17.927566075241963,
        "xpert": [
            [
                413.0,
                254.8
            ],
            [
                407.4,
                254.6
            ],
            [
                406.2,
                249.0
            ],
            [
                409.6,
                245.6
            ],
            [
                413.0,
                244.0
            ],
            [
                417.2,
                244.8
            ],
            [
                418.2,
                249.0
            ],
            [
                418.2,
                254.2
            ]
        ],
        "stack": 0
    },
    {
        "type": "Spine",
        "location": [
            422,
            238
        ],
        "radloc": [
            0,
            0
        ],
        "mean": [
            122.1923076923077,
            111.24358974358974,
            122.66666666666667,
            120.86538461538461,
            134.6153846153846,
            137.1153846153846,
            123.17948717948718,
            120.1025641025641
        ],
        "min": [
            16.0,
            10.0,
            14.0,
            15.0,
            18.0,
            25.0,
            11.0,
            19.0
        ],
        "max": [
            254.0,
            255.0,
            255.0,
            255.0,
            255.0,
            255.0,
            255.0,
            253.0
        ],
        "RawIntDen": [
            19062.0,
            17354.0,
            19136.0,
            18855.0,
            21000.0,
            21390.0,
            19216.0,
            18736.0
        ],
        "IntDen": [
            13235.69290859402,
            12049.743717119956,
            13287.074782229312,
            13091.962532343943,
            14581.342518123723,
            14852.138879174592,
            13342.622753726926,
            13009.33492474124
        ],
        "FlagUp": 0,
        "Times": [
            -15,
            -10,
            -5,
            2,
            10,
            20,
            30,
            40
        ],
        "width": 0,
        "height": 0,
        "area": 0.6943496437201773,
        "distance": 19.16981327275893,
        "xpert": [
            [
                422.0,
                246.0
            ],
            [
                417.2,
                242.8
            ],
            [
                416.8,
                238.0
            ],
            [
                418.0,
                234.0
            ],
            [
                422.0,
                230.6
            ],
            [
                428.0,
                232.0
            ],
            [
                430.0,
                238.0
            ],
            [
                428.8,
                244.8
            ]
        ],
        "stack": 0
    },
    {
        "type": "Spine",
        "location": [
            437,
            238
        ],
        "radloc": [
            0,
            0
        ],
        "mean": [
            68.88073394495413,
            73.11926605504587,
            67.92660550458716,
            64.4862385321101,
            58.58715596330275,
            64.0091743119266,
            70.02752293577981,
            59.62385321100918
        ],
        "min": [
            20.0,
            15.0,
            16.0,
            19.0,
            14.0,
            22.0,
            19.0,
            14.0
        ],
        "max": [
            151.0,
            177.0,
            200.0,
            150.0,
            127.0,
            167.0,
            163.0,
            137.0
        ],
        "RawIntDen": [
            7508.0,
            7970.0,
            7404.0,
            7029.0,
            6386.0,
            6977.0,
            7633.0,
            6499.0
        ],
        "IntDen": [
            3783.6906748978104,
            4016.517671674953,
            3731.2794028960293,
            3542.29645096653,
            3218.253682724749,
            3516.0908149656393,
            3846.684992207643,
            3275.200545572838
        ],
        "FlagUp": 0,
        "Times": [
            -15,
            -10,
            -5,
            2,
            10,
            20,
            30,
            40
        ],
        "width": 0,
        "height": 0,
        "area": 0.5039545384786641,
        "distance": 19.92567051995176,
        "xpert": [
            [
                437.0,
                244.6
            ],
            [
                429.6,
                245.4
            ],
            [
                431.2,
                238.0
            ],
            [
                433.2,
                234.2
            ],
            [
                437.0,
                233.0
            ],
            [
                440.2,
                234.8
            ],
            [
                441.6,
                238.0
            ],
            [
                441.8,
                242.8
            ]
        ],
        "stack": 0
    },
    {
        "type": "Spine",
        "location": [
            456,
            235
        ],
        "radloc": [
            0,
            0
        ],
        "mean": [
            74.96039603960396,
            91.00990099009901,
            66.03960396039604,
            51.02970297029703,
            64.29702970297029,
            55.65346534653465,
            52.43564356435643,
            52.386138613861384
        ],
        "min": [
            17.0,
            19.0,
            13.0,
            14.0,
            10.0,
            9.0,
            9.0,
            8.0
        ],
        "max": [
            140.0,
            180.0,
            142.0,
            115.0,
            160.0,
            117.0,
            117.0,
            120.0
        ],
        "RawIntDen": [
            7571.0,
            9192.0,
            6670.0,
            5154.0,
            6494.0,
            5621.0,
            5296.0,
            5291.0
        ],
        "IntDen": [
            3397.0801824423693,
            4124.416990755549,
            2992.8047572170917,
            2312.581067270898,
            2913.834196906716,
            2522.1222699126347,
            2376.295951157679,
            2374.0524693306797
        ],
        "FlagUp": 0,
        "Times": [
            -15,
            -10,
            -5,
            2,
            10,
            20,
            30,
            40
        ],
        "width": 0,
        "height": 0,
        "area": 0.44869636539986385,
        "distance": 21.280114522742863,
        "xpert": [
            [
                456.0,
                241.4
            ],
            [
                451.4,
                239.6
            ],
            [
                449.2,
                235.0
            ],
            [
                450.4,
                229.4
            ],
            [
                456.0,
                229.8
            ],
            [
                459.0,
                232.0
            ],
            [
                460.8,
                235.0
            ],
            [
                460.0,
                239.0
            ]
        ],
        "stack": 0
    },
    {
        "type": "Spine",
        "location": [
            382,
            272
        ],
        "radloc": [
            0,
            0
        ],
        "mean": [
            55.35532994923858,
            72.12182741116752,
            62.121827411167516,
            69.05076142131979,
            67.91878172588832,
            71.9238578680203,
            64.73604060913705,
            72.53807106598985
        ],
        "min": [
            6.0,
            6.0,
            6.0,
            11.0,
            10.0,
            18.0,
            19.0,
            18.0
        ],
        "max": [
            179.0,
            197.0,
            173.0,
            172.0,
            152.0,
            182.0,
            164.0,
            197.0
        ],
        "RawIntDen": [
            10905.0,
            14208.0,
            12238.0,
            13603.0,
            13380.0,
            14169.0,
            12753.0,
            14290.0
        ],
        "IntDen": [
            9350.86356789788,
            12183.133385849893,
            10493.88980687155,
            11664.35553545299,
            11473.136592248842,
            12149.691507890422,
            10935.4940927466,
            12253.447077969804
        ],
        "FlagUp": 0,
        "Times": [
            -15,
            -10,
            -5,
            2,
            10,
            20,
            30,
            40
        ],
        "width": 0,
        "height": 0,
        "area": 0.8574840502428134,
        "distance": 15.830391011992438,
        "xpert": [
            [
                382.0,
                280.8
            ],
            [
                377.4,
                276.6
            ],
            [
                376.8,
                272.0
            ],
            [
                376.6,
                266.6
            ],
            [
                382.0,
                264.0
            ],
            [
                390.0,
                264.0
            ],
            [
                391.2,
                272.0
            ],
            [
                388.2,
                278.2
            ]
        ],
        "stack": 0
    }
]