[
    {
        "type": "Stim",
        "location": [
            391,
            151
        ],
        "radloc": [
            0,
            0
        ],
        "mean": [
            145.03012048192772,
            118.96385542168674,
            110.92771084337349,
            101.96385542168674,
            104.89156626506023,
            116.77710843373494,
            102.17469879518072,
            116.94578313253012
        ],
        "min": [
            20.0,
            18.0,
            13.0,
            23.0,
            39.0,
            53.0,
            25.0,
            39.0
        ],
        "max": [
            255.0,
            238.0,
            249.0,
            205.0,
            183.0,
            192.0,
            219.0,
            209.0
        ],
        "RawIntDen": [
            24075.0,
            19748.0,
            18414.0,
            16926.0,
            17412.0,
            19385.0,
            16961.0,
            19413.0
        ],
        "IntDen": [
            17584.145320789812,
            14423.746699686697,
            13449.406103303161,
            12362.585408086745,
            12717.555070637267,
            14158.615038152046,
            12388.1490669124,
            14179.06596521257
        ],
        "FlagUp": 0,
        "Times": [
            -15,
            -10,
            -5,
            2,
            10,
            20,
            30,
            40
        ],
        "width": 0,
        "height": 0,
        "area": 0.7303902521615706,
        "distance": 0,
        "xpert": [
            [
                391.0,
                159.6
            ],
            [
                385.6,
                156.4
            ],
            [
                383.2,
                151.0
            ],
            [
                385.8,
                145.8
            ],
            [
                391.0,
                145.2
            ],
            [
                397.4,
                144.6
            ],
            [
                398.4,
                151.0
            ],
            [
                396.4,
                156.4
            ]
        ],
        "stack": 0
    },
    {
        "type": "Stim",
        "location": [
            235,
            129
        ],
        "radloc": [
            0,
            0
        ],
        "mean": [
            28.303030303030305,
            37.68181818181818,
            46.984848484848484,
            32.17424242424242,
            37.34090909090909,
            54.5,
            22.568181818181817,
            19.651515151515152
        ],
        "min": [
            5.0,
            7.0,
            11.0,
            7.0,
            9.0,
            7.0,
            3.0,
            5.0
        ],
        "max": [
            105.0,
            105.0,
            110.0,
            82.0,
            90.0,
            114.0,
            73.0,
            73.0
        ],
        "RawIntDen": [
            3736.0,
            4974.0,
            6202.0,
            4247.0,
            4929.0,
            7194.0,
            2979.0,
            2594.0
        ],
        "IntDen": [
            2223.86640351574,
            2960.790013674328,
            3691.761090632928,
            2528.040850035157,
            2934.0036142743793,
            4282.252384071797,
            1773.259640276603,
            1544.0871120770419
        ],
        "FlagUp": 0,
        "Times": [
            -15,
            -10,
            -5,
            2,
            10,
            20,
            30,
            40
        ],
        "width": 0,
        "height": 0,
        "area": 0.5952533199988597,
        "distance": 0,
        "xpert": [
            [
                235.0,
                137.6
            ],
            [
                230.0,
                134.0
            ],
            [
                228.0,
                129.0
            ],
            [
                229.2,
                123.2
            ],
            [
                235.0,
                124.2
            ],
            [
                239.0,
                125.0
            ],
            [
                241.2,
                129.0
            ],
            [
                240.2,
                134.2
            ]
        ],
        "stack": 0
    },
    {
        "type": "Stim",
        "location": [
            253,
            135
        ],
        "radloc": [
            0,
            0
        ],
        "mean": [
            33.725806451612904,
            31.18548387096774,
            29.39516129032258,
            48.153225806451616,
            33.46774193548387,
            22.31451612903226,
            18.967741935483872,
            21.14516129032258
        ],
        "min": [
            8.0,
            9.0,
            10.0,
            12.0,
            5.0,
            3.0,
            4.0,
            5.0
        ],
        "max": [
            85.0,
            91.0,
            94.0,
            113.0,
            94.0,
            90.0,
            82.0,
            71.0
        ],
        "RawIntDen": [
            4182.0,
            3867.0,
            3645.0,
            5971.0,
            4150.0,
            2767.0,
            2352.0,
            2622.0
        ],
        "IntDen": [
            2341.708755464192,
            2165.3246669966597,
            2041.0158808385893,
            3343.4583880623363,
            2323.7903718738394,
            1549.3802310782926,
            1317.0011938909086,
            1468.1875554345079
        ],
        "FlagUp": 0,
        "Times": [
            -15,
            -10,
            -5,
            2,
            10,
            20,
            30,
            40
        ],
        "width": 0,
        "height": 0,
        "area": 0.5599494871985156,
        "distance": 0,
        "xpert": [
            [
                253.0,
                142.0
            ],
            [
                247.0,
                141.0
            ],
            [
                247.4,
                135.0
            ],
            [
                248.2,
                130.2
            ],
            [
                253.0,
                129.0
            ],
            [
                257.8,
                130.2
            ],
            [
                260.0,
                135.0
            ],
            [
                257.2,
                139.2
            ]
        ],
        "stack": 0
    },
    {
        "type": "Stim",
        "location": [
            270,
            120
        ],
        "radloc": [
            0,
            0
        ],
        "mean": [
            41.0062893081761,
            34.63522012578616,
            33.55974842767296,
            114.51572327044025,
            64.15723270440252,
            66.11949685534591,
            65.70440251572327,
            77.23899371069183
        ],
        "min": [
            10.0,
            10.0,
            9.0,
            40.0,
            14.0,
            20.0,
            19.0,
            20.0
        ],
        "max": [
            116.0,
            90.0,
            101.0,
            211.0,
            136.0,
            128.0,
            127.0,
            150.0
        ],
        "RawIntDen": [
            6520.0,
            5507.0,
            5336.0,
            18208.0,
            10201.0,
            10513.0,
            10447.0,
            12281.0
        ],
        "IntDen": [
            5986.306995374376,
            5056.225862504093,
            4899.22302566222,
            16717.588615303164,
            9365.999641075769,
            9652.460957418836,
            9591.86337126934,
            11275.741750029556
        ],
        "FlagUp": 0,
        "Times": [
            -15,
            -10,
            -5,
            2,
            10,
            20,
            30,
            40
        ],
        "width": 0,
        "height": 0,
        "area": 0.9181452446893215,
        "distance": 0,
        "xpert": [
            [
                270.0,
                124.8
            ],
            [
                266.2,
                123.8
            ],
            [
                256.4,
                120.0
            ],
            [
                265.4,
                115.4
            ],
            [
                270.0,
                110.4
            ],
            [
                276.6,
                113.4
            ],
            [
                277.6,
                120.0
            ],
            [
                276.4,
                126.4
            ]
        ],
        "stack": 0
    },
    {
        "type": "Stim",
        "location": [
            277,
            145
        ],
        "radloc": [
            0,
            0
        ],
        "mean": [
            50.78632478632478,
            37.52136752136752,
            32.21367521367522,
            49.17094017094017,
            33.743589743589745,
            30.23931623931624,
            21.085470085470085,
            15.897435897435898
        ],
        "min": [
            13.0,
            8.0,
            8.0,
            6.0,
            6.0,
            7.0,
            5.0,
            6.0
        ],
        "max": [
            115.0,
            79.0,
            74.0,
            136.0,
            75.0,
            86.0,
            60.0,
            52.0
        ],
        "RawIntDen": [
            5942.0,
            4390.0,
            3769.0,
            5753.0,
            3948.0,
            3538.0,
            2467.0,
            1860.0
        ],
        "IntDen": [
            3314.4509170944693,
            2448.74445069753,
            2102.350304027105,
            3209.026611586079,
            2202.1966039530403,
            1973.4983750724055,
            1376.0939771915275,
            1037.5090383365387
        ],
        "FlagUp": 0,
        "Times": [
            -15,
            -10,
            -5,
            2,
            10,
            20,
            30,
            40
        ],
        "width": 0,
        "height": 0,
        "area": 0.5578005582454509,
        "distance": 0,
        "xpert": [
            [
                277.0,
                150.2
            ],
            [
                273.0,
                149.0
            ],
            [
                271.8,
                145.0
            ],
            [
                269.0,
                137.0
            ],
            [
                277.0,
                137.2
            ],
            [
                281.6,
                140.4
            ],
            [
                281.8,
                145.0
            ],
            [
                280.4,
                148.4
            ]
        ],
        "stack": 0
    },
    {
        "type": "Stim",
        "location": [
            298,
            146
        ],
        "radloc": [
            0,
            0
        ],
        "mean": [
            52.68292682926829,
            43.77235772357724,
            44.15447154471545,
            72.52845528455285,
            42.764227642276424,
            24.146341463414632,
            31.365853658536587,
            19.8130081300813
        ],
        "min": [
            7.0,
            12.0,
            9.0,
            23.0,
            8.0,
            8.0,
            6.0,
            7.0
        ],
        "max": [
            127.0,
            98.0,
            118.0,
            134.0,
            123.0,
            62.0,
            71.0,
            55.0
        ],
        "RawIntDen": [
            6480.0,
            5384.0,
            5431.0,
            8921.0,
            5260.0,
            2970.0,
            3858.0,
            2437.0
        ],
        "IntDen": [
            3817.8534878220435,
            3172.117774449673,
            3199.808995734802,
            5256.029469885872,
            3099.060084250609,
            1749.8495152517698,
            2273.03684506442,
            1435.8192823799875
        ],
        "FlagUp": 0,
        "Times": [
            -15,
            -10,
            -5,
            2,
            10,
            20,
            30,
            40
        ],
        "width": 0,
        "height": 0,
        "area": 0.5891749209601919,
        "distance": 0,
        "xpert": [
            [
                298.0,
                152.8
            ],
            [
                293.8,
                150.2
            ],
            [
                293.2,
                146.0
            ],
            [
                291.0,
                139.0
            ],
            [
                298.0,
                139.8
            ],
            [
                303.4,
                140.6
            ],
            [
                304.2,
                146.0
            ],
            [
                302.8,
                150.8
            ]
        ],
        "stack": 0
    },
    {
        "type": "Stim",
        "location": [
            329,
            151
        ],
        "radloc": [
            0,
            0
        ],
        "mean": [
            43.23770491803279,
            52.23770491803279,
            41.36065573770492,
            82.41803278688525,
            60.540983606557376,
            77.17213114754098,
            64.41803278688525,
            46.99180327868852
        ],
        "min": [
            8.0,
            11.0,
            9.0,
            17.0,
            11.0,
            20.0,
            14.0,
            8.0
        ],
        "max": [
            114.0,
            122.0,
            109.0,
            198.0,
            146.0,
            147.0,
            145.0,
            132.0
        ],
        "RawIntDen": [
            5275.0,
            6373.0,
            5046.0,
            10055.0,
            7386.0,
            9415.0,
            7859.0,
            5733.0
        ],
        "IntDen": [
            3261.4141225734356,
            3940.282882115736,
            3119.828561612428,
            6216.780853549933,
            4566.598049161592,
            5821.083215929649,
            4859.043334465333,
            3544.5852444954517
        ],
        "FlagUp": 0,
        "Times": [
            -15,
            -10,
            -5,
            2,
            10,
            20,
            30,
            40
        ],
        "width": 0,
        "height": 0,
        "area": 0.618277558781694,
        "distance": 0,
        "xpert": [
            [
                329.0,
                156.6
            ],
            [
                323.0,
                157.0
            ],
            [
                322.8,
                151.0
            ],
            [
                322.6,
                144.6
            ],
            [
                329.0,
                145.2
            ],
            [
                335.8,
                144.2
            ],
            [
                334.2,
                151.0
            ],
            [
                332.6,
                154.6
            ]
        ],
        "stack": 0
    },
    {
        "type": "Spine",
        "location": [
            369,
            129
        ],
        "radloc": [
            0,
            0
        ],
        "mean": [
            96.23728813559322,
            80.65254237288136,
            80.61016949152543,
            65.49152542372882,
            51.45762711864407,
            62.90677966101695,
            56.90677966101695,
            58.46610169491525
        ],
        "min": [
            21.0,
            18.0,
            19.0,
            14.0,
            11.0,
            12.0,
            14.0,
            14.0
        ],
        "max": [
            210.0,
            151.0,
            179.0,
            135.0,
            116.0,
            162.0,
            141.0,
            135.0
        ],
        "RawIntDen": [
            11356.0,
            9517.0,
            9512.0,
            7728.0,
            6072.0,
            7423.0,
            6715.0,
            6899.0
        ],
        "IntDen": [
            6085.470120087145,
            5099.984072989552,
            5097.304665574931,
            4141.292100038169,
            3253.8723643157045,
            3977.848247746291,
            3598.4441578359615,
            3697.046350694013
        ],
        "FlagUp": 0,
        "Times": [
            -15,
            -10,
            -5,
            2,
            10,
            20,
            30,
            40
        ],
        "width": 0,
        "height": 0,
        "area": 0.5358814829241938,
        "distance": -1.3926160681295514,
        "xpert": [
            [
                369.0,
                134.8
            ],
            [
                363.2,
                134.8
            ],
            [
                362.8,
                129.0
            ],
            [
                364.6,
                124.6
            ],
            [
                369.0,
                123.2
            ],
            [
                373.6,
                124.4
            ],
            [
                376.0,
                129.0
            ],
            [
                373.8,
                133.8
            ]
        ],
        "stack": 0
    },
    {
        "type": "Spine",
        "location": [
            382,
            129
        ],
        "radloc": [
            0,
            0
        ],
        "mean": [
            89.70542635658914,
            67.62790697674419,
            63.945736434108525,
            38.06201550387597,
            36.35658914728682,
            36.5968992248062,
            52.49612403100775,
            39.58914728682171
        ],
        "min": [
            22.0,
            18.0,
            21.0,
            8.0,
            9.0,
            9.0,
            13.0,
            9.0
        ],
        "max": [
            165.0,
            173.0,
            138.0,
            95.0,
            127.0,
            101.0,
            108.0,
            98.0
        ],
        "RawIntDen": [
            11572.0,
            8724.0,
            8249.0,
            4910.0,
            4690.0,
            4721.0,
            6772.0,
            5107.0
        ],
        "IntDen": [
            6828.589644999137,
            5147.996548822371,
            4867.7010008294055,
            2897.3708224114903,
            2767.549726498959,
            2785.842699104816,
            3996.1293705439125,
            3013.619712842257
        ],
        "FlagUp": 0,
        "Times": [
            -15,
            -10,
            -5,
            2,
            10,
            20,
            30,
            40
        ],
        "width": 0,
        "height": 0,
        "area": 0.5900958905115051,
        "distance": -0.5365215441584159,
        "xpert": [
            [
                382.0,
                135.2
            ],
            [
                376.2,
                134.8
            ],
            [
                375.0,
                129.0
            ],
            [
                377.4,
                124.4
            ],
            [
                382.0,
                123.4
            ],
            [
                387.0,
                124.0
            ],
            [
                387.4,
                129.0
            ],
            [
                388.2,
                135.2
            ]
        ],
        "stack": 0
    },
    {
        "type": "Spine",
        "location": [
            364,
            149
        ],
        "radloc": [
            0,
            0
        ],
        "mean": [
            84.54736842105264,
            76.52631578947368,
            100.56842105263158,
            84.6842105263158,
            86.56842105263158,
            94.08421052631579,
            77.16842105263157,
            112.9578947368421
        ],
        "min": [
            14.0,
            11.0,
            17.0,
            19.0,
            20.0,
            25.0,
            18.0,
            31.0
        ],
        "max": [
            223.0,
            218.0,
            193.0,
            191.0,
            181.0,
            165.0,
            145.0,
            200.0
        ],
        "RawIntDen": [
            8032.0,
            7270.0,
            9554.0,
            8045.0,
            8224.0,
            8938.0,
            7331.0,
            10731.0
        ],
        "IntDen": [
            3245.410250486344,
            2937.5164991329334,
            3860.389633110873,
            3250.663031021245,
            3322.989778386416,
            3611.488647764809,
            2962.1641616428524,
            4335.9683015399605
        ],
        "FlagUp": 0,
        "Times": [
            -15,
            -10,
            -5,
            2,
            10,
            20,
            30,
            40
        ],
        "width": 0,
        "height": 0,
        "area": 0.4040600411462082,
        "distance": -1.6779809094532607,
        "xpert": [
            [
                364.0,
                153.8
            ],
            [
                360.6,
                152.4
            ],
            [
                358.8,
                149.0
            ],
            [
                358.8,
                143.8
            ],
            [
                364.0,
                143.8
            ],
            [
                369.0,
                144.0
            ],
            [
                370.2,
                149.0
            ],
            [
                367.2,
                152.2
            ]
        ],
        "stack": 0
    },
    {
        "type": "Spine",
        "location": [
            448,
            102
        ],
        "radloc": [
            0,
            0
        ],
        "mean": [
            24.403846153846153,
            27.951923076923077,
            27.298076923076923,
            15.865384615384615,
            21.721153846153847,
            17.96153846153846,
            19.653846153846153,
            14.653846153846153
        ],
        "min": [
            7.0,
            7.0,
            9.0,
            5.0,
            6.0,
            5.0,
            5.0,
            5.0
        ],
        "max": [
            60.0,
            70.0,
            57.0,
            39.0,
            59.0,
            61.0,
            53.0,
            50.0
        ],
        "RawIntDen": [
            2538.0,
            2907.0,
            2839.0,
            1650.0,
            2259.0,
            1868.0,
            2044.0,
            1524.0
        ],
        "IntDen": [
            1211.2514177430828,
            1387.3553472731055,
            1354.9025906117463,
            787.456595459451,
            1078.099666147212,
            891.4963153443967,
            975.4916855267381,
            727.3235463516385
        ],
        "FlagUp": 0,
        "Times": [
            -15,
            -10,
            -5,
            2,
            10,
            20,
            30,
            40
        ],
        "width": 0,
        "height": 0,
        "area": 0.4772464214905764,
        "distance": 4.536671125205442,
        "xpert": [
            [
                448.0,
                111.4
            ],
            [
                444.6,
                105.4
            ],
            [
                443.8,
                102.0
            ],
            [
                444.4,
                98.4
            ],
            [
                448.0,
                95.4
            ],
            [
                452.2,
                97.8
            ],
            [
                453.2,
                102.0
            ],
            [
                453.0,
                107.0
            ]
        ],
        "stack": 0
    },
    {
        "type": "Spine",
        "location": [
            140,
            86
        ],
        "radloc": [
            0,
            0
        ],
        "mean": [
            45.4264705882353,
            32.490196078431374,
            32.03921568627451,
            26.269607843137255,
            45.03431372549019,
            49.61764705882353,
            76.49019607843137,
            78.45098039215686
        ],
        "min": [
            9.0,
            6.0,
            7.0,
            8.0,
            10.0,
            10.0,
            23.0,
            18.0
        ],
        "max": [
            138.0,
            102.0,
            93.0,
            79.0,
            134.0,
            139.0,
            160.0,
            195.0
        ],
        "RawIntDen": [
            9267.0,
            6628.0,
            6536.0,
            5359.0,
            9187.0,
            10122.0,
            15604.0,
            16004.0
        ],
        "IntDen": [
            8435.623183969357,
            6033.377626346056,
            5949.631286330389,
            4878.224305912569,
            8362.800279607907,
            9213.917974332344,
            14204.107495700642,
            14568.222017507887
        ],
        "FlagUp": 0,
        "Times": [
            -15,
            -10,
            -5,
            2,
            10,
            20,
            30,
            40
        ],
        "width": 0,
        "height": 0,
        "area": 0.9102863045181134,
        "distance": 6.433195613659322,
        "xpert": [
            [
                140.0,
                95.4
            ],
            [
                134.0,
                92.0
            ],
            [
                131.0,
                86.0
            ],
            [
                134.6,
                80.6
            ],
            [
                140.0,
                81.0
            ],
            [
                143.8,
                82.2
            ],
            [
                151.4,
                86.0
            ],
            [
                147.4,
                93.4
            ]
        ],
        "stack": 0
    },
    {
        "type": "Spine",
        "location": [
            99,
            112
        ],
        "radloc": [
            0,
            0
        ],
        "mean": [
            57.90588235294118,
            46.45882352941177,
            48.95294117647059,
            36.03529411764706,
            13.858823529411765,
            24.894117647058824,
            10.505882352941176,
            8.823529411764707
        ],
        "min": [
            10.0,
            17.0,
            16.0,
            13.0,
            5.0,
            4.0,
            5.0,
            4.0
        ],
        "max": [
            132.0,
            87.0,
            95.0,
            88.0,
            38.0,
            79.0,
            42.0,
            17.0
        ],
        "RawIntDen": [
            4922.0,
            3949.0,
            4161.0,
            3063.0,
            1178.0,
            2116.0,
            893.0,
            750.0
        ],
        "IntDen": [
            1918.9751356955505,
            1539.6247076110787,
            1622.2786549429472,
            1194.1935881014774,
            459.2752356459485,
            824.979964878461,
            348.1602592799932,
            292.4078325419876
        ],
        "FlagUp": 0,
        "Times": [
            -15,
            -10,
            -5,
            2,
            10,
            20,
            30,
            40
        ],
        "width": 0,
        "height": 0,
        "area": 0.38987711005598347,
        "distance": 9.36722929606404,
        "xpert": [
            [
                99.0,
                117.4
            ],
            [
                95.0,
                116.0
            ],
            [
                94.0,
                112.0
            ],
            [
                93.4,
                106.4
            ],
            [
                99.0,
                107.4
            ],
            [
                102.8,
                108.2
            ],
            [
                104.4,
                112.0
            ],
            [
                102.6,
                115.6
            ]
        ],
        "stack": 0
    },
    {
        "type": "Spine",
        "location": [
            24,
            58
        ],
        "radloc": [
            0,
            0
        ],
        "mean": [
            47.18518518518518,
            25.08641975308642,
            27.78395061728395,
            22.932098765432098,
            26.166666666666668,
            34.160493827160494,
            36.401234567901234,
            45.870370370370374
        ],
        "min": [
            7.0,
            6.0,
            7.0,
            6.0,
            7.0,
            7.0,
            11.0,
            9.0
        ],
        "max": [
            115.0,
            86.0,
            70.0,
            66.0,
            63.0,
            70.0,
            79.0,
            93.0
        ],
        "RawIntDen": [
            7644.0,
            4064.0,
            4501.0,
            3715.0,
            4239.0,
            5534.0,
            5897.0,
            7431.0
        ],
        "IntDen": [
            6138.785170208609,
            3263.7392637006524,
            3614.687604802322,
            2983.462442088564,
            3404.279217231069,
            4444.274873356154,
            4735.794891250675,
            5967.727969625873
        ],
        "FlagUp": 0,
        "Times": [
            -15,
            -10,
            -5,
            2,
            10,
            20,
            30,
            40
        ],
        "width": 0,
        "height": 0,
        "area": 0.8030854487452392,
        "distance": 15.1948427586509,
        "xpert": [
            [
                24.0,
                63.6
            ],
            [
                18.4,
                63.6
            ],
            [
                15.2,
                58.0
            ],
            [
                17.8,
                51.8
            ],
            [
                24.0,
                51.6
            ],
            [
                28.2,
                53.8
            ],
            [
                32.4,
                58.0
            ],
            [
                32.0,
                66.0
            ]
        ],
        "stack": 0
    }
]