[
    {
        "type": "Stim",
        "location": [
            39,
            284
        ],
        "radloc": [
            0,
            0
        ],
        "mean": [
            32.48076923076923,
            30.0,
            31.932692307692307,
            35.83653846153846,
            38.20192307692308,
            41.26923076923077,
            40.76923076923077,
            45.0
        ],
        "min": [
            12.0,
            9.0,
            7.0,
            12.0,
            10.0,
            14.0,
            11.0,
            11.0
        ],
        "max": [
            72.0,
            84.0,
            74.0,
            87.0,
            79.0,
            92.0,
            83.0,
            106.0
        ],
        "RawIntDen": [
            3378.0,
            3120.0,
            3321.0,
            3727.0,
            3973.0,
            4292.0,
            4240.0,
            4680.0
        ],
        "IntDen": [
            1717.7062043596525,
            1586.5137233872456,
            1688.7218190285394,
            1895.1720022641873,
            2020.2625073774125,
            2182.473365633993,
            2156.0314702442056,
            2379.7705850808684
        ],
        "FlagUp": 0,
        "Times": [
            -15,
            -10,
            -5,
            2,
            10,
            20,
            30,
            40
        ],
        "width": 0,
        "height": 0,
        "area": 0.5084979882651428,
        "distance": 0,
        "xpert": [
            [
                39.0,
                289.2
            ],
            [
                34.8,
                288.2
            ],
            [
                34.2,
                284.0
            ],
            [
                34.2,
                279.2
            ],
            [
                39.0,
                278.2
            ],
            [
                42.8,
                280.2
            ],
            [
                44.8,
                284.0
            ],
            [
                46.2,
                291.2
            ]
        ],
        "stack": 0
    },
    {
        "type": "Stim",
        "location": [
            61,
            320
        ],
        "radloc": [
            0,
            0
        ],
        "mean": [
            49.69230769230769,
            40.76923076923077,
            41.05982905982906,
            46.65811965811966,
            47.05128205128205,
            55.07692307692308,
            49.06837606837607,
            53.965811965811966
        ],
        "min": [
            8.0,
            6.0,
            9.0,
            15.0,
            8.0,
            8.0,
            7.0,
            8.0
        ],
        "max": [
            141.0,
            106.0,
            109.0,
            112.0,
            99.0,
            140.0,
            111.0,
            121.0
        ],
        "RawIntDen": [
            5814.0,
            4770.0,
            4804.0,
            5459.0,
            5505.0,
            6444.0,
            5741.0,
            6314.0
        ],
        "IntDen": [
            3102.76410099005,
            2545.611414124963,
            2563.7562334289987,
            2913.3108406096803,
            2937.859713785728,
            3438.976929270705,
            3063.8061066019736,
            3369.59967899057
        ],
        "FlagUp": 0,
        "Times": [
            -15,
            -10,
            -5,
            2,
            10,
            20,
            30,
            40
        ],
        "width": 0,
        "height": 0,
        "area": 0.5336711560010405,
        "distance": 0,
        "xpert": [
            [
                61.0,
                326.0
            ],
            [
                55.6,
                325.4
            ],
            [
                55.0,
                320.0
            ],
            [
                56.6,
                315.6
            ],
            [
                61.0,
                314.2
            ],
            [
                66.6,
                314.4
            ],
            [
                67.6,
                320.0
            ],
            [
                65.4,
                324.4
            ]
        ],
        "stack": 0
    },
    {
        "type": "Stim",
        "location": [
            80,
            316
        ],
        "radloc": [
            0,
            0
        ],
        "mean": [
            61.375,
            63.391666666666666,
            76.35,
            78.61666666666666,
            72.01666666666667,
            83.63333333333334,
            84.38333333333334,
            91.70833333333333
        ],
        "min": [
            12.0,
            15.0,
            18.0,
            15.0,
            17.0,
            17.0,
            16.0,
            27.0
        ],
        "max": [
            156.0,
            161.0,
            180.0,
            218.0,
            163.0,
            192.0,
            194.0,
            190.0
        ],
        "RawIntDen": [
            7365.0,
            7607.0,
            9162.0,
            9434.0,
            8642.0,
            10036.0,
            10126.0,
            11005.0
        ],
        "IntDen": [
            3819.700031772431,
            3945.2081658781917,
            4751.675721805705,
            4892.742715511353,
            4481.988822074318,
            5204.957164815766,
            5251.633743615429,
            5707.508329892139
        ],
        "FlagUp": 0,
        "Times": [
            -15,
            -10,
            -5,
            2,
            10,
            20,
            30,
            40
        ],
        "width": 0,
        "height": 0,
        "area": 0.5186286533295901,
        "distance": 0,
        "xpert": [
            [
                80.0,
                322.8
            ],
            [
                74.0,
                322.0
            ],
            [
                73.4,
                316.0
            ],
            [
                75.6,
                311.6
            ],
            [
                80.0,
                309.4
            ],
            [
                84.4,
                311.6
            ],
            [
                85.4,
                316.0
            ],
            [
                83.6,
                319.6
            ]
        ],
        "stack": 0
    },
    {
        "type": "Stim",
        "location": [
            107,
            313
        ],
        "radloc": [
            0,
            0
        ],
        "mean": [
            31.703389830508474,
            31.75423728813559,
            30.559322033898304,
            33.00847457627118,
            38.73728813559322,
            35.82203389830509,
            40.16101694915254,
            35.96610169491525
        ],
        "min": [
            7.0,
            11.0,
            8.0,
            8.0,
            8.0,
            7.0,
            9.0,
            8.0
        ],
        "max": [
            73.0,
            65.0,
            80.0,
            74.0,
            95.0,
            89.0,
            98.0,
            95.0
        ],
        "RawIntDen": [
            3741.0,
            3747.0,
            3606.0,
            3895.0,
            4571.0,
            4227.0,
            4739.0,
            4244.0
        ],
        "IntDen": [
            1925.9490241279507,
            1929.0379560030556,
            1856.4480569380887,
            2005.2316089223116,
            2353.251266850805,
            2176.1525060114536,
            2439.7413593537444,
            2184.904479657584
        ],
        "FlagUp": 0,
        "Times": [
            -15,
            -10,
            -5,
            2,
            10,
            20,
            30,
            40
        ],
        "width": 0,
        "height": 0,
        "area": 0.5148219791841622,
        "distance": 0,
        "xpert": [
            [
                107.0,
                318.8
            ],
            [
                102.6,
                317.4
            ],
            [
                99.0,
                313.0
            ],
            [
                102.4,
                308.4
            ],
            [
                107.0,
                307.2
            ],
            [
                111.6,
                308.4
            ],
            [
                113.2,
                313.0
            ],
            [
                111.6,
                317.6
            ]
        ],
        "stack": 0
    },
    {
        "type": "Stim",
        "location": [
            106,
            284
        ],
        "radloc": [
            0,
            0
        ],
        "mean": [
            42.95871559633027,
            45.1651376146789,
            45.72477064220183,
            51.41284403669725,
            50.50917431192661,
            46.91743119266055,
            47.11467889908257,
            47.34862385321101
        ],
        "min": [
            6.0,
            6.0,
            9.0,
            12.0,
            13.0,
            15.0,
            11.0,
            12.0
        ],
        "max": [
            129.0,
            118.0,
            112.0,
            121.0,
            129.0,
            103.0,
            113.0,
            131.0
        ],
        "RawIntDen": [
            9365.0,
            9846.0,
            9968.0,
            11208.0,
            11011.0,
            10228.0,
            10271.0,
            10322.0
        ],
        "IntDen": [
            10208.982780141252,
            10733.330961374348,
            10866.325718360704,
            12218.075707402366,
            12003.321878498165,
            11149.75716767589,
            11196.632368908788,
            11252.22853781292
        ],
        "FlagUp": 0,
        "Times": [
            -15,
            -10,
            -5,
            2,
            10,
            20,
            30,
            40
        ],
        "width": 0,
        "height": 0,
        "area": 1.090120958904565,
        "distance": 0,
        "xpert": [
            [
                106.0,
                291.6
            ],
            [
                98.2,
                291.8
            ],
            [
                97.8,
                284.0
            ],
            [
                96.6,
                274.6
            ],
            [
                106.0,
                277.0
            ],
            [
                112.4,
                277.6
            ],
            [
                114.6,
                284.0
            ],
            [
                112.4,
                290.4
            ]
        ],
        "stack": 0
    },
    {
        "type": "Stim",
        "location": [
            224,
            295
        ],
        "radloc": [
            0,
            0
        ],
        "mean": [
            81.08849557522124,
            73.91150442477876,
            67.92035398230088,
            66.17699115044248,
            73.73451327433628,
            61.85840707964602,
            63.86725663716814,
            52.61946902654867
        ],
        "min": [
            17.0,
            13.0,
            19.0,
            12.0,
            23.0,
            11.0,
            11.0,
            9.0
        ],
        "max": [
            172.0,
            141.0,
            128.0,
            155.0,
            170.0,
            141.0,
            141.0,
            127.0
        ],
        "RawIntDen": [
            9163.0,
            8352.0,
            7675.0,
            7478.0,
            8332.0,
            6990.0,
            7217.0,
            5946.0
        ],
        "IntDen": [
            4560.913886488845,
            4157.235924910491,
            3820.256911361113,
            3722.199502691649,
            4147.280858040494,
            3479.295871063737,
            3592.285880038196,
            2959.6413804499257
        ],
        "FlagUp": 0,
        "Times": [
            -15,
            -10,
            -5,
            2,
            10,
            20,
            30,
            40
        ],
        "width": 0,
        "height": 0,
        "area": 0.4977533434998193,
        "distance": 0,
        "xpert": [
            [
                224.0,
                302.2
            ],
            [
                218.8,
                300.2
            ],
            [
                217.4,
                295.0
            ],
            [
                219.6,
                290.6
            ],
            [
                224.0,
                290.0
            ],
            [
                228.4,
                290.6
            ],
            [
                229.8,
                295.0
            ],
            [
                228.4,
                299.4
            ]
        ],
        "stack": 0
    },
    {
        "type": "Stim",
        "location": [
            262,
            273
        ],
        "radloc": [
            0,
            0
        ],
        "mean": [
            37.2421875,
            35.1328125,
            31.6640625,
            31.4375,
            31.21875,
            34.328125,
            25.1875,
            19.6953125
        ],
        "min": [
            9.0,
            11.0,
            9.0,
            11.0,
            11.0,
            9.0,
            7.0,
            6.0
        ],
        "max": [
            83.0,
            76.0,
            61.0,
            75.0,
            70.0,
            66.0,
            73.0,
            50.0
        ],
        "RawIntDen": [
            4767.0,
            4497.0,
            4053.0,
            4024.0,
            3996.0,
            4394.0,
            3224.0,
            2521.0
        ],
        "IntDen": [
            2726.059925416354,
            2571.6575381995685,
            2317.7513903319664,
            2301.1674302234965,
            2285.1553308084226,
            2512.755886779832,
            1843.6788755070957,
            1441.6608080500584
        ],
        "FlagUp": 0,
        "Times": [
            -15,
            -10,
            -5,
            2,
            10,
            20,
            30,
            40
        ],
        "width": 0,
        "height": 0,
        "area": 0.5718606933955012,
        "distance": 0,
        "xpert": [
            [
                262.0,
                281.0
            ],
            [
                258.4,
                276.6
            ],
            [
                255.8,
                273.0
            ],
            [
                257.4,
                268.4
            ],
            [
                262.0,
                265.2
            ],
            [
                265.4,
                269.6
            ],
            [
                268.0,
                273.0
            ],
            [
                268.4,
                279.4
            ]
        ],
        "stack": 0
    },
    {
        "type": "Spine",
        "location": [
            450,
            252
        ],
        "radloc": [
            0,
            0
        ],
        "mean": [
            53.22935779816514,
            41.84403669724771,
            50.58715596330275,
            46.56880733944954,
            48.04587155963303,
            55.99082568807339,
            49.60550458715596,
            44.6605504587156
        ],
        "min": [
            9.0,
            7.0,
            8.0,
            11.0,
            10.0,
            11.0,
            13.0,
            11.0
        ],
        "max": [
            134.0,
            110.0,
            133.0,
            111.0,
            97.0,
            108.0,
            119.0,
            120.0
        ],
        "RawIntDen": [
            5802.0,
            4561.0,
            5514.0,
            5076.0,
            5237.0,
            6103.0,
            5407.0,
            4868.0
        ],
        "IntDen": [
            2801.75699155354,
            2202.4842534428985,
            2662.6832215488143,
            2451.1751963332936,
            2528.9212969262135,
            2947.1083970098684,
            2611.013452831781,
            2350.7330291076582
        ],
        "FlagUp": 0,
        "Times": [
            -15,
            -10,
            -5,
            2,
            10,
            20,
            30,
            40
        ],
        "width": 0,
        "height": 0,
        "area": 0.48289503473863155,
        "distance": 13.596185188926743,
        "xpert": [
            [
                450.0,
                259.0
            ],
            [
                445.0,
                257.0
            ],
            [
                442.0,
                252.0
            ],
            [
                445.8,
                247.8
            ],
            [
                450.0,
                246.4
            ],
            [
                453.6,
                248.4
            ],
            [
                455.2,
                252.0
            ],
            [
                454.0,
                256.0
            ]
        ],
        "stack": 0
    },
    {
        "type": "Spine",
        "location": [
            440,
            275
        ],
        "radloc": [
            0,
            0
        ],
        "mean": [
            70.53787878787878,
            69.27272727272727,
            80.03030303030303,
            76.87878787878788,
            68.84848484848484,
            72.39393939393939,
            73.00757575757575,
            68.64393939393939
        ],
        "min": [
            14.0,
            14.0,
            17.0,
            16.0,
            10.0,
            11.0,
            11.0,
            13.0
        ],
        "max": [
            151.0,
            138.0,
            160.0,
            168.0,
            166.0,
            179.0,
            167.0,
            160.0
        ],
        "RawIntDen": [
            9311.0,
            9144.0,
            10564.0,
            10148.0,
            9088.0,
            9556.0,
            9637.0,
            9061.0
        ],
        "IntDen": [
            5371.472389163315,
            5275.130869563887,
            6094.322233822496,
            5854.3337778143405,
            5242.824731255097,
            5512.811744264272,
            5559.540265746629,
            5227.248557427644
        ],
        "FlagUp": 0,
        "Times": [
            -15,
            -10,
            -5,
            2,
            10,
            20,
            30,
            40
        ],
        "width": 0,
        "height": 0,
        "area": 0.5768953269426823,
        "distance": 13.947009133218623,
        "xpert": [
            [
                440.0,
                281.0
            ],
            [
                435.4,
                279.6
            ],
            [
                433.8,
                275.0
            ],
            [
                434.4,
                269.4
            ],
            [
                440.0,
                267.4
            ],
            [
                445.2,
                269.8
            ],
            [
                446.2,
                275.0
            ],
            [
                444.8,
                279.8
            ]
        ],
        "stack": 0
    },
    {
        "type": "Spine",
        "location": [
            404,
            268
        ],
        "radloc": [
            0,
            0
        ],
        "mean": [
            40.324786324786324,
            40.58974358974359,
            46.35897435897436,
            53.743589743589745,
            50.324786324786324,
            51.282051282051285,
            40.72649572649573,
            43.69230769230769
        ],
        "min": [
            11.0,
            9.0,
            12.0,
            11.0,
            12.0,
            14.0,
            9.0,
            8.0
        ],
        "max": [
            111.0,
            115.0,
            110.0,
            134.0,
            128.0,
            132.0,
            91.0,
            111.0
        ],
        "RawIntDen": [
            4718.0,
            4749.0,
            5424.0,
            6288.0,
            5888.0,
            6000.0,
            4765.0,
            5112.0
        ],
        "IntDen": [
            2481.071709908036,
            2497.373791935834,
            2852.338481250782,
            3306.6932835739153,
            3096.343838053946,
            3155.2416827995376,
            2505.7877697566328,
            2688.265913745206
        ],
        "FlagUp": 0,
        "Times": [
            -15,
            -10,
            -5,
            2,
            10,
            20,
            30,
            40
        ],
        "width": 0,
        "height": 0,
        "area": 0.5258736137999229,
        "distance": 11.401749465143938,
        "xpert": [
            [
                404.0,
                273.8
            ],
            [
                400.0,
                272.0
            ],
            [
                398.4,
                268.0
            ],
            [
                398.4,
                262.4
            ],
            [
                404.0,
                261.2
            ],
            [
                409.4,
                262.6
            ],
            [
                410.0,
                268.0
            ],
            [
                408.6,
                272.6
            ]
        ],
        "stack": 0
    },
    {
        "type": "Spine",
        "location": [
            429,
            243
        ],
        "radloc": [
            0,
            0
        ],
        "mean": [
            35.9290780141844,
            34.95744680851064,
            43.12056737588652,
            45.226950354609926,
            44.836879432624116,
            47.808510638297875,
            51.829787234042556,
            44.45390070921986
        ],
        "min": [
            7.0,
            8.0,
            9.0,
            10.0,
            9.0,
            10.0,
            12.0,
            7.0
        ],
        "max": [
            92.0,
            104.0,
            121.0,
            119.0,
            128.0,
            122.0,
            137.0,
            119.0
        ],
        "RawIntDen": [
            5066.0,
            4929.0,
            6080.0,
            6377.0,
            6322.0,
            6741.0,
            7308.0,
            6268.0
        ],
        "IntDen": [
            3147.4351764947696,
            3062.3189863684797,
            3777.419240641176,
            3961.941200258023,
            3927.770466995644,
            4188.0893258490405,
            4540.358521481203,
            3894.221019792581
        ],
        "FlagUp": 0,
        "Times": [
            -15,
            -10,
            -5,
            2,
            10,
            20,
            30,
            40
        ],
        "width": 0,
        "height": 0,
        "area": 0.6212860593159829,
        "distance": 12.677036328240073,
        "xpert": [
            [
                429.0,
                249.8
            ],
            [
                422.6,
                249.4
            ],
            [
                419.8,
                243.0
            ],
            [
                423.6,
                237.6
            ],
            [
                429.0,
                237.4
            ],
            [
                432.4,
                239.6
            ],
            [
                434.4,
                243.0
            ],
            [
                434.0,
                248.0
            ]
        ],
        "stack": 0
    },
    {
        "type": "Spine",
        "location": [
            399,
            232
        ],
        "radloc": [
            0,
            0
        ],
        "mean": [
            97.41714285714286,
            95.65714285714286,
            113.61714285714285,
            110.50857142857143,
            112.02857142857142,
            101.83428571428571,
            119.31428571428572,
            112.42285714285714
        ],
        "min": [
            10.0,
            13.0,
            26.0,
            18.0,
            29.0,
            21.0,
            25.0,
            14.0
        ],
        "max": [
            250.0,
            205.0,
            211.0,
            215.0,
            216.0,
            191.0,
            238.0,
            230.0
        ],
        "RawIntDen": [
            17048.0,
            16740.0,
            19883.0,
            19339.0,
            19605.0,
            17821.0,
            20880.0,
            19674.0
        ],
        "IntDen": [
            13180.204984311136,
            12942.083026593642,
            15372.009367847157,
            14951.43032564483,
            15157.081107309938,
            13777.829248322898,
            16142.81323747164,
            15210.42661082457
        ],
        "FlagUp": 0,
        "Times": [
            -15,
            -10,
            -5,
            2,
            10,
            20,
            30,
            40
        ],
        "width": 0,
        "height": 0,
        "area": 0.7731232393425115,
        "distance": 10.120570885493377,
        "xpert": [
            [
                399.0,
                238.8
            ],
            [
                394.4,
                236.6
            ],
            [
                391.6,
                232.0
            ],
            [
                392.4,
                225.4
            ],
            [
                399.0,
                222.8
            ],
            [
                405.2,
                225.8
            ],
            [
                406.0,
                232.0
            ],
            [
                404.6,
                237.6
            ]
        ],
        "stack": 0
    },
    {
        "type": "Spine",
        "location": [
            381,
            252
        ],
        "radloc": [
            0,
            0
        ],
        "mean": [
            108.42962962962963,
            82.97777777777777,
            86.55555555555556,
            100.00740740740741,
            83.85185185185185,
            75.55555555555556,
            79.05185185185185,
            70.61481481481482
        ],
        "min": [
            32.0,
            19.0,
            14.0,
            29.0,
            10.0,
            8.0,
            10.0,
            11.0
        ],
        "max": [
            199.0,
            171.0,
            191.0,
            200.0,
            198.0,
            176.0,
            165.0,
            161.0
        ],
        "RawIntDen": [
            14638.0,
            11202.0,
            11685.0,
            13501.0,
            11320.0,
            10200.0,
            10672.0,
            9533.0
        ],
        "IntDen": [
            8890.37056491323,
            6803.5203626286375,
            7096.869794439888,
            8199.815070152583,
            6875.187511601159,
            6194.9569450823155,
            6481.6255409724,
            5789.855348771541
        ],
        "FlagUp": 0,
        "Times": [
            -15,
            -10,
            -5,
            2,
            10,
            20,
            30,
            40
        ],
        "width": 0,
        "height": 0,
        "area": 0.6073487201061094,
        "distance": 9.05034329061908,
        "xpert": [
            [
                381.0,
                257.6
            ],
            [
                376.0,
                257.0
            ],
            [
                374.8,
                252.0
            ],
            [
                374.8,
                245.8
            ],
            [
                381.0,
                245.2
            ],
            [
                387.6,
                245.4
            ],
            [
                386.8,
                252.0
            ],
            [
                385.0,
                256.0
            ]
        ],
        "stack": 0
    },
    {
        "type": "Spine",
        "location": [
            314,
            216
        ],
        "radloc": [
            0,
            0
        ],
        "mean": [
            61.08074534161491,
            56.75155279503105,
            69.32919254658385,
            67.22360248447205,
            65.75776397515529,
            71.61490683229813,
            78.90683229813665,
            67.6583850931677
        ],
        "min": [
            8.0,
            11.0,
            15.0,
            16.0,
            20.0,
            26.0,
            23.0,
            21.0
        ],
        "max": [
            149.0,
            131.0,
            152.0,
            132.0,
            146.0,
            138.0,
            149.0,
            192.0
        ],
        "RawIntDen": [
            9834.0,
            9137.0,
            11162.0,
            10823.0,
            10587.0,
            11530.0,
            12704.0,
            10893.0
        ],
        "IntDen": [
            7415.7197679635265,
            6890.119129538615,
            8417.151113484735,
            8161.514648024126,
            7983.549439030899,
            8694.65618513519,
            9579.957690889632,
            8214.3009388272
        ],
        "FlagUp": 0,
        "Times": [
            -15,
            -10,
            -5,
            2,
            10,
            20,
            30,
            40
        ],
        "width": 0,
        "height": 0,
        "area": 0.7540898686153678,
        "distance": 4.581128227369552,
        "xpert": [
            [
                314.0,
                222.6
            ],
            [
                307.6,
                222.4
            ],
            [
                307.0,
                216.0
            ],
            [
                308.0,
                210.0
            ],
            [
                314.0,
                210.0
            ],
            [
                318.2,
                211.8
            ],
            [
                322.0,
                216.0
            ],
            [
                321.4,
                223.4
            ]
        ],
        "stack": 0
    },
    {
        "type": "Spine",
        "location": [
            269,
            238
        ],
        "radloc": [
            0,
            0
        ],
        "mean": [
            66.24305555555556,
            51.145833333333336,
            60.90277777777778,
            58.75,
            63.19444444444444,
            64.93055555555556,
            62.979166666666664,
            53.15277777777778
        ],
        "min": [
            23.0,
            18.0,
            22.0,
            18.0,
            21.0,
            21.0,
            19.0,
            13.0
        ],
        "max": [
            136.0,
            103.0,
            154.0,
            121.0,
            128.0,
            127.0,
            162.0,
            144.0
        ],
        "RawIntDen": [
            9539.0,
            7365.0,
            8770.0,
            8460.0,
            9100.0,
            9350.0,
            9069.0,
            7654.0
        ],
        "IntDen": [
            6207.571833414458,
            4792.825930715743,
            5707.139635081748,
            5505.404938744765,
            5921.889473117891,
            6084.578744357394,
            5901.716003484193,
            4980.894728268609
        ],
        "FlagUp": 0,
        "Times": [
            -15,
            -10,
            -5,
            2,
            10,
            20,
            30,
            40
        ],
        "width": 0,
        "height": 0,
        "area": 0.65075708495801,
        "distance": 1.5794203794971593,
        "xpert": [
            [
                269.0,
                246.2
            ],
            [
                263.8,
                243.2
            ],
            [
                262.6,
                238.0
            ],
            [
                263.8,
                232.8
            ],
            [
                269.0,
                231.0
            ],
            [
                273.6,
                233.4
            ],
            [
                274.4,
                238.0
            ],
            [
                275.6,
                244.6
            ]
        ],
        "stack": 0
    },
    {
        "type": "Spine",
        "location": [
            258,
            241
        ],
        "radloc": [
            0,
            0
        ],
        "mean": [
            33.552,
            35.712,
            42.84,
            40.576,
            41.376,
            34.312,
            41.744,
            37.504
        ],
        "min": [
            11.0,
            13.0,
            11.0,
            15.0,
            14.0,
            11.0,
            17.0,
            15.0
        ],
        "max": [
            77.0,
            78.0,
            131.0,
            117.0,
            97.0,
            70.0,
            107.0,
            88.0
        ],
        "RawIntDen": [
            4194.0,
            4464.0,
            5355.0,
            5072.0,
            5172.0,
            4289.0,
            5218.0,
            4688.0
        ],
        "IntDen": [
            2292.549979529827,
            2440.139034005996,
            2927.1829137773543,
            2772.4877196412212,
            2827.1503324101727,
            2344.479461660331,
            2852.2951342838905,
            2562.5832866084475
        ],
        "FlagUp": 0,
        "Times": [
            -15,
            -10,
            -5,
            2,
            10,
            20,
            30,
            40
        ],
        "width": 0,
        "height": 0,
        "area": 0.5466261276895152,
        "distance": 1.3624516453095408,
        "xpert": [
            [
                258.0,
                248.0
            ],
            [
                254.4,
                244.6
            ],
            [
                252.6,
                241.0
            ],
            [
                252.6,
                235.6
            ],
            [
                258.0,
                234.8
            ],
            [
                262.6,
                236.4
            ],
            [
                264.4,
                241.0
            ],
            [
                264.0,
                247.0
            ]
        ],
        "stack": 0
    },
    {
        "type": "Spine",
        "location": [
            193,
            277
        ],
        "radloc": [
            0,
            0
        ],
        "mean": [
            42.91034482758621,
            38.83448275862069,
            49.38620689655173,
            51.86896551724138,
            47.213793103448275,
            67.48275862068965,
            72.18620689655172,
            72.48965517241379
        ],
        "min": [
            9.0,
            11.0,
            12.0,
            11.0,
            12.0,
            11.0,
            20.0,
            19.0
        ],
        "max": [
            100.0,
            103.0,
            139.0,
            136.0,
            107.0,
            126.0,
            157.0,
            125.0
        ],
        "RawIntDen": [
            6222.0,
            5631.0,
            7161.0,
            7521.0,
            6846.0,
            9785.0,
            10467.0,
            10511.0
        ],
        "IntDen": [
            4603.700965281435,
            4166.415965204076,
            5298.473579617544,
            5564.840077126595,
            5065.402894297124,
            7239.989383683517,
            7744.605915075664,
            7777.16182032677
        ],
        "FlagUp": 0,
        "Times": [
            -15,
            -10,
            -5,
            2,
            10,
            20,
            30,
            40
        ],
        "width": 0,
        "height": 0,
        "area": 0.7399069375251422,
        "distance": -2.4665940504352504,
        "xpert": [
            [
                193.0,
                284.4
            ],
            [
                182.6,
                287.4
            ],
            [
                186.6,
                277.0
            ],
            [
                188.8,
                272.8
            ],
            [
                193.0,
                272.2
            ],
            [
                197.4,
                272.6
            ],
            [
                199.4,
                277.0
            ],
            [
                197.0,
                281.0
            ]
        ],
        "stack": 0
    },
    {
        "type": "Spine",
        "location": [
            174,
            277
        ],
        "radloc": [
            0,
            0
        ],
        "mean": [
            47.11340206185567,
            39.75257731958763,
            53.31958762886598,
            42.865979381443296,
            45.21649484536083,
            47.0,
            49.4639175257732,
            48.31958762886598
        ],
        "min": [
            16.0,
            9.0,
            10.0,
            11.0,
            14.0,
            16.0,
            16.0,
            16.0
        ],
        "max": [
            127.0,
            97.0,
            120.0,
            84.0,
            87.0,
            91.0,
            107.0,
            83.0
        ],
        "RawIntDen": [
            4570.0,
            3856.0,
            5172.0,
            4158.0,
            4386.0,
            4559.0,
            4798.0,
            4687.0
        ],
        "IntDen": [
            2008.7346701056547,
            1694.8973496558872,
            2273.3426069554585,
            1827.640866148646,
            1927.8578256200003,
            2003.8996413592297,
            2108.951629577009,
            2060.1617940449023
        ],
        "FlagUp": 0,
        "Times": [
            -15,
            -10,
            -5,
            2,
            10,
            20,
            30,
            40
        ],
        "width": 0,
        "height": 0,
        "area": 0.4395480678568172,
        "distance": -3.5401327846228687,
        "xpert": [
            [
                174.0,
                284.2
            ],
            [
                170.4,
                280.6
            ],
            [
                168.8,
                277.0
            ],
            [
                170.4,
                273.4
            ],
            [
                174.0,
                271.4
            ],
            [
                177.4,
                273.6
            ],
            [
                179.4,
                277.0
            ],
            [
                180.0,
                283.0
            ]
        ],
        "stack": 0
    },
    {
        "type": "Spine",
        "location": [
            183,
            312
        ],
        "radloc": [
            0,
            0
        ],
        "mean": [
            37.74418604651163,
            44.81395348837209,
            37.02325581395349,
            37.65891472868217,
            33.42635658914729,
            30.3953488372093,
            34.82945736434109,
            26.8062015503876
        ],
        "min": [
            7.0,
            10.0,
            8.0,
            10.0,
            8.0,
            8.0,
            8.0,
            7.0
        ],
        "max": [
            97.0,
            85.0,
            93.0,
            90.0,
            91.0,
            78.0,
            90.0,
            82.0
        ],
        "RawIntDen": [
            4869.0,
            5781.0,
            4776.0,
            4858.0,
            4312.0,
            3921.0,
            4493.0,
            3458.0
        ],
        "IntDen": [
            3082.7385390662935,
            3660.158450265402,
            3023.8569033848053,
            3075.7740445233217,
            2730.081860844908,
            2482.525736635641,
            2844.67945287017,
            2189.3838299632866
        ],
        "FlagUp": 0,
        "Times": [
            -15,
            -10,
            -5,
            2,
            10,
            20,
            30,
            40
        ],
        "width": 0,
        "height": 0,
        "area": 0.6331358675428822,
        "distance": -2.919830252998106,
        "xpert": [
            [
                183.0,
                317.2
            ],
            [
                178.6,
                316.4
            ],
            [
                175.2,
                312.0
            ],
            [
                173.6,
                302.6
            ],
            [
                183.0,
                306.2
            ],
            [
                186.2,
                308.8
            ],
            [
                187.8,
                312.0
            ],
            [
                187.0,
                316.0
            ]
        ],
        "stack": 0
    },
    {
        "type": "Spine",
        "location": [
            166,
            313
        ],
        "radloc": [
            0,
            0
        ],
        "mean": [
            21.978947368421053,
            16.46315789473684,
            21.905263157894737,
            19.263157894736842,
            24.642105263157895,
            32.747368421052634,
            19.442105263157895,
            20.905263157894737
        ],
        "min": [
            7.0,
            7.0,
            8.0,
            9.0,
            11.0,
            11.0,
            7.0,
            6.0
        ],
        "max": [
            57.0,
            31.0,
            46.0,
            47.0,
            66.0,
            80.0,
            57.0,
            56.0
        ],
        "RawIntDen": [
            2088.0,
            1564.0,
            2081.0,
            1830.0,
            2341.0,
            3111.0,
            1847.0,
            1986.0
        ],
        "IntDen": [
            984.3116267257577,
            737.2908928156537,
            981.0117314254319,
            862.6869142280348,
            1103.5792711518193,
            1466.5677541876591,
            870.7009456716831,
            936.2274380638672
        ],
        "FlagUp": 0,
        "Times": [
            -15,
            -10,
            -5,
            2,
            10,
            20,
            30,
            40
        ],
        "width": 0,
        "height": 0,
        "area": 0.4714136143322594,
        "distance": -3.812724187112141,
        "xpert": [
            [
                166.0,
                317.8
            ],
            [
                161.2,
                317.8
            ],
            [
                161.4,
                313.0
            ],
            [
                163.0,
                310.0
            ],
            [
                166.0,
                308.4
            ],
            [
                173.0,
                306.0
            ],
            [
                172.4,
                313.0
            ],
            [
                170.4,
                317.4
            ]
        ],
        "stack": 0
    },
    {
        "type": "Spine",
        "location": [
            155,
            301
        ],
        "radloc": [
            0,
            0
        ],
        "mean": [
            74.10752688172043,
            67.65591397849462,
            58.68817204301075,
            49.634408602150536,
            45.32258064516129,
            27.892473118279568,
            38.55913978494624,
            22.483870967741936
        ],
        "min": [
            19.0,
            20.0,
            14.0,
            13.0,
            10.0,
            8.0,
            10.0,
            6.0
        ],
        "max": [
            152.0,
            142.0,
            131.0,
            113.0,
            141.0,
            77.0,
            149.0,
            76.0
        ],
        "RawIntDen": [
            6892.0,
            6292.0,
            5458.0,
            4616.0,
            4215.0,
            2594.0,
            3586.0,
            2091.0
        ],
        "IntDen": [
            2962.0836689040775,
            2704.21219453634,
            2345.7708451651847,
            1983.8912094691268,
            1811.5471074333554,
            1114.8643408498515,
            1541.2118451378442,
            898.6820881715649
        ],
        "FlagUp": 0,
        "Times": [
            -15,
            -10,
            -5,
            2,
            10,
            20,
            30,
            40
        ],
        "width": 0,
        "height": 0,
        "area": 0.42978579061289574,
        "distance": -3.060641655487379,
        "xpert": [
            [
                155.0,
                306.0
            ],
            [
                151.0,
                305.0
            ],
            [
                150.0,
                301.0
            ],
            [
                149.2,
                295.2
            ],
            [
                155.0,
                295.2
            ],
            [
                160.2,
                295.8
            ],
            [
                160.0,
                301.0
            ],
            [
                158.0,
                304.0
            ]
        ],
        "stack": 0
    },
    {
        "type": "Spine",
        "location": [
            66,
            295
        ],
        "radloc": [
            0,
            0
        ],
        "mean": [
            73.23448275862069,
            69.1103448275862,
            73.81379310344828,
            69.64827586206897,
            69.17931034482758,
            72.52413793103449,
            81.97931034482758,
            82.04827586206896
        ],
        "min": [
            8.0,
            10.0,
            11.0,
            9.0,
            12.0,
            10.0,
            15.0,
            18.0
        ],
        "max": [
            188.0,
            150.0,
            217.0,
            138.0,
            146.0,
            199.0,
            151.0,
            158.0
        ],
        "RawIntDen": [
            10619.0,
            10021.0,
            10703.0,
            10099.0,
            10031.0,
            10516.0,
            11887.0,
            11897.0
        ],
        "IntDen": [
            7305.4924220511375,
            6894.089797662157,
            7363.281419456947,
            6947.751009538981,
            6900.969440210468,
            7234.632103803538,
            8177.831097176935,
            8184.710739725246
        ],
        "FlagUp": 0,
        "Times": [
            -15,
            -10,
            -5,
            2,
            10,
            20,
            30,
            40
        ],
        "width": 0,
        "height": 0,
        "area": 0.6879642548310705,
        "distance": -0.32945,
        "xpert": [
            [
                66.0,
                303.6
            ],
            [
                58.6,
                302.4
            ],
            [
                60.6,
                295.0
            ],
            [
                62.4,
                291.4
            ],
            [
                66.0,
                290.0
            ],
            [
                69.4,
                291.6
            ],
            [
                71.2,
                295.0
            ],
            [
                74.2,
                303.2
            ]
        ],
        "stack": 0
    }
]