[
    {
        "type": "Stim",
        "location": [
            208,
            314
        ],
        "radloc": [
            0,
            0
        ],
        "mean": [
            60.724137931034484,
            56.64655172413793,
            108.00862068965517,
            91.55172413793103,
            67.76724137931035,
            53.0,
            47.41379310344828,
            53.474137931034484
        ],
        "min": [
            7.0,
            13.0,
            24.0,
            19.0,
            16.0,
            9.0,
            7.0,
            9.0
        ],
        "max": [
            128.0,
            131.0,
            238.0,
            189.0,
            148.0,
            135.0,
            134.0,
            127.0
        ],
        "RawIntDen": [
            7044.0,
            6571.0,
            12529.0,
            10620.0,
            7861.0,
            6148.0,
            5500.0,
            6203.0
        ],
        "IntDen": [
            4731.411076186424,
            4413.699912211952,
            8415.651529463332,
            7133.3880790885605,
            5280.184904869602,
            4129.573437875374,
            3694.3158601682753,
            4166.516596477057
        ],
        "FlagUp": 0,
        "Times": [
            -15,
            -10,
            -5,
            2,
            10,
            20,
            30,
            40
        ],
        "width": 0,
        "height": 0,
        "area": 0.6716937927578682,
        "distance": 0,
        "xpert": [
            [
                208.0,
                321.4
            ],
            [
                202.4,
                319.6
            ],
            [
                202.4,
                314.0
            ],
            [
                204.2,
                310.2
            ],
            [
                208.0,
                308.6
            ],
            [
                214.0,
                308.0
            ],
            [
                213.2,
                314.0
            ],
            [
                215.8,
                321.8
            ]
        ],
        "stack": 0
    },
    {
        "type": "Stim",
        "location": [
            248,
            309
        ],
        "radloc": [
            0,
            0
        ],
        "mean": [
            87.42735042735043,
            102.83333333333333,
            108.66239316239316,
            86.26068376068376,
            130.47863247863248,
            172.77777777777777,
            115.96581196581197,
            96.22649572649573
        ],
        "min": [
            6.0,
            9.0,
            10.0,
            8.0,
            16.0,
            15.0,
            10.0,
            8.0
        ],
        "max": [
            255.0,
            255.0,
            255.0,
            255.0,
            255.0,
            255.0,
            255.0,
            255.0
        ],
        "RawIntDen": [
            20458.0,
            24063.0,
            25427.0,
            20185.0,
            30532.0,
            40430.0,
            27136.0,
            22517.0
        ],
        "IntDen": [
            21887.188285492695,
            25744.03224722899,
            27203.32078087901,
            21595.11660683694,
            32664.954185778814,
            43254.424791400415,
            29031.710886456633,
            24090.029261141804
        ],
        "FlagUp": 0,
        "Times": [
            -15,
            -10,
            -5,
            2,
            10,
            20,
            30,
            40
        ],
        "width": 0,
        "height": 0,
        "area": 1.0698596287756719,
        "distance": 0,
        "xpert": [
            [
                248.0,
                321.6
            ],
            [
                240.0,
                317.0
            ],
            [
                240.4,
                309.0
            ],
            [
                242.2,
                303.2
            ],
            [
                248.0,
                303.2
            ],
            [
                253.8,
                303.2
            ],
            [
                257.4,
                309.0
            ],
            [
                254.8,
                315.8
            ]
        ],
        "stack": 0
    },
    {
        "type": "Spine",
        "location": [
            235,
            305
        ],
        "radloc": [
            0,
            0
        ],
        "mean": [
            73.09929078014184,
            59.59574468085106,
            82.64539007092199,
            91.97872340425532,
            96.63120567375887,
            169.77304964539007,
            120.29078014184397,
            180.4255319148936
        ],
        "min": [
            9.0,
            8.0,
            11.0,
            14.0,
            11.0,
            24.0,
            16.0,
            34.0
        ],
        "max": [
            220.0,
            187.0,
            244.0,
            255.0,
            255.0,
            255.0,
            255.0,
            255.0
        ],
        "RawIntDen": [
            10307.0,
            8403.0,
            11653.0,
            12969.0,
            13625.0,
            23938.0,
            16961.0,
            25440.0
        ],
        "IntDen": [
            6919.983777566885,
            5641.663304831137,
            7823.6704142802855,
            8707.215446906464,
            9147.645189613739,
            16071.657287998069,
            11387.391564112926,
            17080.08026596503
        ],
        "FlagUp": 0,
        "Times": [
            -15,
            -10,
            -5,
            2,
            10,
            20,
            30,
            40
        ],
        "width": 0,
        "height": 0,
        "area": 0.6713868029074304,
        "distance": -0.85657,
        "xpert": [
            [
                235.0,
                312.2
            ],
            [
                230.0,
                310.0
            ],
            [
                227.0,
                305.0
            ],
            [
                229.8,
                299.8
            ],
            [
                235.0,
                299.8
            ],
            [
                239.6,
                300.4
            ],
            [
                242.0,
                305.0
            ],
            [
                241.0,
                311.0
            ]
        ],
        "stack": 0
    },
    {
        "type": "Stim",
        "location": [
            259,
            278
        ],
        "radloc": [
            0,
            0
        ],
        "mean": [
            68.30113636363636,
            64.26704545454545,
            68.2159090909091,
            104.5,
            110.43181818181819,
            81.96022727272727,
            110.76136363636364,
            101.94886363636364
        ],
        "min": [
            15.0,
            13.0,
            13.0,
            19.0,
            14.0,
            12.0,
            11.0,
            12.0
        ],
        "max": [
            177.0,
            168.0,
            175.0,
            251.0,
            246.0,
            221.0,
            255.0,
            234.0
        ],
        "RawIntDen": [
            12021.0,
            11311.0,
            12006.0,
            18392.0,
            19436.0,
            14425.0,
            19494.0,
            17943.0
        ],
        "IntDen": [
            9587.46432950849,
            9021.196991187964,
            9575.50093503693,
            14668.716741395901,
            15501.368996616504,
            11504.7976834839,
            15547.627455239872,
            14310.612466880528
        ],
        "FlagUp": 0,
        "Times": [
            -15,
            -10,
            -5,
            2,
            10,
            20,
            30,
            40
        ],
        "width": 0,
        "height": 0,
        "area": 0.7975596314373588,
        "distance": 0,
        "xpert": [
            [
                259.0,
                287.2
            ],
            [
                252.8,
                284.2
            ],
            [
                251.8,
                278.0
            ],
            [
                253.4,
                272.4
            ],
            [
                259.0,
                271.2
            ],
            [
                264.4,
                272.6
            ],
            [
                265.0,
                278.0
            ],
            [
                266.0,
                285.0
            ]
        ],
        "stack": 0
    },
    {
        "type": "Spine",
        "location": [
            29,
            270
        ],
        "radloc": [
            0,
            0
        ],
        "mean": [
            44.53781512605042,
            36.0672268907563,
            32.96638655462185,
            23.369747899159663,
            24.48739495798319,
            24.840336134453782,
            27.764705882352942,
            36.53781512605042
        ],
        "min": [
            9.0,
            8.0,
            9.0,
            6.0,
            7.0,
            6.0,
            8.0,
            9.0
        ],
        "max": [
            115.0,
            99.0,
            102.0,
            64.0,
            75.0,
            75.0,
            89.0,
            90.0
        ],
        "RawIntDen": [
            5300.0,
            4292.0,
            3923.0,
            2781.0,
            2914.0,
            2956.0,
            3304.0,
            4348.0
        ],
        "IntDen": [
            2795.265384176185,
            2263.6375526196575,
            2069.023792853429,
            1466.723213847919,
            1536.8685527338496,
            1559.0197123820383,
            1742.5578923241726,
            2293.172432150576
        ],
        "FlagUp": 0,
        "Times": [
            -15,
            -10,
            -5,
            2,
            10,
            20,
            30,
            40
        ],
        "width": 0,
        "height": 0,
        "area": 0.5274085630521104,
        "distance": 12.367453164120032,
        "xpert": [
            [
                29.0,
                278.0
            ],
            [
                25.0,
                274.0
            ],
            [
                23.4,
                270.0
            ],
            [
                24.8,
                265.8
            ],
            [
                29.0,
                264.6
            ],
            [
                33.4,
                265.6
            ],
            [
                35.6,
                270.0
            ],
            [
                34.6,
                275.6
            ]
        ],
        "stack": 0
    },
    {
        "type": "Spine",
        "location": [
            24,
            283
        ],
        "radloc": [
            0,
            0
        ],
        "mean": [
            69.98113207547169,
            84.63207547169812,
            94.73584905660377,
            87.29245283018868,
            86.75471698113208,
            85.84905660377359,
            105.01886792452831,
            81.69811320754717
        ],
        "min": [
            16.0,
            18.0,
            28.0,
            18.0,
            19.0,
            27.0,
            29.0,
            9.0
        ],
        "max": [
            131.0,
            182.0,
            223.0,
            194.0,
            208.0,
            183.0,
            221.0,
            180.0
        ],
        "RawIntDen": [
            7418.0,
            8971.0,
            10042.0,
            9253.0,
            9196.0,
            9100.0,
            11132.0,
            8660.0
        ],
        "IntDen": [
            3440.925823637228,
            4161.302987847072,
            4658.098830003376,
            4292.111977098311,
            4265.671862249656,
            4221.1411425045535,
            5163.7080437759,
            4017.042010339498
        ],
        "FlagUp": 0,
        "Times": [
            -15,
            -10,
            -5,
            2,
            10,
            20,
            30,
            40
        ],
        "width": 0,
        "height": 0,
        "area": 0.46386166401148937,
        "distance": 12.696903164120034,
        "xpert": [
            [
                24.0,
                287.2
            ],
            [
                19.8,
                287.2
            ],
            [
                17.4,
                283.0
            ],
            [
                19.4,
                278.4
            ],
            [
                24.0,
                276.8
            ],
            [
                29.0,
                278.0
            ],
            [
                30.0,
                283.0
            ],
            [
                28.2,
                287.2
            ]
        ],
        "stack": 0
    },
    {
        "type": "Spine",
        "location": [
            40,
            318
        ],
        "radloc": [
            0,
            0
        ],
        "mean": [
            121.43065693430657,
            89.21897810218978,
            68.08759124087591,
            65.75912408759125,
            53.46715328467153,
            43.372262773722625,
            48.941605839416056,
            55.33576642335766
        ],
        "min": [
            33.0,
            9.0,
            13.0,
            9.0,
            6.0,
            5.0,
            7.0,
            7.0
        ],
        "max": [
            217.0,
            204.0,
            150.0,
            169.0,
            174.0,
            132.0,
            131.0,
            147.0
        ],
        "RawIntDen": [
            16636.0,
            12223.0,
            9328.0,
            9009.0,
            7325.0,
            5942.0,
            6705.0,
            7581.0
        ],
        "IntDen": [
            10188.630888006484,
            7485.912199092526,
            5712.884643142852,
            5517.514767374995,
            4486.15780564123,
            3639.1467141461007,
            4106.442059634736,
            4642.943662056814
        ],
        "FlagUp": 0,
        "Times": [
            -15,
            -10,
            -5,
            2,
            10,
            20,
            30,
            40
        ],
        "width": 0,
        "height": 0,
        "area": 0.6124447516233761,
        "distance": 11.506200505996217,
        "xpert": [
            [
                40.0,
                324.4
            ],
            [
                35.0,
                323.0
            ],
            [
                34.0,
                318.0
            ],
            [
                34.0,
                312.0
            ],
            [
                40.0,
                309.8
            ],
            [
                44.4,
                313.6
            ],
            [
                46.0,
                318.0
            ],
            [
                45.0,
                323.0
            ]
        ],
        "stack": 0
    },
    {
        "type": "Spine",
        "location": [
            48,
            311
        ],
        "radloc": [
            0,
            0
        ],
        "mean": [
            135.6910994764398,
            141.1675392670157,
            125.87434554973822,
            109.05235602094241,
            112.97905759162303,
            97.1413612565445,
            112.42408376963351,
            129.717277486911
        ],
        "min": [
            32.0,
            20.0,
            16.0,
            14.0,
            15.0,
            14.0,
            23.0,
            54.0
        ],
        "max": [
            255.0,
            255.0,
            255.0,
            255.0,
            255.0,
            245.0,
            255.0,
            255.0
        ],
        "RawIntDen": [
            25917.0,
            26963.0,
            24042.0,
            20829.0,
            21579.0,
            18554.0,
            21473.0,
            24776.0
        ],
        "IntDen": [
            23136.792313638798,
            24070.58421702523,
            21462.93015412679,
            18594.59995758701,
            19264.144821391812,
            16563.64720404577,
            19169.515813974067,
            22118.191394170422
        ],
        "FlagUp": 0,
        "Times": [
            -15,
            -10,
            -5,
            2,
            10,
            20,
            30,
            40
        ],
        "width": 0,
        "height": 0,
        "area": 0.8927264850730716,
        "distance": 10.979080505996217,
        "xpert": [
            [
                48.0,
                317.4
            ],
            [
                43.6,
                315.4
            ],
            [
                40.8,
                311.0
            ],
            [
                40.6,
                303.6
            ],
            [
                48.0,
                302.6
            ],
            [
                56.8,
                302.2
            ],
            [
                54.8,
                311.0
            ],
            [
                53.6,
                316.6
            ]
        ],
        "stack": 0
    },
    {
        "type": "Spine",
        "location": [
            68,
            318
        ],
        "radloc": [
            0,
            0
        ],
        "mean": [
            108.59863945578232,
            112.06122448979592,
            123.70748299319727,
            93.31292517006803,
            71.0952380952381,
            52.755102040816325,
            70.25850340136054,
            75.65986394557824
        ],
        "min": [
            11.0,
            12.0,
            21.0,
            9.0,
            7.0,
            8.0,
            10.0,
            10.0
        ],
        "max": [
            255.0,
            255.0,
            255.0,
            255.0,
            255.0,
            253.0,
            255.0,
            255.0
        ],
        "RawIntDen": [
            15964.0,
            16473.0,
            18185.0,
            13717.0,
            10451.0,
            7755.0,
            10328.0,
            11122.0
        ],
        "IntDen": [
            11105.18101343293,
            11459.261264988765,
            12650.195234858296,
            9542.080177979173,
            7270.1232004126505,
            5394.680453468577,
            7184.559603278332,
            7736.8969701453925
        ],
        "FlagUp": 0,
        "Times": [
            -15,
            -10,
            -5,
            2,
            10,
            20,
            30,
            40
        ],
        "width": 0,
        "height": 0,
        "area": 0.6956390010920152,
        "distance": 9.579402911121923,
        "xpert": [
            [
                68.0,
                323.2
            ],
            [
                64.2,
                321.8
            ],
            [
                62.4,
                318.0
            ],
            [
                61.0,
                311.0
            ],
            [
                68.0,
                308.2
            ],
            [
                75.0,
                311.0
            ],
            [
                73.4,
                318.0
            ],
            [
                71.4,
                321.4
            ]
        ],
        "stack": 0
    },
    {
        "type": "Spine",
        "location": [
            89,
            321
        ],
        "radloc": [
            0,
            0
        ],
        "mean": [
            60.65294117647059,
            53.61764705882353,
            64.0,
            44.858823529411765,
            49.758823529411764,
            52.83529411764706,
            66.8529411764706,
            56.46470588235294
        ],
        "min": [
            12.0,
            13.0,
            12.0,
            7.0,
            12.0,
            7.0,
            15.0,
            11.0
        ],
        "max": [
            195.0,
            124.0,
            134.0,
            148.0,
            145.0,
            156.0,
            183.0,
            230.0
        ],
        "RawIntDen": [
            10311.0,
            9115.0,
            10880.0,
            7626.0,
            8459.0,
            8982.0,
            11365.0,
            9599.0
        ],
        "IntDen": [
            8131.841561662552,
            7188.607878436055,
            8580.587352428336,
            6014.297715957581,
            6671.2489351278755,
            7083.716507308025,
            8963.085961429048,
            7570.317830510991
        ],
        "FlagUp": 0,
        "Times": [
            -15,
            -10,
            -5,
            2,
            10,
            20,
            30,
            40
        ],
        "width": 0,
        "height": 0,
        "area": 0.7886569257746632,
        "distance": 8.19571291112192,
        "xpert": [
            [
                89.0,
                327.0
            ],
            [
                83.4,
                326.6
            ],
            [
                79.2,
                321.0
            ],
            [
                80.6,
                312.6
            ],
            [
                89.0,
                313.8
            ],
            [
                94.0,
                316.0
            ],
            [
                94.6,
                321.0
            ],
            [
                93.0,
                325.0
            ]
        ],
        "stack": 0
    },
    {
        "type": "Spine",
        "location": [
            129,
            268
        ],
        "radloc": [
            0,
            0
        ],
        "mean": [
            31.310924369747898,
            34.91596638655462,
            57.39495798319328,
            33.88235294117647,
            57.2436974789916,
            94.36134453781513,
            60.87394957983193,
            58.05042016806723
        ],
        "min": [
            5.0,
            5.0,
            10.0,
            8.0,
            12.0,
            23.0,
            9.0,
            8.0
        ],
        "max": [
            102.0,
            109.0,
            128.0,
            94.0,
            132.0,
            204.0,
            146.0,
            174.0
        ],
        "RawIntDen": [
            3726.0,
            4155.0,
            6830.0,
            4032.0,
            6812.0,
            11229.0,
            7244.0,
            6908.0
        ],
        "IntDen": [
            2072.6456591088936,
            2311.283605367003,
            3799.294109423978,
            2242.8629354608315,
            3789.2813284620997,
            6246.306523385337,
            4029.5880715471885,
            3842.682826925453
        ],
        "FlagUp": 0,
        "Times": [
            -15,
            -10,
            -5,
            2,
            10,
            20,
            30,
            40
        ],
        "width": 0,
        "height": 0,
        "area": 0.5562656089932618,
        "distance": 5.4236502529981045,
        "xpert": [
            [
                129.0,
                276.6
            ],
            [
                125.0,
                272.0
            ],
            [
                123.2,
                268.0
            ],
            [
                123.8,
                262.8
            ],
            [
                129.0,
                263.0
            ],
            [
                132.2,
                264.8
            ],
            [
                133.6,
                268.0
            ],
            [
                136.0,
                275.0
            ]
        ],
        "stack": 0
    },
    {
        "type": "Spine",
        "location": [
            149,
            278
        ],
        "radloc": [
            0,
            0
        ],
        "mean": [
            59.08629441624365,
            47.28426395939086,
            61.47715736040609,
            51.07106598984772,
            51.73096446700507,
            86.96954314720813,
            86.91878172588832,
            93.0253807106599
        ],
        "min": [
            12.0,
            11.0,
            10.0,
            11.0,
            12.0,
            22.0,
            12.0,
            10.0
        ],
        "max": [
            189.0,
            134.0,
            152.0,
            160.0,
            148.0,
            209.0,
            220.0,
            193.0
        ],
        "RawIntDen": [
            11640.0,
            9315.0,
            12111.0,
            10061.0,
            10191.0,
            17133.0,
            17123.0,
            18326.0
        ],
        "IntDen": [
            10173.36121284571,
            8141.3109705891575,
            10585.015261922199,
            8793.315048319648,
            8906.935061865175,
            14974.243785196353,
            14965.503784154389,
            16016.92590950262
        ],
        "FlagUp": 0,
        "Times": [
            -15,
            -10,
            -5,
            2,
            10,
            20,
            30,
            40
        ],
        "width": 0,
        "height": 0,
        "area": 0.8740001041963669,
        "distance": 4.078557721373342,
        "xpert": [
            [
                149.0,
                285.8
            ],
            [
                141.8,
                285.2
            ],
            [
                140.4,
                278.0
            ],
            [
                142.2,
                271.2
            ],
            [
                149.0,
                269.6
            ],
            [
                153.4,
                273.6
            ],
            [
                155.6,
                278.0
            ],
            [
                155.2,
                284.2
            ]
        ],
        "stack": 0
    },
    {
        "type": "Spine",
        "location": [
            151,
            304
        ],
        "radloc": [
            0,
            0
        ],
        "mean": [
            57.35897435897436,
            47.25,
            52.31410256410256,
            60.28846153846154,
            50.82051282051282,
            63.32051282051282,
            65.59615384615384,
            96.01282051282051
        ],
        "min": [
            10.0,
            9.0,
            9.0,
            9.0,
            10.0,
            10.0,
            12.0,
            24.0
        ],
        "max": [
            176.0,
            195.0,
            200.0,
            148.0,
            198.0,
            191.0,
            155.0,
            211.0
        ],
        "RawIntDen": [
            8948.0,
            7371.0,
            8161.0,
            9405.0,
            7928.0,
            9878.0,
            10233.0,
            14978.0
        ],
        "IntDen": [
            6271.275849860546,
            5166.023054238051,
            5719.700738792123,
            6591.5678775076485,
            5556.4008647401,
            6923.073630411542,
            7171.878159546599,
            10497.448556013775
        ],
        "FlagUp": 0,
        "Times": [
            -15,
            -10,
            -5,
            2,
            10,
            20,
            30,
            40
        ],
        "width": 0,
        "height": 0,
        "area": 0.7008578285494576,
        "distance": 3.9467777213733424,
        "xpert": [
            [
                151.0,
                310.8
            ],
            [
                146.0,
                309.0
            ],
            [
                143.4,
                304.0
            ],
            [
                146.0,
                299.0
            ],
            [
                151.0,
                298.8
            ],
            [
                156.6,
                298.4
            ],
            [
                159.6,
                304.0
            ],
            [
                157.2,
                310.2
            ]
        ],
        "stack": 0
    },
    {
        "type": "Spine",
        "location": [
            156,
            318
        ],
        "radloc": [
            0,
            0
        ],
        "mean": [
            60.7008547008547,
            46.06837606837607,
            57.12820512820513,
            53.48717948717949,
            54.256410256410255,
            62.957264957264954,
            64.62393162393163,
            63.085470085470085
        ],
        "min": [
            7.0,
            7.0,
            6.0,
            7.0,
            8.0,
            15.0,
            7.0,
            14.0
        ],
        "max": [
            187.0,
            112.0,
            150.0,
            137.0,
            148.0,
            139.0,
            191.0,
            133.0
        ],
        "RawIntDen": [
            7102.0,
            5390.0,
            6684.0,
            6258.0,
            6348.0,
            7366.0,
            7561.0,
            7381.0
        ],
        "IntDen": [
            3920.074968220818,
            2975.1061783596465,
            3689.3524482663966,
            3454.214186303278,
            3503.8912839011196,
            4065.7944545078212,
            4173.428165969812,
            4074.073970774128
        ],
        "FlagUp": 0,
        "Times": [
            -15,
            -10,
            -5,
            2,
            10,
            20,
            30,
            40
        ],
        "width": 0,
        "height": 0,
        "area": 0.5519677510871329,
        "distance": 3.6173277213733424,
        "xpert": [
            [
                156.0,
                324.6
            ],
            [
                150.4,
                323.6
            ],
            [
                150.8,
                318.0
            ],
            [
                152.0,
                314.0
            ],
            [
                156.0,
                310.2
            ],
            [
                160.0,
                314.0
            ],
            [
                162.0,
                318.0
            ],
            [
                161.4,
                323.4
            ]
        ],
        "stack": 0
    },
    {
        "type": "Spine",
        "location": [
            168,
            307
        ],
        "radloc": [
            0,
            0
        ],
        "mean": [
            113.15,
            121.23125,
            90.33125,
            82.725,
            113.7375,
            98.2375,
            102.05625,
            134.0375
        ],
        "min": [
            33.0,
            43.0,
            20.0,
            30.0,
            23.0,
            28.0,
            26.0,
            35.0
        ],
        "max": [
            209.0,
            224.0,
            181.0,
            172.0,
            248.0,
            197.0,
            203.0,
            243.0
        ],
        "RawIntDen": [
            18104.0,
            19397.0,
            14453.0,
            13236.0,
            18198.0,
            15718.0,
            16329.0,
            21446.0
        ],
        "IntDen": [
            13688.72409347799,
            14666.382083583327,
            10928.144571533217,
            10007.951397551627,
            13759.798997631045,
            11884.631313592965,
            12346.61819058783,
            16215.663770919627
        ],
        "FlagUp": 0,
        "Times": [
            -15,
            -10,
            -5,
            2,
            10,
            20,
            30,
            40
        ],
        "width": 0,
        "height": 0,
        "area": 0.7561160016282583,
        "distance": 2.7993551897485793,
        "xpert": [
            [
                168.0,
                314.6
            ],
            [
                162.6,
                312.4
            ],
            [
                159.2,
                307.0
            ],
            [
                162.2,
                301.2
            ],
            [
                168.0,
                299.6
            ],
            [
                174.6,
                300.4
            ],
            [
                173.2,
                307.0
            ],
            [
                172.8,
                311.8
            ]
        ],
        "stack": 0
    },
    {
        "type": "Spine",
        "location": [
            187,
            307
        ],
        "radloc": [
            0,
            0
        ],
        "mean": [
            80.2918918918919,
            162.01081081081082,
            113.13513513513513,
            165.02702702702703,
            106.08108108108108,
            89.8972972972973,
            91.44864864864864,
            97.72972972972973
        ],
        "min": [
            10.0,
            45.0,
            13.0,
            28.0,
            15.0,
            7.0,
            10.0,
            11.0
        ],
        "max": [
            255.0,
            255.0,
            253.0,
            255.0,
            255.0,
            255.0,
            255.0,
            255.0
        ],
        "RawIntDen": [
            14854.0,
            29972.0,
            20930.0,
            30530.0,
            19625.0,
            16631.0,
            16918.0,
            18080.0
        ],
        "IntDen": [
            12043.031936621848,
            24300.10456472533,
            16969.21088147942,
            24752.50875353878,
            15911.16882699635,
            13483.752803147838,
            13716.440979114612,
            14658.544325711797
        ],
        "FlagUp": 0,
        "Times": [
            -15,
            -10,
            -5,
            2,
            10,
            20,
            30,
            40
        ],
        "width": 0,
        "height": 0,
        "area": 0.8107601950061835,
        "distance": 1.46556759487429,
        "xpert": [
            [
                187.0,
                314.8
            ],
            [
                180.4,
                313.6
            ],
            [
                179.0,
                307.0
            ],
            [
                180.8,
                300.8
            ],
            [
                187.0,
                300.8
            ],
            [
                193.2,
                300.8
            ],
            [
                194.8,
                307.0
            ],
            [
                192.4,
                312.4
            ]
        ],
        "stack": 0
    },
    {
        "type": "Spine",
        "location": [
            285,
            301
        ],
        "radloc": [
            0,
            0
        ],
        "mean": [
            50.448,
            49.312,
            80.024,
            114.464,
            67.16,
            66.36,
            104.776,
            69.76
        ],
        "min": [
            16.0,
            14.0,
            14.0,
            17.0,
            11.0,
            15.0,
            12.0,
            8.0
        ],
        "max": [
            148.0,
            133.0,
            173.0,
            227.0,
            200.0,
            164.0,
            220.0,
            213.0
        ],
        "RawIntDen": [
            6306.0,
            6164.0,
            10003.0,
            14308.0,
            8395.0,
            8295.0,
            13097.0,
            8720.0
        ],
        "IntDen": [
            3906.601797664805,
            3818.6320140827556,
            6196.913698389001,
            8863.884954168732,
            5200.748825150022,
            5138.798273331678,
            8113.663771648581,
            5402.088118559642
        ],
        "FlagUp": 0,
        "Times": [
            -15,
            -10,
            -5,
            2,
            10,
            20,
            30,
            40
        ],
        "width": 0,
        "height": 0,
        "area": 0.6195055181834451,
        "distance": 2.1404551897485793,
        "xpert": [
            [
                285.0,
                305.6
            ],
            [
                280.6,
                305.4
            ],
            [
                278.0,
                301.0
            ],
            [
                276.6,
                292.6
            ],
            [
                285.0,
                295.2
            ],
            [
                288.8,
                297.2
            ],
            [
                290.8,
                301.0
            ],
            [
                289.6,
                305.6
            ]
        ],
        "stack": 0
    },
    {
        "type": "Spine",
        "location": [
            296,
            298
        ],
        "radloc": [
            0,
            0
        ],
        "mean": [
            45.30769230769231,
            54.085470085470085,
            47.99145299145299,
            67.97435897435898,
            57.77777777777778,
            42.52136752136752,
            48.60683760683761,
            21.752136752136753
        ],
        "min": [
            13.0,
            23.0,
            20.0,
            25.0,
            9.0,
            6.0,
            7.0,
            5.0
        ],
        "max": [
            107.0,
            105.0,
            117.0,
            175.0,
            194.0,
            130.0,
            139.0,
            71.0
        ],
        "RawIntDen": [
            5301.0,
            6328.0,
            5615.0,
            7953.0,
            6760.0,
            4975.0,
            5687.0,
            2545.0
        ],
        "IntDen": [
            2779.5192607675303,
            3318.015069258052,
            2944.1616014355186,
            4170.065399148118,
            3544.529372342672,
            2608.5848561249695,
            2981.9139852829553,
            1334.4419012739795
        ],
        "FlagUp": 0,
        "Times": [
            -15,
            -10,
            -5,
            2,
            10,
            20,
            30,
            40
        ],
        "width": 0,
        "height": 0,
        "area": 0.5243386645477326,
        "distance": 2.3536797087860406,
        "xpert": [
            [
                296.0,
                306.0
            ],
            [
                291.0,
                303.0
            ],
            [
                289.6,
                298.0
            ],
            [
                292.2,
                294.2
            ],
            [
                296.0,
                292.2
            ],
            [
                300.6,
                293.4
            ],
            [
                301.8,
                298.0
            ],
            [
                300.4,
                302.4
            ]
        ],
        "stack": 0
    },
    {
        "type": "Spine",
        "location": [
            278,
            281
        ],
        "radloc": [
            0,
            0
        ],
        "mean": [
            70.11483253588517,
            65.29186602870813,
            71.22009569377991,
            148.85645933014354,
            176.92822966507177,
            133.44019138755982,
            133.1531100478469,
            127.33492822966507
        ],
        "min": [
            11.0,
            17.0,
            17.0,
            22.0,
            33.0,
            19.0,
            16.0,
            16.0
        ],
        "max": [
            169.0,
            171.0,
            188.0,
            255.0,
            255.0,
            255.0,
            255.0,
            255.0
        ],
        "RawIntDen": [
            14654.0,
            13646.0,
            14885.0,
            31111.0,
            36978.0,
            27889.0,
            27829.0,
            26613.0
        ],
        "IntDen": [
            14584.556087878087,
            13581.332903997843,
            14814.461400850643,
            30963.567930256257,
            36802.764775321135,
            27756.8366817819,
            27697.121016074743,
            26486.883524409688
        ],
        "FlagUp": 0,
        "Times": [
            -15,
            -10,
            -5,
            2,
            10,
            20,
            30,
            40
        ],
        "width": 0,
        "height": 0,
        "area": 0.9952610951192908,
        "distance": 1.3064950632495267,
        "xpert": [
            [
                278.0,
                287.8
            ],
            [
                271.6,
                287.4
            ],
            [
                270.0,
                281.0
            ],
            [
                271.4,
                274.4
            ],
            [
                278.0,
                274.6
            ],
            [
                282.8,
                276.2
            ],
            [
                291.6,
                281.0
            ],
            [
                284.6,
                287.6
            ]
        ],
        "stack": 0
    },
    {
        "type": "Spine",
        "location": [
            282,
            271
        ],
        "radloc": [
            0,
            0
        ],
        "mean": [
            52.34931506849315,
            42.91095890410959,
            47.38356164383562,
            83.6986301369863,
            180.7945205479452,
            68.52739726027397,
            65.91095890410959,
            45.58904109589041
        ],
        "min": [
            9.0,
            9.0,
            10.0,
            13.0,
            56.0,
            10.0,
            9.0,
            10.0
        ],
        "max": [
            181.0,
            117.0,
            154.0,
            217.0,
            255.0,
            198.0,
            184.0,
            163.0
        ],
        "RawIntDen": [
            7643.0,
            6265.0,
            6918.0,
            12220.0,
            26396.0,
            10005.0,
            9623.0,
            6656.0
        ],
        "IntDen": [
            5450.509320679342,
            4467.805952382058,
            4933.484689318289,
            8714.539303768357,
            18823.975406077705,
            7134.939912782522,
            6862.52141736194,
            4746.642684605744
        ],
        "FlagUp": 0,
        "Times": [
            -15,
            -10,
            -5,
            2,
            10,
            20,
            30,
            40
        ],
        "width": 0,
        "height": 0,
        "area": 0.7131374225669687,
        "distance": 2.500548298984385,
        "xpert": [
            [
                282.0,
                277.4
            ],
            [
                277.2,
                275.8
            ],
            [
                274.6,
                271.0
            ],
            [
                273.8,
                262.8
            ],
            [
                282.0,
                265.4
            ],
            [
                286.0,
                267.0
            ],
            [
                287.2,
                271.0
            ],
            [
                288.8,
                277.8
            ]
        ],
        "stack": 0
    },
    {
        "type": "Spine",
        "location": [
            300,
            248
        ],
        "radloc": [
            0,
            0
        ],
        "mean": [
            81.27049180327869,
            59.71311475409836,
            45.30327868852459,
            39.459016393442624,
            33.721311475409834,
            25.450819672131146,
            43.72950819672131,
            93.37704918032787
        ],
        "min": [
            14.0,
            14.0,
            6.0,
            5.0,
            10.0,
            6.0,
            9.0,
            17.0
        ],
        "max": [
            188.0,
            144.0,
            116.0,
            108.0,
            76.0,
            83.0,
            119.0,
            180.0
        ],
        "RawIntDen": [
            9915.0,
            7285.0,
            5527.0,
            4814.0,
            4114.0,
            3105.0,
            5335.0,
            11392.0
        ],
        "IntDen": [
            5363.183294813661,
            3940.57390849395,
            2989.643375737277,
            2603.9701846931885,
            2225.3289031632276,
            1679.5445416436123,
            2885.7874813747735,
            6162.116398841878
        ],
        "FlagUp": 0,
        "Times": [
            -15,
            -10,
            -5,
            2,
            10,
            20,
            30,
            40
        ],
        "width": 0,
        "height": 0,
        "area": 0.5409161164713727,
        "distance": 4.510555569245737,
        "xpert": [
            [
                300.0,
                255.8
            ],
            [
                295.8,
                252.2
            ],
            [
                293.8,
                248.0
            ],
            [
                296.0,
                244.0
            ],
            [
                300.0,
                242.6
            ],
            [
                305.0,
                243.0
            ],
            [
                307.0,
                248.0
            ],
            [
                305.0,
                253.0
            ]
        ],
        "stack": 0
    },
    {
        "type": "Spine",
        "location": [
            321,
            253
        ],
        "radloc": [
            0,
            0
        ],
        "mean": [
            42.41044776119403,
            45.134328358208954,
            44.40298507462686,
            45.05223880597015,
            48.6044776119403,
            72.21641791044776,
            91.72388059701493,
            121.70149253731343
        ],
        "min": [
            7.0,
            7.0,
            8.0,
            6.0,
            9.0,
            9.0,
            10.0,
            30.0
        ],
        "max": [
            162.0,
            169.0,
            197.0,
            178.0,
            169.0,
            201.0,
            241.0,
            228.0
        ],
        "RawIntDen": [
            5683.0,
            6048.0,
            5950.0,
            6037.0,
            6513.0,
            9677.0,
            12291.0,
            16308.0
        ],
        "IntDen": [
            3754.4293847215995,
            3995.5637724434687,
            3930.820840945542,
            3988.2967087039056,
            4302.762375979549,
            6393.034164341178,
            8119.952765724648,
            10773.752314981495
        ],
        "FlagUp": 0,
        "Times": [
            -15,
            -10,
            -5,
            2,
            10,
            20,
            30,
            40
        ],
        "width": 0,
        "height": 0,
        "area": 0.6606421581421079,
        "distance": 5.364752872906067,
        "xpert": [
            [
                321.0,
                262.0
            ],
            [
                312.8,
                261.2
            ],
            [
                316.2,
                253.0
            ],
            [
                317.8,
                249.8
            ],
            [
                321.0,
                247.4
            ],
            [
                324.2,
                249.8
            ],
            [
                326.0,
                253.0
            ],
            [
                327.4,
                259.4
            ]
        ],
        "stack": 0
    },
    {
        "type": "Spine",
        "location": [
            434,
            246
        ],
        "radloc": [
            0,
            0
        ],
        "mean": [
            57.741379310344826,
            65.18103448275862,
            88.48275862068965,
            68.30172413793103,
            67.39655172413794,
            86.12931034482759,
            65.32758620689656,
            62.44827586206897
        ],
        "min": [
            5.0,
            6.0,
            10.0,
            8.0,
            6.0,
            13.0,
            8.0,
            10.0
        ],
        "max": [
            160.0,
            195.0,
            228.0,
            164.0,
            210.0,
            195.0,
            191.0,
            150.0
        ],
        "RawIntDen": [
            6698.0,
            7561.0,
            10264.0,
            7923.0,
            7818.0,
            9991.0,
            7578.0,
            7244.0
        ],
        "IntDen": [
            3384.534858010312,
            3820.6133265774806,
            5186.453535774535,
            4003.533842940534,
            3950.4767870893725,
            5048.505190561515,
            3829.203516572431,
            3660.4315484363538
        ],
        "FlagUp": 0,
        "Times": [
            -15,
            -10,
            -5,
            2,
            10,
            20,
            30,
            40
        ],
        "width": 0,
        "height": 0,
        "area": 0.50530529382059,
        "distance": 12.677036328240067,
        "xpert": [
            [
                434.0,
                252.4
            ],
            [
                429.4,
                250.6
            ],
            [
                428.2,
                246.0
            ],
            [
                429.8,
                241.8
            ],
            [
                434.0,
                239.4
            ],
            [
                439.0,
                241.0
            ],
            [
                439.6,
                246.0
            ],
            [
                438.8,
                250.8
            ]
        ],
        "stack": 0
    },
    {
        "type": "Spine",
        "location": [
            455,
            284
        ],
        "radloc": [
            0,
            0
        ],
        "mean": [
            74.65217391304348,
            69.37267080745342,
            67.09937888198758,
            68.54658385093168,
            95.33540372670808,
            41.91925465838509,
            96.27329192546584,
            66.04347826086956
        ],
        "min": [
            9.0,
            10.0,
            11.0,
            15.0,
            24.0,
            11.0,
            20.0,
            15.0
        ],
        "max": [
            255.0,
            247.0,
            242.0,
            199.0,
            255.0,
            141.0,
            204.0,
            213.0
        ],
        "RawIntDen": [
            12019.0,
            11169.0,
            10803.0,
            11036.0,
            15349.0,
            6749.0,
            15500.0,
            10633.0
        ],
        "IntDen": [
            8796.271053589511,
            8174.1868206623885,
            7906.324668602004,
            8076.8489348043795,
            11233.377519056943,
            4939.3488094413515,
            11343.888953376938,
            7781.907822016579
        ],
        "FlagUp": 0,
        "Times": [
            -15,
            -10,
            -5,
            2,
            10,
            20,
            30,
            40
        ],
        "width": 0,
        "height": 0,
        "area": 0.7318638034436734,
        "distance": 14.060726328240078,
        "xpert": [
            [
                455.0,
                289.2
            ],
            [
                450.2,
                288.8
            ],
            [
                447.0,
                284.0
            ],
            [
                448.2,
                277.2
            ],
            [
                455.0,
                275.4
            ],
            [
                461.6,
                277.4
            ],
            [
                460.8,
                284.0
            ],
            [
                459.4,
                288.4
            ]
        ],
        "stack": 0
    },
    {
        "type": "Spine",
        "location": [
            434,
            302
        ],
        "radloc": [
            0,
            0
        ],
        "mean": [
            53.7304347826087,
            53.4,
            49.530434782608694,
            55.65217391304348,
            36.278260869565216,
            71.63478260869566,
            81.28695652173913,
            71.79130434782608
        ],
        "min": [
            7.0,
            7.0,
            7.0,
            9.0,
            6.0,
            10.0,
            9.0,
            8.0
        ],
        "max": [
            126.0,
            143.0,
            129.0,
            134.0,
            122.0,
            178.0,
            201.0,
            169.0
        ],
        "RawIntDen": [
            6179.0,
            6141.0,
            5696.0,
            6400.0,
            4172.0,
            8238.0,
            9348.0,
            8256.0
        ],
        "IntDen": [
            3120.3845202315706,
            3101.194584680705,
            2876.470339413987,
            3231.9891454089743,
            2106.852924163475,
            4160.176028106114,
            4720.724145512983,
            4169.265997577577
        ],
        "FlagUp": 0,
        "Times": [
            -15,
            -10,
            -5,
            2,
            10,
            20,
            30,
            40
        ],
        "width": 0,
        "height": 0,
        "area": 0.5049983039701522,
        "distance": 12.677036328240067,
        "xpert": [
            [
                434.0,
                308.0
            ],
            [
                429.2,
                306.8
            ],
            [
                428.4,
                302.0
            ],
            [
                429.0,
                297.0
            ],
            [
                434.0,
                296.8
            ],
            [
                437.4,
                298.6
            ],
            [
                439.8,
                302.0
            ],
            [
                440.2,
                308.2
            ]
        ],
        "stack": 0
    },
    {
        "type": "Spine",
        "location": [
            480,
            279
        ],
        "radloc": [
            0,
            0
        ],
        "mean": [
            56.14423076923077,
            51.07692307692308,
            74.85576923076923,
            43.21153846153846,
            36.31730769230769,
            19.778846153846153,
            26.490384615384617,
            16.89423076923077
        ],
        "min": [
            7.0,
            8.0,
            18.0,
            9.0,
            8.0,
            6.0,
            6.0,
            8.0
        ],
        "max": [
            183.0,
            140.0,
            206.0,
            161.0,
            128.0,
            81.0,
            124.0,
            70.0
        ],
        "RawIntDen": [
            5839.0,
            5312.0,
            7785.0,
            4494.0,
            3777.0,
            2057.0,
            2755.0,
            1757.0
        ],
        "IntDen": [
            2964.817720512075,
            2697.2275614591786,
            3952.921040278559,
            2281.878889532671,
            1917.8141000811968,
            1044.464814367758,
            1398.8821407793744,
            892.1364505805302
        ],
        "FlagUp": 0,
        "Times": [
            -15,
            -10,
            -5,
            2,
            10,
            20,
            30,
            40
        ],
        "width": 0,
        "height": 0,
        "area": 0.5077612126240924,
        "distance": 15.707976328240077,
        "xpert": [
            [
                480.0,
                283.8
            ],
            [
                475.6,
                283.4
            ],
            [
                475.2,
                279.0
            ],
            [
                474.6,
                273.6
            ],
            [
                480.0,
                272.8
            ],
            [
                486.8,
                272.2
            ],
            [
                485.0,
                279.0
            ],
            [
                483.4,
                282.4
            ]
        ],
        "stack": 0
    },
    {
        "type": "Spine",
        "location": [
            479,
            259
        ],
        "radloc": [
            0,
            0
        ],
        "mean": [
            20.536082474226806,
            33.649484536082475,
            36.72164948453608,
            32.134020618556704,
            26.855670103092784,
            40.896907216494846,
            58.20618556701031,
            46.51546391752577
        ],
        "min": [
            8.0,
            8.0,
            11.0,
            8.0,
            6.0,
            10.0,
            8.0,
            9.0
        ],
        "max": [
            49.0,
            97.0,
            102.0,
            85.0,
            78.0,
            89.0,
            145.0,
            102.0
        ],
        "RawIntDen": [
            1992.0,
            3264.0,
            3562.0,
            3117.0,
            2605.0,
            3967.0,
            5646.0,
            4512.0
        ],
        "IntDen": [
            881.8172937479145,
            1444.9054451773056,
            1576.8238957480278,
            1379.8315786206072,
            1153.1797440829905,
            1756.1090383021972,
            2499.36769101442,
            1997.369291862746
        ],
        "FlagUp": 0,
        "Times": [
            -15,
            -10,
            -5,
            2,
            10,
            20,
            30,
            40
        ],
        "width": 0,
        "height": 0,
        "area": 0.44267936433128235,
        "distance": 15.642086328240078,
        "xpert": [
            [
                479.0,
                263.8
            ],
            [
                474.4,
                263.6
            ],
            [
                474.0,
                259.0
            ],
            [
                475.6,
                255.6
            ],
            [
                479.0,
                253.8
            ],
            [
                484.0,
                254.0
            ],
            [
                486.0,
                259.0
            ],
            [
                483.8,
                263.8
            ]
        ],
        "stack": 0
    }
]