[
    {
        "type": "Stim",
        "location": [
            38,
            291
        ],
        "radloc": [
            0,
            0
        ],
        "mean": [
            49.99166666666667,
            41.45,
            37.75,
            85.58333333333333,
            61.475,
            37.4,
            44.71666666666667,
            40.09166666666667
        ],
        "min": [
            8.0,
            7.0,
            8.0,
            21.0,
            14.0,
            6.0,
            7.0,
            4.0
        ],
        "max": [
            162.0,
            109.0,
            93.0,
            174.0,
            133.0,
            103.0,
            132.0,
            117.0
        ],
        "RawIntDen": [
            5999.0,
            4974.0,
            4530.0,
            10270.0,
            7377.0,
            4488.0,
            5366.0,
            4811.0
        ],
        "IntDen": [
            3285.1033627702905,
            2723.804655179101,
            2480.6664833054538,
            5623.939245816116,
            4039.707869170934,
            2457.6669265065952,
            2938.4671853017803,
            2634.544470459721
        ],
        "FlagUp": 0,
        "Times": [
            -15,
            -10,
            -5,
            2,
            10,
            20,
            30,
            40
        ],
        "width": 0,
        "height": 0,
        "area": 0.5476084952109169,
        "distance": 0,
        "xpert": [
            [
                38.0,
                297.0
            ],
            [
                33.0,
                296.0
            ],
            [
                32.0,
                291.0
            ],
            [
                34.0,
                287.0
            ],
            [
                38.0,
                285.2
            ],
            [
                43.8,
                285.2
            ],
            [
                45.2,
                291.0
            ],
            [
                43.0,
                296.0
            ]
        ],
        "stack": 0
    },
    {
        "type": "Stim",
        "location": [
            87,
            301
        ],
        "radloc": [
            0,
            0
        ],
        "mean": [
            30.87142857142857,
            45.32142857142857,
            34.48571428571429,
            77.7,
            62.57857142857143,
            63.714285714285715,
            78.05,
            93.14285714285714
        ],
        "min": [
            7.0,
            9.0,
            8.0,
            15.0,
            14.0,
            11.0,
            12.0,
            39.0
        ],
        "max": [
            91.0,
            132.0,
            104.0,
            194.0,
            153.0,
            167.0,
            164.0,
            195.0
        ],
        "RawIntDen": [
            4322.0,
            6345.0,
            4828.0,
            10878.0,
            8761.0,
            8920.0,
            10927.0,
            13040.0
        ],
        "IntDen": [
            2759.765077871561,
            4051.5292501376807,
            3082.865755660319,
            6946.026033569376,
            5594.239205745661,
            5695.766889082444,
            6977.314439125995,
            8326.547111394068
        ],
        "FlagUp": 0,
        "Times": [
            -15,
            -10,
            -5,
            2,
            10,
            20,
            30,
            40
        ],
        "width": 0,
        "height": 0,
        "area": 0.638538888910588,
        "distance": 0,
        "xpert": [
            [
                87.0,
                307.8
            ],
            [
                82.6,
                305.4
            ],
            [
                81.6,
                301.0
            ],
            [
                81.8,
                295.8
            ],
            [
                87.0,
                293.0
            ],
            [
                93.8,
                294.2
            ],
            [
                94.0,
                301.0
            ],
            [
                91.6,
                305.6
            ]
        ],
        "stack": 0
    },
    {
        "type": "Stim",
        "location": [
            122,
            280
        ],
        "radloc": [
            0,
            0
        ],
        "mean": [
            29.083798882681563,
            23.75418994413408,
            25.094972067039105,
            79.17877094972067,
            82.32960893854748,
            67.00558659217877,
            102.27932960893855,
            59.5195530726257
        ],
        "min": [
            6.0,
            5.0,
            5.0,
            14.0,
            16.0,
            13.0,
            16.0,
            9.0
        ],
        "max": [
            94.0,
            82.0,
            99.0,
            187.0,
            208.0,
            174.0,
            208.0,
            151.0
        ],
        "RawIntDen": [
            5206.0,
            4252.0,
            4492.0,
            14173.0,
            14737.0,
            11994.0,
            18308.0,
            10654.0
        ],
        "IntDen": [
            4463.422689899539,
            3645.5000532948216,
            3851.2667543274547,
            12151.381057231303,
            12634.932804657992,
            10283.190884105854,
            15696.569843772717,
            9134.326803340316
        ],
        "FlagUp": 0,
        "Times": [
            -15,
            -10,
            -5,
            2,
            10,
            20,
            30,
            40
        ],
        "width": 0,
        "height": 0,
        "area": 0.8573612543026391,
        "distance": 0,
        "xpert": [
            [
                122.0,
                288.8
            ],
            [
                115.0,
                287.0
            ],
            [
                113.6,
                280.0
            ],
            [
                116.4,
                274.4
            ],
            [
                122.0,
                275.0
            ],
            [
                125.4,
                276.6
            ],
            [
                127.0,
                280.0
            ],
            [
                131.4,
                289.4
            ]
        ],
        "stack": 0
    },
    {
        "type": "Stim",
        "location": [
            157,
            290
        ],
        "radloc": [
            0,
            0
        ],
        "mean": [
            70.36486486486487,
            46.87837837837838,
            47.479729729729726,
            121.5608108108108,
            143.17567567567568,
            99.22297297297297,
            100.02702702702703,
            87.33108108108108
        ],
        "min": [
            6.0,
            7.0,
            5.0,
            18.0,
            32.0,
            16.0,
            13.0,
            15.0
        ],
        "max": [
            192.0,
            151.0,
            154.0,
            218.0,
            244.0,
            216.0,
            236.0,
            189.0
        ],
        "RawIntDen": [
            10414.0,
            6938.0,
            7027.0,
            17991.0,
            21190.0,
            14685.0,
            14804.0,
            12925.0
        ],
        "IntDen": [
            6795.526838106982,
            4527.306049816232,
            4585.381898538291,
            11739.804430995075,
            13827.272296858742,
            9582.515039139718,
            9660.167016644495,
            8434.048817220351
        ],
        "FlagUp": 0,
        "Times": [
            -15,
            -10,
            -5,
            2,
            10,
            20,
            30,
            40
        ],
        "width": 0,
        "height": 0,
        "area": 0.6525376260905494,
        "distance": 0,
        "xpert": [
            [
                157.0,
                296.2
            ],
            [
                151.2,
                295.8
            ],
            [
                148.6,
                290.0
            ],
            [
                150.8,
                283.8
            ],
            [
                157.0,
                283.6
            ],
            [
                160.2,
                286.8
            ],
            [
                162.8,
                290.0
            ],
            [
                163.2,
                296.2
            ]
        ],
        "stack": 0
    },
    {
        "type": "Stim",
        "location": [
            158,
            322
        ],
        "radloc": [
            0,
            0
        ],
        "mean": [
            81.33333333333333,
            92.3030303030303,
            75.84848484848484,
            116.93333333333334,
            111.58181818181818,
            95.84242424242424,
            101.23636363636363,
            92.47878787878788
        ],
        "min": [
            23.0,
            32.0,
            13.0,
            43.0,
            22.0,
            19.0,
            35.0,
            23.0
        ],
        "max": [
            178.0,
            190.0,
            187.0,
            203.0,
            208.0,
            205.0,
            199.0,
            193.0
        ],
        "RawIntDen": [
            13420.0,
            15230.0,
            12515.0,
            19294.0,
            18411.0,
            15814.0,
            16704.0,
            15259.0
        ],
        "IntDen": [
            9983.932511653367,
            11330.498670080537,
            9310.649432439785,
            14353.948873311481,
            13697.032896576018,
            11764.970844954274,
            12427.094536114595,
            11352.073486983512
        ],
        "FlagUp": 0,
        "Times": [
            -15,
            -10,
            -5,
            2,
            10,
            20,
            30,
            40
        ],
        "width": 0,
        "height": 0,
        "area": 0.7439592035509216,
        "distance": 0,
        "xpert": [
            [
                158.0,
                328.2
            ],
            [
                153.6,
                326.4
            ],
            [
                151.0,
                322.0
            ],
            [
                152.4,
                316.4
            ],
            [
                158.0,
                315.0
            ],
            [
                163.2,
                316.8
            ],
            [
                169.2,
                322.0
            ],
            [
                163.8,
                327.8
            ]
        ],
        "stack": 0
    },
    {
        "type": "Stim",
        "location": [
            200,
            331
        ],
        "radloc": [
            0,
            0
        ],
        "mean": [
            26.363636363636363,
            22.560606060606062,
            22.257575757575758,
            34.74242424242424,
            27.71212121212121,
            22.53030303030303,
            26.03030303030303,
            30.303030303030305
        ],
        "min": [
            9.0,
            9.0,
            9.0,
            6.0,
            8.0,
            8.0,
            7.0,
            8.0
        ],
        "max": [
            52.0,
            67.0,
            50.0,
            86.0,
            61.0,
            49.0,
            58.0,
            79.0
        ],
        "RawIntDen": [
            3480.0,
            2978.0,
            2938.0,
            4586.0,
            3658.0,
            2974.0,
            3436.0,
            4000.0
        ],
        "IntDen": [
            2070.4132289165127,
            1771.7501711820044,
            1747.9523179760674,
            2728.423870060669,
            2176.313675682932,
            1769.3703858614108,
            2044.2355903899822,
            2379.785320593693
        ],
        "FlagUp": 0,
        "Times": [
            -15,
            -10,
            -5,
            2,
            10,
            20,
            30,
            40
        ],
        "width": 0,
        "height": 0,
        "area": 0.5949463301484232,
        "distance": 0,
        "xpert": [
            [
                200.0,
                337.8
            ],
            [
                195.6,
                335.4
            ],
            [
                194.4,
                331.0
            ],
            [
                193.2,
                324.2
            ],
            [
                200.0,
                322.2
            ],
            [
                204.6,
                326.4
            ],
            [
                205.2,
                331.0
            ],
            [
                204.0,
                335.0
            ]
        ],
        "stack": 0
    },
    {
        "type": "Stim",
        "location": [
            212,
            333
        ],
        "radloc": [
            0,
            0
        ],
        "mean": [
            28.030075187969924,
            28.263157894736842,
            34.45112781954887,
            31.451127819548873,
            31.962406015037594,
            26.94736842105263,
            26.533834586466167,
            29.082706766917294
        ],
        "min": [
            11.0,
            9.0,
            10.0,
            7.0,
            11.0,
            7.0,
            6.0,
            6.0
        ],
        "max": [
            59.0,
            67.0,
            97.0,
            112.0,
            83.0,
            73.0,
            58.0,
            72.0
        ],
        "RawIntDen": [
            3728.0,
            3759.0,
            4582.0,
            4183.0,
            4251.0,
            3584.0,
            3529.0,
            3868.0
        ],
        "IntDen": [
            2238.5601657171023,
            2257.174802288248,
            2751.363379644786,
            2511.774992809721,
            2552.6070988367496,
            2152.0921764833947,
            2119.0662083732977,
            2322.626266360985
        ],
        "FlagUp": 0,
        "Times": [
            -15,
            -10,
            -5,
            2,
            10,
            20,
            30,
            40
        ],
        "width": 0,
        "height": 0,
        "area": 0.6004721474563043,
        "distance": 0,
        "xpert": [
            [
                212.0,
                340.4
            ],
            [
                208.4,
                336.6
            ],
            [
                207.2,
                333.0
            ],
            [
                207.2,
                328.2
            ],
            [
                212.0,
                323.4
            ],
            [
                216.6,
                328.4
            ],
            [
                219.8,
                333.0
            ],
            [
                216.8,
                337.8
            ]
        ],
        "stack": 0
    },
    {
        "type": "Spine",
        "location": [
            20,
            239
        ],
        "radloc": [
            0,
            0
        ],
        "mean": [
            49.287581699346404,
            45.30718954248366,
            55.96078431372549,
            48.01307189542484,
            36.22875816993464,
            58.27450980392157,
            49.50326797385621,
            44.908496732026144
        ],
        "min": [
            12.0,
            9.0,
            12.0,
            12.0,
            10.0,
            19.0,
            10.0,
            13.0
        ],
        "max": [
            108.0,
            109.0,
            149.0,
            117.0,
            89.0,
            114.0,
            111.0,
            119.0
        ],
        "RawIntDen": [
            7541.0,
            6932.0,
            8562.0,
            7346.0,
            5543.0,
            8916.0,
            7574.0,
            6871.0
        ],
        "IntDen": [
            5131.452190404609,
            4717.043705594053,
            5826.215840637085,
            4998.759818420934,
            3771.865732848793,
            6067.103531315143,
            5153.907822586461,
            4675.534809742749
        ],
        "FlagUp": 0,
        "Times": [
            -15,
            -10,
            -5,
            2,
            10,
            20,
            30,
            40
        ],
        "width": 0,
        "height": 0,
        "area": 0.6804737024803884,
        "distance": 3.552840348403367,
        "xpert": [
            [
                20.0,
                245.2
            ],
            [
                14.4,
                244.6
            ],
            [
                11.4,
                239.0
            ],
            [
                13.4,
                232.4
            ],
            [
                20.0,
                231.6
            ],
            [
                25.4,
                233.6
            ],
            [
                26.0,
                239.0
            ],
            [
                24.0,
                243.0
            ]
        ],
        "stack": 0
    },
    {
        "type": "Spine",
        "location": [
            69,
            260
        ],
        "radloc": [
            0,
            0
        ],
        "mean": [
            60.528,
            51.88,
            29.864,
            51.0,
            45.736,
            49.152,
            50.136,
            36.104
        ],
        "min": [
            16.0,
            19.0,
            12.0,
            21.0,
            11.0,
            16.0,
            11.0,
            8.0
        ],
        "max": [
            129.0,
            112.0,
            56.0,
            113.0,
            100.0,
            118.0,
            138.0,
            88.0
        ],
        "RawIntDen": [
            7566.0,
            6485.0,
            3733.0,
            6375.0,
            5717.0,
            6144.0,
            6267.0,
            4513.0
        ],
        "IntDen": [
            4160.393745308046,
            3565.9732273754535,
            2052.7028616488155,
            3505.4864031639963,
            3143.6652183354613,
            3378.4640723199363,
            3446.0993393927474,
            2481.609433330057
        ],
        "FlagUp": 0,
        "Times": [
            -15,
            -10,
            -5,
            2,
            10,
            20,
            30,
            40
        ],
        "width": 0,
        "height": 0,
        "area": 0.5498802201041563,
        "distance": 0.5020064785598993,
        "xpert": [
            [
                69.0,
                266.0
            ],
            [
                65.0,
                264.0
            ],
            [
                63.0,
                260.0
            ],
            [
                64.2,
                255.2
            ],
            [
                69.0,
                253.0
            ],
            [
                76.0,
                253.0
            ],
            [
                74.4,
                260.0
            ],
            [
                73.0,
                264.0
            ]
        ],
        "stack": 0
    },
    {
        "type": "Spine",
        "location": [
            123,
            305
        ],
        "radloc": [
            0,
            0
        ],
        "mean": [
            76.21782178217822,
            91.91089108910892,
            81.21782178217822,
            128.05940594059405,
            128.01980198019803,
            76.18811881188118,
            73.85148514851485,
            71.78217821782178
        ],
        "min": [
            18.0,
            20.0,
            15.0,
            37.0,
            42.0,
            10.0,
            12.0,
            13.0
        ],
        "max": [
            173.0,
            201.0,
            171.0,
            230.0,
            255.0,
            231.0,
            190.0,
            153.0
        ],
        "RawIntDen": [
            7698.0,
            9283.0,
            8203.0,
            12934.0,
            12930.0,
            7695.0,
            7459.0,
            7250.0
        ],
        "IntDen": [
            3572.6976558553824,
            4308.307656443949,
            3807.0718200807614,
            6002.763247705056,
            6000.906818681488,
            3571.305334087707,
            3461.776021697233,
            3364.7776052158383
        ],
        "FlagUp": 0,
        "Times": [
            -15,
            -10,
            -5,
            2,
            10,
            20,
            30,
            40
        ],
        "width": 0,
        "height": 0,
        "area": 0.46410725589183977,
        "distance": -0.40957419247549287,
        "xpert": [
            [
                123.0,
                310.0
            ],
            [
                118.6,
                309.4
            ],
            [
                116.8,
                305.0
            ],
            [
                117.2,
                299.2
            ],
            [
                123.0,
                300.2
            ],
            [
                127.0,
                301.0
            ],
            [
                130.0,
                305.0
            ],
            [
                126.8,
                308.8
            ]
        ],
        "stack": 0
    },
    {
        "type": "Spine",
        "location": [
            175,
            298
        ],
        "radloc": [
            0,
            0
        ],
        "mean": [
            33.6793893129771,
            26.16793893129771,
            31.091603053435115,
            32.33587786259542,
            82.20610687022901,
            51.534351145038165,
            52.656488549618324,
            61.06106870229008
        ],
        "min": [
            6.0,
            5.0,
            6.0,
            6.0,
            22.0,
            11.0,
            11.0,
            14.0
        ],
        "max": [
            167.0,
            110.0,
            134.0,
            100.0,
            161.0,
            116.0,
            127.0,
            148.0
        ],
        "RawIntDen": [
            4412.0,
            3428.0,
            4073.0,
            4236.0,
            10769.0,
            6751.0,
            6898.0,
            7999.0
        ],
        "IntDen": [
            2553.9305934799504,
            1984.3322924862355,
            2357.697032466872,
            2452.0512225705056,
            6233.7440075216655,
            3907.884278463995,
            3992.976707575861,
            4630.301635821877
        ],
        "FlagUp": 0,
        "Times": [
            -15,
            -10,
            -5,
            2,
            10,
            20,
            30,
            40
        ],
        "width": 0,
        "height": 0,
        "area": 0.5788600619854829,
        "distance": -0.37526442517256964,
        "xpert": [
            [
                175.0,
                304.8
            ],
            [
                170.0,
                303.0
            ],
            [
                167.8,
                298.0
            ],
            [
                169.6,
                292.6
            ],
            [
                175.0,
                291.4
            ],
            [
                179.2,
                293.8
            ],
            [
                180.4,
                298.0
            ],
            [
                180.6,
                303.6
            ]
        ],
        "stack": 0
    },
    {
        "type": "Spine",
        "location": [
            92,
            276
        ],
        "radloc": [
            0,
            0
        ],
        "mean": [
            38.08943089430894,
            136.4471544715447,
            76.9349593495935,
            38.91869918699187,
            54.707317073170735,
            28.86178861788618,
            76.72357723577235,
            64.88617886178862
        ],
        "min": [
            9.0,
            49.0,
            16.0,
            9.0,
            7.0,
            7.0,
            12.0,
            9.0
        ],
        "max": [
            142.0,
            255.0,
            208.0,
            167.0,
            194.0,
            140.0,
            233.0,
            227.0
        ],
        "RawIntDen": [
            4685.0,
            16783.0,
            9463.0,
            4787.0,
            6729.0,
            3550.0,
            9437.0,
            7981.0
        ],
        "IntDen": [
            2797.3912888904633,
            10021.049733500246,
            5650.312436877365,
            2858.295005318815,
            4017.853998493901,
            2119.6881698102766,
            5634.787960140727,
            4765.417262888962
        ],
        "FlagUp": 0,
        "Times": [
            -15,
            -10,
            -5,
            2,
            10,
            20,
            30,
            40
        ],
        "width": 0,
        "height": 0,
        "area": 0.5970952591014863,
        "distance": -0.3215619328213145,
        "xpert": [
            [
                92.0,
                280.8
            ],
            [
                88.2,
                279.8
            ],
            [
                82.2,
                276.0
            ],
            [
                86.8,
                270.8
            ],
            [
                92.0,
                270.6
            ],
            [
                95.2,
                272.8
            ],
            [
                97.8,
                276.0
            ],
            [
                99.2,
                283.2
            ]
        ],
        "stack": 0
    },
    {
        "type": "Spine",
        "location": [
            226,
            307
        ],
        "radloc": [
            0,
            0
        ],
        "mean": [
            27.95744680851064,
            57.0531914893617,
            68.18085106382979,
            125.24468085106383,
            103.98936170212765,
            91.19148936170212,
            70.63829787234043,
            91.18085106382979
        ],
        "min": [
            8.0,
            8.0,
            10.0,
            36.0,
            20.0,
            20.0,
            16.0,
            20.0
        ],
        "max": [
            138.0,
            201.0,
            197.0,
            250.0,
            215.0,
            182.0,
            164.0,
            179.0
        ],
        "RawIntDen": [
            2628.0,
            5363.0,
            6409.0,
            11773.0,
            9775.0,
            8572.0,
            6640.0,
            8571.0
        ],
        "IntDen": [
            1077.8438208058565,
            2199.5724547114946,
            2628.577263144876,
            4828.559856296555,
            4009.1032528071714,
            3515.706709264765,
            2723.3192428275825,
            3515.2965708245797
        ],
        "FlagUp": 0,
        "Times": [
            -15,
            -10,
            -5,
            2,
            10,
            20,
            30,
            40
        ],
        "width": 0,
        "height": 0,
        "area": 0.4101384401848769,
        "distance": 0.9371370392362868,
        "xpert": [
            [
                226.0,
                311.2
            ],
            [
                221.8,
                311.2
            ],
            [
                219.8,
                307.0
            ],
            [
                222.4,
                303.4
            ],
            [
                226.0,
                302.0
            ],
            [
                230.8,
                302.2
            ],
            [
                232.6,
                307.0
            ],
            [
                230.2,
                311.2
            ]
        ],
        "stack": 0
    },
    {
        "type": "Spine",
        "location": [
            229,
            324
        ],
        "radloc": [
            0,
            0
        ],
        "mean": [
            34.08247422680412,
            39.90721649484536,
            46.03092783505155,
            96.20618556701031,
            78.56701030927834,
            120.57731958762886,
            55.56701030927835,
            59.628865979381445
        ],
        "min": [
            8.0,
            11.0,
            8.0,
            24.0,
            15.0,
            53.0,
            8.0,
            11.0
        ],
        "max": [
            98.0,
            117.0,
            125.0,
            183.0,
            161.0,
            202.0,
            103.0,
            142.0
        ],
        "RawIntDen": [
            3306.0,
            3871.0,
            4465.0,
            9332.0,
            7621.0,
            11696.0,
            5390.0,
            5784.0
        ],
        "IntDen": [
            1531.090880952675,
            1792.7564428819735,
            2067.852626574015,
            4321.8814582729465,
            3529.474774271124,
            5416.708694380667,
            2496.243148316672,
            2678.7143543346256
        ],
        "FlagUp": 0,
        "Times": [
            -15,
            -10,
            -5,
            2,
            10,
            20,
            30,
            40
        ],
        "width": 0,
        "height": 0,
        "area": 0.4631248883704401,
        "distance": 1.1007885846938292,
        "xpert": [
            [
                229.0,
                330.6
            ],
            [
                225.2,
                327.8
            ],
            [
                224.2,
                324.0
            ],
            [
                224.0,
                319.0
            ],
            [
                229.0,
                318.8
            ],
            [
                234.8,
                318.2
            ],
            [
                235.0,
                324.0
            ],
            [
                232.6,
                327.6
            ]
        ],
        "stack": 0
    },
    {
        "type": "Spine",
        "location": [
            221,
            326
        ],
        "radloc": [
            0,
            0
        ],
        "mean": [
            71.75757575757575,
            66.60606060606061,
            93.96969696969697,
            110.16666666666667,
            59.71969696969697,
            78.50757575757575,
            57.54545454545455,
            65.98484848484848
        ],
        "min": [
            18.0,
            14.0,
            21.0,
            20.0,
            15.0,
            27.0,
            10.0,
            12.0
        ],
        "max": [
            136.0,
            140.0,
            169.0,
            215.0,
            155.0,
            159.0,
            121.0,
            150.0
        ],
        "RawIntDen": [
            9472.0,
            8792.0,
            12404.0,
            14542.0,
            7883.0,
            10363.0,
            7596.0,
            8710.0
        ],
        "IntDen": [
            5418.990734132873,
            5029.958460145293,
            7096.406362561672,
            8319.569600481444,
            4509.913846829543,
            5928.737434313657,
            4345.719342955374,
            4983.045744752673
        ],
        "FlagUp": 0,
        "Times": [
            -15,
            -10,
            -5,
            2,
            10,
            20,
            30,
            40
        ],
        "width": 0,
        "height": 0,
        "area": 0.5721062852758523,
        "distance": 0.5699189372339957,
        "xpert": [
            [
                221.0,
                335.0
            ],
            [
                216.4,
                330.6
            ],
            [
                214.6,
                326.0
            ],
            [
                215.0,
                320.0
            ],
            [
                221.0,
                319.8
            ],
            [
                224.8,
                322.2
            ],
            [
                225.8,
                326.0
            ],
            [
                225.8,
                330.8
            ]
        ],
        "stack": 0
    },
    {
        "type": "Spine",
        "location": [
            318,
            296
        ],
        "radloc": [
            0,
            0
        ],
        "mean": [
            44.96470588235294,
            40.694117647058825,
            45.49411764705882,
            38.188235294117646,
            50.11764705882353,
            69.4235294117647,
            66.15294117647059,
            71.69411764705882
        ],
        "min": [
            8.0,
            7.0,
            9.0,
            7.0,
            9.0,
            12.0,
            14.0,
            24.0
        ],
        "max": [
            113.0,
            141.0,
            121.0,
            85.0,
            98.0,
            136.0,
            149.0,
            130.0
        ],
        "RawIntDen": [
            3822.0,
            3459.0,
            3867.0,
            3246.0,
            4260.0,
            5901.0,
            5623.0,
            6094.0
        ],
        "IntDen": [
            1467.1133365498529,
            1327.7721169874258,
            1484.387041454286,
            1246.009913773109,
            1635.2440642863353,
            2265.158503134663,
            2158.445392836165,
            2339.2435041692315
        ],
        "FlagUp": 0,
        "Times": [
            -15,
            -10,
            -5,
            2,
            10,
            20,
            30,
            40
        ],
        "width": 0,
        "height": 0,
        "area": 0.38386010898740264,
        "distance": 7.097693967100194,
        "xpert": [
            [
                318.0,
                300.2
            ],
            [
                314.2,
                299.8
            ],
            [
                310.2,
                296.0
            ],
            [
                313.8,
                291.8
            ],
            [
                318.0,
                291.0
            ],
            [
                321.0,
                293.0
            ],
            [
                323.4,
                296.0
            ],
            [
                322.2,
                300.2
            ]
        ],
        "stack": 0
    },
    {
        "type": "Spine",
        "location": [
            352,
            294
        ],
        "radloc": [
            0,
            0
        ],
        "mean": [
            31.285714285714285,
            50.51948051948052,
            41.94805194805195,
            40.142857142857146,
            46.63636363636363,
            59.02597402597402,
            60.62337662337662,
            75.01298701298701
        ],
        "min": [
            7.0,
            7.0,
            7.0,
            5.0,
            6.0,
            9.0,
            8.0,
            14.0
        ],
        "max": [
            131.0,
            147.0,
            125.0,
            113.0,
            132.0,
            150.0,
            152.0,
            143.0
        ],
        "RawIntDen": [
            2409.0,
            3890.0,
            3230.0,
            3091.0,
            3591.0,
            4545.0,
            4668.0,
            5776.0
        ],
        "IntDen": [
            836.5660074258643,
            1350.8683141912047,
            1121.6721477731596,
            1073.402046057844,
            1247.035505465454,
            1578.3281460151736,
            1621.0419770294457,
            2005.813723076709
        ],
        "FlagUp": 0,
        "Times": [
            -15,
            -10,
            -5,
            2,
            10,
            20,
            30,
            40
        ],
        "width": 0,
        "height": 0,
        "area": 0.3472669188152197,
        "distance": 9.442337688481405,
        "xpert": [
            [
                352.0,
                299.2
            ],
            [
                348.0,
                298.0
            ],
            [
                346.4,
                294.0
            ],
            [
                348.8,
                290.8
            ],
            [
                352.0,
                289.4
            ],
            [
                355.4,
                290.6
            ],
            [
                357.0,
                294.0
            ],
            [
                356.8,
                298.8
            ]
        ],
        "stack": 0
    },
    {
        "type": "Spine",
        "location": [
            388,
            316
        ],
        "radloc": [
            0,
            0
        ],
        "mean": [
            33.13492063492063,
            35.45238095238095,
            31.357142857142858,
            29.293650793650794,
            37.976190476190474,
            26.428571428571427,
            29.0,
            28.714285714285715
        ],
        "min": [
            9.0,
            10.0,
            8.0,
            8.0,
            7.0,
            8.0,
            5.0,
            6.0
        ],
        "max": [
            88.0,
            88.0,
            84.0,
            67.0,
            110.0,
            67.0,
            76.0,
            87.0
        ],
        "RawIntDen": [
            4175.0,
            4467.0,
            3951.0,
            3691.0,
            4785.0,
            3330.0,
            3654.0,
            3618.0
        ],
        "IntDen": [
            2387.518394926219,
            2554.5017173977058,
            2259.421599605627,
            2110.7378193227964,
            2736.353417897475,
            1904.2961090070203,
            2089.5789736671627,
            2068.991988704925
        ],
        "FlagUp": 0,
        "Times": [
            -15,
            -10,
            -5,
            2,
            10,
            20,
            30,
            40
        ],
        "width": 0,
        "height": 0,
        "area": 0.5718606933955016,
        "distance": 11.72869274533144,
        "xpert": [
            [
                388.0,
                323.2
            ],
            [
                382.8,
                321.2
            ],
            [
                379.4,
                316.0
            ],
            [
                383.4,
                311.4
            ],
            [
                388.0,
                309.0
            ],
            [
                392.0,
                312.0
            ],
            [
                392.4,
                316.0
            ],
            [
                393.0,
                321.0
            ]
        ],
        "stack": 0
    },
    {
        "type": "Spine",
        "location": [
            375,
            325
        ],
        "radloc": [
            0,
            0
        ],
        "mean": [
            28.539473684210527,
            28.11842105263158,
            30.67763157894737,
            19.70394736842105,
            21.657894736842106,
            27.019736842105264,
            28.138157894736842,
            27.92763157894737
        ],
        "min": [
            5.0,
            5.0,
            7.0,
            5.0,
            5.0,
            6.0,
            7.0,
            6.0
        ],
        "max": [
            75.0,
            73.0,
            87.0,
            48.0,
            52.0,
            69.0,
            73.0,
            71.0
        ],
        "RawIntDen": [
            4338.0,
            4274.0,
            4663.0,
            2995.0,
            3292.0,
            4107.0,
            4277.0,
            4245.0
        ],
        "IntDen": [
            2906.083685550685,
            2863.209237446664,
            3123.8054923289174,
            2006.3901886178658,
            2205.354424350589,
            2751.3337244252334,
            2865.21897720154,
            2843.7817531495293
        ],
        "FlagUp": 0,
        "Times": [
            -15,
            -10,
            -5,
            2,
            10,
            20,
            30,
            40
        ],
        "width": 0,
        "height": 0,
        "area": 0.6699132516253308,
        "distance": 10.7558525587276,
        "xpert": [
            [
                375.0,
                331.6
            ],
            [
                370.6,
                329.4
            ],
            [
                368.4,
                325.0
            ],
            [
                369.2,
                319.2
            ],
            [
                375.0,
                315.4
            ],
            [
                380.6,
                319.4
            ],
            [
                381.2,
                325.0
            ],
            [
                380.0,
                330.0
            ]
        ],
        "stack": 0
    },
    {
        "type": "Spine",
        "location": [
            372,
            282
        ],
        "radloc": [
            0,
            0
        ],
        "mean": [
            25.280701754385966,
            23.517543859649123,
            34.21052631578947,
            25.68421052631579,
            23.0,
            29.87719298245614,
            57.86842105263158,
            51.64912280701754
        ],
        "min": [
            2.0,
            4.0,
            4.0,
            4.0,
            4.0,
            5.0,
            16.0,
            10.0
        ],
        "max": [
            117.0,
            81.0,
            111.0,
            68.0,
            73.0,
            87.0,
            135.0,
            90.0
        ],
        "RawIntDen": [
            2882.0,
            2681.0,
            3900.0,
            2928.0,
            2622.0,
            3406.0,
            6597.0,
            5888.0
        ],
        "IntDen": [
            1551.1344938796353,
            1442.9533581163435,
            2099.0369625713315,
            1575.892365745861,
            1411.1986963748798,
            1833.1589473122963,
            3550.6017543802755,
            3169.007598876923
        ],
        "FlagUp": 0,
        "Times": [
            -15,
            -10,
            -5,
            2,
            10,
            20,
            30,
            40
        ],
        "width": 0,
        "height": 0,
        "area": 0.5382146057875209,
        "distance": 10.832014173119653,
        "xpert": [
            [
                372.0,
                287.4
            ],
            [
                368.0,
                286.0
            ],
            [
                366.2,
                282.0
            ],
            [
                367.6,
                277.6
            ],
            [
                372.0,
                276.6
            ],
            [
                375.8,
                278.2
            ],
            [
                378.6,
                282.0
            ],
            [
                379.6,
                289.6
            ]
        ],
        "stack": 0
    },
    {
        "type": "Spine",
        "location": [
            398,
            288
        ],
        "radloc": [
            0,
            0
        ],
        "mean": [
            38.19166666666667,
            38.575,
            53.825,
            39.358333333333334,
            51.2,
            45.141666666666666,
            55.425,
            67.15
        ],
        "min": [
            6.0,
            6.0,
            7.0,
            8.0,
            7.0,
            7.0,
            7.0,
            20.0
        ],
        "max": [
            134.0,
            94.0,
            124.0,
            108.0,
            119.0,
            131.0,
            119.0,
            143.0
        ],
        "RawIntDen": [
            4583.0,
            4629.0,
            6459.0,
            4723.0,
            6144.0,
            5417.0,
            6651.0,
            8058.0
        ],
        "IntDen": [
            2408.390450663576,
            2432.563691058628,
            3394.2382546009244,
            2481.9611823006912,
            3228.7041084174143,
            2846.6618091303926,
            3495.1352579889685,
            4234.52111094198
        ],
        "FlagUp": 0,
        "Times": [
            -15,
            -10,
            -5,
            2,
            10,
            20,
            30,
            40
        ],
        "width": 0,
        "height": 0,
        "area": 0.5255052259793969,
        "distance": 12.453020948533998,
        "xpert": [
            [
                398.0,
                294.8
            ],
            [
                393.2,
                292.8
            ],
            [
                392.8,
                288.0
            ],
            [
                392.4,
                282.4
            ],
            [
                398.0,
                281.0
            ],
            [
                401.6,
                284.4
            ],
            [
                403.2,
                288.0
            ],
            [
                403.4,
                293.4
            ]
        ],
        "stack": 0
    },
    {
        "type": "Spine",
        "location": [
            412,
            287
        ],
        "radloc": [
            0,
            0
        ],
        "mean": [
            43.488188976377955,
            45.59842519685039,
            78.07086614173228,
            47.732283464566926,
            55.71653543307087,
            61.45669291338583,
            70.2755905511811,
            56.496062992125985
        ],
        "min": [
            11.0,
            7.0,
            9.0,
            7.0,
            13.0,
            13.0,
            12.0,
            11.0
        ],
        "max": [
            112.0,
            117.0,
            194.0,
            117.0,
            123.0,
            142.0,
            140.0,
            123.0
        ],
        "RawIntDen": [
            5523.0,
            5791.0,
            9915.0,
            6062.0,
            7076.0,
            7805.0,
            8925.0,
            7175.0
        ],
        "IntDen": [
            3212.3036668415284,
            3368.1786229728937,
            5766.791753889871,
            3525.798448016177,
            4115.564140244551,
            4539.56728584069,
            5190.985012956842,
            4173.144814337854
        ],
        "FlagUp": 0,
        "Times": [
            -15,
            -10,
            -5,
            2,
            10,
            20,
            30,
            40
        ],
        "width": 0,
        "height": 0,
        "area": 0.5816229706394221,
        "distance": 13.297051653458615,
        "xpert": [
            [
                412.0,
                293.4
            ],
            [
                405.4,
                293.6
            ],
            [
                404.8,
                287.0
            ],
            [
                406.0,
                281.0
            ],
            [
                412.0,
                281.8
            ],
            [
                415.2,
                283.8
            ],
            [
                416.6,
                287.0
            ],
            [
                417.4,
                292.4
            ]
        ],
        "stack": 0
    },
    {
        "type": "Spine",
        "location": [
            450,
            294
        ],
        "radloc": [
            0,
            0
        ],
        "mean": [
            40.08552631578947,
            39.901315789473685,
            34.69736842105263,
            27.967105263157894,
            31.75,
            36.55263157894737,
            46.43421052631579,
            49.71052631578947
        ],
        "min": [
            8.0,
            8.0,
            6.0,
            5.0,
            6.0,
            12.0,
            17.0,
            21.0
        ],
        "max": [
            112.0,
            91.0,
            86.0,
            64.0,
            69.0,
            78.0,
            94.0,
            93.0
        ],
        "RawIntDen": [
            6093.0,
            6065.0,
            5274.0,
            4251.0,
            4826.0,
            5556.0,
            7058.0,
            7556.0
        ],
        "IntDen": [
            4320.829956637209,
            4300.973853110892,
            3740.0389284924727,
            3014.582003227437,
            3422.341272071421,
            3940.018256864653,
            5005.15638174059,
            5358.311365887206
        ],
        "FlagUp": 0,
        "Times": [
            -15,
            -10,
            -5,
            2,
            10,
            20,
            30,
            40
        ],
        "width": 0,
        "height": 0,
        "area": 0.7091465545112766,
        "distance": 15.6703063984862,
        "xpert": [
            [
                450.0,
                301.4
            ],
            [
                444.0,
                300.0
            ],
            [
                442.8,
                294.0
            ],
            [
                445.4,
                289.4
            ],
            [
                450.0,
                287.6
            ],
            [
                454.0,
                290.0
            ],
            [
                455.8,
                294.0
            ],
            [
                458.2,
                302.2
            ]
        ],
        "stack": 0
    },
    {
        "type": "Spine",
        "location": [
            480,
            321
        ],
        "radloc": [
            0,
            0
        ],
        "mean": [
            63.333333333333336,
            62.35042735042735,
            59.914529914529915,
            70.94871794871794,
            85.41880341880342,
            73.66666666666667,
            86.47863247863248,
            59.162393162393165
        ],
        "min": [
            15.0,
            8.0,
            11.0,
            20.0,
            36.0,
            11.0,
            32.0,
            14.0
        ],
        "max": [
            141.0,
            119.0,
            138.0,
            175.0,
            159.0,
            159.0,
            151.0,
            109.0
        ],
        "RawIntDen": [
            7410.0,
            7295.0,
            7010.0,
            8301.0,
            9994.0,
            8619.0,
            10118.0,
            6922.0
        ],
        "IntDen": [
            3907.187534299444,
            3846.5496710815714,
            3696.2732274546697,
            4376.999152796178,
            5269.693956516686,
            4544.676026737774,
            5335.077391638566,
            3649.872079948819
        ],
        "FlagUp": 0,
        "Times": [
            -15,
            -10,
            -5,
            2,
            10,
            20,
            30,
            40
        ],
        "width": 0,
        "height": 0,
        "area": 0.5272857671119358,
        "distance": 17.993806072449892,
        "xpert": [
            [
                480.0,
                328.6
            ],
            [
                475.0,
                326.0
            ],
            [
                474.0,
                321.0
            ],
            [
                475.6,
                316.6
            ],
            [
                480.0,
                317.2
            ],
            [
                483.2,
                317.8
            ],
            [
                485.8,
                321.0
            ],
            [
                486.8,
                327.8
            ]
        ],
        "stack": 0
    }
]