[
    {
        "type": "Stim",
        "location": [
            243,
            255
        ],
        "radloc": [
            0,
            0
        ],
        "mean": [
            63.56637168141593,
            62.584070796460175,
            86.89380530973452,
            71.17699115044248,
            57.743362831858406,
            65.79646017699115,
            58.54867256637168,
            52.83185840707964
        ],
        "min": [
            18.0,
            18.0,
            31.0,
            11.0,
            12.0,
            21.0,
            14.0,
            10.0
        ],
        "max": [
            136.0,
            129.0,
            190.0,
            173.0,
            127.0,
            148.0,
            119.0,
            137.0
        ],
        "RawIntDen": [
            7183.0,
            7072.0,
            9819.0,
            8043.0,
            6525.0,
            7435.0,
            6616.0,
            5970.0
        ],
        "IntDen": [
            3519.7935423477056,
            3465.4016332288697,
            4811.478879620231,
            3941.2083337188633,
            3197.362225228843,
            3643.2778765634403,
            3241.9537903623027,
            2925.402679634665
        ],
        "FlagUp": 0,
        "Times": [
            -15,
            -10,
            -5,
            2,
            10,
            20,
            30,
            40
        ],
        "width": 0,
        "height": 0,
        "area": 0.4900171992687882,
        "distance": 0,
        "xpert": [
            [
                243.0,
                260.8
            ],
            [
                239.0,
                259.0
            ],
            [
                237.4,
                255.0
            ],
            [
                237.8,
                249.8
            ],
            [
                243.0,
                249.8
            ],
            [
                247.8,
                250.2
            ],
            [
                249.4,
                255.0
            ],
            [
                248.2,
                260.2
            ]
        ],
        "stack": 0
    },
    {
        "type": "Stim",
        "location": [
            265,
            279
        ],
        "radloc": [
            0,
            0
        ],
        "mean": [
            39.701149425287355,
            63.195402298850574,
            31.563218390804597,
            67.01149425287356,
            50.14942528735632,
            43.333333333333336,
            57.04597701149425,
            52.40229885057471
        ],
        "min": [
            7.0,
            16.0,
            6.0,
            12.0,
            8.0,
            7.0,
            19.0,
            11.0
        ],
        "max": [
            91.0,
            135.0,
            72.0,
            149.0,
            106.0,
            113.0,
            123.0,
            116.0
        ],
        "RawIntDen": [
            3454.0,
            5498.0,
            2746.0,
            5830.0,
            4363.0,
            3770.0,
            4963.0,
            4559.0
        ],
        "IntDen": [
            1322.6717876122561,
            2105.399388619625,
            1051.5508768915042,
            2232.535182912407,
            1670.7634653596622,
            1443.6805556740608,
            1900.5269490213166,
            1745.819536689136
        ],
        "FlagUp": 0,
        "Times": [
            -15,
            -10,
            -5,
            2,
            10,
            20,
            30,
            40
        ],
        "width": 0,
        "height": 0,
        "area": 0.38293913943609037,
        "distance": 0,
        "xpert": [
            [
                265.0,
                284.4
            ],
            [
                260.4,
                283.6
            ],
            [
                258.2,
                279.0
            ],
            [
                260.8,
                274.8
            ],
            [
                265.0,
                274.2
            ],
            [
                268.6,
                275.4
            ],
            [
                270.2,
                279.0
            ],
            [
                268.2,
                282.2
            ]
        ],
        "stack": 0
    },
    {
        "type": "Stim",
        "location": [
            303,
            280
        ],
        "radloc": [
            0,
            0
        ],
        "mean": [
            94.01666666666667,
            51.483333333333334,
            59.575,
            40.90833333333333,
            41.125,
            37.03333333333333,
            32.266666666666666,
            30.725
        ],
        "min": [
            11.0,
            10.0,
            15.0,
            8.0,
            8.0,
            7.0,
            7.0,
            8.0
        ],
        "max": [
            191.0,
            115.0,
            132.0,
            136.0,
            121.0,
            130.0,
            93.0,
            100.0
        ],
        "RawIntDen": [
            11282.0,
            6178.0,
            7149.0,
            4909.0,
            4935.0,
            4444.0,
            3872.0,
            3687.0
        ],
        "IntDen": [
            6062.43949591541,
            3319.7794013264847,
            3841.551139540796,
            2637.8758629186973,
            2651.8470938080613,
            2388.0057720127706,
            2080.6386924467706,
            1981.2280111186062
        ],
        "FlagUp": 0,
        "Times": [
            -15,
            -10,
            -5,
            2,
            10,
            20,
            30,
            40
        ],
        "width": 0,
        "height": 0,
        "area": 0.537355034206294,
        "distance": 0,
        "xpert": [
            [
                303.0,
                285.6
            ],
            [
                297.4,
                285.6
            ],
            [
                297.2,
                280.0
            ],
            [
                297.8,
                274.8
            ],
            [
                303.0,
                271.8
            ],
            [
                307.2,
                275.8
            ],
            [
                308.2,
                280.0
            ],
            [
                307.4,
                284.4
            ]
        ],
        "stack": 0
    },
    {
        "type": "Stim",
        "location": [
            354,
            280
        ],
        "radloc": [
            0,
            0
        ],
        "mean": [
            81.27333333333333,
            78.34,
            81.45333333333333,
            66.68,
            54.29333333333334,
            48.093333333333334,
            45.77333333333333,
            46.78
        ],
        "min": [
            19.0,
            29.0,
            28.0,
            16.0,
            14.0,
            10.0,
            11.0,
            11.0
        ],
        "max": [
            182.0,
            138.0,
            159.0,
            153.0,
            134.0,
            126.0,
            119.0,
            93.0
        ],
        "RawIntDen": [
            12191.0,
            11751.0,
            12218.0,
            10002.0,
            8144.0,
            7214.0,
            6866.0,
            7017.0
        ],
        "IntDen": [
            7933.379622723123,
            7647.046505341597,
            7950.950064016989,
            6508.872363750035,
            5299.765699898048,
            4694.561610887097,
            4468.098145321709,
            4566.36246515037
        ],
        "FlagUp": 0,
        "Times": [
            -15,
            -10,
            -5,
            2,
            10,
            20,
            30,
            40
        ],
        "width": 0,
        "height": 0,
        "area": 0.6507570849580119,
        "distance": 0,
        "xpert": [
            [
                354.0,
                286.2
            ],
            [
                349.4,
                284.6
            ],
            [
                346.2,
                280.0
            ],
            [
                346.8,
                272.8
            ],
            [
                354.0,
                272.8
            ],
            [
                358.6,
                275.4
            ],
            [
                360.2,
                280.0
            ],
            [
                358.8,
                284.8
            ]
        ],
        "stack": 0
    },
    {
        "type": "Stim",
        "location": [
            365,
            284
        ],
        "radloc": [
            0,
            0
        ],
        "mean": [
            37.0,
            43.1025641025641,
            42.58974358974359,
            74.88461538461539,
            39.88461538461539,
            48.51282051282051,
            42.30769230769231,
            36.51282051282051
        ],
        "min": [
            9.0,
            14.0,
            13.0,
            12.0,
            9.0,
            17.0,
            10.0,
            10.0
        ],
        "max": [
            79.0,
            87.0,
            86.0,
            172.0,
            80.0,
            98.0,
            85.0,
            63.0
        ],
        "RawIntDen": [
            2886.0,
            3362.0,
            3322.0,
            5841.0,
            3111.0,
            3784.0,
            3300.0,
            2848.0
        ],
        "IntDen": [
            1037.1196524102406,
            1208.1761162173352,
            1193.8016234604365,
            2099.035304826132,
            1117.976174167796,
            1359.8270148026163,
            1185.8956524441421,
            1023.463884291187
        ],
        "FlagUp": 0,
        "Times": [
            -15,
            -10,
            -5,
            2,
            10,
            20,
            30,
            40
        ],
        "width": 0,
        "height": 0,
        "area": 0.35936231892246734,
        "distance": 0,
        "xpert": [
            [
                365.0,
                289.0
            ],
            [
                361.0,
                288.0
            ],
            [
                359.2,
                284.0
            ],
            [
                360.6,
                279.6
            ],
            [
                365.0,
                279.2
            ],
            [
                368.0,
                281.0
            ],
            [
                370.0,
                284.0
            ],
            [
                369.4,
                288.4
            ]
        ],
        "stack": 0
    },
    {
        "type": "Stim",
        "location": [
            436,
            238
        ],
        "radloc": [
            0,
            0
        ],
        "mean": [
            31.228346456692915,
            34.1496062992126,
            40.63779527559055,
            35.47244094488189,
            34.37007874015748,
            32.51968503937008,
            31.73228346456693,
            32.031496062992126
        ],
        "min": [
            7.0,
            8.0,
            11.0,
            13.0,
            12.0,
            14.0,
            11.0,
            10.0
        ],
        "max": [
            81.0,
            92.0,
            109.0,
            76.0,
            80.0,
            74.0,
            74.0,
            75.0
        ],
        "RawIntDen": [
            3966.0,
            4337.0,
            5161.0,
            4505.0,
            4365.0,
            4130.0,
            4030.0,
            4068.0
        ],
        "IntDen": [
            2255.5807881888277,
            2466.579394446532,
            2935.2124175094655,
            2562.125933129266,
            2482.503817560321,
            2348.8524092838775,
            2291.979469591774,
            2313.5911866747733
        ],
        "FlagUp": 0,
        "Times": [
            -15,
            -10,
            -5,
            2,
            10,
            20,
            30,
            40
        ],
        "width": 0,
        "height": 0,
        "area": 0.5687293969210357,
        "distance": 0,
        "xpert": [
            [
                436.0,
                243.4
            ],
            [
                431.4,
                242.6
            ],
            [
                428.4,
                238.0
            ],
            [
                430.6,
                232.6
            ],
            [
                436.0,
                232.4
            ],
            [
                440.4,
                233.6
            ],
            [
                442.0,
                238.0
            ],
            [
                442.2,
                244.2
            ]
        ],
        "stack": 0
    },
    {
        "type": "Stim",
        "location": [
            445,
            281
        ],
        "radloc": [
            0,
            0
        ],
        "mean": [
            45.19463087248322,
            54.16107382550336,
            59.986577181208055,
            59.02013422818792,
            40.651006711409394,
            40.95973154362416,
            37.81208053691275,
            39.46979865771812
        ],
        "min": [
            10.0,
            10.0,
            16.0,
            20.0,
            7.0,
            7.0,
            9.0,
            6.0
        ],
        "max": [
            120.0,
            123.0,
            133.0,
            117.0,
            92.0,
            97.0,
            96.0,
            114.0
        ],
        "RawIntDen": [
            6734.0,
            8070.0,
            8938.0,
            8794.0,
            6057.0,
            6103.0,
            5634.0,
            5881.0
        ],
        "IntDen": [
            4669.962145783695,
            5596.464882161333,
            6198.414264777942,
            6098.551694389933,
            4200.469366945625,
            4232.369910264017,
            3907.1230664308487,
            4078.415114249169
        ],
        "FlagUp": 0,
        "Times": [
            -15,
            -10,
            -5,
            2,
            10,
            20,
            30,
            40
        ],
        "width": 0,
        "height": 0,
        "area": 0.6934900721389508,
        "distance": 0,
        "xpert": [
            [
                445.0,
                286.2
            ],
            [
                440.6,
                285.4
            ],
            [
                439.0,
                281.0
            ],
            [
                438.4,
                274.4
            ],
            [
                445.0,
                268.8
            ],
            [
                449.0,
                277.0
            ],
            [
                451.0,
                281.0
            ],
            [
                449.8,
                285.8
            ]
        ],
        "stack": 0
    },
    {
        "type": "Spine",
        "location": [
            28,
            280
        ],
        "radloc": [
            0,
            0
        ],
        "mean": [
            26.713178294573645,
            27.0,
            26.015503875968992,
            28.37984496124031,
            32.24031007751938,
            31.488372093023255,
            37.10077519379845,
            35.29457364341085
        ],
        "min": [
            4.0,
            3.0,
            5.0,
            7.0,
            7.0,
            6.0,
            9.0,
            6.0
        ],
        "max": [
            117.0,
            83.0,
            69.0,
            80.0,
            82.0,
            83.0,
            106.0,
            94.0
        ],
        "RawIntDen": [
            3446.0,
            3483.0,
            3356.0,
            3661.0,
            4159.0,
            4062.0,
            4786.0,
            4553.0
        ],
        "IntDen": [
            1955.398376286529,
            1976.3936577498491,
            1904.3287727271013,
            2077.397984789606,
            2359.9831244851057,
            2304.9414406488336,
            2715.7680292824516,
            2583.554500067489
        ],
        "FlagUp": 0,
        "Times": [
            -15,
            -10,
            -5,
            2,
            10,
            20,
            30,
            40
        ],
        "width": 0,
        "height": 0,
        "area": 0.5674400395491959,
        "distance": 16.35888253080293,
        "xpert": [
            [
                28.0,
                287.2
            ],
            [
                22.8,
                285.2
            ],
            [
                21.0,
                280.0
            ],
            [
                22.6,
                274.6
            ],
            [
                28.0,
                274.6
            ],
            [
                32.4,
                275.6
            ],
            [
                34.8,
                280.0
            ],
            [
                32.6,
                284.6
            ]
        ],
        "stack": 0
    },
    {
        "type": "Spine",
        "location": [
            44,
            257
        ],
        "radloc": [
            0,
            0
        ],
        "mean": [
            37.67368421052632,
            39.2,
            42.50526315789474,
            35.705263157894734,
            35.410526315789475,
            41.06315789473684,
            28.642105263157895,
            25.221052631578946
        ],
        "min": [
            9.0,
            9.0,
            8.0,
            8.0,
            9.0,
            10.0,
            7.0,
            7.0
        ],
        "max": [
            75.0,
            97.0,
            98.0,
            90.0,
            73.0,
            102.0,
            62.0,
            67.0
        ],
        "RawIntDen": [
            3579.0,
            3724.0,
            4038.0,
            3392.0,
            3364.0,
            3901.0,
            2721.0,
            2396.0
        ],
        "IntDen": [
            1478.652900833901,
            1538.5592072381803,
            1668.287346623999,
            1401.3944229194167,
            1389.8263085792798,
            1611.686215745473,
            1124.1728256968552,
            989.9000699631257
        ],
        "FlagUp": 0,
        "Times": [
            -15,
            -10,
            -5,
            2,
            10,
            20,
            30,
            40
        ],
        "width": 0,
        "height": 0,
        "area": 0.41314694071916763,
        "distance": 13.849008353868626,
        "xpert": [
            [
                44.0,
                262.6
            ],
            [
                39.6,
                261.4
            ],
            [
                37.8,
                257.0
            ],
            [
                39.8,
                252.8
            ],
            [
                44.0,
                252.8
            ],
            [
                47.8,
                253.2
            ],
            [
                50.6,
                257.0
            ],
            [
                48.2,
                261.2
            ]
        ],
        "stack": 0
    },
    {
        "type": "Spine",
        "location": [
            79,
            259
        ],
        "radloc": [
            0,
            0
        ],
        "mean": [
            31.708333333333332,
            43.225,
            38.40833333333333,
            40.541666666666664,
            44.625,
            32.1,
            29.725,
            34.03333333333333
        ],
        "min": [
            7.0,
            7.0,
            11.0,
            12.0,
            15.0,
            12.0,
            7.0,
            6.0
        ],
        "max": [
            75.0,
            94.0,
            96.0,
            124.0,
            95.0,
            74.0,
            59.0,
            81.0
        ],
        "RawIntDen": [
            3805.0,
            5187.0,
            4609.0,
            4865.0,
            5355.0,
            3852.0,
            3567.0,
            4084.0
        ],
        "IntDen": [
            2077.3426038205907,
            2831.8465403462296,
            2516.2870068355064,
            2656.050398840256,
            2923.5662663493463,
            2103.0022890714627,
            1947.4063253161753,
            2229.662863075767
        ],
        "FlagUp": 0,
        "Times": [
            -15,
            -10,
            -5,
            2,
            10,
            20,
            30,
            40
        ],
        "width": 0,
        "height": 0,
        "area": 0.5459507500185521,
        "distance": 11.460980758994335,
        "xpert": [
            [
                79.0,
                264.2
            ],
            [
                75.0,
                263.0
            ],
            [
                73.6,
                259.0
            ],
            [
                73.0,
                253.0
            ],
            [
                79.0,
                252.2
            ],
            [
                85.2,
                252.8
            ],
            [
                84.8,
                259.0
            ],
            [
                83.4,
                263.4
            ]
        ],
        "stack": 0
    },
    {
        "type": "Spine",
        "location": [
            111,
            262
        ],
        "radloc": [
            0,
            0
        ],
        "mean": [
            69.60483870967742,
            64.65322580645162,
            56.443548387096776,
            67.79838709677419,
            80.76612903225806,
            74.76612903225806,
            58.395161290322584,
            54.96774193548387
        ],
        "min": [
            11.0,
            11.0,
            17.0,
            17.0,
            27.0,
            9.0,
            13.0,
            12.0
        ],
        "max": [
            152.0,
            172.0,
            139.0,
            143.0,
            172.0,
            163.0,
            132.0,
            130.0
        ],
        "RawIntDen": [
            8631.0,
            8017.0,
            6999.0,
            8407.0,
            10015.0,
            9271.0,
            7241.0,
            6816.0
        ],
        "IntDen": [
            4727.468773925071,
            4391.161761158301,
            3833.5713067664897,
            4604.776964707226,
            5485.528880878182,
            5078.016800261769,
            3966.1222792250537,
            3733.3364804858397
        ],
        "FlagUp": 0,
        "Times": [
            -15,
            -10,
            -5,
            2,
            10,
            20,
            30,
            40
        ],
        "width": 0,
        "height": 0,
        "area": 0.5477312911510915,
        "distance": 9.352500758994314,
        "xpert": [
            [
                111.0,
                268.0
            ],
            [
                105.8,
                267.2
            ],
            [
                104.6,
                262.0
            ],
            [
                106.0,
                257.0
            ],
            [
                111.0,
                254.2
            ],
            [
                115.2,
                257.8
            ],
            [
                117.4,
                262.0
            ],
            [
                115.4,
                266.4
            ]
        ],
        "stack": 0
    },
    {
        "type": "Spine",
        "location": [
            110,
            232
        ],
        "radloc": [
            0,
            0
        ],
        "mean": [
            30.87962962962963,
            23.75925925925926,
            30.13888888888889,
            21.916666666666668,
            19.537037037037038,
            20.02777777777778,
            18.26851851851852,
            17.97222222222222
        ],
        "min": [
            8.0,
            9.0,
            10.0,
            10.0,
            8.0,
            10.0,
            9.0,
            8.0
        ],
        "max": [
            65.0,
            58.0,
            66.0,
            53.0,
            45.0,
            38.0,
            44.0,
            29.0
        ],
        "RawIntDen": [
            3335.0,
            2566.0,
            3255.0,
            2367.0,
            2110.0,
            2163.0,
            1973.0,
            1941.0
        ],
        "IntDen": [
            1958.1412078042542,
            1506.6237898727786,
            1911.16930476847,
            1389.7811810712653,
            1238.8839425688086,
            1270.0028283300155,
            1158.4445586200281,
            1139.6557974057143
        ],
        "FlagUp": 0,
        "Times": [
            -15,
            -10,
            -5,
            2,
            10,
            20,
            30,
            40
        ],
        "width": 0,
        "height": 0,
        "area": 0.5871487879473026,
        "distance": 9.418390758994313,
        "xpert": [
            [
                110.0,
                239.6
            ],
            [
                102.6,
                239.4
            ],
            [
                104.8,
                232.0
            ],
            [
                104.4,
                226.4
            ],
            [
                110.0,
                225.8
            ],
            [
                114.0,
                228.0
            ],
            [
                114.8,
                232.0
            ],
            [
                114.0,
                236.0
            ]
        ],
        "stack": 0
    },
    {
        "type": "Spine",
        "location": [
            157,
            270
        ],
        "radloc": [
            0,
            0
        ],
        "mean": [
            94.27184466019418,
            85.54368932038835,
            62.16504854368932,
            64.42718446601941,
            56.03883495145631,
            60.43689320388349,
            47.22330097087379,
            33.067961165048544
        ],
        "min": [
            32.0,
            13.0,
            7.0,
            9.0,
            8.0,
            14.0,
            11.0,
            8.0
        ],
        "max": [
            191.0,
            181.0,
            155.0,
            163.0,
            120.0,
            144.0,
            112.0,
            84.0
        ],
        "RawIntDen": [
            9710.0,
            8811.0,
            6403.0,
            6636.0,
            5772.0,
            6225.0,
            4864.0,
            3406.0
        ],
        "IntDen": [
            4481.442134548648,
            4066.527976056451,
            2955.167248971678,
            3062.7033990592,
            2663.942739507188,
            2873.0151686473055,
            2244.8748241446574,
            1571.9662111506382
        ],
        "FlagUp": 0,
        "Times": [
            -15,
            -10,
            -5,
            2,
            10,
            20,
            30,
            40
        ],
        "width": 0,
        "height": 0,
        "area": 0.4615285411481615,
        "distance": 6.3215607589943135,
        "xpert": [
            [
                157.0,
                277.2
            ],
            [
                152.6,
                274.4
            ],
            [
                150.0,
                270.0
            ],
            [
                151.6,
                264.6
            ],
            [
                157.0,
                265.2
            ],
            [
                160.0,
                267.0
            ],
            [
                161.8,
                270.0
            ],
            [
                161.4,
                274.4
            ]
        ],
        "stack": 0
    },
    {
        "type": "Spine",
        "location": [
            167,
            229
        ],
        "radloc": [
            0,
            0
        ],
        "mean": [
            53.13533834586466,
            46.8796992481203,
            52.75187969924812,
            37.954887218045116,
            40.233082706766915,
            36.64661654135338,
            32.69924812030075,
            34.59398496240601
        ],
        "min": [
            10.0,
            8.0,
            14.0,
            12.0,
            10.0,
            10.0,
            11.0,
            12.0
        ],
        "max": [
            196.0,
            190.0,
            179.0,
            126.0,
            167.0,
            132.0,
            100.0,
            100.0
        ],
        "RawIntDen": [
            7067.0,
            6235.0,
            7016.0,
            5048.0,
            5351.0,
            4874.0,
            4349.0,
            4601.0
        ],
        "IntDen": [
            4322.940266267095,
            3813.9992302497994,
            4291.743159491995,
            3087.9018627587793,
            3273.2493794814236,
            2981.4646749378544,
            2660.3179875471337,
            2814.4683974946797
        ],
        "FlagUp": 0,
        "Times": [
            -15,
            -10,
            -5,
            2,
            10,
            20,
            30,
            40
        ],
        "width": 0,
        "height": 0,
        "area": 0.6117079759823255,
        "distance": 5.662660758994313,
        "xpert": [
            [
                167.0,
                238.4
            ],
            [
                161.8,
                234.2
            ],
            [
                162.4,
                229.0
            ],
            [
                163.6,
                225.6
            ],
            [
                167.0,
                223.8
            ],
            [
                170.4,
                225.6
            ],
            [
                172.8,
                229.0
            ],
            [
                175.0,
                237.0
            ]
        ],
        "stack": 0
    },
    {
        "type": "Spine",
        "location": [
            194,
            236
        ],
        "radloc": [
            0,
            0
        ],
        "mean": [
            73.79245283018868,
            52.009433962264154,
            53.471698113207545,
            61.0377358490566,
            57.56603773584906,
            55.905660377358494,
            45.16981132075472,
            50.0377358490566
        ],
        "min": [
            25.0,
            13.0,
            12.0,
            15.0,
            14.0,
            11.0,
            11.0,
            10.0
        ],
        "max": [
            133.0,
            132.0,
            139.0,
            145.0,
            116.0,
            139.0,
            125.0,
            116.0
        ],
        "RawIntDen": [
            7822.0,
            5513.0,
            5668.0,
            6470.0,
            6102.0,
            5926.0,
            4788.0,
            5304.0
        ],
        "IntDen": [
            3598.550130732323,
            2536.28315913159,
            2607.591682560829,
            2976.5557844334094,
            2807.255548162699,
            2726.2858699462727,
            2202.7432914786964,
            2440.1316662495833
        ],
        "FlagUp": 0,
        "Times": [
            -15,
            -10,
            -5,
            2,
            10,
            20,
            30,
            40
        ],
        "width": 0,
        "height": 0,
        "area": 0.4600549898660602,
        "distance": 3.883630758994317,
        "xpert": [
            [
                194.0,
                242.2
            ],
            [
                187.8,
                242.2
            ],
            [
                188.0,
                236.0
            ],
            [
                190.4,
                232.4
            ],
            [
                194.0,
                230.6
            ],
            [
                198.2,
                231.8
            ],
            [
                199.4,
                236.0
            ],
            [
                197.8,
                239.8
            ]
        ],
        "stack": 0
    },
    {
        "type": "Spine",
        "location": [
            202,
            239
        ],
        "radloc": [
            0,
            0
        ],
        "mean": [
            104.08247422680412,
            75.83505154639175,
            70.42268041237114,
            62.16494845360825,
            46.81443298969072,
            34.98969072164948,
            37.329896907216494,
            42.876288659793815
        ],
        "min": [
            34.0,
            28.0,
            13.0,
            14.0,
            15.0,
            10.0,
            12.0,
            16.0
        ],
        "max": [
            198.0,
            136.0,
            144.0,
            114.0,
            92.0,
            105.0,
            86.0,
            107.0
        ],
        "RawIntDen": [
            10096.0,
            7356.0,
            6831.0,
            6030.0,
            4541.0,
            3394.0,
            3621.0,
            4159.0
        ],
        "IntDen": [
            4313.702511881629,
            3142.986893561932,
            2918.6709447962967,
            2576.4288972510126,
            1940.2261397042867,
            1450.1492002106033,
            1547.1391437721256,
            1777.009582697672
        ],
        "FlagUp": 0,
        "Times": [
            -15,
            -10,
            -5,
            2,
            10,
            20,
            30,
            40
        ],
        "width": 0,
        "height": 0,
        "area": 0.4272684738393056,
        "distance": 3.356510758994318,
        "xpert": [
            [
                202.0,
                243.8
            ],
            [
                197.2,
                243.8
            ],
            [
                196.6,
                239.0
            ],
            [
                198.6,
                235.6
            ],
            [
                202.0,
                233.6
            ],
            [
                207.2,
                233.8
            ],
            [
                208.2,
                239.0
            ],
            [
                206.2,
                243.2
            ]
        ],
        "stack": 0
    },
    {
        "type": "Spine",
        "location": [
            211,
            246
        ],
        "radloc": [
            0,
            0
        ],
        "mean": [
            44.492753623188406,
            60.028985507246375,
            65.57971014492753,
            51.43478260869565,
            39.52173913043478,
            37.869565217391305,
            33.57971014492754,
            28.71014492753623
        ],
        "min": [
            11.0,
            20.0,
            24.0,
            22.0,
            9.0,
            9.0,
            10.0,
            8.0
        ],
        "max": [
            98.0,
            116.0,
            141.0,
            92.0,
            91.0,
            79.0,
            96.0,
            91.0
        ],
        "RawIntDen": [
            3070.0,
            4142.0,
            4525.0,
            3549.0,
            2727.0,
            2613.0,
            2317.0,
            1981.0
        ],
        "IntDen": [
            961.1195258927041,
            1296.7286893314595,
            1416.63382888094,
            1111.079217391924,
            853.7371163222814,
            818.0473358819661,
            725.3791340369366,
            620.1882022128491
        ],
        "FlagUp": 0,
        "Times": [
            -15,
            -10,
            -5,
            2,
            10,
            20,
            30,
            40
        ],
        "width": 0,
        "height": 0,
        "area": 0.31306824947645084,
        "distance": 2.964481898307647,
        "xpert": [
            [
                211.0,
                251.4
            ],
            [
                208.0,
                249.0
            ],
            [
                205.6,
                246.0
            ],
            [
                206.4,
                241.4
            ],
            [
                211.0,
                241.4
            ],
            [
                214.0,
                243.0
            ],
            [
                215.8,
                246.0
            ],
            [
                214.4,
                249.4
            ]
        ],
        "stack": 0
    },
    {
        "type": "Spine",
        "location": [
            228,
            254
        ],
        "radloc": [
            0,
            0
        ],
        "mean": [
            39.714285714285715,
            41.12380952380953,
            36.06666666666667,
            38.75238095238095,
            41.523809523809526,
            38.06666666666667,
            32.79047619047619,
            32.266666666666666
        ],
        "min": [
            15.0,
            14.0,
            12.0,
            11.0,
            12.0,
            9.0,
            8.0,
            7.0
        ],
        "max": [
            95.0,
            81.0,
            95.0,
            83.0,
            85.0,
            124.0,
            81.0,
            91.0
        ],
        "RawIntDen": [
            4170.0,
            4318.0,
            3787.0,
            4069.0,
            4360.0,
            3997.0,
            3443.0,
            3388.0
        ],
        "IntDen": [
            1899.9951812023853,
            1967.4290629333093,
            1725.4872305068186,
            1853.9761132643898,
            1986.565705046139,
            1821.1704410709674,
            1568.7490189160221,
            1543.6891304349356
        ],
        "FlagUp": 0,
        "Times": [
            -15,
            -10,
            -5,
            2,
            10,
            20,
            30,
            40
        ],
        "width": 0,
        "height": 0,
        "area": 0.45563433601975667,
        "distance": 1.7611027846228695,
        "xpert": [
            [
                228.0,
                260.2
            ],
            [
                223.4,
                258.6
            ],
            [
                220.2,
                254.0
            ],
            [
                224.4,
                250.4
            ],
            [
                228.0,
                248.8
            ],
            [
                233.0,
                249.0
            ],
            [
                233.4,
                254.0
            ],
            [
                231.4,
                257.4
            ]
        ],
        "stack": 0
    },
    {
        "type": "Spine",
        "location": [
            277,
            254
        ],
        "radloc": [
            0,
            0
        ],
        "mean": [
            38.71296296296296,
            45.28703703703704,
            47.648148148148145,
            68.77777777777777,
            39.25,
            39.22222222222222,
            38.592592592592595,
            42.407407407407405
        ],
        "min": [
            9.0,
            16.0,
            21.0,
            24.0,
            11.0,
            15.0,
            14.0,
            16.0
        ],
        "max": [
            79.0,
            92.0,
            100.0,
            151.0,
            82.0,
            99.0,
            84.0,
            89.0
        ],
        "RawIntDen": [
            4181.0,
            4891.0,
            5146.0,
            7428.0,
            4239.0,
            4236.0,
            4168.0,
            4580.0
        ],
        "IntDen": [
            1980.7351082147443,
            2317.09529162361,
            2437.9007096084847,
            3518.990763888811,
            2008.2124189720882,
            2006.7911787605015,
            1974.5764006312015,
            2169.760056355783
        ],
        "FlagUp": 0,
        "Times": [
            -15,
            -10,
            -5,
            2,
            10,
            20,
            30,
            40
        ],
        "width": 0,
        "height": 0,
        "area": 0.4737467371955858,
        "distance": -1.3177008379215298,
        "xpert": [
            [
                277.0,
                262.0
            ],
            [
                273.0,
                258.0
            ],
            [
                271.6,
                254.0
            ],
            [
                272.8,
                249.8
            ],
            [
                277.0,
                248.8
            ],
            [
                280.8,
                250.2
            ],
            [
                282.0,
                254.0
            ],
            [
                282.8,
                259.8
            ]
        ],
        "stack": 0
    },
    {
        "type": "Spine",
        "location": [
            259,
            259
        ],
        "radloc": [
            0,
            0
        ],
        "mean": [
            85.07936507936508,
            90.36507936507937,
            86.66666666666667,
            74.28571428571429,
            78.1984126984127,
            78.13492063492063,
            83.07142857142857,
            74.05555555555556
        ],
        "min": [
            15.0,
            22.0,
            14.0,
            14.0,
            17.0,
            18.0,
            17.0,
            14.0
        ],
        "max": [
            191.0,
            207.0,
            222.0,
            172.0,
            173.0,
            209.0,
            200.0,
            183.0
        ],
        "RawIntDen": [
            10720.0,
            11386.0,
            10920.0,
            9360.0,
            9853.0,
            9845.0,
            10467.0,
            9331.0
        ],
        "IntDen": [
            5950.003603620997,
            6319.658678248943,
            6061.011133539299,
            5195.152400176542,
            5468.785961425157,
            5464.345660228425,
            5809.579078274345,
            5179.056308338389
        ],
        "FlagUp": 0,
        "Times": [
            -15,
            -10,
            -5,
            2,
            10,
            20,
            30,
            40
        ],
        "width": 0,
        "height": 0,
        "area": 0.5550376495915109,
        "distance": -0.39534,
        "xpert": [
            [
                259.0,
                265.8
            ],
            [
                254.8,
                263.2
            ],
            [
                253.0,
                259.0
            ],
            [
                254.6,
                254.6
            ],
            [
                259.0,
                253.8
            ],
            [
                263.6,
                254.4
            ],
            [
                267.0,
                259.0
            ],
            [
                265.0,
                265.0
            ]
        ],
        "stack": 0
    },
    {
        "type": "Spine",
        "location": [
            314,
            249
        ],
        "radloc": [
            0,
            0
        ],
        "mean": [
            27.419540229885058,
            35.7816091954023,
            37.08620689655172,
            33.7816091954023,
            31.488505747126435,
            34.298850574712645,
            31.442528735632184,
            28.103448275862068
        ],
        "min": [
            6.0,
            7.0,
            10.0,
            8.0,
            8.0,
            8.0,
            7.0,
            9.0
        ],
        "max": [
            72.0,
            117.0,
            125.0,
            92.0,
            108.0,
            123.0,
            78.0,
            93.0
        ],
        "RawIntDen": [
            4771.0,
            6226.0,
            6453.0,
            5878.0,
            5479.0,
            5968.0,
            5471.0,
            4890.0
        ],
        "IntDen": [
            4364.066898356641,
            5694.965522776871,
            5902.604002325594,
            5376.647501266053,
            5011.67942487865,
            5458.97112751885,
            5004.361769211734,
            4472.917026402007
        ],
        "FlagUp": 0,
        "Times": [
            -15,
            -10,
            -5,
            2,
            10,
            20,
            30,
            40
        ],
        "width": 0,
        "height": 0,
        "area": 0.9147069583644186,
        "distance": -0.72479,
        "xpert": [
            [
                314.0,
                257.8
            ],
            [
                305.2,
                257.8
            ],
            [
                308.2,
                249.0
            ],
            [
                308.6,
                243.6
            ],
            [
                314.0,
                243.0
            ],
            [
                318.4,
                244.6
            ],
            [
                321.0,
                249.0
            ],
            [
                322.6,
                257.6
            ]
        ],
        "stack": 0
    },
    {
        "type": "Spine",
        "location": [
            345,
            287
        ],
        "radloc": [
            0,
            0
        ],
        "mean": [
            35.442953020134226,
            31.973154362416107,
            32.214765100671144,
            29.463087248322147,
            30.006711409395972,
            29.798657718120804,
            32.40939597315436,
            50.95973154362416
        ],
        "min": [
            7.0,
            7.0,
            6.0,
            6.0,
            6.0,
            5.0,
            7.0,
            17.0
        ],
        "max": [
            93.0,
            68.0,
            74.0,
            88.0,
            91.0,
            80.0,
            114.0,
            138.0
        ],
        "RawIntDen": [
            5281.0,
            4764.0,
            4800.0,
            4390.0,
            4471.0,
            4440.0,
            4829.0,
            7593.0
        ],
        "IntDen": [
            3686.9635146482674,
            3326.0166983117488,
            3351.1503257549107,
            3064.906235430012,
            3121.4568971771264,
            3099.8140513232925,
            3371.3968589730134,
            5301.10092155355
        ],
        "FlagUp": 0,
        "Times": [
            -15,
            -10,
            -5,
            2,
            10,
            20,
            30,
            40
        ],
        "width": 0,
        "height": 0,
        "area": 0.6981563178656064,
        "distance": -1.3304764555609614,
        "xpert": [
            [
                345.0,
                292.2
            ],
            [
                341.4,
                290.6
            ],
            [
                336.8,
                287.0
            ],
            [
                336.2,
                278.2
            ],
            [
                345.0,
                278.0
            ],
            [
                349.6,
                282.4
            ],
            [
                349.6,
                287.0
            ],
            [
                349.2,
                291.2
            ]
        ],
        "stack": 0
    },
    {
        "type": "Spine",
        "location": [
            412,
            289
        ],
        "radloc": [
            0,
            0
        ],
        "mean": [
            21.122448979591837,
            20.081632653061224,
            19.010204081632654,
            42.04081632653061,
            16.3265306122449,
            16.612244897959183,
            22.408163265306122,
            28.040816326530614
        ],
        "min": [
            4.0,
            5.0,
            4.0,
            12.0,
            4.0,
            4.0,
            6.0,
            6.0
        ],
        "max": [
            74.0,
            68.0,
            53.0,
            104.0,
            45.0,
            40.0,
            50.0,
            57.0
        ],
        "RawIntDen": [
            2070.0,
            1968.0,
            1863.0,
            4120.0,
            1600.0,
            1628.0,
            2196.0,
            2748.0
        ],
        "IntDen": [
            929.5640391662039,
            883.7594343377243,
            836.6076352495835,
            1850.146783268,
            718.5036051526214,
            731.0774182427922,
            986.1461980719728,
            1234.0299418496272
        ],
        "FlagUp": 0,
        "Times": [
            -15,
            -10,
            -5,
            2,
            10,
            20,
            30,
            40
        ],
        "width": 0,
        "height": 0,
        "area": 0.44906475322038836,
        "distance": -2.3268202529981066,
        "xpert": [
            [
                412.0,
                294.0
            ],
            [
                407.8,
                293.2
            ],
            [
                407.2,
                289.0
            ],
            [
                407.0,
                284.0
            ],
            [
                412.0,
                282.2
            ],
            [
                416.0,
                285.0
            ],
            [
                419.0,
                289.0
            ],
            [
                416.0,
                293.0
            ]
        ],
        "stack": 0
    },
    {
        "type": "Spine",
        "location": [
            406,
            256
        ],
        "radloc": [
            0,
            0
        ],
        "mean": [
            41.15263157894737,
            38.06315789473684,
            42.26842105263158,
            31.626315789473683,
            35.28947368421053,
            37.23684210526316,
            40.51052631578948,
            37.526315789473685
        ],
        "min": [
            11.0,
            12.0,
            13.0,
            11.0,
            13.0,
            11.0,
            11.0,
            11.0
        ],
        "max": [
            97.0,
            104.0,
            101.0,
            73.0,
            82.0,
            87.0,
            104.0,
            114.0
        ],
        "RawIntDen": [
            7819.0,
            7232.0,
            8031.0,
            6009.0,
            6705.0,
            7075.0,
            7697.0,
            7130.0
        ],
        "IntDen": [
            8816.0188510966,
            8154.16911767881,
            9055.051463506432,
            6775.221547031522,
            7559.970123622293,
            7977.149683016811,
            8678.462347728677,
            8039.162860764645
        ],
        "FlagUp": 0,
        "Times": [
            -15,
            -10,
            -5,
            2,
            10,
            20,
            30,
            40
        ],
        "width": 0,
        "height": 0,
        "area": 1.1275123226878885,
        "distance": -2.14783242770885,
        "xpert": [
            [
                406.0,
                261.6
            ],
            [
                400.2,
                261.8
            ],
            [
                392.0,
                256.0
            ],
            [
                401.0,
                251.0
            ],
            [
                406.0,
                251.0
            ],
            [
                409.6,
                252.4
            ],
            [
                423.0,
                256.0
            ],
            [
                411.0,
                261.0
            ]
        ],
        "stack": 0
    },
    {
        "type": "Spine",
        "location": [
            468,
            248
        ],
        "radloc": [
            0,
            0
        ],
        "mean": [
            94.408,
            69.368,
            67.32,
            48.584,
            40.0,
            45.24,
            38.456,
            39.024
        ],
        "min": [
            33.0,
            23.0,
            14.0,
            8.0,
            7.0,
            7.0,
            7.0,
            7.0
        ],
        "max": [
            154.0,
            119.0,
            133.0,
            122.0,
            110.0,
            124.0,
            122.0,
            128.0
        ],
        "RawIntDen": [
            11801.0,
            8671.0,
            8415.0,
            6073.0,
            5000.0,
            5655.0,
            4807.0,
            4878.0
        ],
        "IntDen": [
            6725.342204520214,
            4941.567854876263,
            4795.674489537972,
            3460.978155075948,
            2849.4797917635005,
            3222.7616444845194,
            2739.4898718014297,
            2779.952484844471
        ],
        "FlagUp": 0,
        "Times": [
            -15,
            -10,
            -5,
            2,
            10,
            20,
            30,
            40
        ],
        "width": 0,
        "height": 0,
        "area": 0.5698959583527001,
        "distance": 1.1374891136847776,
        "xpert": [
            [
                468.0,
                253.8
            ],
            [
                461.8,
                254.2
            ],
            [
                458.4,
                248.0
            ],
            [
                463.0,
                243.0
            ],
            [
                468.0,
                242.2
            ],
            [
                471.6,
                244.4
            ],
            [
                473.2,
                248.0
            ],
            [
                472.0,
                252.0
            ]
        ],
        "stack": 0
    },
    {
        "type": "Spine",
        "location": [
            450,
            227
        ],
        "radloc": [
            0,
            0
        ],
        "mean": [
            73.07518796992481,
            57.72932330827068,
            63.578947368421055,
            57.41353383458647,
            53.59398496240601,
            55.6015037593985,
            52.00751879699248,
            56.72932330827068
        ],
        "min": [
            14.0,
            12.0,
            13.0,
            16.0,
            26.0,
            25.0,
            23.0,
            23.0
        ],
        "max": [
            177.0,
            130.0,
            134.0,
            114.0,
            115.0,
            111.0,
            110.0,
            121.0
        ],
        "RawIntDen": [
            9719.0,
            7678.0,
            8456.0,
            7636.0,
            7128.0,
            7395.0,
            6917.0,
            7545.0
        ],
        "IntDen": [
            6500.742535734793,
            5135.579914535625,
            5655.960374747753,
            5107.487396118004,
            4767.701697162013,
            4946.289849959749,
            4626.570235587773,
            5046.620272879824
        ],
        "FlagUp": 0,
        "Times": [
            -15,
            -10,
            -5,
            2,
            10,
            20,
            30,
            40
        ],
        "width": 0,
        "height": 0,
        "area": 0.6688694861338402,
        "distance": 1.2772629111219223,
        "xpert": [
            [
                450.0,
                232.6
            ],
            [
                445.4,
                231.6
            ],
            [
                442.2,
                227.0
            ],
            [
                444.6,
                221.6
            ],
            [
                450.0,
                222.0
            ],
            [
                456.4,
                220.6
            ],
            [
                458.0,
                227.0
            ],
            [
                456.0,
                233.0
            ]
        ],
        "stack": 0
    }
]