[
    {
        "type": "Stim",
        "location": [
            133,
            220
        ],
        "radloc": [
            0,
            0
        ],
        "mean": [
            52.8051948051948,
            52.94155844155844,
            62.40909090909091,
            55.993506493506494,
            58.08441558441559,
            43.13636363636363,
            21.272727272727273,
            12.772727272727273
        ],
        "min": [
            9.0,
            11.0,
            16.0,
            10.0,
            7.0,
            8.0,
            4.0,
            4.0
        ],
        "max": [
            163.0,
            135.0,
            164.0,
            138.0,
            164.0,
            110.0,
            111.0,
            46.0
        ],
        "RawIntDen": [
            8132.0,
            8153.0,
            9611.0,
            8623.0,
            8945.0,
            6643.0,
            3276.0,
            1967.0
        ],
        "IntDen": [
            5684.397212981637,
            5699.07654666002,
            6718.241713473501,
            6027.614014700031,
            6252.697131101911,
            4643.562553595304,
            2289.976053827821,
            1374.964254541918
        ],
        "FlagUp": 0,
        "Times": [
            -15,
            -10,
            -5,
            2,
            10,
            20,
            30,
            40
        ],
        "width": 0,
        "height": 0,
        "area": 0.6990158894468318,
        "distance": 0,
        "xpert": [
            [
                133.0,
                228.0
            ],
            [
                127.2,
                225.8
            ],
            [
                126.6,
                220.0
            ],
            [
                127.2,
                214.2
            ],
            [
                133.0,
                212.2
            ],
            [
                137.8,
                215.2
            ],
            [
                138.2,
                220.0
            ],
            [
                139.4,
                226.4
            ]
        ],
        "stack": 0
    },
    {
        "type": "Stim",
        "location": [
            176,
            229
        ],
        "radloc": [
            0,
            0
        ],
        "mean": [
            94.6,
            89.54736842105264,
            93.98947368421052,
            96.37894736842105,
            60.85263157894737,
            46.48421052631579,
            29.28421052631579,
            23.263157894736842
        ],
        "min": [
            26.0,
            17.0,
            18.0,
            21.0,
            8.0,
            6.0,
            5.0,
            8.0
        ],
        "max": [
            221.0,
            182.0,
            192.0,
            192.0,
            199.0,
            136.0,
            103.0,
            82.0
        ],
        "RawIntDen": [
            8987.0,
            8507.0,
            8929.0,
            9156.0,
            5781.0,
            4416.0,
            2782.0,
            2210.0
        ],
        "IntDen": [
            3719.021175372092,
            3520.38646254483,
            3695.019480905464,
            3788.9571471800236,
            2392.3068226133373,
            1827.439358010811,
            1151.2536897613397,
            914.5473236421857
        ],
        "FlagUp": 0,
        "Times": [
            -15,
            -10,
            -5,
            2,
            10,
            20,
            30,
            40
        ],
        "width": 0,
        "height": 0,
        "area": 0.4138223183901293,
        "distance": 0,
        "xpert": [
            [
                176.0,
                234.2
            ],
            [
                170.8,
                234.2
            ],
            [
                171.4,
                229.0
            ],
            [
                172.4,
                225.4
            ],
            [
                176.0,
                224.0
            ],
            [
                180.2,
                224.8
            ],
            [
                181.2,
                229.0
            ],
            [
                181.2,
                234.2
            ]
        ],
        "stack": 0
    },
    {
        "type": "Stim",
        "location": [
            209,
            230
        ],
        "radloc": [
            0,
            0
        ],
        "mean": [
            56.51111111111111,
            78.31111111111112,
            88.84444444444445,
            75.03333333333333,
            62.166666666666664,
            50.733333333333334,
            20.733333333333334,
            12.333333333333334
        ],
        "min": [
            13.0,
            17.0,
            17.0,
            17.0,
            8.0,
            11.0,
            6.0,
            5.0
        ],
        "max": [
            140.0,
            158.0,
            194.0,
            168.0,
            153.0,
            145.0,
            106.0,
            31.0
        ],
        "RawIntDen": [
            5086.0,
            7048.0,
            7996.0,
            6753.0,
            5595.0,
            4566.0,
            1866.0,
            1110.0
        ],
        "IntDen": [
            2055.9861794972153,
            2849.1133686780126,
            3232.336903511548,
            2729.8613193363535,
            2261.7464951409593,
            1845.77917726785,
            754.3197426153762,
            448.7111009126836
        ],
        "FlagUp": 0,
        "Times": [
            -15,
            -10,
            -5,
            2,
            10,
            20,
            30,
            40
        ],
        "width": 0,
        "height": 0,
        "area": 0.4042442350564717,
        "distance": 0,
        "xpert": [
            [
                209.0,
                234.6
            ],
            [
                204.2,
                234.8
            ],
            [
                201.4,
                230.0
            ],
            [
                204.4,
                225.4
            ],
            [
                209.0,
                225.4
            ],
            [
                212.6,
                226.4
            ],
            [
                213.8,
                230.0
            ],
            [
                212.6,
                233.6
            ]
        ],
        "stack": 0
    },
    {
        "type": "Spine",
        "location": [
            171,
            269
        ],
        "radloc": [
            0,
            0
        ],
        "mean": [
            46.2532751091703,
            51.26637554585153,
            48.65502183406114,
            44.56768558951965,
            46.05240174672489,
            62.148471615720524,
            58.737991266375545,
            32.5938864628821
        ],
        "min": [
            6.0,
            8.0,
            7.0,
            7.0,
            8.0,
            8.0,
            7.0,
            4.0
        ],
        "max": [
            149.0,
            189.0,
            161.0,
            142.0,
            143.0,
            168.0,
            158.0,
            169.0
        ],
        "RawIntDen": [
            10592.0,
            11740.0,
            11142.0,
            10206.0,
            10546.0,
            14232.0,
            13451.0,
            7464.0
        ],
        "IntDen": [
            11125.149106856681,
            12330.933772139108,
            11702.833397714987,
            10719.719768181578,
            11076.833693439441,
            14948.368777264377,
            14128.057084245582,
            7839.700994484352
        ],
        "FlagUp": 0,
        "Times": [
            -15,
            -10,
            -5,
            2,
            10,
            20,
            30,
            40
        ],
        "width": 0,
        "height": 0,
        "area": 1.0503350742878286,
        "distance": -0.32945,
        "xpert": [
            [
                171.0,
                276.6
            ],
            [
                165.6,
                274.4
            ],
            [
                162.2,
                269.0
            ],
            [
                160.6,
                258.6
            ],
            [
                171.0,
                257.8
            ],
            [
                176.0,
                264.0
            ],
            [
                178.0,
                269.0
            ],
            [
                176.0,
                274.0
            ]
        ],
        "stack": 0
    },
    {
        "type": "Spine",
        "location": [
            13,
            239
        ],
        "radloc": [
            0,
            0
        ],
        "mean": [
            102.36111111111111,
            107.34027777777777,
            117.75,
            116.4375,
            109.34027777777777,
            82.95833333333333,
            71.98611111111111,
            52.104166666666664
        ],
        "min": [
            13.0,
            29.0,
            21.0,
            22.0,
            15.0,
            12.0,
            7.0,
            8.0
        ],
        "max": [
            227.0,
            223.0,
            218.0,
            221.0,
            240.0,
            231.0,
            196.0,
            206.0
        ],
        "RawIntDen": [
            14740.0,
            15457.0,
            16956.0,
            16767.0,
            15745.0,
            11946.0,
            10366.0,
            7503.0
        ],
        "IntDen": [
            9379.483003694799,
            9835.73058263979,
            10789.587097058957,
            10669.32099884333,
            10018.993208492171,
            7601.581001501904,
            6596.181873561756,
            4774.373200591728
        ],
        "FlagUp": 0,
        "Times": [
            -15,
            -10,
            -5,
            2,
            10,
            20,
            30,
            40
        ],
        "width": 0,
        "height": 0,
        "area": 0.6363285619874355,
        "distance": 8.316187974371447,
        "xpert": [
            [
                13.0,
                246.2
            ],
            [
                6.0,
                246.0
            ],
            [
                7.2,
                239.0
            ],
            [
                9.0,
                235.0
            ],
            [
                13.0,
                233.6
            ],
            [
                17.8,
                234.2
            ],
            [
                20.2,
                239.0
            ],
            [
                19.0,
                245.0
            ]
        ],
        "stack": 0
    },
    {
        "type": "Spine",
        "location": [
            197,
            256
        ],
        "radloc": [
            0,
            0
        ],
        "mean": [
            50.04938271604938,
            43.75308641975309,
            56.08641975308642,
            67.27160493827161,
            78.67283950617283,
            77.72839506172839,
            86.49382716049382,
            73.01851851851852
        ],
        "min": [
            7.0,
            8.0,
            7.0,
            12.0,
            14.0,
            17.0,
            17.0,
            11.0
        ],
        "max": [
            144.0,
            130.0,
            152.0,
            182.0,
            170.0,
            206.0,
            244.0,
            253.0
        ],
        "RawIntDen": [
            8108.0,
            7088.0,
            9086.0,
            10898.0,
            12745.0,
            12592.0,
            14012.0,
            11829.0
        ],
        "IntDen": [
            5960.833714360695,
            5210.950834655723,
            6679.839063724873,
            8011.983944141941,
            9369.860099843001,
            9257.377667887256,
            10301.332265123589,
            8696.435866696183
        ],
        "FlagUp": 0,
        "Times": [
            -15,
            -10,
            -5,
            2,
            10,
            20,
            30,
            40
        ],
        "width": 0,
        "height": 0,
        "area": 0.7351792938284034,
        "distance": -0.79068,
        "xpert": [
            [
                197.0,
                261.6
            ],
            [
                193.2,
                259.8
            ],
            [
                190.2,
                256.0
            ],
            [
                190.0,
                249.0
            ],
            [
                197.0,
                246.2
            ],
            [
                204.8,
                248.2
            ],
            [
                202.8,
                256.0
            ],
            [
                200.4,
                259.4
            ]
        ],
        "stack": 0
    },
    {
        "type": "Spine",
        "location": [
            228,
            261
        ],
        "radloc": [
            0,
            0
        ],
        "mean": [
            80.06756756756756,
            80.66216216216216,
            61.61486486486486,
            77.75675675675676,
            81.35135135135135,
            62.6554054054054,
            55.5472972972973,
            55.067567567567565
        ],
        "min": [
            8.0,
            14.0,
            8.0,
            23.0,
            15.0,
            14.0,
            12.0,
            10.0
        ],
        "max": [
            240.0,
            177.0,
            159.0,
            169.0,
            240.0,
            174.0,
            142.0,
            135.0
        ],
        "RawIntDen": [
            11850.0,
            11938.0,
            9119.0,
            11508.0,
            12040.0,
            9273.0,
            8221.0,
            8150.0
        ],
        "IntDen": [
            8080.347391139979,
            8140.3533464497095,
            6218.117118970925,
            7847.142428458977,
            8209.905703740535,
            6323.1275407629555,
            5605.783620469347,
            5557.369724708086
        ],
        "FlagUp": 0,
        "Times": [
            -15,
            -10,
            -5,
            2,
            10,
            20,
            30,
            40
        ],
        "width": 0,
        "height": 0,
        "area": 0.6818858557924032,
        "distance": 1.6519326581238165,
        "xpert": [
            [
                228.0,
                268.0
            ],
            [
                221.4,
                267.6
            ],
            [
                223.0,
                261.0
            ],
            [
                224.6,
                257.6
            ],
            [
                228.0,
                253.6
            ],
            [
                234.4,
                254.6
            ],
            [
                237.0,
                261.0
            ],
            [
                232.6,
                265.6
            ]
        ],
        "stack": 0
    },
    {
        "type": "Spine",
        "location": [
            294,
            258
        ],
        "radloc": [
            0,
            0
        ],
        "mean": [
            55.081761006289305,
            55.15723270440252,
            50.23899371069182,
            50.0188679245283,
            41.55974842767296,
            41.528301886792455,
            82.66666666666667,
            43.15723270440252
        ],
        "min": [
            8.0,
            9.0,
            10.0,
            11.0,
            8.0,
            11.0,
            25.0,
            7.0
        ],
        "max": [
            143.0,
            152.0,
            147.0,
            148.0,
            106.0,
            162.0,
            189.0,
            221.0
        ],
        "RawIntDen": [
            8758.0,
            8770.0,
            7988.0,
            7953.0,
            6608.0,
            6603.0,
            13144.0,
            6862.0
        ],
        "IntDen": [
            6411.814084247806,
            6420.599396991694,
            5848.089849848307,
            5822.466021011966,
            4837.778884301153,
            4834.118337324533,
            9622.845892138977,
            5023.734670713456
        ],
        "FlagUp": 0,
        "Times": [
            -15,
            -10,
            -5,
            2,
            10,
            20,
            30,
            40
        ],
        "width": 0,
        "height": 0,
        "area": 0.7321093953240244,
        "distance": 5.737112658123816,
        "xpert": [
            [
                294.0,
                264.0
            ],
            [
                288.4,
                263.6
            ],
            [
                285.0,
                258.0
            ],
            [
                287.0,
                251.0
            ],
            [
                294.0,
                250.0
            ],
            [
                300.6,
                251.4
            ],
            [
                299.0,
                258.0
            ],
            [
                297.4,
                261.4
            ]
        ],
        "stack": 0
    },
    {
        "type": "Spine",
        "location": [
            363,
            235
        ],
        "radloc": [
            0,
            0
        ],
        "mean": [
            81.2394366197183,
            55.21830985915493,
            60.54225352112676,
            62.50704225352113,
            58.96478873239437,
            66.70422535211267,
            62.53521126760563,
            100.0774647887324
        ],
        "min": [
            18.0,
            18.0,
            13.0,
            16.0,
            8.0,
            13.0,
            11.0,
            15.0
        ],
        "max": [
            199.0,
            183.0,
            140.0,
            143.0,
            148.0,
            206.0,
            179.0,
            255.0
        ],
        "RawIntDen": [
            11536.0,
            7841.0,
            8597.0,
            8876.0,
            8373.0,
            9472.0,
            8880.0,
            14211.0
        ],
        "IntDen": [
            7393.099527823887,
            5025.0774443192695,
            5509.57668522035,
            5688.379976505272,
            5366.021354582993,
            6070.339695522525,
            5690.943464552368,
            9107.43215931911
        ],
        "FlagUp": 0,
        "Times": [
            -15,
            -10,
            -5,
            2,
            10,
            20,
            30,
            40
        ],
        "width": 0,
        "height": 0,
        "area": 0.6408720117739153,
        "distance": 10.747495695744794,
        "xpert": [
            [
                363.0,
                239.8
            ],
            [
                358.6,
                239.4
            ],
            [
                357.0,
                235.0
            ],
            [
                355.0,
                227.0
            ],
            [
                363.0,
                226.2
            ],
            [
                368.2,
                229.8
            ],
            [
                368.6,
                235.0
            ],
            [
                366.8,
                238.8
            ]
        ],
        "stack": 0
    }
]