[
    {
        "type": "Stim",
        "location": [
            29,
            246
        ],
        "radloc": [
            0,
            0
        ],
        "mean": [
            78.00729927007299,
            66.5985401459854,
            80.2043795620438,
            84.16058394160584,
            73.05109489051095,
            69.36496350364963,
            65.13138686131387,
            54.5985401459854
        ],
        "min": [
            8.0,
            8.0,
            10.0,
            12.0,
            11.0,
            11.0,
            9.0,
            8.0
        ],
        "max": [
            228.0,
            194.0,
            202.0,
            217.0,
            201.0,
            213.0,
            202.0,
            188.0
        ],
        "RawIntDen": [
            10687.0,
            9124.0,
            10988.0,
            11530.0,
            10008.0,
            9503.0,
            8923.0,
            7480.0
        ],
        "IntDen": [
            6503.858973900495,
            5552.65362382971,
            6687.04055443236,
            7016.889114725621,
            6090.635408514659,
            5783.304185363189,
            5430.329711248631,
            4552.1535627187895
        ],
        "FlagUp": 0,
        "Times": [
            -15,
            -10,
            -5,
            2,
            10,
            20,
            30,
            40
        ],
        "width": 0,
        "height": 0,
        "area": 0.6085766795078595,
        "distance": 0,
        "xpert": [
            [
                29.0,
                251.2
            ],
            [
                24.0,
                251.0
            ],
            [
                21.6,
                246.0
            ],
            [
                24.8,
                241.8
            ],
            [
                29.0,
                240.0
            ],
            [
                33.6,
                241.4
            ],
            [
                38.4,
                246.0
            ],
            [
                34.6,
                251.6
            ]
        ],
        "stack": 0
    },
    {
        "type": "Stim",
        "location": [
            47,
            259
        ],
        "radloc": [
            0,
            0
        ],
        "mean": [
            85.19852941176471,
            83.20588235294117,
            75.27941176470588,
            82.67647058823529,
            63.5735294117647,
            56.904411764705884,
            53.470588235294116,
            48.14705882352941
        ],
        "min": [
            16.0,
            12.0,
            9.0,
            26.0,
            18.0,
            8.0,
            11.0,
            8.0
        ],
        "max": [
            230.0,
            206.0,
            205.0,
            159.0,
            142.0,
            150.0,
            130.0,
            124.0
        ],
        "RawIntDen": [
            11587.0,
            11316.0,
            10238.0,
            11244.0,
            8646.0,
            7739.0,
            7272.0,
            6548.0
        ],
        "IntDen": [
            6794.044568313133,
            6635.143551828033,
            6003.057589573648,
            6592.926307595829,
            5069.587411550475,
            4537.767404347574,
            4263.9416674525855,
            3839.4238226732023
        ],
        "FlagUp": 0,
        "Times": [
            -15,
            -10,
            -5,
            2,
            10,
            20,
            30,
            40
        ],
        "width": 0,
        "height": 0,
        "area": 0.5863506143361641,
        "distance": 0,
        "xpert": [
            [
                47.0,
                265.2
            ],
            [
                42.0,
                264.0
            ],
            [
                41.8,
                259.0
            ],
            [
                42.6,
                254.6
            ],
            [
                47.0,
                253.0
            ],
            [
                53.2,
                252.8
            ],
            [
                54.8,
                259.0
            ],
            [
                52.2,
                264.2
            ]
        ],
        "stack": 0
    },
    {
        "type": "Stim",
        "location": [
            59,
            265
        ],
        "radloc": [
            0,
            0
        ],
        "mean": [
            168.8235294117647,
            155.19786096256684,
            128.42780748663102,
            126.08021390374331,
            125.39572192513369,
            129.44385026737967,
            116.33155080213903,
            107.67914438502673
        ],
        "min": [
            45.0,
            27.0,
            20.0,
            17.0,
            21.0,
            15.0,
            10.0,
            12.0
        ],
        "max": [
            255.0,
            255.0,
            255.0,
            255.0,
            255.0,
            255.0,
            254.0,
            255.0
        ],
        "RawIntDen": [
            31570.0,
            29022.0,
            24016.0,
            23577.0,
            23449.0,
            24206.0,
            21754.0,
            20136.0
        ],
        "IntDen": [
            26316.759572972318,
            24192.74616176125,
            20019.743360928198,
            19653.792855621425,
            19547.092024916943,
            20178.127406505162,
            18134.139618322453,
            16785.374430198626
        ],
        "FlagUp": 0,
        "Times": [
            -15,
            -10,
            -5,
            2,
            10,
            20,
            30,
            40
        ],
        "width": 0,
        "height": 0,
        "area": 0.8336002398787558,
        "distance": 0,
        "xpert": [
            [
                59.0,
                273.6
            ],
            [
                53.0,
                271.0
            ],
            [
                52.0,
                265.0
            ],
            [
                53.4,
                259.4
            ],
            [
                59.0,
                258.2
            ],
            [
                65.8,
                258.2
            ],
            [
                68.4,
                265.0
            ],
            [
                64.4,
                270.4
            ]
        ],
        "stack": 0
    },
    {
        "type": "Stim",
        "location": [
            104,
            253
        ],
        "radloc": [
            0,
            0
        ],
        "mean": [
            82.9608938547486,
            82.40782122905028,
            84.79888268156425,
            90.09497206703911,
            89.76536312849161,
            92.24581005586592,
            85.50279329608938,
            89.97765363128492
        ],
        "min": [
            9.0,
            17.0,
            12.0,
            17.0,
            22.0,
            22.0,
            24.0,
            21.0
        ],
        "max": [
            225.0,
            199.0,
            180.0,
            170.0,
            218.0,
            216.0,
            158.0,
            178.0
        ],
        "RawIntDen": [
            14850.0,
            14751.0,
            15179.0,
            16127.0,
            16068.0,
            16512.0,
            15305.0,
            16106.0
        ],
        "IntDen": [
            11593.02656649973,
            11515.739722723065,
            11849.868703898948,
            12589.94878369974,
            12543.888947509606,
            12890.508731720103,
            11948.233777796522,
            12573.55460471681
        ],
        "FlagUp": 0,
        "Times": [
            -15,
            -10,
            -5,
            2,
            10,
            20,
            30,
            40
        ],
        "width": 0,
        "height": 0,
        "area": 0.7806751896632814,
        "distance": 0,
        "xpert": [
            [
                104.0,
                261.6
            ],
            [
                98.0,
                259.0
            ],
            [
                96.6,
                253.0
            ],
            [
                98.0,
                247.0
            ],
            [
                104.0,
                245.4
            ],
            [
                109.8,
                247.2
            ],
            [
                111.8,
                253.0
            ],
            [
                109.0,
                258.0
            ]
        ],
        "stack": 0
    },
    {
        "type": "Stim",
        "location": [
            164,
            287
        ],
        "radloc": [
            0,
            0
        ],
        "mean": [
            67.079754601227,
            69.20245398773007,
            61.06748466257669,
            44.16564417177914,
            33.19631901840491,
            31.63803680981595,
            29.460122699386503,
            27.466257668711656
        ],
        "min": [
            22.0,
            16.0,
            9.0,
            7.0,
            6.0,
            5.0,
            7.0,
            6.0
        ],
        "max": [
            138.0,
            134.0,
            137.0,
            178.0,
            121.0,
            110.0,
            132.0,
            111.0
        ],
        "RawIntDen": [
            10934.0,
            11280.0,
            9954.0,
            7199.0,
            5411.0,
            5157.0,
            4802.0,
            4477.0
        ],
        "IntDen": [
            8061.275462487626,
            8316.369783872364,
            7338.753974172474,
            5307.583871817123,
            3989.3507890543756,
            3802.0850155522853,
            3540.3552927442456,
            3300.743574680547
        ],
        "FlagUp": 0,
        "Times": [
            -15,
            -10,
            -5,
            2,
            10,
            20,
            30,
            40
        ],
        "width": 0,
        "height": 0,
        "area": 0.7372668248113797,
        "distance": 0,
        "xpert": [
            [
                164.0,
                295.6
            ],
            [
                159.2,
                291.8
            ],
            [
                156.8,
                287.0
            ],
            [
                159.0,
                282.0
            ],
            [
                164.0,
                278.4
            ],
            [
                169.0,
                282.0
            ],
            [
                173.6,
                287.0
            ],
            [
                168.6,
                291.6
            ]
        ],
        "stack": 0
    },
    {
        "type": "Stim",
        "location": [
            207,
            249
        ],
        "radloc": [
            0,
            0
        ],
        "mean": [
            102.79411764705883,
            106.6,
            111.95294117647059,
            121.4,
            114.3529411764706,
            113.26470588235294,
            105.31764705882352,
            104.31764705882352
        ],
        "min": [
            32.0,
            33.0,
            35.0,
            32.0,
            40.0,
            38.0,
            23.0,
            24.0
        ],
        "max": [
            252.0,
            235.0,
            219.0,
            238.0,
            229.0,
            243.0,
            215.0,
            227.0
        ],
        "RawIntDen": [
            17475.0,
            18122.0,
            19032.0,
            20638.0,
            19440.0,
            19255.0,
            17904.0,
            17734.0
        ],
        "IntDen": [
            13257.117239072319,
            13747.952996078315,
            14438.309315823999,
            15656.674425177369,
            14747.831709731952,
            14607.48454582761,
            13582.570932666713,
            13453.603268538398
        ],
        "FlagUp": 0,
        "Times": [
            -15,
            -10,
            -5,
            2,
            10,
            20,
            30,
            40
        ],
        "width": 0,
        "height": 0,
        "area": 0.7586333184018494,
        "distance": 0,
        "xpert": [
            [
                207.0,
                256.6
            ],
            [
                200.2,
                255.8
            ],
            [
                199.8,
                249.0
            ],
            [
                202.0,
                244.0
            ],
            [
                207.0,
                241.6
            ],
            [
                214.4,
                241.6
            ],
            [
                214.0,
                249.0
            ],
            [
                210.8,
                252.8
            ]
        ],
        "stack": 0
    },
    {
        "type": "Stim",
        "location": [
            241,
            271
        ],
        "radloc": [
            0,
            0
        ],
        "mean": [
            107.29378531073446,
            93.79661016949153,
            95.98870056497175,
            103.48587570621469,
            88.1864406779661,
            97.76271186440678,
            91.26553672316385,
            81.96045197740114
        ],
        "min": [
            33.0,
            31.0,
            32.0,
            31.0,
            27.0,
            30.0,
            21.0,
            18.0
        ],
        "max": [
            238.0,
            193.0,
            178.0,
            205.0,
            185.0,
            204.0,
            181.0,
            209.0
        ],
        "RawIntDen": [
            18991.0,
            16602.0,
            16990.0,
            18317.0,
            15609.0,
            17304.0,
            16154.0,
            14507.0
        ],
        "IntDen": [
            14794.320287947177,
            12933.247613106158,
            13235.506381560874,
            14269.262530373779,
            12159.683290746538,
            13480.11785912474,
            12584.247797983187,
            11301.206066939587
        ],
        "FlagUp": 0,
        "Times": [
            -15,
            -10,
            -5,
            2,
            10,
            20,
            30,
            40
        ],
        "width": 0,
        "height": 0,
        "area": 0.7790174444709166,
        "distance": 0,
        "xpert": [
            [
                241.0,
                277.0
            ],
            [
                236.4,
                275.6
            ],
            [
                234.4,
                271.0
            ],
            [
                235.0,
                265.0
            ],
            [
                241.0,
                261.8
            ],
            [
                248.0,
                264.0
            ],
            [
                250.0,
                271.0
            ],
            [
                246.0,
                276.0
            ]
        ],
        "stack": 0
    },
    {
        "type": "Stim",
        "location": [
            275,
            241
        ],
        "radloc": [
            0,
            0
        ],
        "mean": [
            77.81553398058253,
            46.58252427184466,
            43.41747572815534,
            35.37864077669903,
            37.883495145631066,
            34.86407766990291,
            34.1747572815534,
            33.44660194174757
        ],
        "min": [
            15.0,
            13.0,
            12.0,
            8.0,
            12.0,
            9.0,
            12.0,
            8.0
        ],
        "max": [
            179.0,
            136.0,
            146.0,
            132.0,
            97.0,
            97.0,
            101.0,
            111.0
        ],
        "RawIntDen": [
            8015.0,
            4798.0,
            4472.0,
            3644.0,
            3902.0,
            3591.0,
            3520.0,
            3445.0
        ],
        "IntDen": [
            3895.99314940322,
            2332.2489246209166,
            2173.784324907199,
            1771.3036851435224,
            1896.714319272784,
            1745.5410354968137,
            1711.0288067248077,
            1674.5722270360689
        ],
        "FlagUp": 0,
        "Times": [
            -15,
            -10,
            -5,
            2,
            10,
            20,
            30,
            40
        ],
        "width": 0,
        "height": 0,
        "area": 0.486087729183184,
        "distance": 0,
        "xpert": [
            [
                275.0,
                248.8
            ],
            [
                268.8,
                247.2
            ],
            [
                269.6,
                241.0
            ],
            [
                271.0,
                237.0
            ],
            [
                275.0,
                233.2
            ],
            [
                278.2,
                237.8
            ],
            [
                279.0,
                241.0
            ],
            [
                278.2,
                244.2
            ]
        ],
        "stack": 0
    },
    {
        "type": "Stim",
        "location": [
            315,
            234
        ],
        "radloc": [
            0,
            0
        ],
        "mean": [
            87.43125,
            79.26875,
            86.975,
            102.85,
            100.60625,
            103.3375,
            107.99375,
            97.8875
        ],
        "min": [
            12.0,
            10.0,
            11.0,
            11.0,
            30.0,
            38.0,
            37.0,
            28.0
        ],
        "max": [
            212.0,
            177.0,
            211.0,
            239.0,
            166.0,
            198.0,
            217.0,
            183.0
        ],
        "RawIntDen": [
            13989.0,
            12683.0,
            13916.0,
            16456.0,
            16097.0,
            16534.0,
            17279.0,
            15662.0
        ],
        "IntDen": [
            10195.956832399344,
            9244.071806799691,
            10142.75039528696,
            11994.042864676789,
            11732.38381093232,
            12050.893578303721,
            12593.89077897121,
            11415.33175416674
        ],
        "FlagUp": 0,
        "Times": [
            -15,
            -10,
            -5,
            2,
            10,
            20,
            30,
            40
        ],
        "width": 0,
        "height": 0,
        "area": 0.7288553029093819,
        "distance": 0,
        "xpert": [
            [
                315.0,
                240.6
            ],
            [
                308.6,
                240.4
            ],
            [
                309.2,
                234.0
            ],
            [
                310.8,
                229.8
            ],
            [
                315.0,
                225.8
            ],
            [
                322.4,
                226.6
            ],
            [
                321.4,
                234.0
            ],
            [
                320.6,
                239.6
            ]
        ],
        "stack": 0
    },
    {
        "type": "Stim",
        "location": [
            362,
            231
        ],
        "radloc": [
            0,
            0
        ],
        "mean": [
            104.208,
            117.624,
            134.688,
            114.016,
            108.392,
            118.624,
            123.024,
            132.384
        ],
        "min": [
            21.0,
            18.0,
            34.0,
            13.0,
            28.0,
            35.0,
            32.0,
            35.0
        ],
        "max": [
            218.0,
            236.0,
            255.0,
            236.0,
            235.0,
            241.0,
            226.0,
            249.0
        ],
        "RawIntDen": [
            13026.0,
            14703.0,
            16836.0,
            14252.0,
            13549.0,
            14828.0,
            15378.0,
            16548.0
        ],
        "IntDen": [
            7153.942277534772,
            8074.958798295237,
            9246.412727205237,
            7827.267414357867,
            7441.176410127332,
            8143.609403599386,
            8445.672066937643,
            9088.241732584478
        ],
        "FlagUp": 0,
        "Times": [
            -15,
            -10,
            -5,
            2,
            10,
            20,
            30,
            40
        ],
        "width": 0,
        "height": 0,
        "area": 0.549204842433193,
        "distance": 0,
        "xpert": [
            [
                362.0,
                236.8
            ],
            [
                356.8,
                236.2
            ],
            [
                356.8,
                231.0
            ],
            [
                358.4,
                227.4
            ],
            [
                362.0,
                224.0
            ],
            [
                366.8,
                226.2
            ],
            [
                369.4,
                231.0
            ],
            [
                367.8,
                236.8
            ]
        ],
        "stack": 0
    },
    {
        "type": "Stim",
        "location": [
            403,
            259
        ],
        "radloc": [
            0,
            0
        ],
        "mean": [
            94.33532934131736,
            85.48502994011976,
            91.13173652694611,
            102.51497005988024,
            89.87425149700599,
            71.26946107784431,
            61.88622754491018,
            64.1377245508982
        ],
        "min": [
            17.0,
            8.0,
            23.0,
            30.0,
            34.0,
            32.0,
            26.0,
            38.0
        ],
        "max": [
            187.0,
            184.0,
            215.0,
            185.0,
            142.0,
            139.0,
            109.0,
            126.0
        ],
        "RawIntDen": [
            15754.0,
            14276.0,
            15219.0,
            17120.0,
            15009.0,
            11902.0,
            10335.0,
            10711.0
        ],
        "IntDen": [
            15800.251245104253,
            14317.912071544262,
            15263.680569965825,
            17170.261604429656,
            15053.064043275976,
            11936.94238410758,
            10365.341920664749,
            10742.445797023718
        ],
        "FlagUp": 0,
        "Times": [
            -15,
            -10,
            -5,
            2,
            10,
            20,
            30,
            40
        ],
        "width": 0,
        "height": 0,
        "area": 1.002935841380237,
        "distance": 0,
        "xpert": [
            [
                403.0,
                266.6
            ],
            [
                394.4,
                267.6
            ],
            [
                396.8,
                259.0
            ],
            [
                394.2,
                250.2
            ],
            [
                403.0,
                250.2
            ],
            [
                409.4,
                252.6
            ],
            [
                409.4,
                259.0
            ],
            [
                408.2,
                264.2
            ]
        ],
        "stack": 0
    },
    {
        "type": "Stim",
        "location": [
            474,
            260
        ],
        "radloc": [
            0,
            0
        ],
        "mean": [
            85.05741626794259,
            83.51674641148325,
            80.9090909090909,
            142.23923444976077,
            115.14832535885168,
            118.47368421052632,
            114.2488038277512,
            110.73684210526316
        ],
        "min": [
            13.0,
            14.0,
            21.0,
            37.0,
            17.0,
            19.0,
            34.0,
            21.0
        ],
        "max": [
            206.0,
            202.0,
            151.0,
            244.0,
            207.0,
            236.0,
            239.0,
            231.0
        ],
        "RawIntDen": [
            17777.0,
            17455.0,
            16910.0,
            29728.0,
            24066.0,
            24761.0,
            23878.0,
            23144.0
        ],
        "IntDen": [
            18236.30940163039,
            17905.989796110618,
            17346.90847620914,
            30496.0907853782,
            24687.800082108173,
            25400.756994643085,
            24494.942672674268,
            23741.978106054663
        ],
        "FlagUp": 0,
        "Times": [
            -15,
            -10,
            -5,
            2,
            10,
            20,
            30,
            40
        ],
        "width": 0,
        "height": 0,
        "area": 1.0258372842228942,
        "distance": 0,
        "xpert": [
            [
                474.0,
                266.8
            ],
            [
                468.0,
                266.0
            ],
            [
                465.8,
                260.0
            ],
            [
                468.0,
                254.0
            ],
            [
                474.0,
                252.2
            ],
            [
                479.0,
                255.0
            ],
            [
                484.0,
                260.0
            ],
            [
                484.0,
                270.0
            ]
        ],
        "stack": 0
    },
    {
        "type": "Stim",
        "location": [
            482,
            236
        ],
        "radloc": [
            0,
            0
        ],
        "mean": [
            92.38461538461539,
            118.78021978021978,
            111.97802197802197,
            149.06593406593407,
            152.04945054945054,
            148.3186813186813,
            151.2912087912088,
            166.2967032967033
        ],
        "min": [
            16.0,
            16.0,
            18.0,
            28.0,
            22.0,
            29.0,
            46.0,
            46.0
        ],
        "max": [
            232.0,
            255.0,
            251.0,
            255.0,
            255.0,
            255.0,
            255.0,
            255.0
        ],
        "RawIntDen": [
            16814.0,
            21618.0,
            20380.0,
            27130.0,
            27673.0,
            26994.0,
            27535.0,
            30266.0
        ],
        "IntDen": [
            13830.332248892004,
            17781.85574857543,
            16763.540575259845,
            22315.743660785065,
            22762.38755344287,
            22203.877050469295,
            22648.875845916577,
            24895.256086889818
        ],
        "FlagUp": 0,
        "Times": [
            -15,
            -10,
            -5,
            2,
            10,
            20,
            30,
            40
        ],
        "width": 0,
        "height": 0,
        "area": 0.8225486052629953,
        "distance": 0,
        "xpert": [
            [
                482.0,
                241.8
            ],
            [
                476.2,
                241.8
            ],
            [
                473.0,
                236.0
            ],
            [
                475.0,
                229.0
            ],
            [
                482.0,
                226.6
            ],
            [
                487.2,
                230.8
            ],
            [
                488.8,
                236.0
            ],
            [
                487.8,
                241.8
            ]
        ],
        "stack": 0
    },
    {
        "type": "Spine",
        "location": [
            457,
            238
        ],
        "radloc": [
            0,
            0
        ],
        "mean": [
            92.75135135135135,
            109.52432432432433,
            105.2,
            124.11891891891892,
            109.80540540540541,
            110.18378378378378,
            108.2054054054054,
            117.21621621621621
        ],
        "min": [
            10.0,
            19.0,
            20.0,
            24.0,
            27.0,
            26.0,
            24.0,
            29.0
        ],
        "max": [
            203.0,
            207.0,
            184.0,
            231.0,
            222.0,
            219.0,
            249.0,
            255.0
        ],
        "RawIntDen": [
            17159.0,
            20262.0,
            19462.0,
            22962.0,
            20314.0,
            20384.0,
            20018.0,
            21685.0
        ],
        "IntDen": [
            14254.230710949158,
            16831.9379139374,
            16167.366285709686,
            19074.86715920593,
            16875.1350697722,
            16933.285087242126,
            16629.243567327947,
            18014.04469764744
        ],
        "FlagUp": 0,
        "Times": [
            -15,
            -10,
            -5,
            2,
            10,
            20,
            30,
            40
        ],
        "width": 0,
        "height": 0,
        "area": 0.8307145352846411,
        "distance": -1.2020075948742899,
        "xpert": [
            [
                457.0,
                247.6
            ],
            [
                450.2,
                244.8
            ],
            [
                448.2,
                238.0
            ],
            [
                452.6,
                233.6
            ],
            [
                457.0,
                233.0
            ],
            [
                460.6,
                234.4
            ],
            [
                465.6,
                238.0
            ],
            [
                464.6,
                245.6
            ]
        ],
        "stack": 0
    },
    {
        "type": "Spine",
        "location": [
            396,
            226
        ],
        "radloc": [
            0,
            0
        ],
        "mean": [
            68.42261904761905,
            82.03571428571429,
            102.70833333333333,
            94.39880952380952,
            99.55952380952381,
            97.82738095238095,
            93.95833333333333,
            95.60119047619048
        ],
        "min": [
            10.0,
            14.0,
            17.0,
            10.0,
            22.0,
            30.0,
            31.0,
            37.0
        ],
        "max": [
            168.0,
            163.0,
            216.0,
            216.0,
            230.0,
            215.0,
            195.0,
            170.0
        ],
        "RawIntDen": [
            11495.0,
            13782.0,
            17255.0,
            15859.0,
            16726.0,
            16435.0,
            15785.0,
            16061.0
        ],
        "IntDen": [
            8829.178523617342,
            10585.797165071268,
            13253.368892998456,
            12181.117199308172,
            12847.050020532724,
            12623.536236246284,
            12124.278642479318,
            12336.27109767883
        ],
        "FlagUp": 0,
        "Times": [
            -15,
            -10,
            -5,
            2,
            10,
            20,
            30,
            40
        ],
        "width": 0,
        "height": 0,
        "area": 0.7680886057953321,
        "distance": -0.46123000000000003,
        "xpert": [
            [
                396.0,
                233.0
            ],
            [
                389.0,
                233.0
            ],
            [
                388.8,
                226.0
            ],
            [
                389.4,
                219.4
            ],
            [
                396.0,
                218.0
            ],
            [
                401.6,
                220.4
            ],
            [
                401.8,
                226.0
            ],
            [
                401.2,
                231.2
            ]
        ],
        "stack": 0
    },
    {
        "type": "Spine",
        "location": [
            260,
            264
        ],
        "radloc": [
            0,
            0
        ],
        "mean": [
            109.64227642276423,
            110.76422764227642,
            103.5609756097561,
            82.09756097560975,
            78.16260162601625,
            85.3821138211382,
            91.35772357723577,
            84.67479674796748
        ],
        "min": [
            27.0,
            22.0,
            23.0,
            16.0,
            18.0,
            23.0,
            16.0,
            17.0
        ],
        "max": [
            211.0,
            213.0,
            220.0,
            185.0,
            179.0,
            189.0,
            203.0,
            191.0
        ],
        "RawIntDen": [
            13486.0,
            13624.0,
            12738.0,
            10098.0,
            9614.0,
            10502.0,
            11237.0,
            10415.0
        ],
        "IntDen": [
            7399.952400857239,
            7475.674885754043,
            6989.514584170214,
            5540.910525274833,
            5275.3331144773465,
            5762.590843378521,
            6165.895382502803,
            5714.852755074014
        ],
        "FlagUp": 0,
        "Times": [
            -15,
            -10,
            -5,
            2,
            10,
            20,
            30,
            40
        ],
        "width": 0,
        "height": 0,
        "area": 0.5487136586724929,
        "distance": -0.9883500000000001,
        "xpert": [
            [
                260.0,
                268.6
            ],
            [
                256.8,
                267.2
            ],
            [
                250.8,
                264.0
            ],
            [
                254.8,
                258.8
            ],
            [
                260.0,
                258.8
            ],
            [
                265.0,
                259.0
            ],
            [
                267.6,
                264.0
            ],
            [
                264.6,
                268.6
            ]
        ],
        "stack": 0
    },
    {
        "type": "Spine",
        "location": [
            156,
            278
        ],
        "radloc": [
            0,
            0
        ],
        "mean": [
            105.56349206349206,
            94.31746031746032,
            89.26984126984127,
            50.72222222222222,
            40.07936507936508,
            44.8968253968254,
            38.857142857142854,
            39.42063492063492
        ],
        "min": [
            22.0,
            34.0,
            14.0,
            10.0,
            8.0,
            9.0,
            8.0,
            9.0
        ],
        "max": [
            226.0,
            171.0,
            184.0,
            148.0,
            129.0,
            133.0,
            148.0,
            93.0
        ],
        "RawIntDen": [
            13301.0,
            11884.0,
            11248.0,
            6391.0,
            5050.0,
            5657.0,
            4896.0,
            4967.0
        ],
        "IntDen": [
            7337.639785209299,
            6555.9364865369,
            6205.080242390361,
            3525.6639250637268,
            2785.8868442453168,
            3120.7449263159915,
            2700.9310870148656,
            2740.099001062671
        ],
        "FlagUp": 0,
        "Times": [
            -15,
            -10,
            -5,
            2,
            10,
            20,
            30,
            40
        ],
        "width": 0,
        "height": 0,
        "area": 0.5516607612366964,
        "distance": -0.52712,
        "xpert": [
            [
                156.0,
                284.2
            ],
            [
                151.2,
                282.8
            ],
            [
                150.6,
                278.0
            ],
            [
                151.4,
                273.4
            ],
            [
                156.0,
                272.2
            ],
            [
                160.6,
                273.4
            ],
            [
                164.8,
                278.0
            ],
            [
                161.0,
                283.0
            ]
        ],
        "stack": 0
    },
    {
        "type": "Spine",
        "location": [
            172,
            277
        ],
        "radloc": [
            0,
            0
        ],
        "mean": [
            109.46629213483146,
            113.6685393258427,
            108.88764044943821,
            138.52808988764045,
            131.57303370786516,
            138.04494382022472,
            132.62921348314606,
            135.14606741573033
        ],
        "min": [
            42.0,
            41.0,
            44.0,
            34.0,
            34.0,
            30.0,
            29.0,
            23.0
        ],
        "max": [
            209.0,
            222.0,
            205.0,
            251.0,
            255.0,
            255.0,
            255.0,
            255.0
        ],
        "RawIntDen": [
            19485.0,
            20233.0,
            19382.0,
            24658.0,
            23420.0,
            24572.0,
            23608.0,
            24056.0
        ],
        "IntDen": [
            15436.36788665434,
            16028.946956668065,
            15354.769431826246,
            19534.511642243917,
            18553.74574829072,
            19466.380893552498,
            18702.68273380219,
            19057.596401403993
        ],
        "FlagUp": 0,
        "Times": [
            -15,
            -10,
            -5,
            2,
            10,
            20,
            30,
            40
        ],
        "width": 0,
        "height": 0,
        "area": 0.7922180080397403,
        "distance": -0.52712,
        "xpert": [
            [
                172.0,
                285.0
            ],
            [
                167.0,
                282.0
            ],
            [
                164.0,
                277.0
            ],
            [
                166.8,
                271.8
            ],
            [
                172.0,
                271.8
            ],
            [
                177.2,
                271.8
            ],
            [
                183.0,
                277.0
            ],
            [
                178.4,
                283.4
            ]
        ],
        "stack": 0
    },
    {
        "type": "Spine",
        "location": [
            91,
            256
        ],
        "radloc": [
            0,
            0
        ],
        "mean": [
            46.957142857142856,
            44.01428571428571,
            63.42142857142857,
            60.542857142857144,
            51.90714285714286,
            63.48571428571429,
            60.98571428571429,
            59.24285714285714
        ],
        "min": [
            9.0,
            10.0,
            13.0,
            19.0,
            16.0,
            15.0,
            17.0,
            17.0
        ],
        "max": [
            122.0,
            104.0,
            165.0,
            137.0,
            99.0,
            198.0,
            163.0,
            143.0
        ],
        "RawIntDen": [
            6574.0,
            6162.0,
            8879.0,
            8476.0,
            7267.0,
            8888.0,
            8538.0,
            8294.0
        ],
        "IntDen": [
            4054.4659150469665,
            3800.3679599208103,
            5476.057630012476,
            5227.510358372086,
            4481.868543450913,
            5481.608313498241,
            5265.748400162915,
            5115.263203437716
        ],
        "FlagUp": 0,
        "Times": [
            -15,
            -10,
            -5,
            2,
            10,
            20,
            30,
            40
        ],
        "width": 0,
        "height": 0,
        "area": 0.6167426095295051,
        "distance": -1.5201526581238163,
        "xpert": [
            [
                91.0,
                263.4
            ],
            [
                86.2,
                260.8
            ],
            [
                83.8,
                256.0
            ],
            [
                86.6,
                251.6
            ],
            [
                91.0,
                250.2
            ],
            [
                96.0,
                251.0
            ],
            [
                98.4,
                256.0
            ],
            [
                97.0,
                262.0
            ]
        ],
        "stack": 0
    },
    {
        "type": "Spine",
        "location": [
            46,
            224
        ],
        "radloc": [
            0,
            0
        ],
        "mean": [
            53.391304347826086,
            56.06086956521739,
            61.243478260869566,
            48.28695652173913,
            51.28695652173913,
            49.130434782608695,
            45.21739130434783,
            41.26086956521739
        ],
        "min": [
            6.0,
            9.0,
            12.0,
            10.0,
            9.0,
            8.0,
            9.0,
            7.0
        ],
        "max": [
            163.0,
            170.0,
            145.0,
            121.0,
            133.0,
            134.0,
            117.0,
            132.0
        ],
        "RawIntDen": [
            6140.0,
            6447.0,
            7043.0,
            5553.0,
            5898.0,
            5650.0,
            5200.0,
            4745.0
        ],
        "IntDen": [
            3297.4749923449594,
            3462.3487419622074,
            3782.4293763982982,
            2982.2277903080717,
            3167.5093656108425,
            3034.32145061059,
            2792.6498306504545,
            2548.29297046854
        ],
        "FlagUp": 0,
        "Times": [
            -15,
            -10,
            -5,
            2,
            10,
            20,
            30,
            40
        ],
        "width": 0,
        "height": 0,
        "area": 0.5370480443558566,
        "distance": -0.26356,
        "xpert": [
            [
                46.0,
                229.8
            ],
            [
                39.0,
                231.0
            ],
            [
                40.0,
                224.0
            ],
            [
                42.4,
                220.4
            ],
            [
                46.0,
                217.8
            ],
            [
                51.4,
                218.6
            ],
            [
                51.8,
                224.0
            ],
            [
                49.6,
                227.6
            ]
        ],
        "stack": 0
    }
]