[
    {
        "type": "Stim",
        "location": [
            74,
            200
        ],
        "radloc": [
            0,
            0
        ],
        "mean": [
            51.57615894039735,
            45.66887417218543,
            90.24503311258277,
            160.26490066225165,
            107.80132450331126,
            78.93377483443709,
            83.81456953642385,
            52.27814569536424
        ],
        "min": [
            7.0,
            6.0,
            9.0,
            37.0,
            12.0,
            8.0,
            10.0,
            7.0
        ],
        "max": [
            208.0,
            203.0,
            235.0,
            255.0,
            255.0,
            243.0,
            245.0,
            211.0
        ],
        "RawIntDen": [
            7788.0,
            6896.0,
            13627.0,
            24200.0,
            16278.0,
            11919.0,
            12656.0,
            7894.0
        ],
        "IntDen": [
            5389.424664433141,
            4772.145927828831,
            9430.109129716282,
            16746.799804735747,
            11264.644926507788,
            8248.144912092785,
            8758.161087964281,
            5462.778415643967
        ],
        "FlagUp": 0,
        "Times": [
            -15,
            -10,
            -5,
            2,
            10,
            20,
            30,
            40
        ],
        "width": 0,
        "height": 0,
        "area": 0.6920165208568491,
        "distance": 0,
        "xpert": [
            [
                74.0,
                206.2
            ],
            [
                69.2,
                204.8
            ],
            [
                66.0,
                200.0
            ],
            [
                67.2,
                193.2
            ],
            [
                74.0,
                192.8
            ],
            [
                80.0,
                194.0
            ],
            [
                80.0,
                200.0
            ],
            [
                79.0,
                205.0
            ]
        ],
        "stack": 0
    },
    {
        "type": "Spine",
        "location": [
            23,
            186
        ],
        "radloc": [
            0,
            0
        ],
        "mean": [
            43.4811320754717,
            75.35849056603773,
            87.26415094339623,
            69.05660377358491,
            76.19811320754717,
            61.65094339622642,
            61.64150943396226,
            76.41509433962264
        ],
        "min": [
            6.0,
            11.0,
            13.0,
            14.0,
            9.0,
            8.0,
            17.0,
            13.0
        ],
        "max": [
            118.0,
            177.0,
            186.0,
            155.0,
            193.0,
            151.0,
            166.0,
            179.0
        ],
        "RawIntDen": [
            4609.0,
            7988.0,
            9250.0,
            7320.0,
            8077.0,
            6535.0,
            6534.0,
            8100.0
        ],
        "IntDen": [
            2215.758801565681,
            3840.1998930151144,
            4446.901478516501,
            3519.061494350355,
            3882.98629643003,
            3141.6758013086846,
            3141.195055202899,
            3894.043456863098
        ],
        "FlagUp": 0,
        "Times": [
            -15,
            -10,
            -5,
            2,
            10,
            20,
            30,
            40
        ],
        "width": 0,
        "height": 0,
        "area": 0.48074610578556765,
        "distance": 2.8633055692457385,
        "xpert": [
            [
                23.0,
                190.8
            ],
            [
                18.6,
                190.4
            ],
            [
                17.0,
                186.0
            ],
            [
                17.6,
                180.6
            ],
            [
                23.0,
                178.4
            ],
            [
                28.4,
                180.6
            ],
            [
                27.8,
                186.0
            ],
            [
                26.0,
                189.0
            ]
        ],
        "stack": 0
    },
    {
        "type": "Spine",
        "location": [
            34,
            159
        ],
        "radloc": [
            0,
            0
        ],
        "mean": [
            41.57142857142857,
            38.252100840336134,
            58.54621848739496,
            46.142857142857146,
            82.84873949579831,
            46.09243697478992,
            62.27731092436975,
            82.01680672268908
        ],
        "min": [
            6.0,
            6.0,
            8.0,
            7.0,
            21.0,
            9.0,
            15.0,
            21.0
        ],
        "max": [
            130.0,
            116.0,
            164.0,
            146.0,
            193.0,
            118.0,
            145.0,
            191.0
        ],
        "RawIntDen": [
            4947.0,
            4552.0,
            6967.0,
            5491.0,
            9859.0,
            5485.0,
            7411.0,
            9760.0
        ],
        "IntDen": [
            2572.0343989399676,
            2366.666784712903,
            3622.268780556853,
            2854.8697967615444,
            5125.871667505385,
            2851.750288697336,
            3853.1123773082877,
            5074.399784445944
        ],
        "FlagUp": 0,
        "Times": [
            -15,
            -10,
            -5,
            2,
            10,
            20,
            30,
            40
        ],
        "width": 0,
        "height": 0,
        "area": 0.5199180107014286,
        "distance": 3.6087658222438432,
        "xpert": [
            [
                34.0,
                166.2
            ],
            [
                29.2,
                163.8
            ],
            [
                25.4,
                159.0
            ],
            [
                28.6,
                153.6
            ],
            [
                34.0,
                153.2
            ],
            [
                37.6,
                155.4
            ],
            [
                38.8,
                159.0
            ],
            [
                37.6,
                162.6
            ]
        ],
        "stack": 0
    },
    {
        "type": "Spine",
        "location": [
            8,
            150
        ],
        "radloc": [
            0,
            0
        ],
        "mean": [
            62.54205607476636,
            62.77570093457944,
            81.89719626168224,
            86.39252336448598,
            81.83177570093459,
            39.09345794392523,
            58.10280373831776,
            70.11214953271028
        ],
        "min": [
            8.0,
            9.0,
            11.0,
            12.0,
            13.0,
            7.0,
            9.0,
            17.0
        ],
        "max": [
            187.0,
            188.0,
            212.0,
            206.0,
            198.0,
            136.0,
            150.0,
            156.0
        ],
        "RawIntDen": [
            6692.0,
            6717.0,
            8763.0,
            9244.0,
            8756.0,
            4183.0,
            6217.0,
            7502.0
        ],
        "IntDen": [
            3829.357011497649,
            3843.6627385280494,
            5014.44343869604,
            5289.685626760948,
            5010.437835127527,
            2393.6342467266386,
            3557.5481979200363,
            4292.86256728263
        ],
        "FlagUp": 0,
        "Times": [
            -15,
            -10,
            -5,
            2,
            10,
            20,
            30,
            40
        ],
        "width": 0,
        "height": 0,
        "area": 0.5722290812160264,
        "distance": 5.6854062220966775,
        "xpert": [
            [
                8.0,
                154.4
            ],
            [
                5.0,
                153.0
            ],
            [
                3.4,
                150.0
            ],
            [
                2.4,
                144.4
            ],
            [
                8.0,
                141.0
            ],
            [
                12.0,
                146.0
            ],
            [
                12.8,
                150.0
            ],
            [
                15.6,
                157.6
            ]
        ],
        "stack": 0
    },
    {
        "type": "Spine",
        "location": [
            93,
            180
        ],
        "radloc": [
            0,
            0
        ],
        "mean": [
            72.06572769953051,
            68.75586854460094,
            73.50234741784037,
            65.49765258215963,
            59.15492957746479,
            57.82629107981221,
            41.16431924882629,
            38.91079812206573
        ],
        "min": [
            12.0,
            9.0,
            17.0,
            13.0,
            7.0,
            9.0,
            6.0,
            6.0
        ],
        "max": [
            152.0,
            147.0,
            164.0,
            141.0,
            149.0,
            138.0,
            107.0,
            143.0
        ],
        "RawIntDen": [
            15350.0,
            14645.0,
            15656.0,
            13951.0,
            12600.0,
            12317.0,
            8768.0,
            8288.0
        ],
        "IntDen": [
            14649.580222079012,
            13976.749338915122,
            14941.61745647355,
            13314.416526268684,
            12025.062592716322,
            11754.975869403725,
            8367.916572455295,
            7909.818949875626
        ],
        "FlagUp": 0,
        "Times": [
            -15,
            -10,
            -5,
            2,
            10,
            20,
            30,
            40
        ],
        "width": 0,
        "height": 0,
        "area": 0.9543700470409779,
        "distance": 1.2792025316247633,
        "xpert": [
            [
                93.0,
                185.2
            ],
            [
                88.4,
                184.6
            ],
            [
                85.2,
                180.0
            ],
            [
                85.2,
                172.2
            ],
            [
                93.0,
                169.8
            ],
            [
                99.4,
                173.6
            ],
            [
                103.8,
                180.0
            ],
            [
                98.8,
                185.8
            ]
        ],
        "stack": 0
    },
    {
        "type": "Spine",
        "location": [
            137,
            214
        ],
        "radloc": [
            0,
            0
        ],
        "mean": [
            24.978947368421053,
            23.652631578947368,
            32.77894736842105,
            28.4,
            40.71578947368421,
            52.16842105263158,
            26.48421052631579,
            30.83157894736842
        ],
        "min": [
            8.0,
            8.0,
            6.0,
            7.0,
            7.0,
            9.0,
            7.0,
            7.0
        ],
        "max": [
            78.0,
            84.0,
            99.0,
            93.0,
            114.0,
            146.0,
            89.0,
            87.0
        ],
        "RawIntDen": [
            2373.0,
            2247.0,
            3114.0,
            2698.0,
            3868.0,
            4956.0,
            2516.0,
            2929.0
        ],
        "IntDen": [
            1006.1861271207321,
            952.7603150612242,
            1320.3807837564095,
            1143.9908010837485,
            1640.0876273506076,
            2101.415274340644,
            1066.8201836644594,
            1241.9381231928462
        ],
        "FlagUp": 0,
        "Times": [
            -15,
            -10,
            -5,
            2,
            10,
            20,
            30,
            40
        ],
        "width": 0,
        "height": 0,
        "area": 0.42401438142466585,
        "distance": 4.451287847872396,
        "xpert": [
            [
                137.0,
                219.0
            ],
            [
                133.2,
                217.8
            ],
            [
                131.0,
                214.0
            ],
            [
                133.2,
                210.2
            ],
            [
                137.0,
                207.8
            ],
            [
                141.0,
                210.0
            ],
            [
                143.4,
                214.0
            ],
            [
                141.8,
                218.8
            ]
        ],
        "stack": 0
    },
    {
        "type": "Spine",
        "location": [
            186,
            222
        ],
        "radloc": [
            0,
            0
        ],
        "mean": [
            86.14678899082568,
            59.12844036697248,
            87.58715596330275,
            98.72477064220183,
            61.53211009174312,
            48.73394495412844,
            52.944954128440365,
            46.54128440366973
        ],
        "min": [
            12.0,
            10.0,
            11.0,
            16.0,
            12.0,
            8.0,
            13.0,
            8.0
        ],
        "max": [
            199.0,
            124.0,
            216.0,
            235.0,
            123.0,
            103.0,
            129.0,
            110.0
        ],
        "RawIntDen": [
            9390.0,
            6445.0,
            9547.0,
            10761.0,
            6707.0,
            5312.0,
            5771.0,
            5073.0
        ],
        "IntDen": [
            4627.7817403335375,
            3176.3635054791957,
            4705.157856758709,
            5303.467444912588,
            3305.487980023114,
            2617.974079302636,
            2844.1883305074384,
            2500.184959394253
        ],
        "FlagUp": 0,
        "Times": [
            -15,
            -10,
            -5,
            2,
            10,
            20,
            30,
            40
        ],
        "width": 0,
        "height": 0,
        "area": 0.4928415058928155,
        "distance": 7.8709455692457375,
        "xpert": [
            [
                186.0,
                226.8
            ],
            [
                182.8,
                225.2
            ],
            [
                180.6,
                222.0
            ],
            [
                180.0,
                216.0
            ],
            [
                186.0,
                214.0
            ],
            [
                191.2,
                216.8
            ],
            [
                190.8,
                222.0
            ],
            [
                190.2,
                226.2
            ]
        ],
        "stack": 0
    },
    {
        "type": "Spine",
        "location": [
            187,
            196
        ],
        "radloc": [
            0,
            0
        ],
        "mean": [
            106.425,
            116.31666666666666,
            91.55,
            88.73333333333333,
            72.45,
            69.875,
            57.391666666666666,
            48.766666666666666
        ],
        "min": [
            30.0,
            22.0,
            21.0,
            23.0,
            15.0,
            17.0,
            9.0,
            12.0
        ],
        "max": [
            221.0,
            228.0,
            200.0,
            192.0,
            179.0,
            158.0,
            126.0,
            118.0
        ],
        "RawIntDen": [
            12771.0,
            13958.0,
            10986.0,
            10648.0,
            8694.0,
            8385.0,
            6887.0,
            5852.0
        ],
        "IntDen": [
            6884.516319176242,
            7524.3973677129425,
            5922.268912573032,
            5740.061840622397,
            4686.710898043869,
            4520.136977236926,
            3712.6038595385467,
            3154.6620859618956
        ],
        "FlagUp": 0,
        "Times": [
            -15,
            -10,
            -5,
            2,
            10,
            20,
            30,
            40
        ],
        "width": 0,
        "height": 0,
        "area": 0.539074177368745,
        "distance": 7.936835569245737,
        "xpert": [
            [
                187.0,
                200.2
            ],
            [
                183.8,
                199.2
            ],
            [
                182.0,
                196.0
            ],
            [
                181.4,
                190.4
            ],
            [
                187.0,
                186.8
            ],
            [
                192.2,
                190.8
            ],
            [
                194.6,
                196.0
            ],
            [
                190.8,
                199.8
            ]
        ],
        "stack": 0
    },
    {
        "type": "Spine",
        "location": [
            215,
            189
        ],
        "radloc": [
            0,
            0
        ],
        "mean": [
            113.096,
            107.136,
            119.856,
            108.264,
            109.472,
            89.128,
            68.8,
            84.016
        ],
        "min": [
            34.0,
            22.0,
            31.0,
            27.0,
            31.0,
            16.0,
            15.0,
            16.0
        ],
        "max": [
            184.0,
            200.0,
            212.0,
            204.0,
            237.0,
            204.0,
            152.0,
            192.0
        ],
        "RawIntDen": [
            14137.0,
            13392.0,
            14982.0,
            13533.0,
            13684.0,
            11141.0,
            8600.0,
            10502.0
        ],
        "IntDen": [
            8092.206470460348,
            7665.758580491262,
            8575.895687942062,
            7746.46885228407,
            7832.903256828139,
            6377.2562981819865,
            4922.754166086086,
            6011.4842153762875
        ],
        "FlagUp": 0,
        "Times": [
            -15,
            -10,
            -5,
            2,
            10,
            20,
            30,
            40
        ],
        "width": 0,
        "height": 0,
        "area": 0.572413275126289,
        "distance": 10.154485695744789,
        "xpert": [
            [
                215.0,
                193.8
            ],
            [
                210.8,
                193.2
            ],
            [
                209.8,
                189.0
            ],
            [
                208.6,
                182.6
            ],
            [
                215.0,
                182.0
            ],
            [
                220.2,
                183.8
            ],
            [
                223.4,
                189.0
            ],
            [
                219.0,
                193.0
            ]
        ],
        "stack": 0
    },
    {
        "type": "Spine",
        "location": [
            271,
            214
        ],
        "radloc": [
            0,
            0
        ],
        "mean": [
            100.32075471698113,
            71.90566037735849,
            78.88679245283019,
            85.82075471698113,
            75.20754716981132,
            88.41509433962264,
            57.04716981132076,
            48.820754716981135
        ],
        "min": [
            38.0,
            6.0,
            6.0,
            13.0,
            11.0,
            17.0,
            11.0,
            7.0
        ],
        "max": [
            208.0,
            157.0,
            195.0,
            181.0,
            161.0,
            179.0,
            116.0,
            119.0
        ],
        "RawIntDen": [
            10634.0,
            7622.0,
            8362.0,
            9097.0,
            7972.0,
            9372.0,
            6047.0,
            5175.0
        ],
        "IntDen": [
            5090.055284450727,
            3648.3356571453305,
            4002.543002499246,
            4354.357054979148,
            3815.8661583262365,
            4485.98816304986,
            2894.4484018312532,
            2477.058124603396
        ],
        "FlagUp": 0,
        "Times": [
            -15,
            -10,
            -5,
            2,
            10,
            20,
            30,
            40
        ],
        "width": 0,
        "height": 0,
        "area": 0.4786585748025886,
        "distance": 13.608058227369561,
        "xpert": [
            [
                271.0,
                218.6
            ],
            [
                267.8,
                217.2
            ],
            [
                265.6,
                214.0
            ],
            [
                264.8,
                207.8
            ],
            [
                271.0,
                204.8
            ],
            [
                275.0,
                210.0
            ],
            [
                276.2,
                214.0
            ],
            [
                274.2,
                217.2
            ]
        ],
        "stack": 0
    },
    {
        "type": "Spine",
        "location": [
            319,
            220
        ],
        "radloc": [
            0,
            0
        ],
        "mean": [
            87.98064516129033,
            71.44516129032257,
            76.21290322580646,
            71.3225806451613,
            107.6774193548387,
            68.43870967741935,
            74.78709677419354,
            54.66451612903226
        ],
        "min": [
            12.0,
            11.0,
            15.0,
            16.0,
            21.0,
            13.0,
            11.0,
            8.0
        ],
        "max": [
            195.0,
            207.0,
            169.0,
            167.0,
            222.0,
            139.0,
            177.0,
            143.0
        ],
        "RawIntDen": [
            13637.0,
            11074.0,
            11813.0,
            11055.0,
            16690.0,
            10608.0,
            11592.0,
            8473.0
        ],
        "IntDen": [
            9487.266342009878,
            7704.186219213711,
            8218.308814120604,
            7690.967911631532,
            11611.239660346473,
            7379.989833250772,
            8064.55902592788,
            5894.669481253186
        ],
        "FlagUp": 0,
        "Times": [
            -15,
            -10,
            -5,
            2,
            10,
            20,
            30,
            40
        ],
        "width": 0,
        "height": 0,
        "area": 0.6957003990621015,
        "distance": 16.538370005624447,
        "xpert": [
            [
                319.0,
                227.6
            ],
            [
                315.0,
                224.0
            ],
            [
                313.6,
                220.0
            ],
            [
                312.8,
                213.8
            ],
            [
                319.0,
                210.2
            ],
            [
                324.2,
                214.8
            ],
            [
                326.0,
                220.0
            ],
            [
                324.4,
                225.4
            ]
        ],
        "stack": 0
    },
    {
        "type": "Spine",
        "location": [
            327,
            237
        ],
        "radloc": [
            0,
            0
        ],
        "mean": [
            53.23245614035088,
            56.078947368421055,
            66.85087719298245,
            72.28947368421052,
            64.20175438596492,
            86.28947368421052,
            69.64035087719299,
            72.8859649122807
        ],
        "min": [
            6.0,
            5.0,
            6.0,
            6.0,
            6.0,
            13.0,
            9.0,
            10.0
        ],
        "max": [
            145.0,
            169.0,
            171.0,
            207.0,
            162.0,
            205.0,
            163.0,
            203.0
        ],
        "RawIntDen": [
            12137.0,
            12786.0,
            15242.0,
            16482.0,
            14638.0,
            19674.0,
            15878.0,
            16618.0
        ],
        "IntDen": [
            15083.333365325037,
            15889.882212164945,
            18942.09171576866,
            20483.109543321025,
            18191.466902993154,
            24449.98769295582,
            19732.48473054552,
            20652.124401826768
        ],
        "FlagUp": 0,
        "Times": [
            -15,
            -10,
            -5,
            2,
            10,
            20,
            30,
            40
        ],
        "width": 0,
        "height": 0,
        "area": 1.2427563125422294,
        "distance": 17.434360885493387,
        "xpert": [
            [
                327.0,
                255.6
            ],
            [
                320.8,
                243.2
            ],
            [
                319.4,
                237.0
            ],
            [
                320.6,
                230.6
            ],
            [
                327.0,
                226.8
            ],
            [
                333.4,
                230.6
            ],
            [
                332.4,
                237.0
            ],
            [
                331.0,
                241.0
            ]
        ],
        "stack": 0
    },
    {
        "type": "Spine",
        "location": [
            326,
            179
        ],
        "radloc": [
            0,
            0
        ],
        "mean": [
            104.54819277108433,
            92.10843373493977,
            99.48192771084338,
            108.90361445783132,
            86.6867469879518,
            93.3433734939759,
            115.21686746987952,
            103.45180722891567
        ],
        "min": [
            9.0,
            9.0,
            9.0,
            19.0,
            16.0,
            17.0,
            32.0,
            13.0
        ],
        "max": [
            242.0,
            255.0,
            254.0,
            255.0,
            190.0,
            200.0,
            227.0,
            229.0
        ],
        "RawIntDen": [
            17355.0,
            15290.0,
            16514.0,
            18078.0,
            14390.0,
            15495.0,
            19126.0,
            17173.0
        ],
        "IntDen": [
            12741.987656057976,
            11225.871003234022,
            12124.52804103379,
            13272.812033777936,
            10565.093769557723,
            11376.381373126957,
            14042.250412547673,
            12608.363815470102
        ],
        "FlagUp": 0,
        "Times": [
            -15,
            -10,
            -5,
            2,
            10,
            20,
            30,
            40
        ],
        "width": 0,
        "height": 0,
        "area": 0.7341969263069995,
        "distance": 17.938871011992436,
        "xpert": [
            [
                326.0,
                184.2
            ],
            [
                321.0,
                184.0
            ],
            [
                319.4,
                179.0
            ],
            [
                319.6,
                172.6
            ],
            [
                326.0,
                170.4
            ],
            [
                332.4,
                172.6
            ],
            [
                335.2,
                179.0
            ],
            [
                330.2,
                183.2
            ]
        ],
        "stack": 0
    },
    {
        "type": "Spine",
        "location": [
            390,
            196
        ],
        "radloc": [
            0,
            0
        ],
        "mean": [
            74.67088607594937,
            110.48101265822785,
            97.86075949367088,
            103.5379746835443,
            135.99367088607596,
            110.5,
            105.5886075949367,
            104.15189873417721
        ],
        "min": [
            8.0,
            14.0,
            9.0,
            15.0,
            31.0,
            28.0,
            16.0,
            22.0
        ],
        "max": [
            247.0,
            255.0,
            216.0,
            202.0,
            255.0,
            241.0,
            234.0,
            225.0
        ],
        "RawIntDen": [
            11798.0,
            17456.0,
            15462.0,
            16359.0,
            21487.0,
            17459.0,
            16683.0,
            16456.0
        ],
        "IntDen": [
            8210.770801139066,
            12148.433217891468,
            10760.716911952215,
            11384.980465827597,
            14953.791507380498,
            12150.521055864296,
            11610.466966892951,
            11452.487226949013
        ],
        "FlagUp": 0,
        "Times": [
            -15,
            -10,
            -5,
            2,
            10,
            20,
            30,
            40
        ],
        "width": 0,
        "height": 0,
        "area": 0.6959459909424535,
        "distance": 21.77647860686673,
        "xpert": [
            [
                390.0,
                201.8
            ],
            [
                385.8,
                200.2
            ],
            [
                383.0,
                196.0
            ],
            [
                382.2,
                188.2
            ],
            [
                390.0,
                187.2
            ],
            [
                395.2,
                190.8
            ],
            [
                396.6,
                196.0
            ],
            [
                394.4,
                200.4
            ]
        ],
        "stack": 0
    },
    {
        "type": "Spine",
        "location": [
            401,
            192
        ],
        "radloc": [
            0,
            0
        ],
        "mean": [
            114.1526717557252,
            119.82442748091603,
            123.43511450381679,
            111.9618320610687,
            127.25954198473282,
            111.09923664122137,
            97.6793893129771,
            92.06870229007633
        ],
        "min": [
            12.0,
            25.0,
            14.0,
            20.0,
            32.0,
            20.0,
            17.0,
            21.0
        ],
        "max": [
            249.0,
            240.0,
            248.0,
            220.0,
            248.0,
            232.0,
            221.0,
            207.0
        ],
        "RawIntDen": [
            14954.0,
            15697.0,
            16170.0,
            14667.0,
            16671.0,
            14554.0,
            12796.0,
            12061.0
        ],
        "IntDen": [
            9083.210905711443,
            9534.516623442056,
            9821.821609292097,
            8908.884201823574,
            10126.13407844827,
            8840.246858480963,
            7772.419870903011,
            7325.973434117006
        ],
        "FlagUp": 0,
        "Times": [
            -15,
            -10,
            -5,
            2,
            10,
            20,
            30,
            40
        ],
        "width": 0,
        "height": 0,
        "area": 0.6074101180761965,
        "distance": 22.50126860686673,
        "xpert": [
            [
                401.0,
                197.0
            ],
            [
                396.6,
                196.4
            ],
            [
                394.4,
                192.0
            ],
            [
                394.8,
                185.8
            ],
            [
                401.0,
                185.2
            ],
            [
                408.0,
                185.0
            ],
            [
                407.2,
                192.0
            ],
            [
                404.8,
                195.8
            ]
        ],
        "stack": 0
    },
    {
        "type": "Spine",
        "location": [
            450,
            176
        ],
        "radloc": [
            0,
            0
        ],
        "mean": [
            85.21969696969697,
            66.54545454545455,
            68.00757575757575,
            57.64393939393939,
            59.40151515151515,
            83.59848484848484,
            92.82575757575758,
            81.49242424242425
        ],
        "min": [
            19.0,
            18.0,
            16.0,
            15.0,
            12.0,
            16.0,
            12.0,
            14.0
        ],
        "max": [
            199.0,
            137.0,
            174.0,
            131.0,
            132.0,
            175.0,
            206.0,
            173.0
        ],
        "RawIntDen": [
            11249.0,
            8784.0,
            8977.0,
            7609.0,
            7841.0,
            11035.0,
            12253.0,
            10757.0
        ],
        "IntDen": [
            6833.447084004636,
            5336.029796950549,
            5453.271799547481,
            4622.250765596166,
            4763.184157318904,
            6703.448179570732,
            7443.348486115105,
            6534.5710981098655
        ],
        "FlagUp": 0,
        "Times": [
            -15,
            -10,
            -5,
            2,
            10,
            20,
            30,
            40
        ],
        "width": 0,
        "height": 0,
        "area": 0.6074715160462829,
        "distance": 25.925158336366813,
        "xpert": [
            [
                450.0,
                180.2
            ],
            [
                444.8,
                181.2
            ],
            [
                444.6,
                176.0
            ],
            [
                444.0,
                170.0
            ],
            [
                450.0,
                168.0
            ],
            [
                455.4,
                170.6
            ],
            [
                458.8,
                176.0
            ],
            [
                453.4,
                179.4
            ]
        ],
        "stack": 0
    },
    {
        "type": "Spine",
        "location": [
            481,
            194
        ],
        "radloc": [
            0,
            0
        ],
        "mean": [
            57.33986928104575,
            74.99346405228758,
            79.90196078431373,
            63.11764705882353,
            60.45751633986928,
            58.21568627450981,
            76.42483660130719,
            71.70588235294117
        ],
        "min": [
            8.0,
            13.0,
            12.0,
            7.0,
            15.0,
            12.0,
            15.0,
            15.0
        ],
        "max": [
            125.0,
            160.0,
            227.0,
            177.0,
            139.0,
            102.0,
            146.0,
            166.0
        ],
        "RawIntDen": [
            8773.0,
            11474.0,
            12225.0,
            9657.0,
            9250.0,
            8907.0,
            11693.0,
            10971.0
        ],
        "IntDen": [
            6182.560326533809,
            8086.024984229901,
            8615.274135629295,
            6805.538022721646,
            6518.714581151001,
            6276.993597222915,
            8240.35995647553,
            7731.54785619542
        ],
        "FlagUp": 0,
        "Times": [
            -15,
            -10,
            -5,
            2,
            10,
            20,
            30,
            40
        ],
        "width": 0,
        "height": 0,
        "area": 0.7047259006649731,
        "distance": 27.315921264990557,
        "xpert": [
            [
                481.0,
                200.2
            ],
            [
                476.0,
                199.0
            ],
            [
                473.0,
                194.0
            ],
            [
                473.8,
                186.8
            ],
            [
                481.0,
                182.6
            ],
            [
                485.0,
                190.0
            ],
            [
                485.8,
                194.0
            ],
            [
                484.0,
                197.0
            ]
        ],
        "stack": 0
    }
]