[
    {
        "type": "Stim",
        "location": [
            299,
            330
        ],
        "radloc": [
            0,
            0
        ],
        "mean": [
            28.700854700854702,
            29.45299145299145,
            33.863247863247864,
            34.623931623931625,
            23.45299145299145,
            27.213675213675213,
            26.333333333333332,
            25.82051282051282
        ],
        "min": [
            6.0,
            5.0,
            8.0,
            5.0,
            4.0,
            6.0,
            6.0,
            6.0
        ],
        "max": [
            87.0,
            85.0,
            85.0,
            81.0,
            63.0,
            71.0,
            68.0,
            56.0
        ],
        "RawIntDen": [
            3358.0,
            3446.0,
            3962.0,
            4051.0,
            2744.0,
            3184.0,
            3081.0,
            3021.0
        ],
        "IntDen": [
            14.694770807324153,
            15.079863073865106,
            17.337904091309795,
            17.72737240633417,
            12.007877038504308,
            13.933338371209082,
            13.482605377416828,
            13.220042468411632
        ],
        "FlagUp": 0,
        "Times": [
            -15,
            -10,
            -5,
            2,
            10,
            20,
            30,
            40
        ],
        "width": 0,
        "height": 0,
        "area": 0.5119976725601327,
        "distance": 0,
        "xpert": [
            [
                299.0,
                337.4
            ],
            [
                294.2,
                334.8
            ],
            [
                292.4,
                330.0
            ],
            [
                294.0,
                325.0
            ],
            [
                299.0,
                324.6
            ],
            [
                303.4,
                325.6
            ],
            [
                305.0,
                330.0
            ],
            [
                303.2,
                334.2
            ]
        ],
        "stack": 0
    },
    {
        "type": "Spine",
        "location": [
            16,
            429
        ],
        "radloc": [
            0,
            0
        ],
        "mean": [
            26.723880597014926,
            29.44776119402985,
            32.723880597014926,
            21.91044776119403,
            28.432835820895523,
            23.865671641791046,
            19.582089552238806,
            21.104477611940297
        ],
        "min": [
            4.0,
            5.0,
            5.0,
            6.0,
            5.0,
            5.0,
            5.0,
            5.0
        ],
        "max": [
            91.0,
            70.0,
            82.0,
            55.0,
            71.0,
            70.0,
            46.0,
            48.0
        ],
        "RawIntDen": [
            3581.0,
            3946.0,
            4385.0,
            2936.0,
            3810.0,
            3198.0,
            2624.0,
            2828.0
        ],
        "IntDen": [
            15.594087372516142,
            17.183543359940995,
            19.095245218788964,
            12.785322682409213,
            16.591307704352555,
            13.926247254204586,
            11.426664413706327,
            12.315017897088982
        ],
        "FlagUp": 0,
        "Times": [
            -15,
            -10,
            -5,
            2,
            10,
            20,
            30,
            40
        ],
        "width": 0,
        "height": 0,
        "area": 0.5835263077121371,
        "distance": 22.080242909478258,
        "xpert": [
            [
                16.0,
                434.8
            ],
            [
                10.8,
                434.2
            ],
            [
                9.2,
                429.0
            ],
            [
                11.2,
                424.2
            ],
            [
                16.0,
                422.4
            ],
            [
                22.2,
                422.8
            ],
            [
                22.4,
                429.0
            ],
            [
                20.4,
                433.4
            ]
        ],
        "stack": 0
    },
    {
        "type": "Spine",
        "location": [
            27,
            389
        ],
        "radloc": [
            0,
            0
        ],
        "mean": [
            27.40119760479042,
            22.856287425149702,
            23.419161676646706,
            20.562874251497007,
            25.730538922155688,
            28.862275449101798,
            24.32934131736527,
            25.08383233532934
        ],
        "min": [
            9.0,
            6.0,
            5.0,
            7.0,
            5.0,
            8.0,
            6.0,
            6.0
        ],
        "max": [
            59.0,
            62.0,
            66.0,
            72.0,
            60.0,
            66.0,
            63.0,
            74.0
        ],
        "RawIntDen": [
            4576.0,
            3817.0,
            3911.0,
            3434.0,
            4297.0,
            4820.0,
            4063.0,
            4189.0
        ],
        "IntDen": [
            21.08355997942573,
            17.586527194376753,
            18.019624798849218,
            15.82188482721765,
            19.79808942998085,
            22.20777078252448,
            18.719952840123852,
            19.300487926969925
        ],
        "FlagUp": 0,
        "Times": [
            -15,
            -10,
            -5,
            2,
            10,
            20,
            30,
            40
        ],
        "width": 0,
        "height": 0,
        "area": 0.769439361137259,
        "distance": 19.94094888400579,
        "xpert": [
            [
                27.0,
                396.6
            ],
            [
                19.0,
                397.0
            ],
            [
                20.2,
                389.0
            ],
            [
                22.2,
                384.2
            ],
            [
                27.0,
                383.0
            ],
            [
                31.2,
                384.8
            ],
            [
                36.2,
                389.0
            ],
            [
                32.8,
                394.8
            ]
        ],
        "stack": 0
    },
    {
        "type": "Spine",
        "location": [
            38,
            411
        ],
        "radloc": [
            0,
            0
        ],
        "mean": [
            26.811023622047244,
            26.409448818897637,
            24.20472440944882,
            26.125984251968504,
            23.244094488188978,
            19.787401574803148,
            19.68503937007874,
            21.519685039370078
        ],
        "min": [
            10.0,
            7.0,
            9.0,
            6.0,
            5.0,
            6.0,
            4.0,
            6.0
        ],
        "max": [
            65.0,
            59.0,
            51.0,
            52.0,
            59.0,
            45.0,
            42.0,
            54.0
        ],
        "RawIntDen": [
            3405.0,
            3354.0,
            3074.0,
            3318.0,
            2952.0,
            2513.0,
            2500.0,
            2733.0
        ],
        "IntDen": [
            15.620245483760682,
            15.386285859774839,
            14.101801649656487,
            15.22113788990248,
            13.54213352953349,
            11.528245785812215,
            11.468609018913863,
            12.537483379476635
        ],
        "FlagUp": 0,
        "Times": [
            -15,
            -10,
            -5,
            2,
            10,
            20,
            30,
            40
        ],
        "width": 0,
        "height": 0,
        "area": 0.5826053381608243,
        "distance": 19.489862656480145,
        "xpert": [
            [
                38.0,
                417.6
            ],
            [
                32.0,
                417.0
            ],
            [
                31.2,
                411.0
            ],
            [
                32.8,
                405.8
            ],
            [
                38.0,
                405.2
            ],
            [
                44.0,
                405.0
            ],
            [
                43.4,
                411.0
            ],
            [
                41.8,
                414.8
            ]
        ],
        "stack": 0
    },
    {
        "type": "Spine",
        "location": [
            57,
            412
        ],
        "radloc": [
            0,
            0
        ],
        "mean": [
            21.984126984126984,
            24.015873015873016,
            28.58730158730159,
            23.58730158730159,
            22.174603174603174,
            25.19047619047619,
            19.349206349206348,
            17.253968253968253
        ],
        "min": [
            6.0,
            10.0,
            7.0,
            9.0,
            10.0,
            8.0,
            4.0,
            6.0
        ],
        "max": [
            46.0,
            45.0,
            59.0,
            94.0,
            41.0,
            60.0,
            52.0,
            44.0
        ],
        "RawIntDen": [
            1385.0,
            1513.0,
            1801.0,
            1486.0,
            1397.0,
            1587.0,
            1219.0,
            1087.0
        ],
        "IntDen": [
            6.0510671962695906,
            6.61029939924613,
            7.868571855943345,
            6.492336356430767,
            6.103495215298641,
            6.933605516591942,
            5.32581293303439,
            4.749104723714834
        ],
        "FlagUp": 0,
        "Times": [
            -15,
            -10,
            -5,
            2,
            10,
            20,
            30,
            40
        ],
        "width": 0,
        "height": 0,
        "area": 0.27524709990251567,
        "distance": 19.020638859043,
        "xpert": [
            [
                57.0,
                416.6
            ],
            [
                53.8,
                415.2
            ],
            [
                51.2,
                412.0
            ],
            [
                53.6,
                408.6
            ],
            [
                57.0,
                407.6
            ],
            [
                60.0,
                409.0
            ],
            [
                61.2,
                412.0
            ],
            [
                60.6,
                415.6
            ]
        ],
        "stack": 0
    },
    {
        "type": "Spine",
        "location": [
            70,
            398
        ],
        "radloc": [
            0,
            0
        ],
        "mean": [
            22.805084745762713,
            20.194915254237287,
            25.23728813559322,
            20.8135593220339,
            20.04237288135593,
            21.923728813559322,
            20.076271186440678,
            20.110169491525422
        ],
        "min": [
            7.0,
            5.0,
            8.0,
            7.0,
            6.0,
            7.0,
            5.0,
            4.0
        ],
        "max": [
            56.0,
            46.0,
            59.0,
            55.0,
            47.0,
            65.0,
            51.0,
            46.0
        ],
        "RawIntDen": [
            2691.0,
            2383.0,
            2978.0,
            2456.0,
            2365.0,
            2587.0,
            2369.0,
            2373.0
        ],
        "IntDen": [
            11.830170762584197,
            10.47614155601566,
            13.091879795977608,
            10.797064062767294,
            10.397009979008407,
            11.372966095431185,
            10.414594773898909,
            10.432179568789408
        ],
        "FlagUp": 0,
        "Times": [
            -15,
            -10,
            -5,
            2,
            10,
            20,
            30,
            40
        ],
        "width": 0,
        "height": 0,
        "area": 0.5187514492697641,
        "distance": 17.31743227698298,
        "xpert": [
            [
                70.0,
                403.2
            ],
            [
                64.6,
                403.4
            ],
            [
                60.6,
                398.0
            ],
            [
                65.0,
                393.0
            ],
            [
                70.0,
                392.8
            ],
            [
                74.2,
                393.8
            ],
            [
                74.8,
                398.0
            ],
            [
                73.8,
                401.8
            ]
        ],
        "stack": 0
    },
    {
        "type": "Spine",
        "location": [
            21,
            412
        ],
        "radloc": [
            0,
            0
        ],
        "mean": [
            40.234042553191486,
            40.86524822695036,
            40.333333333333336,
            41.1063829787234,
            40.340425531914896,
            36.5886524822695,
            38.53191489361702,
            43.59574468085106
        ],
        "min": [
            7.0,
            6.0,
            7.0,
            5.0,
            7.0,
            6.0,
            8.0,
            4.0
        ],
        "max": [
            104.0,
            100.0,
            117.0,
            110.0,
            95.0,
            95.0,
            111.0,
            122.0
        ],
        "RawIntDen": [
            5673.0,
            5762.0,
            5687.0,
            5796.0,
            5688.0,
            5159.0,
            5433.0,
            6147.0
        ],
        "IntDen": [
            25.11789388674187,
            25.51195215501616,
            25.179880580627717,
            25.66249126873892,
            25.18430820161956,
            22.842096696933073,
            24.055264848698855,
            27.216586236876836
        ],
        "FlagUp": 0,
        "Times": [
            -15,
            -10,
            -5,
            2,
            10,
            20,
            30,
            40
        ],
        "width": 0,
        "height": 0,
        "area": 0.6242945598502739,
        "distance": 20.90552784622873,
        "xpert": [
            [
                21.0,
                417.4
            ],
            [
                17.2,
                415.8
            ],
            [
                14.0,
                412.0
            ],
            [
                14.0,
                405.0
            ],
            [
                21.0,
                402.8
            ],
            [
                27.0,
                406.0
            ],
            [
                26.2,
                412.0
            ],
            [
                24.0,
                415.0
            ]
        ],
        "stack": 0
    },
    {
        "type": "Spine",
        "location": [
            95,
            389
        ],
        "radloc": [
            0,
            0
        ],
        "mean": [
            19.54901960784314,
            21.784313725490197,
            19.362745098039216,
            16.127450980392158,
            20.0,
            20.558823529411764,
            23.529411764705884,
            18.50980392156863
        ],
        "min": [
            5.0,
            4.0,
            8.0,
            5.0,
            7.0,
            5.0,
            7.0,
            5.0
        ],
        "max": [
            51.0,
            49.0,
            33.0,
            35.0,
            42.0,
            51.0,
            47.0,
            42.0
        ],
        "RawIntDen": [
            1994.0,
            2222.0,
            1975.0,
            1645.0,
            2040.0,
            2097.0,
            2400.0,
            1888.0
        ],
        "IntDen": [
            8.667150544632104,
            9.65817879146065,
            8.58456485739639,
            7.1501818685656024,
            8.86709484004488,
            9.114851901752017,
            10.431876282405742,
            8.206409342159183
        ],
        "FlagUp": 0,
        "Times": [
            -15,
            -10,
            -5,
            2,
            10,
            20,
            30,
            40
        ],
        "width": 0,
        "height": 0,
        "area": 0.443354742002244,
        "distance": 15.501744429110579,
        "xpert": [
            [
                95.0,
                395.4
            ],
            [
                90.6,
                393.4
            ],
            [
                88.0,
                389.0
            ],
            [
                89.8,
                383.8
            ],
            [
                95.0,
                383.6
            ],
            [
                98.2,
                385.8
            ],
            [
                99.6,
                389.0
            ],
            [
                99.2,
                393.2
            ]
        ],
        "stack": 0
    },
    {
        "type": "Spine",
        "location": [
            90,
            353
        ],
        "radloc": [
            0,
            0
        ],
        "mean": [
            21.613861386138613,
            24.861386138613863,
            27.95049504950495,
            23.603960396039604,
            24.168316831683168,
            24.277227722772277,
            27.792079207920793,
            21.564356435643564
        ],
        "min": [
            6.0,
            5.0,
            8.0,
            8.0,
            7.0,
            7.0,
            10.0,
            5.0
        ],
        "max": [
            54.0,
            58.0,
            61.0,
            56.0,
            51.0,
            52.0,
            68.0,
            58.0
        ],
        "RawIntDen": [
            2183.0,
            2511.0,
            2823.0,
            2384.0,
            2441.0,
            2452.0,
            2807.0,
            2178.0
        ],
        "IntDen": [
            10.10546454117971,
            11.623830262438046,
            13.068129363147195,
            11.035926461828874,
            11.299788797535353,
            11.350709599162919,
            12.994062742598008,
            10.08231872225809
        ],
        "FlagUp": 0,
        "Times": [
            -15,
            -10,
            -5,
            2,
            10,
            20,
            30,
            40
        ],
        "width": 0,
        "height": 0,
        "area": 0.4675455422167434,
        "distance": 14.633535578601741,
        "xpert": [
            [
                90.0,
                359.2
            ],
            [
                86.2,
                356.8
            ],
            [
                84.0,
                353.0
            ],
            [
                84.2,
                347.2
            ],
            [
                90.0,
                347.2
            ],
            [
                93.8,
                349.2
            ],
            [
                95.4,
                353.0
            ],
            [
                94.6,
                357.6
            ]
        ],
        "stack": 0
    },
    {
        "type": "Spine",
        "location": [
            167,
            373
        ],
        "radloc": [
            0,
            0
        ],
        "mean": [
            23.176470588235293,
            16.95798319327731,
            18.89075630252101,
            16.428571428571427,
            15.857142857142858,
            16.218487394957982,
            17.369747899159663,
            19.73949579831933
        ],
        "min": [
            6.0,
            6.0,
            7.0,
            6.0,
            4.0,
            3.0,
            4.0,
            4.0
        ],
        "max": [
            60.0,
            44.0,
            54.0,
            42.0,
            40.0,
            40.0,
            46.0,
            51.0
        ],
        "RawIntDen": [
            2758.0,
            2018.0,
            2248.0,
            1955.0,
            1887.0,
            1930.0,
            2067.0,
            2349.0
        ],
        "IntDen": [
            12.537949452349155,
            9.17388759783923,
            10.21947439045718,
            8.887487737252574,
            8.578357729000311,
            8.773836998924535,
            9.396643044962184,
            10.678623373302454
        ],
        "FlagUp": 0,
        "Times": [
            -15,
            -10,
            -5,
            2,
            10,
            20,
            30,
            40
        ],
        "width": 0,
        "height": 0,
        "area": 0.540977514441461,
        "distance": 10.553940252176252,
        "xpert": [
            [
                167.0,
                378.6
            ],
            [
                162.6,
                377.4
            ],
            [
                158.4,
                373.0
            ],
            [
                162.0,
                368.0
            ],
            [
                167.0,
                364.2
            ],
            [
                170.6,
                369.4
            ],
            [
                171.8,
                373.0
            ],
            [
                171.0,
                377.0
            ]
        ],
        "stack": 0
    },
    {
        "type": "Spine",
        "location": [
            184,
            333
        ],
        "radloc": [
            0,
            0
        ],
        "mean": [
            73.52054794520548,
            35.86986301369863,
            32.12328767123287,
            30.232876712328768,
            32.43150684931507,
            65.31506849315069,
            42.417808219178085,
            37.18493150684932
        ],
        "min": [
            18.0,
            7.0,
            5.0,
            5.0,
            6.0,
            24.0,
            7.0,
            7.0
        ],
        "max": [
            144.0,
            102.0,
            97.0,
            87.0,
            91.0,
            138.0,
            101.0,
            104.0
        ],
        "RawIntDen": [
            10734.0,
            5237.0,
            4690.0,
            4414.0,
            4735.0,
            9536.0,
            6193.0,
            5429.0
        ],
        "IntDen": [
            47.56866270872028,
            23.208224949279682,
            20.78414646021037,
            19.561028246347245,
            20.98356790812284,
            42.259620606517295,
            27.444822820486745,
            24.059089793706207
        ],
        "FlagUp": 0,
        "Times": [
            -15,
            -10,
            -5,
            2,
            10,
            20,
            30,
            40
        ],
        "width": 0,
        "height": 0,
        "area": 0.6470118087826683,
        "distance": 8.614466201740997,
        "xpert": [
            [
                184.0,
                343.4
            ],
            [
                178.6,
                338.4
            ],
            [
                178.4,
                333.0
            ],
            [
                178.6,
                327.6
            ],
            [
                184.0,
                327.8
            ],
            [
                187.2,
                329.8
            ],
            [
                190.4,
                333.0
            ],
            [
                190.2,
                339.2
            ]
        ],
        "stack": 0
    },
    {
        "type": "Spine",
        "location": [
            158,
            338
        ],
        "radloc": [
            0,
            0
        ],
        "mean": [
            16.21590909090909,
            12.477272727272727,
            13.806818181818182,
            17.75,
            15.011363636363637,
            25.03409090909091,
            17.46590909090909,
            16.522727272727273
        ],
        "min": [
            4.0,
            2.0,
            5.0,
            6.0,
            5.0,
            10.0,
            5.0,
            5.0
        ],
        "max": [
            56.0,
            32.0,
            33.0,
            39.0,
            57.0,
            54.0,
            34.0,
            55.0
        ],
        "RawIntDen": [
            1427.0,
            1098.0,
            1215.0,
            1562.0,
            1321.0,
            2203.0,
            1537.0,
            1454.0
        ],
        "IntDen": [
            6.867813671209977,
            5.2844144435799265,
            5.847507785928608,
            7.517536758535379,
            6.357660728569293,
            10.60251823242858,
            7.397217668289934,
            6.997758288675058
        ],
        "FlagUp": 0,
        "Times": [
            -15,
            -10,
            -5,
            2,
            10,
            20,
            30,
            40
        ],
        "width": 0,
        "height": 0,
        "area": 0.423523197663965,
        "distance": 10.464068859864817,
        "xpert": [
            [
                158.0,
                346.2
            ],
            [
                154.8,
                341.2
            ],
            [
                152.8,
                338.0
            ],
            [
                155.0,
                335.0
            ],
            [
                158.0,
                333.4
            ],
            [
                160.6,
                335.4
            ],
            [
                162.0,
                338.0
            ],
            [
                164.8,
                344.8
            ]
        ],
        "stack": 0
    },
    {
        "type": "Spine",
        "location": [
            173,
            346
        ],
        "radloc": [
            0,
            0
        ],
        "mean": [
            66.00531914893617,
            60.71808510638298,
            59.691489361702125,
            57.5,
            58.962765957446805,
            81.1436170212766,
            67.88829787234043,
            61.452127659574465
        ],
        "min": [
            15.0,
            14.0,
            18.0,
            18.0,
            13.0,
            25.0,
            14.0,
            13.0
        ],
        "max": [
            150.0,
            111.0,
            113.0,
            106.0,
            128.0,
            187.0,
            137.0,
            120.0
        ],
        "RawIntDen": [
            12409.0,
            11415.0,
            11222.0,
            10810.0,
            11085.0,
            15255.0,
            12763.0,
            11553.0
        ],
        "IntDen": [
            55.41920395167794,
            50.97995109262662,
            50.118003605909415,
            48.277991354471645,
            49.506154871814815,
            68.12957984389129,
            57.00018535218516,
            51.5962658758752
        ],
        "FlagUp": 0,
        "Times": [
            -15,
            -10,
            -5,
            2,
            10,
            20,
            30,
            40
        ],
        "width": 0,
        "height": 0,
        "area": 0.8396172409473329,
        "distance": 9.475718859864818,
        "xpert": [
            [
                173.0,
                353.4
            ],
            [
                165.6,
                353.4
            ],
            [
                164.6,
                346.0
            ],
            [
                168.6,
                341.6
            ],
            [
                173.0,
                340.6
            ],
            [
                178.4,
                340.6
            ],
            [
                183.2,
                346.0
            ],
            [
                179.4,
                352.4
            ]
        ],
        "stack": 0
    },
    {
        "type": "Spine",
        "location": [
            206,
            317
        ],
        "radloc": [
            0,
            0
        ],
        "mean": [
            25.487179487179485,
            23.64957264957265,
            25.700854700854702,
            27.435897435897434,
            27.871794871794872,
            30.153846153846153,
            27.94871794871795,
            27.256410256410255
        ],
        "min": [
            6.0,
            6.0,
            7.0,
            7.0,
            7.0,
            9.0,
            8.0,
            7.0
        ],
        "max": [
            64.0,
            58.0,
            53.0,
            55.0,
            67.0,
            71.0,
            75.0,
            70.0
        ],
        "RawIntDen": [
            2982.0,
            2767.0,
            3007.0,
            3210.0,
            3261.0,
            3528.0,
            3270.0,
            3189.0
        ],
        "IntDen": [
            14.100963225851707,
            13.084294180392918,
            14.21918055671901,
            15.179105283361496,
            15.420268638330793,
            16.68282973199357,
            15.462826877443021,
            15.079802725432964
        ],
        "FlagUp": 0,
        "Times": [
            -15,
            -10,
            -5,
            2,
            10,
            20,
            30,
            40
        ],
        "width": 0,
        "height": 0,
        "area": 0.5532571084589705,
        "distance": 5.917090194426572,
        "xpert": [
            [
                206.0,
                322.2
            ],
            [
                200.8,
                322.2
            ],
            [
                198.4,
                317.0
            ],
            [
                201.6,
                312.6
            ],
            [
                206.0,
                312.2
            ],
            [
                209.4,
                313.6
            ],
            [
                213.4,
                317.0
            ],
            [
                212.4,
                323.4
            ]
        ],
        "stack": 0
    },
    {
        "type": "Spine",
        "location": [
            213,
            371
        ],
        "radloc": [
            0,
            0
        ],
        "mean": [
            26.51578947368421,
            19.842105263157894,
            24.905263157894737,
            22.357894736842105,
            17.63157894736842,
            21.736842105263158,
            26.33684210526316,
            23.83157894736842
        ],
        "min": [
            6.0,
            5.0,
            4.0,
            6.0,
            2.0,
            5.0,
            6.0,
            7.0
        ],
        "max": [
            60.0,
            52.0,
            64.0,
            59.0,
            41.0,
            54.0,
            74.0,
            72.0
        ],
        "RawIntDen": [
            2519.0,
            1885.0,
            2366.0,
            2124.0,
            1675.0,
            2065.0,
            2502.0,
            2264.0
        ],
        "IntDen": [
            11.301684635033169,
            8.457195528796158,
            10.615238525799317,
            9.529487163481718,
            7.515014594553616,
            9.264779186718338,
            11.225412845118298,
            10.15760778631008
        ],
        "FlagUp": 0,
        "Times": [
            -15,
            -10,
            -5,
            2,
            10,
            20,
            30,
            40
        ],
        "width": 0,
        "height": 0,
        "area": 0.426224708347817,
        "distance": 6.740085715112208,
        "xpert": [
            [
                213.0,
                377.0
            ],
            [
                207.8,
                376.2
            ],
            [
                207.0,
                371.0
            ],
            [
                208.8,
                366.8
            ],
            [
                213.0,
                365.4
            ],
            [
                217.0,
                367.0
            ],
            [
                218.2,
                371.0
            ],
            [
                216.6,
                374.6
            ]
        ],
        "stack": 0
    },
    {
        "type": "Spine",
        "location": [
            236,
            367
        ],
        "radloc": [
            0,
            0
        ],
        "mean": [
            27.608695652173914,
            23.217391304347824,
            19.62608695652174,
            19.973913043478262,
            25.930434782608696,
            25.182608695652174,
            17.252173913043478,
            12.295652173913043
        ],
        "min": [
            7.0,
            4.0,
            6.0,
            5.0,
            6.0,
            5.0,
            4.0,
            3.0
        ],
        "max": [
            66.0,
            61.0,
            58.0,
            49.0,
            68.0,
            68.0,
            52.0,
            27.0
        ],
        "RawIntDen": [
            3175.0,
            2670.0,
            2257.0,
            2297.0,
            2982.0,
            2896.0,
            1984.0,
            1414.0
        ],
        "IntDen": [
            13.879625117993024,
            11.67199970552484,
            9.86655555631819,
            10.041416975127552,
            13.035918772237856,
            12.659966721797732,
            8.673126372944301,
            6.181351154910908
        ],
        "FlagUp": 0,
        "Times": [
            -15,
            -10,
            -5,
            2,
            10,
            20,
            30,
            40
        ],
        "width": 0,
        "height": 0,
        "area": 0.5027265790769126,
        "distance": 5.860330758994316,
        "xpert": [
            [
                236.0,
                372.6
            ],
            [
                230.8,
                372.2
            ],
            [
                227.8,
                367.0
            ],
            [
                231.2,
                362.2
            ],
            [
                236.0,
                361.6
            ],
            [
                239.6,
                363.4
            ],
            [
                241.6,
                367.0
            ],
            [
                240.6,
                371.6
            ]
        ],
        "stack": 0
    },
    {
        "type": "Spine",
        "location": [
            203,
            358
        ],
        "radloc": [
            0,
            0
        ],
        "mean": [
            31.299212598425196,
            32.63779527559055,
            35.92125984251968,
            32.25196850393701,
            28.976377952755904,
            28.881889763779526,
            32.56692913385827,
            32.37007874015748
        ],
        "min": [
            7.0,
            10.0,
            11.0,
            8.0,
            7.0,
            6.0,
            9.0,
            9.0
        ],
        "max": [
            99.0,
            69.0,
            74.0,
            72.0,
            66.0,
            68.0,
            74.0,
            78.0
        ],
        "RawIntDen": [
            3975.0,
            4145.0,
            4562.0,
            4096.0,
            3680.0,
            3668.0,
            4136.0,
            4111.0
        ],
        "IntDen": [
            19.751316045871075,
            20.59602641764418,
            22.6680512707582,
            20.352551075191933,
            18.285495106617752,
            18.22586849213965,
            20.551306456785603,
            20.42708434328956
        ],
        "FlagUp": 0,
        "Times": [
            -15,
            -10,
            -5,
            2,
            10,
            20,
            30,
            40
        ],
        "width": 0,
        "height": 0,
        "area": 0.6310483365599061,
        "distance": 7.618122404303855,
        "xpert": [
            [
                203.0,
                364.0
            ],
            [
                197.4,
                363.6
            ],
            [
                197.2,
                358.0
            ],
            [
                200.0,
                355.0
            ],
            [
                203.0,
                353.0
            ],
            [
                211.0,
                350.0
            ],
            [
                210.6,
                358.0
            ],
            [
                208.0,
                363.0
            ]
        ],
        "stack": 0
    },
    {
        "type": "Spine",
        "location": [
            231,
            350
        ],
        "radloc": [
            0,
            0
        ],
        "mean": [
            34.72649572649573,
            37.22222222222222,
            31.11965811965812,
            32.0940170940171,
            28.965811965811966,
            31.94871794871795,
            34.51282051282051,
            31.188034188034187
        ],
        "min": [
            9.0,
            9.0,
            6.0,
            9.0,
            8.0,
            5.0,
            8.0,
            6.0
        ],
        "max": [
            75.0,
            78.0,
            69.0,
            76.0,
            60.0,
            84.0,
            84.0,
            73.0
        ],
        "RawIntDen": [
            4063.0,
            4355.0,
            3641.0,
            3755.0,
            3389.0,
            3738.0,
            4038.0,
            3649.0
        ],
        "IntDen": [
            18.07625194020995,
            19.37535742053023,
            16.198777581664885,
            16.70596259795431,
            15.077631756182997,
            16.63032974464799,
            17.96502715593595,
            16.23436951263256
        ],
        "FlagUp": 0,
        "Times": [
            -15,
            -10,
            -5,
            2,
            10,
            20,
            30,
            40
        ],
        "width": 0,
        "height": 0,
        "area": 0.5205319904023047,
        "distance": 5.530880758994317,
        "xpert": [
            [
                231.0,
                357.6
            ],
            [
                226.2,
                354.8
            ],
            [
                223.2,
                350.0
            ],
            [
                227.2,
                346.2
            ],
            [
                231.0,
                345.6
            ],
            [
                235.4,
                345.6
            ],
            [
                236.4,
                350.0
            ],
            [
                236.4,
                355.4
            ]
        ],
        "stack": 0
    },
    {
        "type": "Spine",
        "location": [
            220,
            331
        ],
        "radloc": [
            0,
            0
        ],
        "mean": [
            45.67424242424242,
            46.15151515151515,
            47.015151515151516,
            52.50757575757576,
            50.25,
            47.70454545454545,
            45.11363636363637,
            46.15909090909091
        ],
        "min": [
            9.0,
            10.0,
            9.0,
            13.0,
            12.0,
            11.0,
            7.0,
            9.0
        ],
        "max": [
            96.0,
            98.0,
            120.0,
            106.0,
            105.0,
            94.0,
            105.0,
            94.0
        ],
        "RawIntDen": [
            6029.0,
            6092.0,
            6206.0,
            6931.0,
            6633.0,
            6297.0,
            5955.0,
            6093.0
        ],
        "IntDen": [
            27.29150375495807,
            27.57668616274748,
            28.092730519699753,
            31.37459156172075,
            30.02563350582798,
            28.504660664284454,
            26.956527593427655,
            27.581212867633027
        ],
        "FlagUp": 0,
        "Times": [
            -15,
            -10,
            -5,
            2,
            10,
            20,
            30,
            40
        ],
        "width": 0,
        "height": 0,
        "area": 0.5975250448920991,
        "distance": 5.69886795686963,
        "xpert": [
            [
                220.0,
                338.0
            ],
            [
                213.6,
                337.4
            ],
            [
                214.0,
                331.0
            ],
            [
                215.2,
                326.2
            ],
            [
                220.0,
                325.8
            ],
            [
                224.4,
                326.6
            ],
            [
                225.8,
                331.0
            ],
            [
                226.2,
                337.2
            ]
        ],
        "stack": 0
    },
    {
        "type": "Spine",
        "location": [
            236,
            323
        ],
        "radloc": [
            0,
            0
        ],
        "mean": [
            45.889763779527556,
            47.47244094488189,
            47.40157480314961,
            44.59055118110236,
            44.05511811023622,
            41.39370078740158,
            39.43307086614173,
            46.13385826771653
        ],
        "min": [
            8.0,
            11.0,
            14.0,
            12.0,
            7.0,
            8.0,
            7.0,
            8.0
        ],
        "max": [
            101.0,
            107.0,
            91.0,
            99.0,
            101.0,
            99.0,
            98.0,
            102.0
        ],
        "RawIntDen": [
            5828.0,
            6029.0,
            6020.0,
            5663.0,
            5595.0,
            5257.0,
            5008.0,
            5859.0
        ],
        "IntDen": [
            26.72998626820422,
            27.651868086994384,
            27.610589796600795,
            25.97321761098842,
            25.661337194681305,
            24.11110806656651,
            22.969075365677206,
            26.872167046226586
        ],
        "FlagUp": 0,
        "Times": [
            -15,
            -10,
            -5,
            2,
            10,
            20,
            30,
            40
        ],
        "width": 0,
        "height": 0,
        "area": 0.582482542220648,
        "distance": 4.440658143352034,
        "xpert": [
            [
                236.0,
                330.4
            ],
            [
                230.0,
                329.0
            ],
            [
                228.2,
                323.0
            ],
            [
                232.0,
                319.0
            ],
            [
                236.0,
                318.0
            ],
            [
                239.6,
                319.4
            ],
            [
                241.2,
                323.0
            ],
            [
                242.4,
                329.4
            ]
        ],
        "stack": 0
    },
    {
        "type": "Spine",
        "location": [
            252,
            344
        ],
        "radloc": [
            0,
            0
        ],
        "mean": [
            28.292134831460675,
            26.202247191011235,
            28.269662921348313,
            23.96629213483146,
            20.831460674157302,
            26.662921348314608,
            22.03370786516854,
            26.53932584269663
        ],
        "min": [
            9.0,
            9.0,
            7.0,
            7.0,
            6.0,
            7.0,
            8.0,
            6.0
        ],
        "max": [
            67.0,
            76.0,
            67.0,
            50.0,
            45.0,
            61.0,
            48.0,
            61.0
        ],
        "RawIntDen": [
            2518.0,
            2332.0,
            2516.0,
            2133.0,
            1854.0,
            2373.0,
            1961.0,
            2362.0
        ],
        "IntDen": [
            11.299703110858847,
            10.465014954139328,
            11.290727969388742,
            9.571988377864145,
            8.319956142784868,
            10.649005354276426,
            8.800126211435344,
            10.599642076190863
        ],
        "FlagUp": 0,
        "Times": [
            -15,
            -10,
            -5,
            2,
            10,
            20,
            30,
            40
        ],
        "width": 0,
        "height": 0,
        "area": 0.3993937954195541,
        "distance": 3.762388706149604,
        "xpert": [
            [
                252.0,
                349.2
            ],
            [
                247.8,
                348.2
            ],
            [
                245.8,
                344.0
            ],
            [
                247.6,
                339.6
            ],
            [
                252.0,
                338.6
            ],
            [
                255.6,
                340.4
            ],
            [
                257.8,
                344.0
            ],
            [
                256.0,
                348.0
            ]
        ],
        "stack": 0
    },
    {
        "type": "Spine",
        "location": [
            277,
            309
        ],
        "radloc": [
            0,
            0
        ],
        "mean": [
            52.364285714285714,
            81.65714285714286,
            63.42857142857143,
            64.69285714285714,
            65.66428571428571,
            55.892857142857146,
            49.464285714285715,
            51.56428571428572
        ],
        "min": [
            15.0,
            19.0,
            18.0,
            20.0,
            11.0,
            12.0,
            11.0,
            10.0
        ],
        "max": [
            149.0,
            200.0,
            167.0,
            146.0,
            161.0,
            124.0,
            129.0,
            140.0
        ],
        "RawIntDen": [
            7331.0,
            11432.0,
            8880.0,
            9057.0,
            9193.0,
            7825.0,
            6925.0,
            7219.0
        ],
        "IntDen": [
            32.05415665398143,
            49.98542066134439,
            38.82702374674057,
            39.60094077412492,
            40.19558888556149,
            34.21412847052308,
            30.278957144839914,
            31.56444644456308
        ],
        "FlagUp": 0,
        "Times": [
            -15,
            -10,
            -5,
            2,
            10,
            20,
            30,
            40
        ],
        "width": 0,
        "height": 0,
        "area": 0.6121377617729369,
        "distance": 1.5587501264990533,
        "xpert": [
            [
                277.0,
                317.8
            ],
            [
                270.6,
                315.4
            ],
            [
                270.6,
                309.0
            ],
            [
                272.2,
                304.2
            ],
            [
                277.0,
                303.8
            ],
            [
                281.2,
                304.8
            ],
            [
                283.0,
                309.0
            ],
            [
                282.2,
                314.2
            ]
        ],
        "stack": 0
    },
    {
        "type": "Spine",
        "location": [
            286,
            305
        ],
        "radloc": [
            0,
            0
        ],
        "mean": [
            29.405172413793103,
            37.8448275862069,
            31.54310344827586,
            33.172413793103445,
            32.85344827586207,
            36.37931034482759,
            32.69827586206897,
            37.577586206896555
        ],
        "min": [
            10.0,
            11.0,
            11.0,
            10.0,
            13.0,
            15.0,
            10.0,
            12.0
        ],
        "max": [
            62.0,
            81.0,
            64.0,
            73.0,
            75.0,
            98.0,
            67.0,
            86.0
        ],
        "RawIntDen": [
            3411.0,
            4390.0,
            3659.0,
            3848.0,
            3811.0,
            4220.0,
            3793.0,
            4359.0
        ],
        "IntDen": [
            14.934416838040637,
            19.2207827379063,
            16.02023782186769,
            16.84773849099395,
            16.685741005503626,
            18.47646996673453,
            16.606931417967793,
            19.085055114927922
        ],
        "FlagUp": 0,
        "Times": [
            -15,
            -10,
            -5,
            2,
            10,
            20,
            30,
            40
        ],
        "width": 0,
        "height": 0,
        "area": 0.5078840085642667,
        "distance": 0.8838625316247634,
        "xpert": [
            [
                286.0,
                314.2
            ],
            [
                281.8,
                309.2
            ],
            [
                280.2,
                305.0
            ],
            [
                282.2,
                301.2
            ],
            [
                286.0,
                298.8
            ],
            [
                289.8,
                301.2
            ],
            [
                291.2,
                305.0
            ],
            [
                291.2,
                310.2
            ]
        ],
        "stack": 0
    },
    {
        "type": "Spine",
        "location": [
            259,
            303
        ],
        "radloc": [
            0,
            0
        ],
        "mean": [
            29.472,
            29.648,
            29.992,
            33.32,
            29.016,
            35.448,
            32.632,
            29.376
        ],
        "min": [
            5.0,
            6.0,
            7.0,
            8.0,
            9.0,
            7.0,
            6.0,
            10.0
        ],
        "max": [
            75.0,
            74.0,
            89.0,
            93.0,
            67.0,
            70.0,
            75.0,
            62.0
        ],
        "RawIntDen": [
            3684.0,
            3706.0,
            3749.0,
            4165.0,
            3627.0,
            4431.0,
            4079.0,
            3672.0
        ],
        "IntDen": [
            16.31826014732373,
            16.415709040711654,
            16.606177332333512,
            18.448847316396126,
            16.065778923545917,
            19.62709302735924,
            18.067910733152413,
            16.265106205475767
        ],
        "FlagUp": 0,
        "Times": [
            -15,
            -10,
            -5,
            2,
            10,
            20,
            30,
            40
        ],
        "width": 0,
        "height": 0,
        "area": 0.5536868942495836,
        "distance": 2.144803934114038,
        "xpert": [
            [
                259.0,
                309.8
            ],
            [
                254.6,
                307.4
            ],
            [
                251.4,
                303.0
            ],
            [
                253.0,
                297.0
            ],
            [
                259.0,
                298.0
            ],
            [
                263.4,
                298.6
            ],
            [
                265.6,
                303.0
            ],
            [
                263.4,
                307.4
            ]
        ],
        "stack": 0
    },
    {
        "type": "Spine",
        "location": [
            327,
            268
        ],
        "radloc": [
            0,
            0
        ],
        "mean": [
            32.69230769230769,
            32.64835164835165,
            42.53846153846154,
            35.02197802197802,
            34.64835164835165,
            33.08791208791209,
            41.16483516483517,
            30.63736263736264
        ],
        "min": [
            9.0,
            6.0,
            6.0,
            10.0,
            8.0,
            9.0,
            18.0,
            9.0
        ],
        "max": [
            78.0,
            83.0,
            107.0,
            73.0,
            73.0,
            71.0,
            79.0,
            64.0
        ],
        "RawIntDen": [
            2975.0,
            2971.0,
            3871.0,
            3187.0,
            3153.0,
            3011.0,
            3746.0,
            2788.0
        ],
        "IntDen": [
            13.231734845945962,
            13.213944278085865,
            17.216822046607334,
            14.174634942531018,
            14.023415115720207,
            13.39184995668682,
            16.660866800979353,
            12.400025798486501
        ],
        "FlagUp": 0,
        "Times": [
            -15,
            -10,
            -5,
            2,
            10,
            20,
            30,
            40
        ],
        "width": 0,
        "height": 0,
        "area": 0.40473541881717057,
        "distance": 4.080554791713445,
        "xpert": [
            [
                327.0,
                274.2
            ],
            [
                321.6,
                273.4
            ],
            [
                321.6,
                268.0
            ],
            [
                323.8,
                264.8
            ],
            [
                327.0,
                263.0
            ],
            [
                331.0,
                264.0
            ],
            [
                332.0,
                268.0
            ],
            [
                331.2,
                272.2
            ]
        ],
        "stack": 0
    },
    {
        "type": "Spine",
        "location": [
            327,
            279
        ],
        "radloc": [
            0,
            0
        ],
        "mean": [
            37.65873015873016,
            33.76984126984127,
            39.43650793650794,
            46.888888888888886,
            37.30952380952381,
            39.44444444444444,
            84.0079365079365,
            40.5
        ],
        "min": [
            11.0,
            10.0,
            14.0,
            13.0,
            9.0,
            7.0,
            30.0,
            10.0
        ],
        "max": [
            76.0,
            75.0,
            75.0,
            94.0,
            100.0,
            107.0,
            159.0,
            93.0
        ],
        "RawIntDen": [
            4745.0,
            4255.0,
            4969.0,
            5908.0,
            4701.0,
            4970.0,
            10585.0,
            5103.0
        ],
        "IntDen": [
            20.527441600675452,
            18.407642573419192,
            21.49649258456403,
            25.55871970006124,
            20.33709230026877,
            21.500818705027818,
            45.79198510919909,
            22.076192726711664
        ],
        "FlagUp": 0,
        "Times": [
            -15,
            -10,
            -5,
            2,
            10,
            20,
            30,
            40
        ],
        "width": 0,
        "height": 0,
        "area": 0.545091178437325,
        "distance": 3.9462096196809875,
        "xpert": [
            [
                327.0,
                285.2
            ],
            [
                321.8,
                284.2
            ],
            [
                320.6,
                279.0
            ],
            [
                322.0,
                274.0
            ],
            [
                327.0,
                272.8
            ],
            [
                331.8,
                274.2
            ],
            [
                334.2,
                279.0
            ],
            [
                331.2,
                283.2
            ]
        ],
        "stack": 0
    },
    {
        "type": "Spine",
        "location": [
            326,
            290
        ],
        "radloc": [
            0,
            0
        ],
        "mean": [
            54.1578947368421,
            46.619883040935676,
            52.53216374269006,
            67.21052631578948,
            43.73099415204678,
            43.005847953216374,
            47.95906432748538,
            44.578947368421055
        ],
        "min": [
            14.0,
            10.0,
            20.0,
            14.0,
            9.0,
            5.0,
            10.0,
            7.0
        ],
        "max": [
            165.0,
            113.0,
            166.0,
            139.0,
            113.0,
            138.0,
            140.0,
            122.0
        ],
        "RawIntDen": [
            9261.0,
            7972.0,
            8983.0,
            11493.0,
            7478.0,
            7354.0,
            8201.0,
            7623.0
        ],
        "IntDen": [
            42.79512838961208,
            36.838652793649445,
            41.51048896705381,
            53.10921181101519,
            34.5558762657941,
            33.9828716312717,
            37.896862965469026,
            35.22592200777593
        ],
        "FlagUp": 0,
        "Times": [
            -15,
            -10,
            -5,
            2,
            10,
            20,
            30,
            40
        ],
        "width": 0,
        "height": 0,
        "area": 0.7901918750268508,
        "distance": 2.9291955692457385,
        "xpert": [
            [
                326.0,
                297.8
            ],
            [
                318.0,
                298.0
            ],
            [
                319.6,
                290.0
            ],
            [
                321.4,
                285.4
            ],
            [
                326.0,
                283.8
            ],
            [
                331.4,
                284.6
            ],
            [
                334.0,
                290.0
            ],
            [
                332.4,
                296.4
            ]
        ],
        "stack": 0
    },
    {
        "type": "Spine",
        "location": [
            338,
            307
        ],
        "radloc": [
            0,
            0
        ],
        "mean": [
            37.572916666666664,
            33.760416666666664,
            30.84375,
            39.635416666666664,
            33.552083333333336,
            33.541666666666664,
            28.875,
            32.854166666666664
        ],
        "min": [
            8.0,
            9.0,
            8.0,
            11.0,
            11.0,
            7.0,
            8.0,
            9.0
        ],
        "max": [
            82.0,
            88.0,
            74.0,
            80.0,
            89.0,
            73.0,
            66.0,
            70.0
        ],
        "RawIntDen": [
            3607.0,
            3241.0,
            2961.0,
            3805.0,
            3221.0,
            3220.0,
            2772.0,
            3154.0
        ],
        "IntDen": [
            16.007584745586033,
            14.383305284292856,
            13.140687117183322,
            16.88629330661349,
            14.294546843785033,
            14.290108921759641,
            12.301919854384387,
            13.997206068083822
        ],
        "FlagUp": 0,
        "Times": [
            -15,
            -10,
            -5,
            2,
            10,
            20,
            30,
            40
        ],
        "width": 0,
        "height": 0,
        "area": 0.42604051443755453,
        "distance": 3.154158100870501,
        "xpert": [
            [
                338.0,
                313.8
            ],
            [
                333.2,
                311.8
            ],
            [
                332.6,
                307.0
            ],
            [
                335.0,
                304.0
            ],
            [
                338.0,
                301.4
            ],
            [
                342.0,
                303.0
            ],
            [
                344.0,
                307.0
            ],
            [
                342.4,
                311.4
            ]
        ],
        "stack": 0
    },
    {
        "type": "Spine",
        "location": [
            364,
            302
        ],
        "radloc": [
            0,
            0
        ],
        "mean": [
            14.363636363636363,
            15.222222222222221,
            18.7979797979798,
            19.717171717171716,
            69.46464646464646,
            25.656565656565657,
            33.16161616161616,
            22.646464646464647
        ],
        "min": [
            3.0,
            1.0,
            3.0,
            3.0,
            14.0,
            4.0,
            6.0,
            4.0
        ],
        "max": [
            50.0,
            83.0,
            54.0,
            57.0,
            135.0,
            75.0,
            76.0,
            61.0
        ],
        "RawIntDen": [
            1422.0,
            1507.0,
            1861.0,
            1952.0,
            6877.0,
            2540.0,
            3283.0,
            2242.0
        ],
        "IntDen": [
            6.342611248855781,
            6.721740613238862,
            8.300702907257813,
            8.706594344420875,
            30.67379575132293,
            11.329277476859131,
            14.643314156113592,
            10.000094528786683
        ],
        "FlagUp": 0,
        "Times": [
            -15,
            -10,
            -5,
            2,
            10,
            20,
            30,
            40
        ],
        "width": 0,
        "height": 0,
        "area": 0.4415742008697063,
        "distance": 4.733578480367658,
        "xpert": [
            [
                364.0,
                309.2
            ],
            [
                359.6,
                306.4
            ],
            [
                358.2,
                302.0
            ],
            [
                360.2,
                298.2
            ],
            [
                364.0,
                295.4
            ],
            [
                368.0,
                298.0
            ],
            [
                369.2,
                302.0
            ],
            [
                368.0,
                306.0
            ]
        ],
        "stack": 0
    },
    {
        "type": "Spine",
        "location": [
            344,
            279
        ],
        "radloc": [
            0,
            0
        ],
        "mean": [
            42.932330827067666,
            39.45112781954887,
            52.037593984962406,
            49.83458646616541,
            38.56390977443609,
            33.473684210526315,
            40.69924812030075,
            44.8421052631579
        ],
        "min": [
            9.0,
            8.0,
            6.0,
            10.0,
            7.0,
            7.0,
            7.0,
            13.0
        ],
        "max": [
            131.0,
            91.0,
            123.0,
            131.0,
            92.0,
            81.0,
            110.0,
            92.0
        ],
        "RawIntDen": [
            5710.0,
            5247.0,
            6921.0,
            6628.0,
            5129.0,
            4452.0,
            5413.0,
            5964.0
        ],
        "IntDen": [
            25.68477440033303,
            23.602103551409353,
            31.132105713608563,
            29.814130424764855,
            23.07131486853032,
            20.02602725574127,
            24.348806274781555,
            26.827319531276043
        ],
        "FlagUp": 0,
        "Times": [
            -15,
            -10,
            -5,
            2,
            10,
            20,
            30,
            40
        ],
        "width": 0,
        "height": 0,
        "area": 0.5982618205331511,
        "distance": 4.834754809429565,
        "xpert": [
            [
                344.0,
                286.6
            ],
            [
                337.8,
                285.2
            ],
            [
                338.4,
                279.0
            ],
            [
                340.4,
                275.4
            ],
            [
                344.0,
                273.6
            ],
            [
                348.4,
                274.6
            ],
            [
                352.2,
                279.0
            ],
            [
                349.6,
                284.6
            ]
        ],
        "stack": 0
    },
    {
        "type": "Spine",
        "location": [
            396,
            239
        ],
        "radloc": [
            0,
            0
        ],
        "mean": [
            34.405,
            32.03,
            47.5,
            36.27,
            35.7,
            34.45,
            29.125,
            42.575
        ],
        "min": [
            4.0,
            5.0,
            6.0,
            8.0,
            5.0,
            6.0,
            5.0,
            7.0
        ],
        "max": [
            95.0,
            83.0,
            104.0,
            95.0,
            98.0,
            87.0,
            91.0,
            96.0
        ],
        "RawIntDen": [
            6881.0,
            6406.0,
            9500.0,
            7254.0,
            7140.0,
            6890.0,
            5825.0,
            8515.0
        ],
        "IntDen": [
            33.57866526906843,
            31.26070770435291,
            46.35915129431043,
            35.39887194620294,
            34.84256213067121,
            33.622584465031466,
            28.425479609406132,
            41.55243929168983
        ],
        "FlagUp": 0,
        "Times": [
            -15,
            -10,
            -5,
            2,
            10,
            20,
            30,
            40
        ],
        "width": 0,
        "height": 0,
        "area": 0.9759821325117986,
        "distance": 9.237742303108567,
        "xpert": [
            [
                396.0,
                254.6
            ],
            [
                391.0,
                244.0
            ],
            [
                388.4,
                239.0
            ],
            [
                391.2,
                234.2
            ],
            [
                396.0,
                231.8
            ],
            [
                400.2,
                234.8
            ],
            [
                402.0,
                239.0
            ],
            [
                403.6,
                246.6
            ]
        ],
        "stack": 0
    },
    {
        "type": "Spine",
        "location": [
            425,
            240
        ],
        "radloc": [
            0,
            0
        ],
        "mean": [
            43.3235294117647,
            37.18382352941177,
            34.43382352941177,
            32.455882352941174,
            30.904411764705884,
            55.02205882352941,
            45.39705882352941,
            36.830882352941174
        ],
        "min": [
            16.0,
            9.0,
            7.0,
            10.0,
            6.0,
            14.0,
            13.0,
            11.0
        ],
        "max": [
            114.0,
            102.0,
            95.0,
            83.0,
            85.0,
            103.0,
            108.0,
            92.0
        ],
        "RawIntDen": [
            5892.0,
            5057.0,
            4683.0,
            4414.0,
            4203.0,
            7483.0,
            6174.0,
            5009.0
        ],
        "IntDen": [
            26.07043225328982,
            22.37579360232292,
            20.72094946404553,
            19.530700605231036,
            18.597085329357963,
            33.110156916389634,
            27.318202432418765,
            22.16340718885416
        ],
        "FlagUp": 0,
        "Times": [
            -15,
            -10,
            -5,
            2,
            10,
            20,
            30,
            40
        ],
        "width": 0,
        "height": 0,
        "area": 0.6017615048281425,
        "distance": 10.97600468210867,
        "xpert": [
            [
                425.0,
                246.8
            ],
            [
                420.0,
                245.0
            ],
            [
                418.2,
                240.0
            ],
            [
                420.2,
                235.2
            ],
            [
                425.0,
                232.6
            ],
            [
                430.6,
                234.4
            ],
            [
                431.0,
                240.0
            ],
            [
                430.0,
                245.0
            ]
        ],
        "stack": 0
    },
    {
        "type": "Spine",
        "location": [
            438,
            236
        ],
        "radloc": [
            0,
            0
        ],
        "mean": [
            41.39160839160839,
            34.72727272727273,
            32.27272727272727,
            36.36363636363637,
            46.30769230769231,
            42.35664335664335,
            40.21678321678322,
            39.03496503496503
        ],
        "min": [
            8.0,
            7.0,
            11.0,
            11.0,
            17.0,
            8.0,
            7.0,
            10.0
        ],
        "max": [
            110.0,
            71.0,
            85.0,
            73.0,
            94.0,
            85.0,
            98.0,
            100.0
        ],
        "RawIntDen": [
            5919.0,
            4966.0,
            4615.0,
            5200.0,
            6622.0,
            6057.0,
            5751.0,
            5582.0
        ],
        "IntDen": [
            26.620753687642605,
            22.334627946077575,
            20.756002410621832,
            23.38704496971474,
            29.782502267202116,
            27.241409881069647,
            25.8651722347749,
            25.105093273259165
        ],
        "FlagUp": 0,
        "Times": [
            -15,
            -10,
            -5,
            2,
            10,
            20,
            30,
            40
        ],
        "width": 0,
        "height": 0,
        "area": 0.6431437366671553,
        "distance": 12.07352480860773,
        "xpert": [
            [
                438.0,
                243.2
            ],
            [
                432.0,
                242.0
            ],
            [
                430.4,
                236.0
            ],
            [
                433.4,
                231.4
            ],
            [
                438.0,
                228.8
            ],
            [
                442.6,
                231.4
            ],
            [
                443.8,
                236.0
            ],
            [
                443.8,
                241.8
            ]
        ],
        "stack": 0
    },
    {
        "type": "Spine",
        "location": [
            462,
            228
        ],
        "radloc": [
            0,
            0
        ],
        "mean": [
            47.098214285714285,
            49.232142857142854,
            100.94642857142857,
            73.75892857142857,
            52.88392857142857,
            58.9375,
            52.919642857142854,
            50.9375
        ],
        "min": [
            15.0,
            15.0,
            37.0,
            21.0,
            22.0,
            20.0,
            19.0,
            10.0
        ],
        "max": [
            93.0,
            106.0,
            186.0,
            156.0,
            97.0,
            120.0,
            108.0,
            91.0
        ],
        "RawIntDen": [
            5275.0,
            5514.0,
            11306.0,
            8261.0,
            5923.0,
            6601.0,
            5927.0,
            5705.0
        ],
        "IntDen": [
            23.5445043499015,
            24.61126009201078,
            50.46334903885998,
            36.87225600654717,
            26.436796069093194,
            29.462990182691907,
            26.454649721680795,
            25.46377200306883
        ],
        "FlagUp": 0,
        "Times": [
            -15,
            -10,
            -5,
            2,
            10,
            20,
            30,
            40
        ],
        "width": 0,
        "height": 0,
        "area": 0.499902272452885,
        "distance": 13.209642403482025,
        "xpert": [
            [
                462.0,
                233.6
            ],
            [
                457.4,
                232.6
            ],
            [
                455.2,
                228.0
            ],
            [
                457.6,
                223.6
            ],
            [
                462.0,
                222.4
            ],
            [
                466.0,
                224.0
            ],
            [
                468.4,
                228.0
            ],
            [
                467.6,
                233.6
            ]
        ],
        "stack": 0
    },
    {
        "type": "Spine",
        "location": [
            477,
            266
        ],
        "radloc": [
            0,
            0
        ],
        "mean": [
            26.6,
            38.095652173913045,
            34.73913043478261,
            35.04347826086956,
            34.48695652173913,
            31.721739130434784,
            35.417391304347824,
            31.93913043478261
        ],
        "min": [
            5.0,
            8.0,
            12.0,
            10.0,
            7.0,
            9.0,
            8.0,
            7.0
        ],
        "max": [
            64.0,
            77.0,
            86.0,
            97.0,
            104.0,
            80.0,
            87.0,
            63.0
        ],
        "RawIntDen": [
            3059.0,
            4381.0,
            3995.0,
            4030.0,
            3966.0,
            3648.0,
            4073.0,
            3673.0
        ],
        "IntDen": [
            13.426422141588787,
            19.228883753612447,
            17.534670302597974,
            17.688290693234,
            17.407384836070978,
            16.011633858292218,
            17.877024316015405,
            16.12136270874652
        ],
        "FlagUp": 0,
        "Times": [
            -15,
            -10,
            -5,
            2,
            10,
            20,
            30,
            40
        ],
        "width": 0,
        "height": 0,
        "area": 0.504752712089804,
        "distance": 15.19570771972967,
        "xpert": [
            [
                477.0,
                270.6
            ],
            [
                472.6,
                270.4
            ],
            [
                470.4,
                266.0
            ],
            [
                471.2,
                260.2
            ],
            [
                477.0,
                259.4
            ],
            [
                482.6,
                260.4
            ],
            [
                482.6,
                266.0
            ],
            [
                480.2,
                269.2
            ]
        ],
        "stack": 0
    }
]