[
    {
        "type": "Stim",
        "location": [
            293,
            235
        ],
        "radloc": [
            0,
            0
        ],
        "mean": [
            30.666666666666668,
            30.263157894736842,
            27.57894736842105,
            29.280701754385966,
            31.596491228070175,
            28.07894736842105,
            29.964912280701753,
            26.12280701754386
        ],
        "min": [
            10.0,
            7.0,
            6.0,
            7.0,
            7.0,
            7.0,
            5.0,
            5.0
        ],
        "max": [
            71.0,
            85.0,
            58.0,
            95.0,
            76.0,
            77.0,
            78.0,
            82.0
        ],
        "RawIntDen": [
            3496.0,
            3450.0,
            3144.0,
            3338.0,
            3602.0,
            3201.0,
            3416.0,
            2978.0
        ],
        "IntDen": [
            1871.7244858755705,
            1847.0965321140498,
            1683.267100570021,
            1787.1328186077385,
            1928.4758575869007,
            1713.78434762234,
            1828.8932619424909,
            1594.3923109088812
        ],
        "FlagUp": 0,
        "Times": [
            -15,
            -10,
            -5,
            2,
            10,
            20,
            30,
            40
        ],
        "width": 0,
        "height": 0,
        "area": 0.5353902991634927,
        "distance": 0,
        "xpert": [
            [
                293.0,
                240.0
            ],
            [
                288.0,
                240.0
            ],
            [
                285.8,
                235.0
            ],
            [
                285.8,
                227.8
            ],
            [
                293.0,
                229.0
            ],
            [
                296.4,
                231.6
            ],
            [
                297.6,
                235.0
            ],
            [
                297.0,
                239.0
            ]
        ],
        "stack": 0
    },
    {
        "type": "Stim",
        "location": [
            277,
            233
        ],
        "radloc": [
            0,
            0
        ],
        "mean": [
            35.925925925925924,
            29.296296296296298,
            33.63703703703704,
            39.72592592592593,
            53.42962962962963,
            32.696296296296296,
            51.785185185185185,
            48.42962962962963
        ],
        "min": [
            9.0,
            9.0,
            7.0,
            7.0,
            7.0,
            4.0,
            12.0,
            13.0
        ],
        "max": [
            80.0,
            84.0,
            83.0,
            96.0,
            131.0,
            77.0,
            97.0,
            99.0
        ],
        "RawIntDen": [
            4850.0,
            3955.0,
            4541.0,
            5363.0,
            7213.0,
            4414.0,
            6991.0,
            6538.0
        ],
        "IntDen": [
            3552.5172482510625,
            2896.949632336691,
            3326.1816132593967,
            3928.278351004216,
            5283.362249821631,
            3233.156934800039,
            5120.752181963541,
            4788.939746199061
        ],
        "FlagUp": 0,
        "Times": [
            -15,
            -10,
            -5,
            2,
            10,
            20,
            30,
            40
        ],
        "width": 0,
        "height": 0,
        "area": 0.7324777831445489,
        "distance": 0,
        "xpert": [
            [
                277.0,
                239.4
            ],
            [
                269.4,
                240.6
            ],
            [
                271.0,
                233.0
            ],
            [
                270.2,
                226.2
            ],
            [
                277.0,
                226.6
            ],
            [
                282.4,
                227.6
            ],
            [
                283.8,
                233.0
            ],
            [
                281.2,
                237.2
            ]
        ],
        "stack": 0
    },
    {
        "type": "Spine",
        "location": [
            27,
            278
        ],
        "radloc": [
            0,
            0
        ],
        "mean": [
            29.97452229299363,
            27.484076433121018,
            29.18471337579618,
            26.522292993630572,
            29.49044585987261,
            29.719745222929937,
            22.97452229299363,
            20.821656050955415
        ],
        "min": [
            5.0,
            5.0,
            5.0,
            6.0,
            7.0,
            7.0,
            5.0,
            5.0
        ],
        "max": [
            79.0,
            77.0,
            69.0,
            81.0,
            81.0,
            80.0,
            61.0,
            61.0
        ],
        "RawIntDen": [
            4706.0,
            4315.0,
            4582.0,
            4164.0,
            4630.0,
            4666.0,
            3607.0,
            3269.0
        ],
        "IntDen": [
            3519.2751592862583,
            3226.874694500681,
            3426.54457710362,
            3113.9527758750487,
            3462.440286335609,
            3489.362068259601,
            2697.412983328843,
            2444.6473641535868
        ],
        "FlagUp": 0,
        "Times": [
            -15,
            -10,
            -5,
            2,
            10,
            20,
            30,
            40
        ],
        "width": 0,
        "height": 0,
        "area": 0.7478272756664383,
        "distance": 17.80983404961343,
        "xpert": [
            [
                27.0,
                282.8
            ],
            [
                23.2,
                281.8
            ],
            [
                21.4,
                278.0
            ],
            [
                19.6,
                270.6
            ],
            [
                27.0,
                267.2
            ],
            [
                33.2,
                271.8
            ],
            [
                32.6,
                278.0
            ],
            [
                32.0,
                283.0
            ]
        ],
        "stack": 0
    },
    {
        "type": "Spine",
        "location": [
            114,
            277
        ],
        "radloc": [
            0,
            0
        ],
        "mean": [
            33.27272727272727,
            31.76969696969697,
            27.684848484848484,
            27.939393939393938,
            32.18181818181818,
            33.53939393939394,
            29.90909090909091,
            30.29090909090909
        ],
        "min": [
            8.0,
            8.0,
            6.0,
            7.0,
            9.0,
            10.0,
            9.0,
            9.0
        ],
        "max": [
            100.0,
            93.0,
            77.0,
            100.0,
            99.0,
            86.0,
            82.0,
            97.0
        ],
        "RawIntDen": [
            5490.0,
            5242.0,
            4568.0,
            4610.0,
            5310.0,
            5534.0,
            4935.0,
            4998.0
        ],
        "IntDen": [
            4479.724833325306,
            4277.362035754327,
            3727.392174613843,
            3761.6632935573152,
            4332.848609281853,
            4515.627910313706,
            4026.8564758579937,
            4078.263154273202
        ],
        "FlagUp": 0,
        "Times": [
            -15,
            -10,
            -5,
            2,
            10,
            20,
            30,
            40
        ],
        "width": 0,
        "height": 0,
        "area": 0.8159790224636259,
        "distance": 11.913648859864827,
        "xpert": [
            [
                114.0,
                281.8
            ],
            [
                109.4,
                281.6
            ],
            [
                107.4,
                277.0
            ],
            [
                105.8,
                268.8
            ],
            [
                114.0,
                268.0
            ],
            [
                122.4,
                268.6
            ],
            [
                119.6,
                277.0
            ],
            [
                117.6,
                280.6
            ]
        ],
        "stack": 0
    },
    {
        "type": "Spine",
        "location": [
            91,
            277
        ],
        "radloc": [
            0,
            0
        ],
        "mean": [
            40.68456375838926,
            42.422818791946305,
            39.83221476510067,
            39.852348993288594,
            40.49664429530201,
            49.31543624161074,
            37.92617449664429,
            44.328859060402685
        ],
        "min": [
            11.0,
            9.0,
            7.0,
            8.0,
            8.0,
            11.0,
            7.0,
            10.0
        ],
        "max": [
            91.0,
            134.0,
            95.0,
            103.0,
            100.0,
            109.0,
            111.0,
            117.0
        ],
        "RawIntDen": [
            6062.0,
            6321.0,
            5935.0,
            5938.0,
            6034.0,
            7348.0,
            5651.0,
            6605.0
        ],
        "IntDen": [
            4183.466120099426,
            4362.205434699517,
            4095.821745758841,
            4097.892085310194,
            4164.142950953471,
            5070.951674445824,
            3899.8296015641467,
            4558.197578894212
        ],
        "FlagUp": 0,
        "Times": [
            -15,
            -10,
            -5,
            2,
            10,
            20,
            30,
            40
        ],
        "width": 0,
        "height": 0,
        "area": 0.690113183784135,
        "distance": 13.429118859864838,
        "xpert": [
            [
                91.0,
                282.0
            ],
            [
                87.0,
                281.0
            ],
            [
                83.6,
                277.0
            ],
            [
                83.6,
                269.6
            ],
            [
                91.0,
                267.8
            ],
            [
                96.8,
                271.2
            ],
            [
                97.4,
                277.0
            ],
            [
                94.2,
                280.2
            ]
        ],
        "stack": 0
    },
    {
        "type": "Spine",
        "location": [
            75,
            239
        ],
        "radloc": [
            0,
            0
        ],
        "mean": [
            16.763636363636362,
            21.12727272727273,
            25.0,
            31.2,
            29.59090909090909,
            36.85454545454545,
            31.581818181818182,
            24.036363636363635
        ],
        "min": [
            5.0,
            5.0,
            4.0,
            4.0,
            5.0,
            7.0,
            7.0,
            4.0
        ],
        "max": [
            59.0,
            68.0,
            80.0,
            90.0,
            61.0,
            107.0,
            89.0,
            75.0
        ],
        "RawIntDen": [
            1844.0,
            2324.0,
            2750.0,
            3432.0,
            3255.0,
            4054.0,
            3474.0,
            2644.0
        ],
        "IntDen": [
            931.7829618051679,
            1174.3295028390512,
            1389.5895580066224,
            1734.2077683922648,
            1644.7687313860204,
            2048.5076611486716,
            1755.4305907327296,
            1336.0271968616398
        ],
        "FlagUp": 0,
        "Times": [
            -15,
            -10,
            -5,
            2,
            10,
            20,
            30,
            40
        ],
        "width": 0,
        "height": 0,
        "area": 0.50530529382059,
        "distance": 14.96672650800006,
        "xpert": [
            [
                75.0,
                245.0
            ],
            [
                68.0,
                246.0
            ],
            [
                68.0,
                239.0
            ],
            [
                70.2,
                234.2
            ],
            [
                75.0,
                234.2
            ],
            [
                78.6,
                235.4
            ],
            [
                79.6,
                239.0
            ],
            [
                78.2,
                242.2
            ]
        ],
        "stack": 0
    },
    {
        "type": "Spine",
        "location": [
            84,
            252
        ],
        "radloc": [
            0,
            0
        ],
        "mean": [
            29.917293233082706,
            32.32330827067669,
            33.330827067669176,
            38.69172932330827,
            37.05263157894737,
            40.81954887218045,
            39.29323308270677,
            37.32330827067669
        ],
        "min": [
            8.0,
            7.0,
            8.0,
            9.0,
            8.0,
            8.0,
            8.0,
            7.0
        ],
        "max": [
            106.0,
            115.0,
            114.0,
            119.0,
            123.0,
            123.0,
            100.0,
            118.0
        ],
        "RawIntDen": [
            3979.0,
            4299.0,
            4433.0,
            5146.0,
            4928.0,
            5429.0,
            5226.0,
            4964.0
        ],
        "IntDen": [
            2701.9859041409636,
            2919.2855998748437,
            3010.279847463406,
            3494.4507320204575,
            3346.4153143017516,
            3686.6251504351076,
            3548.775655953927,
            3370.861530071813
        ],
        "FlagUp": 0,
        "Times": [
            -15,
            -10,
            -5,
            2,
            10,
            20,
            30,
            40
        ],
        "width": 0,
        "height": 0,
        "area": 0.6790615491683749,
        "distance": 13.944933923114368,
        "xpert": [
            [
                84.0,
                257.8
            ],
            [
                78.8,
                257.2
            ],
            [
                74.4,
                252.0
            ],
            [
                79.2,
                247.2
            ],
            [
                84.0,
                247.0
            ],
            [
                88.0,
                248.0
            ],
            [
                92.4,
                252.0
            ],
            [
                88.6,
                256.6
            ]
        ],
        "stack": 0
    },
    {
        "type": "Spine",
        "location": [
            106,
            250
        ],
        "radloc": [
            0,
            0
        ],
        "mean": [
            43.53921568627451,
            50.088235294117645,
            53.127450980392155,
            48.009803921568626,
            51.80392156862745,
            51.509803921568626,
            42.372549019607845,
            42.31372549019608
        ],
        "min": [
            9.0,
            11.0,
            12.0,
            13.0,
            11.0,
            17.0,
            12.0,
            13.0
        ],
        "max": [
            97.0,
            115.0,
            116.0,
            111.0,
            118.0,
            115.0,
            100.0,
            88.0
        ],
        "RawIntDen": [
            4441.0,
            5109.0,
            5419.0,
            4897.0,
            5284.0,
            5254.0,
            4322.0,
            4316.0
        ],
        "IntDen": [
            2208.613919786591,
            2540.8260563363415,
            2694.9963592261956,
            2435.3934621019894,
            2627.857678935453,
            2612.9379722041763,
            2149.432416419195,
            2146.44847507294
        ],
        "FlagUp": 0,
        "Times": [
            -15,
            -10,
            -5,
            2,
            10,
            20,
            30,
            40
        ],
        "width": 0,
        "height": 0,
        "area": 0.49732355770920755,
        "distance": 12.44076885986483,
        "xpert": [
            [
                106.0,
                255.8
            ],
            [
                101.2,
                254.8
            ],
            [
                100.2,
                250.0
            ],
            [
                100.2,
                244.2
            ],
            [
                106.0,
                244.4
            ],
            [
                109.2,
                246.8
            ],
            [
                110.4,
                250.0
            ],
            [
                111.8,
                255.8
            ]
        ],
        "stack": 0
    },
    {
        "type": "Spine",
        "location": [
            123,
            249
        ],
        "radloc": [
            0,
            0
        ],
        "mean": [
            29.56115107913669,
            33.41726618705036,
            38.1294964028777,
            45.568345323741006,
            41.32374100719424,
            35.115107913669064,
            46.48201438848921,
            37.39568345323741
        ],
        "min": [
            9.0,
            10.0,
            12.0,
            13.0,
            12.0,
            8.0,
            12.0,
            8.0
        ],
        "max": [
            65.0,
            69.0,
            83.0,
            86.0,
            95.0,
            111.0,
            117.0,
            86.0
        ],
        "RawIntDen": [
            4109.0,
            4645.0,
            5300.0,
            6334.0,
            5744.0,
            4881.0,
            6461.0,
            5198.0
        ],
        "IntDen": [
            2612.4035028745643,
            2953.1794282921273,
            3369.612695360231,
            4027.0050589456046,
            3651.8972305941825,
            3103.2225596326957,
            4107.748608438199,
            3304.763545374053
        ],
        "FlagUp": 0,
        "Times": [
            -15,
            -10,
            -5,
            2,
            10,
            20,
            30,
            40
        ],
        "width": 0,
        "height": 0,
        "area": 0.6357759802566474,
        "distance": 11.32063885986482,
        "xpert": [
            [
                123.0,
                255.2
            ],
            [
                116.8,
                255.2
            ],
            [
                116.2,
                249.0
            ],
            [
                117.0,
                243.0
            ],
            [
                123.0,
                241.2
            ],
            [
                127.4,
                244.6
            ],
            [
                128.0,
                249.0
            ],
            [
                128.0,
                254.0
            ]
        ],
        "stack": 0
    },
    {
        "type": "Spine",
        "location": [
            182,
            265
        ],
        "radloc": [
            0,
            0
        ],
        "mean": [
            92.41414141414141,
            96.61616161616162,
            96.1919191919192,
            100.6969696969697,
            85.51515151515152,
            88.23232323232324,
            91.18181818181819,
            91.38383838383838
        ],
        "min": [
            15.0,
            22.0,
            12.0,
            22.0,
            10.0,
            15.0,
            16.0,
            17.0
        ],
        "max": [
            192.0,
            193.0,
            202.0,
            187.0,
            188.0,
            176.0,
            195.0,
            179.0
        ],
        "RawIntDen": [
            18298.0,
            19130.0,
            19046.0,
            19938.0,
            16932.0,
            17470.0,
            18054.0,
            18094.0
        ],
        "IntDen": [
            16576.653136049415,
            17330.384440519472,
            17254.286568433552,
            18062.373495822125,
            15339.156787604585,
            15826.545539773924,
            16355.606936180793,
            16391.844018126467
        ],
        "FlagUp": 0,
        "Times": [
            -15,
            -10,
            -5,
            2,
            10,
            20,
            30,
            40
        ],
        "width": 0,
        "height": 0,
        "area": 0.9059270486418961,
        "distance": 7.405836328240051,
        "xpert": [
            [
                182.0,
                270.2
            ],
            [
                176.8,
                270.2
            ],
            [
                172.2,
                265.0
            ],
            [
                172.6,
                255.6
            ],
            [
                182.0,
                255.2
            ],
            [
                188.4,
                258.6
            ],
            [
                187.4,
                265.0
            ],
            [
                185.2,
                268.2
            ]
        ],
        "stack": 0
    },
    {
        "type": "Spine",
        "location": [
            198,
            231
        ],
        "radloc": [
            0,
            0
        ],
        "mean": [
            28.650793650793652,
            26.88888888888889,
            31.703703703703702,
            35.94708994708995,
            53.17989417989418,
            53.26984126984127,
            44.66137566137566,
            43.53439153439153
        ],
        "min": [
            6.0,
            8.0,
            7.0,
            14.0,
            21.0,
            18.0,
            9.0,
            8.0
        ],
        "max": [
            77.0,
            89.0,
            94.0,
            94.0,
            157.0,
            192.0,
            128.0,
            137.0
        ],
        "RawIntDen": [
            5415.0,
            5082.0,
            5992.0,
            6794.0,
            10051.0,
            10068.0,
            8441.0,
            8228.0
        ],
        "IntDen": [
            5276.299027342759,
            4951.828560841348,
            5838.519625454813,
            6619.977025257009,
            9793.551527944981,
            9810.116086294902,
            8224.79041362885,
            8017.246241362182
        ],
        "FlagUp": 0,
        "Times": [
            -15,
            -10,
            -5,
            2,
            10,
            20,
            30,
            40
        ],
        "width": 0,
        "height": 0,
        "area": 0.9743857852895215,
        "distance": 6.07867101199242,
        "xpert": [
            [
                198.0,
                240.6
            ],
            [
                190.6,
                238.4
            ],
            [
                191.0,
                231.0
            ],
            [
                192.6,
                225.6
            ],
            [
                198.0,
                223.4
            ],
            [
                204.0,
                225.0
            ],
            [
                203.8,
                231.0
            ],
            [
                206.4,
                239.4
            ]
        ],
        "stack": 0
    },
    {
        "type": "Spine",
        "location": [
            211,
            225
        ],
        "radloc": [
            0,
            0
        ],
        "mean": [
            28.63583815028902,
            34.61849710982659,
            72.08670520231213,
            53.31791907514451,
            56.68208092485549,
            54.63583815028902,
            48.84393063583815,
            52.8150289017341
        ],
        "min": [
            5.0,
            6.0,
            17.0,
            14.0,
            26.0,
            15.0,
            8.0,
            19.0
        ],
        "max": [
            82.0,
            92.0,
            148.0,
            107.0,
            160.0,
            113.0,
            112.0,
            129.0
        ],
        "RawIntDen": [
            4954.0,
            5989.0,
            12471.0,
            9224.0,
            9806.0,
            9452.0,
            8450.0,
            9137.0
        ],
        "IntDen": [
            3805.1109531100747,
            4600.0826601082435,
            9578.833002873585,
            7084.849299856142,
            7531.876868429025,
            7259.973501977478,
            6490.348718970556,
            7018.025591151949
        ],
        "FlagUp": 0,
        "Times": [
            -15,
            -10,
            -5,
            2,
            10,
            20,
            30,
            40
        ],
        "width": 0,
        "height": 0,
        "area": 0.768088605795332,
        "distance": 4.142508100870501,
        "xpert": [
            [
                211.0,
                234.4
            ],
            [
                205.6,
                230.4
            ],
            [
                203.0,
                225.0
            ],
            [
                204.8,
                218.8
            ],
            [
                211.0,
                218.6
            ],
            [
                215.8,
                220.2
            ],
            [
                216.8,
                225.0
            ],
            [
                217.6,
                231.6
            ]
        ],
        "stack": 0
    },
    {
        "type": "Spine",
        "location": [
            221,
            223
        ],
        "radloc": [
            0,
            0
        ],
        "mean": [
            38.09036144578313,
            39.265060240963855,
            42.65060240963855,
            53.897590361445786,
            45.975903614457835,
            58.98192771084337,
            54.6566265060241,
            69.46385542168674
        ],
        "min": [
            9.0,
            8.0,
            9.0,
            18.0,
            8.0,
            14.0,
            15.0,
            11.0
        ],
        "max": [
            87.0,
            92.0,
            101.0,
            111.0,
            131.0,
            135.0,
            137.0,
            134.0
        ],
        "RawIntDen": [
            6323.0,
            6518.0,
            7080.0,
            8947.0,
            7632.0,
            9791.0,
            9073.0,
            11531.0
        ],
        "IntDen": [
            4621.751538701393,
            4764.285391310404,
            5175.07526395791,
            6539.745534834946,
            5578.555708266493,
            7156.661286640098,
            6631.844331905384,
            8428.501817612805
        ],
        "FlagUp": 0,
        "Times": [
            -15,
            -10,
            -5,
            2,
            10,
            20,
            30,
            40
        ],
        "width": 0,
        "height": 0,
        "area": 0.7309428338923601,
        "distance": 3.61869924018383,
        "xpert": [
            [
                221.0,
                229.2
            ],
            [
                216.2,
                227.8
            ],
            [
                215.2,
                223.0
            ],
            [
                216.0,
                218.0
            ],
            [
                221.0,
                215.6
            ],
            [
                227.4,
                216.6
            ],
            [
                230.6,
                223.0
            ],
            [
                227.0,
                229.0
            ]
        ],
        "stack": 0
    },
    {
        "type": "Spine",
        "location": [
            233,
            212
        ],
        "radloc": [
            0,
            0
        ],
        "mean": [
            62.04255319148936,
            58.43262411347518,
            60.744680851063826,
            94.73049645390071,
            77.12056737588652,
            77.9645390070922,
            69.07801418439716,
            83.82978723404256
        ],
        "min": [
            23.0,
            15.0,
            12.0,
            28.0,
            28.0,
            20.0,
            26.0,
            26.0
        ],
        "max": [
            130.0,
            143.0,
            146.0,
            196.0,
            168.0,
            162.0,
            157.0,
            202.0
        ],
        "RawIntDen": [
            8748.0,
            8239.0,
            8565.0,
            13357.0,
            10874.0,
            10993.0,
            9740.0,
            11820.0
        ],
        "IntDen": [
            5687.9889942317495,
            5357.0349020890935,
            5569.001570141168,
            8684.781549606023,
            7070.323768092827,
            7147.698103976866,
            6332.9918614331555,
            7685.4172281457795
        ],
        "FlagUp": 0,
        "Times": [
            -15,
            -10,
            -5,
            2,
            10,
            20,
            30,
            40
        ],
        "width": 0,
        "height": 0,
        "area": 0.6502045032272233,
        "distance": 2.551349708786041,
        "xpert": [
            [
                233.0,
                220.6
            ],
            [
                226.6,
                218.4
            ],
            [
                225.2,
                212.0
            ],
            [
                228.2,
                207.2
            ],
            [
                233.0,
                207.0
            ],
            [
                236.4,
                208.6
            ],
            [
                238.0,
                212.0
            ],
            [
                239.4,
                218.4
            ]
        ],
        "stack": 0
    },
    {
        "type": "Spine",
        "location": [
            280,
            206
        ],
        "radloc": [
            0,
            0
        ],
        "mean": [
            26.85635359116022,
            33.51933701657459,
            33.04419889502763,
            36.25966850828729,
            39.469613259668506,
            44.89502762430939,
            41.88397790055249,
            47.30939226519337
        ],
        "min": [
            6.0,
            8.0,
            7.0,
            8.0,
            15.0,
            11.0,
            12.0,
            13.0
        ],
        "max": [
            68.0,
            99.0,
            76.0,
            81.0,
            93.0,
            146.0,
            109.0,
            135.0
        ],
        "RawIntDen": [
            4861.0,
            6067.0,
            5981.0,
            6563.0,
            7144.0,
            8126.0,
            7581.0,
            8563.0
        ],
        "IntDen": [
            4308.205613017662,
            5377.058929063598,
            5300.838875017205,
            5816.653659377682,
            6331.582164039945,
            7201.908827685973,
            6718.88639215941,
            7589.213055805438
        ],
        "FlagUp": 0,
        "Times": [
            -15,
            -10,
            -5,
            2,
            10,
            20,
            30,
            40
        ],
        "width": 0,
        "height": 0,
        "area": 0.8862796982138781,
        "distance": -0.19767,
        "xpert": [
            [
                280.0,
                214.0
            ],
            [
                273.0,
                213.0
            ],
            [
                274.0,
                206.0
            ],
            [
                273.4,
                199.4
            ],
            [
                280.0,
                198.6
            ],
            [
                284.8,
                201.2
            ],
            [
                287.2,
                206.0
            ],
            [
                288.2,
                214.2
            ]
        ],
        "stack": 0
    },
    {
        "type": "Spine",
        "location": [
            364,
            184
        ],
        "radloc": [
            0,
            0
        ],
        "mean": [
            29.83823529411765,
            40.90686274509804,
            37.43627450980392,
            42.372549019607845,
            42.73039215686274,
            48.245098039215684,
            47.28921568627451,
            55.705882352941174
        ],
        "min": [
            5.0,
            6.0,
            4.0,
            5.0,
            6.0,
            11.0,
            11.0,
            10.0
        ],
        "max": [
            94.0,
            119.0,
            93.0,
            128.0,
            117.0,
            127.0,
            110.0,
            127.0
        ],
        "RawIntDen": [
            6087.0,
            8345.0,
            7637.0,
            8644.0,
            8717.0,
            9842.0,
            9647.0,
            11364.0
        ],
        "IntDen": [
            5931.086275057317,
            8131.249378241057,
            7441.384242256076,
            8422.590728042624,
            8493.720890368759,
            9589.90489881947,
            9399.899670688013,
            11072.920064030122
        ],
        "FlagUp": 0,
        "Times": [
            -15,
            -10,
            -5,
            2,
            10,
            20,
            30,
            40
        ],
        "width": 0,
        "height": 0,
        "area": 0.9743857852895215,
        "distance": 3.9688194931819347,
        "xpert": [
            [
                364.0,
                195.4
            ],
            [
                355.8,
                192.2
            ],
            [
                357.8,
                184.0
            ],
            [
                358.6,
                178.6
            ],
            [
                364.0,
                177.4
            ],
            [
                369.4,
                178.6
            ],
            [
                373.0,
                184.0
            ],
            [
                370.0,
                190.0
            ]
        ],
        "stack": 0
    },
    {
        "type": "Spine",
        "location": [
            382,
            180
        ],
        "radloc": [
            0,
            0
        ],
        "mean": [
            31.657894736842106,
            36.373684210526314,
            42.15263157894737,
            39.83684210526316,
            47.82631578947368,
            73.37368421052632,
            61.18421052631579,
            59.33684210526316
        ],
        "min": [
            6.0,
            9.0,
            8.0,
            7.0,
            8.0,
            26.0,
            21.0,
            11.0
        ],
        "max": [
            99.0,
            89.0,
            135.0,
            101.0,
            136.0,
            129.0,
            138.0,
            147.0
        ],
        "RawIntDen": [
            6015.0,
            6911.0,
            8009.0,
            7569.0,
            9087.0,
            13941.0,
            11625.0,
            11274.0
        ],
        "IntDen": [
            5052.144248248604,
            5804.716359043408,
            6726.9531644593635,
            6357.386502908343,
            7632.3914852593625,
            11709.383701551751,
            9764.11918302411,
            9469.305778014092
        ],
        "FlagUp": 0,
        "Times": [
            -15,
            -10,
            -5,
            2,
            10,
            20,
            30,
            40
        ],
        "width": 0,
        "height": 0,
        "area": 0.8399242307977729,
        "distance": 4.45403088549337,
        "xpert": [
            [
                382.0,
                187.6
            ],
            [
                375.0,
                187.0
            ],
            [
                372.8,
                180.0
            ],
            [
                376.2,
                174.2
            ],
            [
                382.0,
                173.4
            ],
            [
                386.8,
                175.2
            ],
            [
                389.8,
                180.0
            ],
            [
                388.4,
                186.4
            ]
        ],
        "stack": 0
    },
    {
        "type": "Spine",
        "location": [
            403,
            175
        ],
        "radloc": [
            0,
            0
        ],
        "mean": [
            19.004716981132077,
            23.367924528301888,
            25.330188679245282,
            29.04245283018868,
            26.99056603773585,
            29.07547169811321,
            23.58490566037736,
            33.528301886792455
        ],
        "min": [
            6.0,
            4.0,
            7.0,
            7.0,
            5.0,
            6.0,
            4.0,
            8.0
        ],
        "max": [
            45.0,
            74.0,
            74.0,
            77.0,
            74.0,
            89.0,
            68.0,
            117.0
        ],
        "RawIntDen": [
            4029.0,
            4954.0,
            5370.0,
            6157.0,
            5722.0,
            6164.0,
            5000.0,
            7108.0
        ],
        "IntDen": [
            3966.6167784761387,
            4877.294495053559,
            5286.853338400811,
            6061.667784829383,
            5633.403128925407,
            6068.559399981861,
            4922.582251769842,
            6997.942929116008
        ],
        "FlagUp": 0,
        "Times": [
            -15,
            -10,
            -5,
            2,
            10,
            20,
            30,
            40
        ],
        "width": 0,
        "height": 0,
        "area": 0.9845164503539684,
        "distance": 5.919598480367657,
        "xpert": [
            [
                403.0,
                184.0
            ],
            [
                393.8,
                184.2
            ],
            [
                396.0,
                175.0
            ],
            [
                398.0,
                170.0
            ],
            [
                403.0,
                167.4
            ],
            [
                407.8,
                170.2
            ],
            [
                410.0,
                175.0
            ],
            [
                411.0,
                183.0
            ]
        ],
        "stack": 0
    },
    {
        "type": "Spine",
        "location": [
            372,
            207
        ],
        "radloc": [
            0,
            0
        ],
        "mean": [
            45.00558659217877,
            40.40782122905028,
            42.229050279329606,
            36.98882681564246,
            36.63687150837989,
            38.24022346368715,
            38.81005586592179,
            32.245810055865924
        ],
        "min": [
            12.0,
            9.0,
            10.0,
            8.0,
            9.0,
            6.0,
            5.0,
            6.0
        ],
        "max": [
            133.0,
            126.0,
            136.0,
            101.0,
            98.0,
            120.0,
            115.0,
            114.0
        ],
        "RawIntDen": [
            8056.0,
            7233.0,
            7559.0,
            6621.0,
            6558.0,
            6845.0,
            6947.0,
            5772.0
        ],
        "IntDen": [
            7065.675941757198,
            6343.847329534486,
            6629.772150414929,
            5807.080487881631,
            5751.825077711484,
            6003.544168486597,
            6093.005308762073,
            5062.4480555886985
        ],
        "FlagUp": 0,
        "Times": [
            -15,
            -10,
            -5,
            2,
            10,
            20,
            30,
            40
        ],
        "width": 0,
        "height": 0,
        "area": 0.8770700027007446,
        "distance": 3.5222055692457377,
        "xpert": [
            [
                372.0,
                212.0
            ],
            [
                366.0,
                213.0
            ],
            [
                360.4,
                207.0
            ],
            [
                365.2,
                200.2
            ],
            [
                372.0,
                199.6
            ],
            [
                379.4,
                199.6
            ],
            [
                377.4,
                207.0
            ],
            [
                375.6,
                210.6
            ]
        ],
        "stack": 0
    },
    {
        "type": "Spine",
        "location": [
            411,
            216
        ],
        "radloc": [
            0,
            0
        ],
        "mean": [
            27.228571428571428,
            32.352380952380955,
            26.82857142857143,
            34.00952380952381,
            31.257142857142856,
            23.17142857142857,
            28.295238095238094,
            26.17142857142857
        ],
        "min": [
            6.0,
            7.0,
            6.0,
            8.0,
            10.0,
            2.0,
            4.0,
            6.0
        ],
        "max": [
            62.0,
            67.0,
            68.0,
            103.0,
            93.0,
            74.0,
            76.0,
            65.0
        ],
        "RawIntDen": [
            2859.0,
            3397.0,
            2817.0,
            3571.0,
            3282.0,
            2433.0,
            2971.0,
            2748.0
        ],
        "IntDen": [
            1750.1018609088308,
            2079.4319767426714,
            1724.3920749143672,
            2185.9439472911627,
            2009.0361341387836,
            1489.331174393559,
            1818.6612902273998,
            1682.1545693520345
        ],
        "FlagUp": 0,
        "Times": [
            -15,
            -10,
            -5,
            2,
            10,
            20,
            30,
            40
        ],
        "width": 0,
        "height": 0,
        "area": 0.6121377617729383,
        "distance": 6.446718480367656,
        "xpert": [
            [
                411.0,
                221.4
            ],
            [
                407.0,
                220.0
            ],
            [
                403.4,
                216.0
            ],
            [
                402.2,
                207.2
            ],
            [
                411.0,
                211.0
            ],
            [
                415.4,
                211.6
            ],
            [
                415.8,
                216.0
            ],
            [
                414.4,
                219.4
            ]
        ],
        "stack": 0
    },
    {
        "type": "Spine",
        "location": [
            423,
            206
        ],
        "radloc": [
            0,
            0
        ],
        "mean": [
            24.277372262773724,
            28.7007299270073,
            30.664233576642335,
            28.37956204379562,
            28.05839416058394,
            34.89051094890511,
            35.839416058394164,
            37.065693430656935
        ],
        "min": [
            5.0,
            5.0,
            6.0,
            8.0,
            6.0,
            9.0,
            8.0,
            4.0
        ],
        "max": [
            59.0,
            82.0,
            102.0,
            80.0,
            75.0,
            80.0,
            82.0,
            102.0
        ],
        "RawIntDen": [
            3326.0,
            3932.0,
            4201.0,
            3888.0,
            3844.0,
            4780.0,
            4910.0,
            5078.0
        ],
        "IntDen": [
            2005.3387483801107,
            2370.7131565335526,
            2532.9008063574397,
            2344.184321618121,
            2317.6554867026894,
            2881.996156721867,
            2960.3768053356416,
            3061.6687204672885
        ],
        "FlagUp": 0,
        "Times": [
            -15,
            -10,
            -5,
            2,
            10,
            20,
            30,
            40
        ],
        "width": 0,
        "height": 0,
        "area": 0.6029280662598048,
        "distance": 7.264691011992418,
        "xpert": [
            [
                423.0,
                212.8
            ],
            [
                417.2,
                211.8
            ],
            [
                414.2,
                206.0
            ],
            [
                417.0,
                200.0
            ],
            [
                423.0,
                200.0
            ],
            [
                427.2,
                201.8
            ],
            [
                427.8,
                206.0
            ],
            [
                426.8,
                209.8
            ]
        ],
        "stack": 0
    },
    {
        "type": "Spine",
        "location": [
            448,
            171
        ],
        "radloc": [
            0,
            0
        ],
        "mean": [
            26.364963503649633,
            30.99270072992701,
            29.394160583941606,
            33.613138686131386,
            32.43795620437956,
            32.13138686131387,
            33.934306569343065,
            40.40875912408759
        ],
        "min": [
            6.0,
            6.0,
            5.0,
            8.0,
            5.0,
            10.0,
            9.0,
            9.0
        ],
        "max": [
            62.0,
            69.0,
            85.0,
            72.0,
            89.0,
            75.0,
            77.0,
            92.0
        ],
        "RawIntDen": [
            3612.0,
            4246.0,
            4027.0,
            4605.0,
            4444.0,
            4402.0,
            4649.0,
            5536.0
        ],
        "IntDen": [
            2255.3954891151043,
            2651.2760926862493,
            2514.5286917681406,
            2875.4419234150205,
            2774.910729132758,
            2748.6852001895595,
            2902.9162870698005,
            3456.7744816559293
        ],
        "FlagUp": 0,
        "Times": [
            -15,
            -10,
            -5,
            2,
            10,
            20,
            30,
            40
        ],
        "width": 0,
        "height": 0,
        "area": 0.6244173557904497,
        "distance": 9.266743923114344,
        "xpert": [
            [
                448.0,
                177.8
            ],
            [
                441.8,
                177.2
            ],
            [
                441.8,
                171.0
            ],
            [
                442.8,
                165.8
            ],
            [
                448.0,
                163.0
            ],
            [
                451.8,
                167.2
            ],
            [
                454.2,
                171.0
            ],
            [
                453.0,
                176.0
            ]
        ],
        "stack": 0
    }
]