[
    {
        "type": "Stim",
        "location": [
            156,
            284
        ],
        "radloc": [
            0,
            0
        ],
        "mean": [
            44.87596899224806,
            37.627906976744185,
            44.14728682170543,
            49.06201550387597,
            43.093023255813954,
            33.627906976744185,
            42.95348837209303,
            32.286821705426355
        ],
        "min": [
            4.0,
            6.0,
            7.0,
            14.0,
            8.0,
            9.0,
            12.0,
            7.0
        ],
        "max": [
            144.0,
            105.0,
            114.0,
            101.0,
            108.0,
            93.0,
            104.0,
            105.0
        ],
        "RawIntDen": [
            5789.0,
            4854.0,
            5695.0,
            6329.0,
            5559.0,
            4338.0,
            5541.0,
            4165.0
        ],
        "IntDen": [
            3387.275049415321,
            2840.1853670516443,
            3332.273519851486,
            3703.2412830799044,
            3252.696838780406,
            2538.2620771054867,
            3242.1646309915864,
            2437.035857801833
        ],
        "FlagUp": 0,
        "Times": [
            -15,
            -10,
            -5,
            2,
            10,
            20,
            30,
            40
        ],
        "width": 0,
        "height": 0,
        "area": 0.5851226549344137,
        "distance": 0,
        "xpert": [
            [
                156.0,
                292.6
            ],
            [
                151.6,
                288.4
            ],
            [
                151.2,
                284.0
            ],
            [
                151.6,
                279.6
            ],
            [
                156.0,
                277.0
            ],
            [
                161.2,
                278.8
            ],
            [
                162.4,
                284.0
            ],
            [
                161.6,
                289.6
            ]
        ],
        "stack": 0
    },
    {
        "type": "Spine",
        "location": [
            115,
            285
        ],
        "radloc": [
            0,
            0
        ],
        "mean": [
            57.96551724137931,
            49.827586206896555,
            44.560344827586206,
            43.543103448275865,
            40.51724137931034,
            30.301724137931036,
            34.61206896551724,
            31.120689655172413
        ],
        "min": [
            12.0,
            10.0,
            10.0,
            10.0,
            9.0,
            6.0,
            8.0,
            8.0
        ],
        "max": [
            158.0,
            117.0,
            107.0,
            114.0,
            82.0,
            89.0,
            98.0,
            80.0
        ],
        "RawIntDen": [
            6724.0,
            5780.0,
            5169.0,
            5051.0,
            4700.0,
            3515.0,
            4015.0,
            3610.0
        ],
        "IntDen": [
            3475.6995463638377,
            2987.7369687660594,
            2671.905258053938,
            2610.9099358542153,
            2429.47469778555,
            1816.936928237491,
            2075.39168332106,
            1866.0433317033692
        ],
        "FlagUp": 0,
        "Times": [
            -15,
            -10,
            -5,
            2,
            10,
            20,
            30,
            40
        ],
        "width": 0,
        "height": 0,
        "area": 0.5169095101671383,
        "distance": 2.8401089921713094,
        "xpert": [
            [
                115.0,
                291.8
            ],
            [
                111.0,
                289.0
            ],
            [
                109.4,
                285.0
            ],
            [
                111.4,
                281.4
            ],
            [
                115.0,
                279.2
            ],
            [
                120.4,
                279.6
            ],
            [
                123.4,
                285.0
            ],
            [
                119.4,
                289.4
            ]
        ],
        "stack": 0
    },
    {
        "type": "Spine",
        "location": [
            472,
            294
        ],
        "radloc": [
            0,
            0
        ],
        "mean": [
            40.18518518518518,
            35.27777777777778,
            40.27160493827161,
            37.08024691358025,
            37.32716049382716,
            39.4320987654321,
            29.69753086419753,
            26.703703703703702
        ],
        "min": [
            4.0,
            5.0,
            8.0,
            8.0,
            5.0,
            6.0,
            7.0,
            6.0
        ],
        "max": [
            147.0,
            112.0,
            111.0,
            109.0,
            108.0,
            102.0,
            93.0,
            88.0
        ],
        "RawIntDen": [
            6510.0,
            5715.0,
            6524.0,
            6007.0,
            6047.0,
            6388.0,
            4811.0,
            4326.0
        ],
        "IntDen": [
            4754.840541571845,
            4174.180291103394,
            4765.066005102107,
            4387.454244734573,
            4416.669854821036,
            4665.732930808133,
            3513.907503149331,
            3159.668230850968
        ],
        "FlagUp": 0,
        "Times": [
            -15,
            -10,
            -5,
            2,
            10,
            20,
            30,
            40
        ],
        "width": 0,
        "height": 0,
        "area": 0.7303902521615737,
        "distance": 24.023028099226828,
        "xpert": [
            [
                472.0,
                301.4
            ],
            [
                466.2,
                299.8
            ],
            [
                463.0,
                294.0
            ],
            [
                466.2,
                288.2
            ],
            [
                472.0,
                288.2
            ],
            [
                475.6,
                290.4
            ],
            [
                480.6,
                294.0
            ],
            [
                478.0,
                300.0
            ]
        ],
        "stack": 0
    },
    {
        "type": "Spine",
        "location": [
            434,
            239
        ],
        "radloc": [
            0,
            0
        ],
        "mean": [
            55.333333333333336,
            53.344632768361585,
            46.101694915254235,
            44.12429378531073,
            46.21468926553672,
            42.3728813559322,
            43.112994350282484,
            46.12994350282486
        ],
        "min": [
            10.0,
            8.0,
            9.0,
            6.0,
            7.0,
            4.0,
            5.0,
            5.0
        ],
        "max": [
            142.0,
            136.0,
            114.0,
            117.0,
            134.0,
            107.0,
            121.0,
            120.0
        ],
        "RawIntDen": [
            9794.0,
            9442.0,
            8160.0,
            7810.0,
            8180.0,
            7500.0,
            7631.0,
            8165.0
        ],
        "IntDen": [
            7580.98898190611,
            7308.525420375484,
            6316.200744573602,
            6045.285271460763,
            6331.6816287514785,
            5805.331566703678,
            5906.731358068769,
            6320.070965618071
        ],
        "FlagUp": 0,
        "Times": [
            -15,
            -10,
            -5,
            2,
            10,
            20,
            30,
            40
        ],
        "width": 0,
        "height": 0,
        "area": 0.7740442088938237,
        "distance": 20.00955696073533,
        "xpert": [
            [
                434.0,
                245.2
            ],
            [
                428.0,
                245.0
            ],
            [
                425.2,
                239.0
            ],
            [
                429.0,
                234.0
            ],
            [
                434.0,
                232.8
            ],
            [
                439.6,
                233.4
            ],
            [
                443.4,
                239.0
            ],
            [
                440.2,
                245.2
            ]
        ],
        "stack": 0
    },
    {
        "type": "Spine",
        "location": [
            418,
            233
        ],
        "radloc": [
            0,
            0
        ],
        "mean": [
            34.94838709677419,
            34.6,
            27.83225806451613,
            32.0,
            26.483870967741936,
            28.24516129032258,
            27.470967741935485,
            19.851612903225806
        ],
        "min": [
            5.0,
            6.0,
            6.0,
            7.0,
            6.0,
            7.0,
            6.0,
            5.0
        ],
        "max": [
            114.0,
            105.0,
            81.0,
            95.0,
            69.0,
            85.0,
            81.0,
            62.0
        ],
        "RawIntDen": [
            5417.0,
            5363.0,
            4314.0,
            4960.0,
            4105.0,
            4378.0,
            4258.0,
            3077.0
        ],
        "IntDen": [
            3777.921660230419,
            3740.2610049502928,
            3008.667905156734,
            3459.200929433797,
            2862.9072208318016,
            3053.302755859105,
            2969.6124107921587,
            2145.959931424958
        ],
        "FlagUp": 0,
        "Times": [
            -15,
            -10,
            -5,
            2,
            10,
            20,
            30,
            40
        ],
        "width": 0,
        "height": 0,
        "area": 0.6974195422245558,
        "distance": 18.95531696073533,
        "xpert": [
            [
                418.0,
                240.0
            ],
            [
                413.0,
                238.0
            ],
            [
                411.4,
                233.0
            ],
            [
                412.4,
                227.4
            ],
            [
                418.0,
                227.6
            ],
            [
                423.0,
                228.0
            ],
            [
                426.8,
                233.0
            ],
            [
                424.8,
                239.8
            ]
        ],
        "stack": 0
    },
    {
        "type": "Spine",
        "location": [
            357,
            249
        ],
        "radloc": [
            0,
            0
        ],
        "mean": [
            39.58083832335329,
            33.58682634730539,
            42.08982035928144,
            38.365269461077844,
            37.08982035928144,
            35.8502994011976,
            31.53293413173653,
            30.51497005988024
        ],
        "min": [
            3.0,
            3.0,
            4.0,
            7.0,
            7.0,
            6.0,
            5.0,
            7.0
        ],
        "max": [
            138.0,
            130.0,
            127.0,
            104.0,
            106.0,
            88.0,
            97.0,
            80.0
        ],
        "RawIntDen": [
            6610.0,
            5609.0,
            7029.0,
            6407.0,
            6194.0,
            5987.0,
            5266.0,
            5096.0
        ],
        "IntDen": [
            5091.675945269178,
            4320.606713617975,
            5414.431198078223,
            4935.305261927326,
            4771.231589258289,
            4611.779710185562,
            4056.394179695536,
            3925.4433611333934
        ],
        "FlagUp": 0,
        "Times": [
            -15,
            -10,
            -5,
            2,
            10,
            20,
            30,
            40
        ],
        "width": 0,
        "height": 0,
        "area": 0.7702989327184838,
        "distance": 15.468397720551508,
        "xpert": [
            [
                357.0,
                256.0
            ],
            [
                352.0,
                254.0
            ],
            [
                347.8,
                249.0
            ],
            [
                350.8,
                242.8
            ],
            [
                357.0,
                243.6
            ],
            [
                362.6,
                243.4
            ],
            [
                365.8,
                249.0
            ],
            [
                363.0,
                255.0
            ]
        ],
        "stack": 0
    },
    {
        "type": "Spine",
        "location": [
            369,
            276
        ],
        "radloc": [
            0,
            0
        ],
        "mean": [
            60.12781954887218,
            44.067669172932334,
            37.45864661654135,
            34.045112781954884,
            33.37593984962406,
            27.924812030075188,
            31.082706766917294,
            34.2406015037594
        ],
        "min": [
            18.0,
            8.0,
            8.0,
            9.0,
            6.0,
            5.0,
            7.0,
            6.0
        ],
        "max": [
            120.0,
            104.0,
            80.0,
            91.0,
            77.0,
            81.0,
            103.0,
            100.0
        ],
        "RawIntDen": [
            7997.0,
            5861.0,
            4982.0,
            4528.0,
            4439.0,
            3714.0,
            4134.0,
            4554.0
        ],
        "IntDen": [
            5045.020548769216,
            3697.4947400695723,
            3142.965158680534,
            2856.552837917595,
            2800.4059292217767,
            2343.0294258007834,
            2607.9923657136346,
            2872.955305626486
        ],
        "FlagUp": 0,
        "Times": [
            -15,
            -10,
            -5,
            2,
            10,
            20,
            30,
            40
        ],
        "width": 0,
        "height": 0,
        "area": 0.6308641426496455,
        "distance": 14.769528733365782,
        "xpert": [
            [
                369.0,
                282.8
            ],
            [
                362.0,
                283.0
            ],
            [
                363.4,
                276.0
            ],
            [
                366.0,
                273.0
            ],
            [
                369.0,
                270.4
            ],
            [
                373.6,
                271.4
            ],
            [
                378.0,
                276.0
            ],
            [
                374.6,
                281.6
            ]
        ],
        "stack": 0
    },
    {
        "type": "Spine",
        "location": [
            247,
            328
        ],
        "radloc": [
            0,
            0
        ],
        "mean": [
            18.922535211267604,
            17.267605633802816,
            20.246478873239436,
            19.6056338028169,
            24.830985915492956,
            26.077464788732396,
            56.78169014084507,
            39.99295774647887
        ],
        "min": [
            2.0,
            2.0,
            2.0,
            2.0,
            4.0,
            5.0,
            5.0,
            5.0
        ],
        "max": [
            74.0,
            88.0,
            75.0,
            71.0,
            82.0,
            76.0,
            129.0,
            129.0
        ],
        "RawIntDen": [
            2687.0,
            2452.0,
            2875.0,
            2784.0,
            3526.0,
            3703.0,
            8063.0,
            5679.0
        ],
        "IntDen": [
            1722.3530483277611,
            1571.7192685149498,
            1842.8600721780101,
            1784.5295446760279,
            2260.147691999883,
            2373.603772965277,
            5168.3411345987115,
            3640.20951300832
        ],
        "FlagUp": 0,
        "Times": [
            -15,
            -10,
            -5,
            2,
            10,
            20,
            30,
            40
        ],
        "width": 0,
        "height": 0,
        "area": 0.6409948077140905,
        "distance": 6.59642569574479,
        "xpert": [
            [
                247.0,
                334.2
            ],
            [
                242.6,
                332.4
            ],
            [
                240.4,
                328.0
            ],
            [
                243.2,
                324.2
            ],
            [
                247.0,
                322.2
            ],
            [
                251.8,
                323.2
            ],
            [
                258.0,
                328.0
            ],
            [
                252.8,
                333.8
            ]
        ],
        "stack": 0
    },
    {
        "type": "Spine",
        "location": [
            225,
            275
        ],
        "radloc": [
            0,
            0
        ],
        "mean": [
            57.37903225806452,
            42.5,
            56.36290322580645,
            70.0,
            53.903225806451616,
            53.516129032258064,
            63.87903225806452,
            50.943548387096776
        ],
        "min": [
            7.0,
            6.0,
            8.0,
            16.0,
            7.0,
            11.0,
            9.0,
            7.0
        ],
        "max": [
            149.0,
            129.0,
            117.0,
            138.0,
            145.0,
            146.0,
            143.0,
            129.0
        ],
        "RawIntDen": [
            7115.0,
            5270.0,
            6989.0,
            8680.0,
            6684.0,
            6636.0,
            7921.0,
            6317.0
        ],
        "IntDen": [
            3968.7509719163772,
            2939.608941953522,
            3898.4681015774504,
            4841.708845570506,
            3728.338931312588,
            3701.5645045168067,
            4418.33822186221,
            3523.626126436508
        ],
        "FlagUp": 0,
        "Times": [
            -15,
            -10,
            -5,
            2,
            10,
            20,
            30,
            40
        ],
        "width": 0,
        "height": 0,
        "area": 0.55780055824545,
        "distance": 4.955797974371447,
        "xpert": [
            [
                225.0,
                280.8
            ],
            [
                220.6,
                279.4
            ],
            [
                217.8,
                275.0
            ],
            [
                220.6,
                270.6
            ],
            [
                225.0,
                268.8
            ],
            [
                229.6,
                270.4
            ],
            [
                234.0,
                275.0
            ],
            [
                229.4,
                279.4
            ]
        ],
        "stack": 0
    },
    {
        "type": "Spine",
        "location": [
            33,
            216
        ],
        "radloc": [
            0,
            0
        ],
        "mean": [
            49.59440559440559,
            41.18181818181818,
            44.51048951048951,
            41.24475524475525,
            37.37062937062937,
            46.68531468531469,
            37.53846153846154,
            28.46153846153846
        ],
        "min": [
            19.0,
            14.0,
            15.0,
            16.0,
            12.0,
            11.0,
            14.0,
            12.0
        ],
        "max": [
            120.0,
            97.0,
            105.0,
            99.0,
            97.0,
            129.0,
            100.0,
            58.0
        ],
        "RawIntDen": [
            7092.0,
            5889.0,
            6365.0,
            5898.0,
            5344.0,
            6676.0,
            5368.0,
            4070.0
        ],
        "IntDen": [
            4497.1665230759,
            3734.3222862935663,
            4036.1625661841654,
            3740.029350409145,
            3388.727848183532,
            4233.3733372891575,
            3403.946685825075,
            2580.8612167116344
        ],
        "FlagUp": 0,
        "Times": [
            -15,
            -10,
            -5,
            2,
            10,
            20,
            30,
            40
        ],
        "width": 0,
        "height": 0,
        "area": 0.6341182350642837,
        "distance": 9.668706201740997,
        "xpert": [
            [
                33.0,
                222.2
            ],
            [
                28.2,
                220.8
            ],
            [
                26.4,
                216.0
            ],
            [
                28.8,
                211.8
            ],
            [
                33.0,
                210.6
            ],
            [
                38.8,
                210.2
            ],
            [
                40.8,
                216.0
            ],
            [
                39.8,
                222.8
            ]
        ],
        "stack": 0
    },
    {
        "type": "Spine",
        "location": [
            51,
            216
        ],
        "radloc": [
            0,
            0
        ],
        "mean": [
            43.86734693877551,
            27.336734693877553,
            17.112244897959183,
            13.66326530612245,
            13.071428571428571,
            13.040816326530612,
            11.653061224489797,
            12.091836734693878
        ],
        "min": [
            21.0,
            10.0,
            7.0,
            7.0,
            6.0,
            7.0,
            7.0,
            7.0
        ],
        "max": [
            93.0,
            78.0,
            51.0,
            36.0,
            26.0,
            29.0,
            24.0,
            24.0
        ],
        "RawIntDen": [
            4299.0,
            2679.0,
            1677.0,
            1339.0,
            1281.0,
            1278.0,
            1142.0,
            1185.0
        ],
        "IntDen": [
            1908.621534601717,
            1189.392205442661,
            744.5355462961338,
            594.474118360479,
            568.723932501698,
            567.3920263365886,
            507.01228018496414,
            526.1029352181984
        ],
        "FlagUp": 0,
        "Times": [
            -15,
            -10,
            -5,
            2,
            10,
            20,
            30,
            40
        ],
        "width": 0,
        "height": 0,
        "area": 0.44396872170312096,
        "distance": 8.482686201740997,
        "xpert": [
            [
                51.0,
                222.6
            ],
            [
                46.0,
                221.0
            ],
            [
                46.0,
                216.0
            ],
            [
                47.8,
                212.8
            ],
            [
                51.0,
                212.0
            ],
            [
                54.4,
                212.6
            ],
            [
                56.4,
                216.0
            ],
            [
                57.4,
                222.4
            ]
        ],
        "stack": 0
    },
    {
        "type": "Spine",
        "location": [
            86,
            224
        ],
        "radloc": [
            0,
            0
        ],
        "mean": [
            84.70466321243524,
            75.26943005181347,
            71.32124352331606,
            68.71502590673575,
            48.43523316062176,
            40.067357512953365,
            48.02590673575129,
            35.626943005181346
        ],
        "min": [
            18.0,
            13.0,
            14.0,
            10.0,
            8.0,
            7.0,
            7.0,
            6.0
        ],
        "max": [
            179.0,
            161.0,
            160.0,
            139.0,
            110.0,
            118.0,
            121.0,
            137.0
        ],
        "RawIntDen": [
            16348.0,
            14527.0,
            13765.0,
            13262.0,
            9348.0,
            7733.0,
            9269.0,
            6876.0
        ],
        "IntDen": [
            14828.162603467568,
            13176.456945227144,
            12485.298399604299,
            12029.061196916253,
            8478.93711874326,
            7014.080096196153,
            8407.281573987088,
            6236.753490423477
        ],
        "FlagUp": 0,
        "Times": [
            -15,
            -10,
            -5,
            2,
            10,
            20,
            30,
            40
        ],
        "width": 0,
        "height": 0,
        "area": 0.9070322121034725,
        "distance": 6.176536201741,
        "xpert": [
            [
                86.0,
                235.4
            ],
            [
                76.6,
                233.4
            ],
            [
                79.4,
                224.0
            ],
            [
                82.8,
                220.8
            ],
            [
                86.0,
                218.2
            ],
            [
                90.6,
                219.4
            ],
            [
                92.8,
                224.0
            ],
            [
                93.0,
                231.0
            ]
        ],
        "stack": 0
    }
]