[
    {
        "type": "Stim",
        "location": [
            303,
            107
        ],
        "radloc": [
            0,
            0
        ],
        "mean": [
            49.888888888888886,
            58.65079365079365,
            53.357142857142854,
            95.89682539682539,
            73.7936507936508,
            68.65079365079364,
            61.53174603174603,
            65.57142857142857
        ],
        "min": [
            11.0,
            11.0,
            13.0,
            36.0,
            12.0,
            15.0,
            15.0,
            13.0
        ],
        "max": [
            127.0,
            133.0,
            110.0,
            167.0,
            184.0,
            159.0,
            139.0,
            169.0
        ],
        "RawIntDen": [
            6286.0,
            7390.0,
            6723.0,
            12083.0,
            9298.0,
            8650.0,
            7753.0,
            8262.0
        ],
        "IntDen": [
            28.621386887962164,
            33.64811471556481,
            30.611133319721542,
            55.01626117837207,
            42.33561172196504,
            39.38514104054609,
            35.30092468061894,
            37.618501188091535
        ],
        "FlagUp": 0,
        "Times": [
            -15,
            -10,
            -5,
            2,
            10,
            20,
            30,
            40
        ],
        "width": 0,
        "height": 0,
        "area": 0.573702632498128,
        "distance": 0,
        "xpert": [
            [
                303.0,
                113.6
            ],
            [
                298.6,
                111.4
            ],
            [
                297.2,
                107.0
            ],
            [
                297.4,
                101.4
            ],
            [
                303.0,
                99.8
            ],
            [
                309.0,
                101.0
            ],
            [
                309.0,
                107.0
            ],
            [
                307.2,
                111.2
            ]
        ],
        "stack": 0
    },
    {
        "type": "Spine",
        "location": [
            284,
            113
        ],
        "radloc": [
            0,
            0
        ],
        "mean": [
            60.636986301369866,
            57.61643835616438,
            52.30821917808219,
            95.97945205479452,
            53.97260273972603,
            45.80821917808219,
            75.5958904109589,
            58.58904109589041
        ],
        "min": [
            11.0,
            14.0,
            9.0,
            15.0,
            11.0,
            8.0,
            11.0,
            12.0
        ],
        "max": [
            131.0,
            142.0,
            129.0,
            188.0,
            128.0,
            125.0,
            155.0,
            125.0
        ],
        "RawIntDen": [
            8853.0,
            8412.0,
            7637.0,
            14013.0,
            7880.0,
            6688.0,
            11037.0,
            8554.0
        ],
        "IntDen": [
            39.09509563474743,
            37.147627299163595,
            33.7252056209834,
            61.881799969469746,
            34.79830041814184,
            29.53439507570211,
            48.739700725257805,
            37.77470327116565
        ],
        "FlagUp": 0,
        "Times": [
            -15,
            -10,
            -5,
            2,
            10,
            20,
            30,
            40
        ],
        "width": 0,
        "height": 0,
        "area": 0.64474008388943,
        "distance": 1.18921489010993,
        "xpert": [
            [
                284.0,
                118.8
            ],
            [
                278.8,
                118.2
            ],
            [
                276.8,
                113.0
            ],
            [
                278.8,
                107.8
            ],
            [
                284.0,
                107.2
            ],
            [
                289.0,
                108.0
            ],
            [
                291.8,
                113.0
            ],
            [
                290.4,
                119.4
            ]
        ],
        "stack": 0
    },
    {
        "type": "Spine",
        "location": [
            276,
            129
        ],
        "radloc": [
            0,
            0
        ],
        "mean": [
            56.8625,
            67.2875,
            64.3,
            81.15,
            72.8625,
            73.125,
            60.2625,
            66.75
        ],
        "min": [
            13.0,
            18.0,
            15.0,
            22.0,
            26.0,
            14.0,
            13.0,
            16.0
        ],
        "max": [
            206.0,
            135.0,
            156.0,
            175.0,
            140.0,
            167.0,
            143.0,
            160.0
        ],
        "RawIntDen": [
            4549.0,
            5383.0,
            5144.0,
            6492.0,
            5829.0,
            5850.0,
            4821.0,
            5340.0
        ],
        "IntDen": [
            20.860171392769463,
            24.68461257579205,
            23.588639622863514,
            29.770110503816085,
            26.729817333139856,
            26.826116211849058,
            22.107471155098175,
            24.48742915748273
        ],
        "FlagUp": 0,
        "Times": [
            -15,
            -10,
            -5,
            2,
            10,
            20,
            30,
            40
        ],
        "width": 0,
        "height": 0,
        "area": 0.36685287127314953,
        "distance": 1.5734523344103928,
        "xpert": [
            [
                276.0,
                134.2
            ],
            [
                272.6,
                132.4
            ],
            [
                270.4,
                129.0
            ],
            [
                272.0,
                125.0
            ],
            [
                276.0,
                125.2
            ],
            [
                279.2,
                125.8
            ],
            [
                283.2,
                129.0
            ],
            [
                280.4,
                133.4
            ]
        ],
        "stack": 0
    },
    {
        "type": "Spine",
        "location": [
            290,
            134
        ],
        "radloc": [
            0,
            0
        ],
        "mean": [
            47.018691588785046,
            47.018691588785046,
            51.981308411214954,
            61.6822429906542,
            63.046728971962615,
            85.88785046728972,
            65.77570093457943,
            53.16822429906542
        ],
        "min": [
            11.0,
            13.0,
            12.0,
            11.0,
            19.0,
            23.0,
            12.0,
            13.0
        ],
        "max": [
            132.0,
            136.0,
            115.0,
            143.0,
            149.0,
            182.0,
            163.0,
            140.0
        ],
        "RawIntDen": [
            5031.0,
            5031.0,
            5562.0,
            6600.0,
            6746.0,
            9190.0,
            7038.0,
            5689.0
        ],
        "IntDen": [
            23.05728867893778,
            23.05728867893778,
            25.49088444290438,
            30.248082941957733,
            30.917207200976797,
            42.11816397524115,
            32.255455719014925,
            26.072930887393568
        ],
        "FlagUp": 0,
        "Times": [
            -15,
            -10,
            -5,
            2,
            10,
            20,
            30,
            40
        ],
        "width": 0,
        "height": 0,
        "area": 0.4903855870893148,
        "distance": 0.6157405044914906,
        "xpert": [
            [
                290.0,
                139.0
            ],
            [
                286.4,
                137.6
            ],
            [
                283.8,
                134.0
            ],
            [
                284.2,
                128.2
            ],
            [
                290.0,
                128.8
            ],
            [
                294.8,
                129.2
            ],
            [
                297.8,
                134.0
            ],
            [
                293.8,
                137.8
            ]
        ],
        "stack": 0
    },
    {
        "type": "Spine",
        "location": [
            221,
            87
        ],
        "radloc": [
            0,
            0
        ],
        "mean": [
            65.94915254237289,
            88.61016949152543,
            70.27966101694915,
            70.12711864406779,
            61.47457627118644,
            67.47457627118644,
            76.09322033898304,
            87.13559322033899
        ],
        "min": [
            19.0,
            31.0,
            15.0,
            15.0,
            13.0,
            16.0,
            22.0,
            29.0
        ],
        "max": [
            125.0,
            175.0,
            149.0,
            148.0,
            127.0,
            171.0,
            136.0,
            144.0
        ],
        "RawIntDen": [
            7782.0,
            10456.0,
            8293.0,
            8275.0,
            7254.0,
            7962.0,
            8979.0,
            10282.0
        ],
        "IntDen": [
            35.48669884942409,
            47.680406472574944,
            37.81690999206809,
            37.734828190565956,
            33.07896600536139,
            36.307516864445454,
            40.94513864931622,
            46.886949058054284
        ],
        "FlagUp": 0,
        "Times": [
            -15,
            -10,
            -5,
            2,
            10,
            20,
            30,
            40
        ],
        "width": 0,
        "height": 0,
        "area": 0.5380918098473454,
        "distance": 5.738825842208016,
        "xpert": [
            [
                221.0,
                92.6
            ],
            [
                216.0,
                92.0
            ],
            [
                216.2,
                87.0
            ],
            [
                217.6,
                83.6
            ],
            [
                221.0,
                82.2
            ],
            [
                226.0,
                82.0
            ],
            [
                231.0,
                87.0
            ],
            [
                226.0,
                92.0
            ]
        ],
        "stack": 0
    },
    {
        "type": "Spine",
        "location": [
            230,
            96
        ],
        "radloc": [
            0,
            0
        ],
        "mean": [
            136.70348837209303,
            121.69767441860465,
            113.30232558139535,
            109.75581395348837,
            94.63372093023256,
            118.09302325581395,
            117.49418604651163,
            127.52906976744185
        ],
        "min": [
            31.0,
            28.0,
            32.0,
            25.0,
            25.0,
            28.0,
            21.0,
            24.0
        ],
        "max": [
            236.0,
            236.0,
            214.0,
            244.0,
            219.0,
            252.0,
            252.0,
            244.0
        ],
        "RawIntDen": [
            23513.0,
            20932.0,
            19488.0,
            18878.0,
            16277.0,
            20312.0,
            20209.0,
            21935.0
        ],
        "IntDen": [
            103.59031458717021,
            92.21930272354216,
            85.85752777930392,
            83.17007437488195,
            71.7109492848794,
            89.48779270593293,
            89.03400959010432,
            96.63818102622287
        ],
        "FlagUp": 0,
        "Times": [
            -15,
            -10,
            -5,
            2,
            10,
            20,
            30,
            40
        ],
        "width": 0,
        "height": 0,
        "area": 0.7577737468206216,
        "distance": 5.0130423322662985,
        "xpert": [
            [
                230.0,
                104.2
            ],
            [
                223.8,
                102.2
            ],
            [
                223.8,
                96.0
            ],
            [
                225.2,
                91.2
            ],
            [
                230.0,
                86.4
            ],
            [
                235.4,
                90.6
            ],
            [
                237.2,
                96.0
            ],
            [
                235.6,
                101.6
            ]
        ],
        "stack": 0
    },
    {
        "type": "Spine",
        "location": [
            242,
            101
        ],
        "radloc": [
            0,
            0
        ],
        "mean": [
            136.22764227642276,
            119.17073170731707,
            122.8130081300813,
            117.8048780487805,
            119.29268292682927,
            112.0,
            101.4959349593496,
            96.1951219512195
        ],
        "min": [
            50.0,
            43.0,
            35.0,
            21.0,
            23.0,
            29.0,
            27.0,
            22.0
        ],
        "max": [
            240.0,
            255.0,
            226.0,
            247.0,
            233.0,
            225.0,
            212.0,
            202.0
        ],
        "RawIntDen": [
            16756.0,
            14658.0,
            15106.0,
            14490.0,
            14673.0,
            13776.0,
            12484.0,
            11832.0
        ],
        "IntDen": [
            76.28059843494566,
            66.729590108584,
            68.76908092374607,
            65.96478105289823,
            66.7978766314131,
            62.71434256623368,
            56.83259673322164,
            53.864409207583975
        ],
        "FlagUp": 0,
        "Times": [
            -15,
            -10,
            -5,
            2,
            10,
            20,
            30,
            40
        ],
        "width": 0,
        "height": 0,
        "area": 0.559949487198515,
        "distance": 4.1641727299952835,
        "xpert": [
            [
                242.0,
                106.4
            ],
            [
                236.2,
                106.8
            ],
            [
                234.4,
                101.0
            ],
            [
                237.8,
                96.8
            ],
            [
                242.0,
                95.8
            ],
            [
                246.0,
                97.0
            ],
            [
                250.6,
                101.0
            ],
            [
                246.6,
                105.6
            ]
        ],
        "stack": 0
    },
    {
        "type": "Spine",
        "location": [
            199,
            76
        ],
        "radloc": [
            0,
            0
        ],
        "mean": [
            57.08653846153846,
            59.55769230769231,
            82.5673076923077,
            62.00961538461539,
            56.07692307692308,
            55.32692307692308,
            61.40384615384615,
            67.25
        ],
        "min": [
            10.0,
            11.0,
            14.0,
            7.0,
            11.0,
            13.0,
            14.0,
            8.0
        ],
        "max": [
            130.0,
            125.0,
            199.0,
            136.0,
            124.0,
            113.0,
            119.0,
            157.0
        ],
        "RawIntDen": [
            5937.0,
            6194.0,
            8587.0,
            6449.0,
            5832.0,
            5754.0,
            6386.0,
            6994.0
        ],
        "IntDen": [
            27.146206263789217,
            28.321307326580833,
            39.26300710580394,
            29.48726363401999,
            26.66610660778486,
            26.309461149038768,
            29.199203840417372,
            31.979209467566413
        ],
        "FlagUp": 0,
        "Times": [
            -15,
            -10,
            -5,
            2,
            10,
            20,
            30,
            40
        ],
        "width": 0,
        "height": 0,
        "area": 0.4755272783281251,
        "distance": 7.60787647536978,
        "xpert": [
            [
                199.0,
                81.4
            ],
            [
                194.6,
                80.4
            ],
            [
                191.4,
                76.0
            ],
            [
                194.8,
                71.8
            ],
            [
                199.0,
                70.8
            ],
            [
                202.4,
                72.6
            ],
            [
                205.0,
                76.0
            ],
            [
                204.6,
                81.6
            ]
        ],
        "stack": 0
    },
    {
        "type": "Spine",
        "location": [
            197,
            91
        ],
        "radloc": [
            0,
            0
        ],
        "mean": [
            56.72185430463576,
            57.11258278145695,
            44.47019867549669,
            41.09933774834437,
            49.90066225165563,
            54.24503311258278,
            61.89403973509934,
            78.19867549668874
        ],
        "min": [
            14.0,
            17.0,
            10.0,
            9.0,
            10.0,
            13.0,
            23.0,
            28.0
        ],
        "max": [
            122.0,
            131.0,
            97.0,
            115.0,
            109.0,
            123.0,
            141.0,
            157.0
        ],
        "RawIntDen": [
            8565.0,
            8624.0,
            6715.0,
            6206.0,
            7535.0,
            8191.0,
            9346.0,
            11808.0
        ],
        "IntDen": [
            42.19874555240828,
            42.489431598828844,
            33.08401358837381,
            30.57623057772864,
            37.12405694540531,
            40.3560916310305,
            46.046640505873654,
            58.17662434125359
        ],
        "FlagUp": 0,
        "Times": [
            -15,
            -10,
            -5,
            2,
            10,
            20,
            30,
            40
        ],
        "width": 0,
        "height": 0,
        "area": 0.7439592035509225,
        "distance": 7.372761921686367,
        "xpert": [
            [
                197.0,
                96.8
            ],
            [
                191.0,
                97.0
            ],
            [
                190.0,
                91.0
            ],
            [
                191.8,
                85.8
            ],
            [
                197.0,
                85.6
            ],
            [
                200.8,
                87.2
            ],
            [
                209.8,
                91.0
            ],
            [
                202.2,
                96.2
            ]
        ],
        "stack": 0
    },
    {
        "type": "Spine",
        "location": [
            197,
            114
        ],
        "radloc": [
            0,
            0
        ],
        "mean": [
            93.39375,
            59.3125,
            65.0,
            77.23125,
            72.9,
            65.9875,
            66.66875,
            80.50625
        ],
        "min": [
            16.0,
            17.0,
            16.0,
            15.0,
            17.0,
            16.0,
            11.0,
            25.0
        ],
        "max": [
            207.0,
            126.0,
            153.0,
            183.0,
            145.0,
            143.0,
            168.0,
            165.0
        ],
        "RawIntDen": [
            14943.0,
            9490.0,
            10400.0,
            12357.0,
            11664.0,
            10558.0,
            10667.0,
            12881.0
        ],
        "IntDen": [
            66.0176911186396,
            41.92651333171985,
            45.946863925172444,
            54.59282668493807,
            51.53117507915495,
            46.64490281942025,
            47.12646129709755,
            56.907841751937134
        ],
        "FlagUp": 0,
        "Times": [
            -15,
            -10,
            -5,
            2,
            10,
            20,
            30,
            40
        ],
        "width": 0,
        "height": 0,
        "area": 0.7068748296180376,
        "distance": 7.2131923721372955,
        "xpert": [
            [
                197.0,
                121.6
            ],
            [
                192.2,
                118.8
            ],
            [
                188.4,
                114.0
            ],
            [
                191.6,
                108.6
            ],
            [
                197.0,
                108.2
            ],
            [
                202.2,
                108.8
            ],
            [
                205.6,
                114.0
            ],
            [
                202.6,
                119.6
            ]
        ],
        "stack": 0
    },
    {
        "type": "Spine",
        "location": [
            216,
            114
        ],
        "radloc": [
            0,
            0
        ],
        "mean": [
            32.783018867924525,
            36.22641509433962,
            46.320754716981135,
            47.801886792452834,
            41.43396226415094,
            38.764150943396224,
            44.72641509433962,
            42.20754716981132
        ],
        "min": [
            10.0,
            11.0,
            11.0,
            15.0,
            12.0,
            13.0,
            13.0,
            12.0
        ],
        "max": [
            127.0,
            120.0,
            132.0,
            125.0,
            105.0,
            94.0,
            108.0,
            106.0
        ],
        "RawIntDen": [
            3475.0,
            3840.0,
            4910.0,
            5067.0,
            4392.0,
            4109.0,
            4741.0,
            4474.0
        ],
        "IntDen": [
            16.83716244097993,
            18.60567015060804,
            23.790062614449347,
            24.55076319091952,
            21.280235234757946,
            19.909036106470946,
            22.97121931875852,
            21.677543816099057
        ],
        "FlagUp": 0,
        "Times": [
            -15,
            -10,
            -5,
            2,
            10,
            20,
            30,
            40
        ],
        "width": 0,
        "height": 0,
        "area": 0.5135940197824095,
        "distance": 5.598762357833297,
        "xpert": [
            [
                216.0,
                119.4
            ],
            [
                212.4,
                117.6
            ],
            [
                208.8,
                114.0
            ],
            [
                211.0,
                109.0
            ],
            [
                216.0,
                110.2
            ],
            [
                219.2,
                110.8
            ],
            [
                226.2,
                114.0
            ],
            [
                220.4,
                118.4
            ]
        ],
        "stack": 0
    },
    {
        "type": "Spine",
        "location": [
            156,
            98
        ],
        "radloc": [
            0,
            0
        ],
        "mean": [
            56.12871287128713,
            47.40594059405941,
            41.24752475247525,
            40.46534653465346,
            39.584158415841586,
            24.03960396039604,
            42.277227722772274,
            61.73267326732673
        ],
        "min": [
            10.0,
            17.0,
            12.0,
            12.0,
            14.0,
            8.0,
            9.0,
            12.0
        ],
        "max": [
            117.0,
            102.0,
            84.0,
            82.0,
            93.0,
            61.0,
            91.0,
            138.0
        ],
        "RawIntDen": [
            5669.0,
            4788.0,
            4166.0,
            4087.0,
            3998.0,
            2428.0,
            4270.0,
            6235.0
        ],
        "IntDen": [
            25.946357236416286,
            21.914122146403457,
            19.06730009647385,
            18.70572623482684,
            18.29838352993338,
            11.11267514023968,
            19.543296066236998,
            28.536873764165737
        ],
        "FlagUp": 0,
        "Times": [
            -15,
            -10,
            -5,
            2,
            10,
            20,
            30,
            40
        ],
        "width": 0,
        "height": 0,
        "area": 0.4622653167892124,
        "distance": 9.673635892358215,
        "xpert": [
            [
                156.0,
                102.2
            ],
            [
                151.4,
                102.6
            ],
            [
                150.8,
                98.0
            ],
            [
                152.4,
                94.4
            ],
            [
                156.0,
                89.4
            ],
            [
                160.4,
                93.6
            ],
            [
                162.6,
                98.0
            ],
            [
                160.0,
                102.0
            ]
        ],
        "stack": 0
    },
    {
        "type": "Spine",
        "location": [
            127,
            121
        ],
        "radloc": [
            0,
            0
        ],
        "mean": [
            100.15428571428572,
            91.82285714285715,
            91.95428571428572,
            84.64,
            76.95428571428572,
            66.69142857142857,
            94.86285714285714,
            91.05714285714286
        ],
        "min": [
            17.0,
            18.0,
            20.0,
            16.0,
            16.0,
            13.0,
            28.0,
            27.0
        ],
        "max": [
            217.0,
            192.0,
            182.0,
            177.0,
            165.0,
            140.0,
            211.0,
            193.0
        ],
        "RawIntDen": [
            17527.0,
            16069.0,
            16092.0,
            14812.0,
            13467.0,
            11671.0,
            16601.0,
            15935.0
        ],
        "IntDen": [
            78.39089190025847,
            71.86987173761929,
            71.97274105431387,
            66.24783995131102,
            60.232221214171325,
            52.19946935402046,
            74.24928375855484,
            71.27054615339868
        ],
        "FlagUp": 0,
        "Times": [
            -15,
            -10,
            -5,
            2,
            10,
            20,
            30,
            40
        ],
        "width": 0,
        "height": 0,
        "area": 0.78270132267617,
        "distance": 11.780092794345967,
        "xpert": [
            [
                127.0,
                128.2
            ],
            [
                120.6,
                127.4
            ],
            [
                118.8,
                121.0
            ],
            [
                121.8,
                115.8
            ],
            [
                127.0,
                115.2
            ],
            [
                133.8,
                114.2
            ],
            [
                134.2,
                121.0
            ],
            [
                133.2,
                127.2
            ]
        ],
        "stack": 0
    },
    {
        "type": "Spine",
        "location": [
            106,
            123
        ],
        "radloc": [
            0,
            0
        ],
        "mean": [
            95.3,
            89.18823529411765,
            87.14117647058823,
            77.17058823529412,
            92.55294117647058,
            92.01764705882353,
            130.28823529411764,
            127.29411764705883
        ],
        "min": [
            24.0,
            25.0,
            25.0,
            22.0,
            24.0,
            20.0,
            25.0,
            24.0
        ],
        "max": [
            217.0,
            163.0,
            179.0,
            171.0,
            181.0,
            200.0,
            232.0,
            247.0
        ],
        "RawIntDen": [
            16201.0,
            15162.0,
            14814.0,
            13119.0,
            15734.0,
            15643.0,
            22149.0,
            21640.0
        ],
        "IntDen": [
            72.49084571982449,
            67.84187413147207,
            66.28475948975249,
            58.70053731241143,
            70.40126946211458,
            69.99409293223964,
            99.10497758461777,
            96.82747369773483
        ],
        "FlagUp": 0,
        "Times": [
            -15,
            -10,
            -5,
            2,
            10,
            20,
            30,
            40
        ],
        "width": 0,
        "height": 0,
        "area": 0.7606594514147376,
        "distance": 13.166471397527516,
        "xpert": [
            [
                106.0,
                131.0
            ],
            [
                100.4,
                128.6
            ],
            [
                97.8,
                123.0
            ],
            [
                101.2,
                118.2
            ],
            [
                106.0,
                117.8
            ],
            [
                112.0,
                117.0
            ],
            [
                114.0,
                123.0
            ],
            [
                112.8,
                129.8
            ]
        ],
        "stack": 0
    },
    {
        "type": "Spine",
        "location": [
            67,
            104
        ],
        "radloc": [
            0,
            0
        ],
        "mean": [
            75.1880341880342,
            47.39316239316239,
            46.73504273504273,
            42.77777777777778,
            42.11965811965812,
            43.51282051282051,
            47.43589743589744,
            47.1965811965812
        ],
        "min": [
            18.0,
            15.0,
            9.0,
            11.0,
            10.0,
            9.0,
            8.0,
            12.0
        ],
        "max": [
            155.0,
            95.0,
            112.0,
            108.0,
            123.0,
            113.0,
            105.0,
            131.0
        ],
        "RawIntDen": [
            8797.0,
            5545.0,
            5468.0,
            5005.0,
            4928.0,
            5091.0,
            5550.0,
            5522.0
        ],
        "IntDen": [
            40.11183594455195,
            25.28363422900313,
            24.932535971900652,
            22.821386711661077,
            22.4702884545586,
            23.21352242738592,
            25.30643281712667,
            25.17876072363486
        ],
        "FlagUp": 0,
        "Times": [
            -15,
            -10,
            -5,
            2,
            10,
            20,
            30,
            40
        ],
        "width": 0,
        "height": 0,
        "area": 0.5334869620907784,
        "distance": 15.577390604973152,
        "xpert": [
            [
                67.0,
                112.2
            ],
            [
                62.0,
                109.0
            ],
            [
                62.0,
                104.0
            ],
            [
                63.6,
                100.6
            ],
            [
                67.0,
                99.2
            ],
            [
                70.4,
                100.6
            ],
            [
                73.6,
                104.0
            ],
            [
                73.8,
                110.8
            ]
        ],
        "stack": 0
    },
    {
        "type": "Spine",
        "location": [
            12,
            112
        ],
        "radloc": [
            0,
            0
        ],
        "mean": [
            40.69178082191781,
            43.897260273972606,
            47.773972602739725,
            39.36986301369863,
            47.26712328767123,
            50.226027397260275,
            67.63698630136986,
            62.71232876712329
        ],
        "min": [
            8.0,
            10.0,
            12.0,
            10.0,
            9.0,
            7.0,
            10.0,
            8.0
        ],
        "max": [
            136.0,
            134.0,
            117.0,
            101.0,
            153.0,
            140.0,
            164.0,
            176.0
        ],
        "RawIntDen": [
            5941.0,
            6409.0,
            6975.0,
            5748.0,
            6901.0,
            7333.0,
            9875.0,
            9156.0
        ],
        "IntDen": [
            26.38302735249471,
            28.461340229277663,
            30.97485537513055,
            25.525945332795754,
            30.646233253587948,
            32.5646759090799,
            43.85328986801637,
            40.66032628167675
        ],
        "FlagUp": 0,
        "Times": [
            -15,
            -10,
            -5,
            2,
            10,
            20,
            30,
            40
        ],
        "width": 0,
        "height": 0,
        "area": 0.6483625641245965,
        "distance": 19.23276995422394,
        "xpert": [
            [
                12.0,
                118.6
            ],
            [
                6.0,
                118.0
            ],
            [
                3.8,
                112.0
            ],
            [
                5.2,
                105.2
            ],
            [
                12.0,
                104.8
            ],
            [
                16.6,
                107.4
            ],
            [
                17.2,
                112.0
            ],
            [
                15.6,
                115.6
            ]
        ],
        "stack": 0
    },
    {
        "type": "Spine",
        "location": [
            344,
            135
        ],
        "radloc": [
            0,
            0
        ],
        "mean": [
            52.25925925925926,
            54.096296296296295,
            58.60740740740741,
            54.629629629629626,
            47.51111111111111,
            33.77777777777778,
            34.91851851851852,
            40.65925925925926
        ],
        "min": [
            6.0,
            13.0,
            13.0,
            15.0,
            11.0,
            6.0,
            5.0,
            6.0
        ],
        "max": [
            133.0,
            128.0,
            144.0,
            138.0,
            117.0,
            109.0,
            114.0,
            119.0
        ],
        "RawIntDen": [
            7055.0,
            7303.0,
            7912.0,
            7375.0,
            6414.0,
            4560.0,
            4714.0,
            5489.0
        ],
        "IntDen": [
            31.017656426524887,
            32.10800069212066,
            34.785499312071565,
            32.424552253100074,
            28.199468223916462,
            20.048265528696454,
            20.725334145235763,
            24.132659975222552
        ],
        "FlagUp": 0,
        "Times": [
            -15,
            -10,
            -5,
            2,
            10,
            20,
            30,
            40
        ],
        "width": 0,
        "height": 0,
        "area": 0.5935341768364082,
        "distance": 2.790666629818961,
        "xpert": [
            [
                344.0,
                141.6
            ],
            [
                340.0,
                139.0
            ],
            [
                338.6,
                135.0
            ],
            [
                338.8,
                129.8
            ],
            [
                344.0,
                129.2
            ],
            [
                349.6,
                129.4
            ],
            [
                352.8,
                135.0
            ],
            [
                349.2,
                140.2
            ]
        ],
        "stack": 0
    },
    {
        "type": "Spine",
        "location": [
            358,
            126
        ],
        "radloc": [
            0,
            0
        ],
        "mean": [
            74.95689655172414,
            51.077586206896555,
            49.956896551724135,
            59.13793103448276,
            45.293103448275865,
            36.28448275862069,
            32.43103448275862,
            33.36206896551724
        ],
        "min": [
            17.0,
            13.0,
            15.0,
            13.0,
            11.0,
            8.0,
            6.0,
            9.0
        ],
        "max": [
            145.0,
            120.0,
            122.0,
            125.0,
            103.0,
            114.0,
            117.0,
            115.0
        ],
        "RawIntDen": [
            8695.0,
            5925.0,
            5795.0,
            6860.0,
            5254.0,
            4209.0,
            3762.0,
            3870.0
        ],
        "IntDen": [
            38.84718110863201,
            26.47148338914832,
            25.8906744709054,
            30.648839839587758,
            23.473615818832958,
            18.804805668341817,
            16.807716541768094,
            17.290234720000672
        ],
        "FlagUp": 0,
        "Times": [
            -15,
            -10,
            -5,
            2,
            10,
            20,
            30,
            40
        ],
        "width": 0,
        "height": 0,
        "area": 0.5182602655090641,
        "distance": 3.6917869993307506,
        "xpert": [
            [
                358.0,
                131.6
            ],
            [
                353.0,
                131.0
            ],
            [
                350.4,
                126.0
            ],
            [
                354.6,
                122.6
            ],
            [
                358.0,
                121.2
            ],
            [
                364.4,
                119.6
            ],
            [
                364.2,
                126.0
            ],
            [
                362.0,
                130.0
            ]
        ],
        "stack": 0
    },
    {
        "type": "Spine",
        "location": [
            374,
            125
        ],
        "radloc": [
            0,
            0
        ],
        "mean": [
            30.35483870967742,
            41.053763440860216,
            41.83870967741935,
            35.18279569892473,
            49.39784946236559,
            39.26881720430107,
            24.161290322580644,
            35.494623655913976
        ],
        "min": [
            9.0,
            11.0,
            12.0,
            9.0,
            17.0,
            8.0,
            7.0,
            8.0
        ],
        "max": [
            81.0,
            102.0,
            89.0,
            83.0,
            109.0,
            106.0,
            58.0,
            87.0
        ],
        "RawIntDen": [
            2823.0,
            3818.0,
            3891.0,
            3272.0,
            4594.0,
            3652.0,
            2247.0,
            3301.0
        ],
        "IntDen": [
            12.73856364971258,
            17.228422251010496,
            17.5578289624625,
            14.764640546177668,
            20.730060717952387,
            16.47936041401004,
            10.139409323735093,
            14.895500746617508
        ],
        "FlagUp": 0,
        "Times": [
            -15,
            -10,
            -5,
            2,
            10,
            20,
            30,
            40
        ],
        "width": 0,
        "height": 0,
        "area": 0.4196551255484484,
        "distance": 4.690649998427352,
        "xpert": [
            [
                374.0,
                130.2
            ],
            [
                370.8,
                128.2
            ],
            [
                369.4,
                125.0
            ],
            [
                368.6,
                119.6
            ],
            [
                374.0,
                118.0
            ],
            [
                378.6,
                120.4
            ],
            [
                379.4,
                125.0
            ],
            [
                377.6,
                128.6
            ]
        ],
        "stack": 0
    },
    {
        "type": "Spine",
        "location": [
            363,
            104
        ],
        "radloc": [
            0,
            0
        ],
        "mean": [
            32.35,
            34.01,
            41.14,
            31.26,
            31.68,
            64.38,
            56.77,
            47.17
        ],
        "min": [
            6.0,
            8.0,
            7.0,
            6.0,
            7.0,
            14.0,
            10.0,
            9.0
        ],
        "max": [
            103.0,
            98.0,
            102.0,
            83.0,
            87.0,
            150.0,
            141.0,
            101.0
        ],
        "RawIntDen": [
            3235.0,
            3401.0,
            4114.0,
            3126.0,
            3168.0,
            6438.0,
            5677.0,
            4717.0
        ],
        "IntDen": [
            14.251159584485348,
            14.982440107213188,
            18.12342211145988,
            13.77098140992309,
            13.956004192781942,
            28.361349429649664,
            25.00891281642143,
            20.779820636790536
        ],
        "FlagUp": 0,
        "Times": [
            -15,
            -10,
            -5,
            2,
            10,
            20,
            30,
            40
        ],
        "width": 0,
        "height": 0,
        "area": 0.44053043537821784,
        "distance": 4.5521010538478786,
        "xpert": [
            [
                363.0,
                110.2
            ],
            [
                357.8,
                109.2
            ],
            [
                358.0,
                104.0
            ],
            [
                359.6,
                100.6
            ],
            [
                363.0,
                99.2
            ],
            [
                367.0,
                100.0
            ],
            [
                370.0,
                104.0
            ],
            [
                367.6,
                108.6
            ]
        ],
        "stack": 0
    },
    {
        "type": "Spine",
        "location": [
            408,
            132
        ],
        "radloc": [
            0,
            0
        ],
        "mean": [
            59.542682926829265,
            52.13414634146341,
            55.16463414634146,
            68.0,
            67.0548780487805,
            58.90243902439025,
            43.676829268292686,
            61.23170731707317
        ],
        "min": [
            11.0,
            15.0,
            15.0,
            13.0,
            15.0,
            9.0,
            6.0,
            7.0
        ],
        "max": [
            134.0,
            107.0,
            128.0,
            160.0,
            131.0,
            167.0,
            151.0,
            178.0
        ],
        "RawIntDen": [
            9765.0,
            8550.0,
            9047.0,
            11152.0,
            10997.0,
            9660.0,
            7163.0,
            10042.0
        ],
        "IntDen": [
            43.36144220201871,
            37.966239716053245,
            40.17316616504488,
            49.52040997817846,
            48.83213311782896,
            42.89519013533034,
            31.8072719398935,
            44.59145955890137
        ],
        "FlagUp": 0,
        "Times": [
            -15,
            -10,
            -5,
            2,
            10,
            20,
            30,
            40
        ],
        "width": 0,
        "height": 0,
        "area": 0.7282413232085068,
        "distance": 7.812191526698275,
        "xpert": [
            [
                408.0,
                139.6
            ],
            [
                404.4,
                135.6
            ],
            [
                402.8,
                132.0
            ],
            [
                402.0,
                126.0
            ],
            [
                408.0,
                123.4
            ],
            [
                414.2,
                125.8
            ],
            [
                416.0,
                132.0
            ],
            [
                414.2,
                138.2
            ]
        ],
        "stack": 0
    },
    {
        "type": "Spine",
        "location": [
            413,
            103
        ],
        "radloc": [
            0,
            0
        ],
        "mean": [
            27.96825396825397,
            31.126984126984127,
            32.285714285714285,
            38.25396825396825,
            21.6984126984127,
            32.06349206349206,
            42.56349206349206,
            34.75396825396825
        ],
        "min": [
            6.0,
            8.0,
            9.0,
            13.0,
            7.0,
            9.0,
            10.0,
            10.0
        ],
        "max": [
            84.0,
            74.0,
            70.0,
            101.0,
            53.0,
            72.0,
            133.0,
            85.0
        ],
        "RawIntDen": [
            3524.0,
            3922.0,
            4068.0,
            4820.0,
            2734.0,
            4040.0,
            5363.0,
            4379.0
        ],
        "IntDen": [
            15.578384154375513,
            17.337804385204528,
            17.98321984676492,
            21.307551539185575,
            12.086067615795304,
            17.859441539068406,
            23.70796657772868,
            19.358043192965486
        ],
        "FlagUp": 0,
        "Times": [
            -15,
            -10,
            -5,
            2,
            10,
            20,
            30,
            40
        ],
        "width": 0,
        "height": 0,
        "area": 0.5570023846343117,
        "distance": 7.465066524575643,
        "xpert": [
            [
                413.0,
                110.4
            ],
            [
                409.6,
                106.4
            ],
            [
                408.0,
                103.0
            ],
            [
                409.8,
                99.8
            ],
            [
                413.0,
                97.6
            ],
            [
                417.8,
                98.2
            ],
            [
                420.4,
                103.0
            ],
            [
                420.4,
                110.4
            ]
        ],
        "stack": 0
    },
    {
        "type": "Spine",
        "location": [
            469,
            130
        ],
        "radloc": [
            0,
            0
        ],
        "mean": [
            91.92517006802721,
            83.31972789115646,
            97.74829931972789,
            77.36054421768708,
            85.0,
            83.80952380952381,
            46.08163265306123,
            41.625850340136054
        ],
        "min": [
            18.0,
            13.0,
            27.0,
            15.0,
            8.0,
            8.0,
            6.0,
            7.0
        ],
        "max": [
            211.0,
            195.0,
            208.0,
            201.0,
            197.0,
            202.0,
            176.0,
            142.0
        ],
        "RawIntDen": [
            13513.0,
            12248.0,
            14369.0,
            11372.0,
            12495.0,
            12320.0,
            6774.0,
            6119.0
        ],
        "IntDen": [
            61.56495752995711,
            55.801642849619974,
            65.46487639665165,
            51.81060438323632,
            56.926969905780666,
            56.12967340850082,
            30.86220841470654,
            27.878041524887706
        ],
        "FlagUp": 0,
        "Times": [
            -15,
            -10,
            -5,
            2,
            10,
            20,
            30,
            40
        ],
        "width": 0,
        "height": 0,
        "area": 0.6697290577150666,
        "distance": 11.353986302804694,
        "xpert": [
            [
                469.0,
                135.8
            ],
            [
                465.4,
                133.6
            ],
            [
                463.2,
                130.0
            ],
            [
                463.0,
                124.0
            ],
            [
                469.0,
                120.8
            ],
            [
                474.4,
                124.6
            ],
            [
                475.8,
                130.0
            ],
            [
                475.4,
                136.4
            ]
        ],
        "stack": 0
    },
    {
        "type": "Spine",
        "location": [
            488,
            86
        ],
        "radloc": [
            0,
            0
        ],
        "mean": [
            39.95454545454545,
            65.63636363636364,
            61.16883116883117,
            64.31168831168831,
            65.31818181818181,
            72.5909090909091,
            53.87662337662338,
            54.92857142857143
        ],
        "min": [
            4.0,
            7.0,
            7.0,
            8.0,
            9.0,
            17.0,
            10.0,
            10.0
        ],
        "max": [
            189.0,
            167.0,
            181.0,
            174.0,
            170.0,
            169.0,
            164.0,
            147.0
        ],
        "RawIntDen": [
            6153.0,
            10108.0,
            9420.0,
            9904.0,
            10059.0,
            11179.0,
            8297.0,
            8459.0
        ],
        "IntDen": [
            28.046612271713588,
            46.07429820290606,
            42.93825574509052,
            45.14442514855378,
            45.85094634181163,
            50.95613173825552,
            37.81939574490617,
            38.5578243468918
        ],
        "FlagUp": 0,
        "Times": [
            -15,
            -10,
            -5,
            2,
            10,
            20,
            30,
            40
        ],
        "width": 0,
        "height": 0,
        "area": 0.7019629920110341,
        "distance": 13.352519070681298,
        "xpert": [
            [
                488.0,
                91.8
            ],
            [
                483.6,
                90.4
            ],
            [
                480.4,
                86.0
            ],
            [
                482.0,
                80.0
            ],
            [
                488.0,
                78.0
            ],
            [
                493.6,
                80.4
            ],
            [
                494.0,
                86.0
            ],
            [
                494.8,
                92.8
            ]
        ],
        "stack": 0
    },
    {
        "type": "Spine",
        "location": [
            489,
            115
        ],
        "radloc": [
            0,
            0
        ],
        "mean": [
            78.91803278688525,
            65.64754098360656,
            54.80327868852459,
            50.35245901639344,
            51.549180327868854,
            49.85245901639344,
            40.07377049180328,
            33.131147540983605
        ],
        "min": [
            22.0,
            13.0,
            10.0,
            13.0,
            12.0,
            9.0,
            6.0,
            7.0
        ],
        "max": [
            162.0,
            135.0,
            115.0,
            105.0,
            131.0,
            146.0,
            161.0,
            126.0
        ],
        "RawIntDen": [
            9628.0,
            8009.0,
            6686.0,
            6143.0,
            6289.0,
            6082.0,
            4889.0,
            4042.0
        ],
        "IntDen": [
            42.89154290933197,
            35.67909920656832,
            29.785298700851012,
            27.366301214377465,
            28.01671306156925,
            27.09455379876994,
            21.779887129593266,
            18.006607440747796
        ],
        "FlagUp": 0,
        "Times": [
            -15,
            -10,
            -5,
            2,
            10,
            20,
            30,
            40
        ],
        "width": 0,
        "height": 0,
        "area": 0.5434948312150498,
        "distance": 12.646996041244805,
        "xpert": [
            [
                489.0,
                120.4
            ],
            [
                485.2,
                118.8
            ],
            [
                482.8,
                115.0
            ],
            [
                484.8,
                110.8
            ],
            [
                489.0,
                108.8
            ],
            [
                495.6,
                108.4
            ],
            [
                495.2,
                115.0
            ],
            [
                494.4,
                120.4
            ]
        ],
        "stack": 0
    }
]