[
    {
        "type": "Stim",
        "location": [
            98,
            281
        ],
        "radloc": [
            0,
            0
        ],
        "mean": [
            58.712418300653596,
            54.64705882352941,
            53.849673202614376,
            110.38562091503267,
            92.93464052287581,
            70.81699346405229,
            84.99346405228758,
            58.77124183006536
        ],
        "min": [
            8.0,
            9.0,
            8.0,
            31.0,
            10.0,
            10.0,
            13.0,
            10.0
        ],
        "max": [
            155.0,
            166.0,
            170.0,
            215.0,
            226.0,
            185.0,
            228.0,
            135.0
        ],
        "RawIntDen": [
            8983.0,
            8361.0,
            8239.0,
            16889.0,
            14219.0,
            10835.0,
            13004.0,
            8992.0
        ],
        "IntDen": [
            6204.802109585853,
            5775.1698138981765,
            5690.9010999530055,
            11665.69106409835,
            9821.449537593371,
            7484.0288163600935,
            8982.216033959083,
            6211.018654057219
        ],
        "FlagUp": 0,
        "Times": [
            -15,
            -10,
            -5,
            2,
            10,
            20,
            30,
            40
        ],
        "width": 0,
        "height": 0,
        "area": 0.690727163485011,
        "distance": 0,
        "xpert": [
            [
                98.0,
                287.8
            ],
            [
                90.8,
                288.2
            ],
            [
                90.6,
                281.0
            ],
            [
                91.2,
                274.2
            ],
            [
                98.0,
                274.2
            ],
            [
                102.4,
                276.6
            ],
            [
                103.4,
                281.0
            ],
            [
                102.4,
                285.4
            ]
        ],
        "stack": 0
    },
    {
        "type": "Spine",
        "location": [
            11,
            248
        ],
        "radloc": [
            0,
            0
        ],
        "mean": [
            68.01098901098901,
            81.8076923076923,
            81.63186813186813,
            93.28571428571429,
            88.83516483516483,
            96.76923076923077,
            76.67582417582418,
            73.14835164835165
        ],
        "min": [
            5.0,
            6.0,
            11.0,
            9.0,
            8.0,
            12.0,
            10.0,
            7.0
        ],
        "max": [
            230.0,
            239.0,
            208.0,
            245.0,
            239.0,
            224.0,
            199.0,
            202.0
        ],
        "RawIntDen": [
            12378.0,
            14889.0,
            14857.0,
            16978.0,
            16168.0,
            17612.0,
            13955.0,
            13313.0
        ],
        "IntDen": [
            9837.993834613157,
            11833.72840552232,
            11808.294910393251,
            13494.058759416883,
            12850.273413962313,
            13997.95988166157,
            11091.38826644261,
            10581.128770415653
        ],
        "FlagUp": 0,
        "Times": [
            -15,
            -10,
            -5,
            2,
            10,
            20,
            30,
            40
        ],
        "width": 0,
        "height": 0,
        "area": 0.7947967227834187,
        "distance": 5.9780627846228676,
        "xpert": [
            [
                11.0,
                256.6
            ],
            [
                4.8,
                254.2
            ],
            [
                1.4,
                248.0
            ],
            [
                5.4,
                242.4
            ],
            [
                11.0,
                240.8
            ],
            [
                15.6,
                243.4
            ],
            [
                17.0,
                248.0
            ],
            [
                17.4,
                254.4
            ]
        ],
        "stack": 0
    },
    {
        "type": "Spine",
        "location": [
            33,
            288
        ],
        "radloc": [
            0,
            0
        ],
        "mean": [
            121.29677419354839,
            114.3225806451613,
            79.70322580645161,
            80.45806451612903,
            66.45806451612903,
            63.42580645161291,
            62.52903225806452,
            58.961290322580645
        ],
        "min": [
            17.0,
            15.0,
            19.0,
            11.0,
            6.0,
            7.0,
            9.0,
            11.0
        ],
        "max": [
            247.0,
            247.0,
            194.0,
            192.0,
            189.0,
            197.0,
            175.0,
            147.0
        ],
        "RawIntDen": [
            18801.0,
            17720.0,
            12354.0,
            12471.0,
            10301.0,
            9831.0,
            9692.0,
            9139.0
        ],
        "IntDen": [
            13295.725387826798,
            12531.261840981377,
            8736.524197713541,
            8819.264470591352,
            7284.6799223447615,
            6952.304467194578,
            6854.00619428846,
            6462.934648122393
        ],
        "FlagUp": 0,
        "Times": [
            -15,
            -10,
            -5,
            2,
            10,
            20,
            30,
            40
        ],
        "width": 0,
        "height": 0,
        "area": 0.707181819468475,
        "distance": 4.5011902529981045,
        "xpert": [
            [
                33.0,
                295.4
            ],
            [
                28.6,
                292.4
            ],
            [
                26.6,
                288.0
            ],
            [
                26.4,
                281.4
            ],
            [
                33.0,
                280.8
            ],
            [
                40.2,
                280.8
            ],
            [
                38.8,
                288.0
            ],
            [
                38.0,
                293.0
            ]
        ],
        "stack": 0
    },
    {
        "type": "Spine",
        "location": [
            39,
            266
        ],
        "radloc": [
            0,
            0
        ],
        "mean": [
            75.528,
            67.544,
            86.976,
            95.936,
            137.2,
            104.44,
            156.352,
            84.856
        ],
        "min": [
            10.0,
            12.0,
            13.0,
            15.0,
            23.0,
            19.0,
            37.0,
            10.0
        ],
        "max": [
            232.0,
            202.0,
            219.0,
            228.0,
            227.0,
            219.0,
            255.0,
            211.0
        ],
        "RawIntDen": [
            9441.0,
            8443.0,
            10872.0,
            11992.0,
            17150.0,
            13055.0,
            19544.0,
            10607.0
        ],
        "IntDen": [
            5234.893525673083,
            4681.517427948082,
            6028.3616577817775,
            6649.384933785786,
            9509.418913811394,
            7238.802560921735,
            10836.856166269965,
            5881.423114798686
        ],
        "FlagUp": 0,
        "Times": [
            -15,
            -10,
            -5,
            2,
            10,
            20,
            30,
            40
        ],
        "width": 0,
        "height": 0,
        "area": 0.5544850678607227,
        "distance": 4.1058502529981045,
        "xpert": [
            [
                39.0,
                271.2
            ],
            [
                33.8,
                271.2
            ],
            [
                29.2,
                266.0
            ],
            [
                35.0,
                262.0
            ],
            [
                39.0,
                260.4
            ],
            [
                43.2,
                261.8
            ],
            [
                44.6,
                266.0
            ],
            [
                44.2,
                271.2
            ]
        ],
        "stack": 0
    },
    {
        "type": "Spine",
        "location": [
            62,
            265
        ],
        "radloc": [
            0,
            0
        ],
        "mean": [
            161.0,
            144.07207207207207,
            165.6936936936937,
            156.11711711711712,
            168.05405405405406,
            153.63063063063063,
            159.73873873873873,
            150.9009009009009
        ],
        "min": [
            33.0,
            49.0,
            41.0,
            18.0,
            49.0,
            31.0,
            38.0,
            36.0
        ],
        "max": [
            255.0,
            255.0,
            255.0,
            255.0,
            255.0,
            243.0,
            246.0,
            243.0
        ],
        "RawIntDen": [
            17871.0,
            15992.0,
            18392.0,
            17329.0,
            18654.0,
            17053.0,
            17731.0,
            16750.0
        ],
        "IntDen": [
            8480.592101026972,
            7588.9222136211365,
            8727.829999557274,
            8223.388759369727,
            8852.160766188637,
            8092.414363987071,
            8414.15581351403,
            7948.627256012634
        ],
        "FlagUp": 0,
        "Times": [
            -15,
            -10,
            -5,
            2,
            10,
            20,
            30,
            40
        ],
        "width": 0,
        "height": 0,
        "area": 0.4745449108067244,
        "distance": 2.563087721373343,
        "xpert": [
            [
                62.0,
                270.2
            ],
            [
                56.8,
                270.2
            ],
            [
                56.4,
                265.0
            ],
            [
                58.4,
                261.4
            ],
            [
                62.0,
                258.2
            ],
            [
                66.0,
                261.0
            ],
            [
                68.2,
                265.0
            ],
            [
                67.2,
                270.2
            ]
        ],
        "stack": 0
    },
    {
        "type": "Spine",
        "location": [
            70,
            259
        ],
        "radloc": [
            0,
            0
        ],
        "mean": [
            128.83977900552486,
            132.75690607734808,
            161.51933701657458,
            145.44198895027625,
            144.96132596685084,
            130.24309392265192,
            128.38121546961327,
            105.49171270718232
        ],
        "min": [
            11.0,
            23.0,
            29.0,
            32.0,
            21.0,
            20.0,
            24.0,
            16.0
        ],
        "max": [
            255.0,
            254.0,
            255.0,
            255.0,
            255.0,
            255.0,
            235.0,
            251.0
        ],
        "RawIntDen": [
            23320.0,
            24029.0,
            29235.0,
            26325.0,
            26238.0,
            23574.0,
            23237.0,
            19094.0
        ],
        "IntDen": [
            18351.38909051677,
            18909.327978388825,
            23006.126074667995,
            20716.137127266462,
            20647.6735401792,
            18551.271287300267,
            18286.073254559953,
            15025.790021197561
        ],
        "FlagUp": 0,
        "Times": [
            -15,
            -10,
            -5,
            2,
            10,
            20,
            30,
            40
        ],
        "width": 0,
        "height": 0,
        "area": 0.7869377826122113,
        "distance": 1.6519326581238163,
        "xpert": [
            [
                70.0,
                267.4
            ],
            [
                66.0,
                263.0
            ],
            [
                63.0,
                259.0
            ],
            [
                63.0,
                252.0
            ],
            [
                70.0,
                250.6
            ],
            [
                76.0,
                253.0
            ],
            [
                78.4,
                259.0
            ],
            [
                75.0,
                264.0
            ]
        ],
        "stack": 0
    },
    {
        "type": "Spine",
        "location": [
            128,
            220
        ],
        "radloc": [
            0,
            0
        ],
        "mean": [
            83.17647058823529,
            75.42156862745098,
            125.49019607843137,
            122.33333333333333,
            91.05882352941177,
            90.36274509803921,
            80.93137254901961,
            74.52941176470588
        ],
        "min": [
            9.0,
            8.0,
            31.0,
            44.0,
            17.0,
            9.0,
            22.0,
            9.0
        ],
        "max": [
            206.0,
            165.0,
            255.0,
            211.0,
            198.0,
            201.0,
            169.0,
            162.0
        ],
        "RawIntDen": [
            8484.0,
            7693.0,
            12800.0,
            12478.0,
            9288.0,
            9217.0,
            8255.0,
            7602.0
        ],
        "IntDen": [
            4147.92971178839,
            3761.2002914648847,
            6258.074058332319,
            6100.644382802396,
            4541.014988577389,
            4506.302234035076,
            4035.968855588538,
            3716.7092962064285
        ],
        "FlagUp": 0,
        "Times": [
            -15,
            -10,
            -5,
            2,
            10,
            20,
            30,
            40
        ],
        "width": 0,
        "height": 0,
        "area": 0.4889120358072124,
        "distance": 3.9219219965085625,
        "xpert": [
            [
                128.0,
                225.0
            ],
            [
                123.6,
                224.4
            ],
            [
                122.4,
                220.0
            ],
            [
                122.0,
                214.0
            ],
            [
                128.0,
                214.2
            ],
            [
                131.6,
                216.4
            ],
            [
                133.4,
                220.0
            ],
            [
                133.6,
                225.6
            ]
        ],
        "stack": 0
    },
    {
        "type": "Spine",
        "location": [
            184,
            252
        ],
        "radloc": [
            0,
            0
        ],
        "mean": [
            75.34415584415585,
            61.16883116883117,
            48.35064935064935,
            45.81818181818182,
            57.08441558441559,
            71.29220779220779,
            71.05844155844156,
            56.422077922077925
        ],
        "min": [
            9.0,
            7.0,
            5.0,
            6.0,
            10.0,
            15.0,
            13.0,
            14.0
        ],
        "max": [
            188.0,
            164.0,
            165.0,
            167.0,
            134.0,
            187.0,
            202.0,
            150.0
        ],
        "RawIntDen": [
            11603.0,
            9420.0,
            7446.0,
            7056.0,
            8791.0,
            10979.0,
            10943.0,
            8689.0
        ],
        "IntDen": [
            8036.591697971288,
            6524.5793152537735,
            5157.3267071528235,
            4887.20081193531,
            6088.914730402965,
            7604.390265623268,
            7579.45556760319,
            6018.266419346077
        ],
        "FlagUp": 0,
        "Times": [
            -15,
            -10,
            -5,
            2,
            10,
            20,
            30,
            40
        ],
        "width": 0,
        "height": 0,
        "area": 0.6926305005577255,
        "distance": 7.226093543617182,
        "xpert": [
            [
                184.0,
                263.0
            ],
            [
                178.8,
                257.2
            ],
            [
                178.4,
                252.0
            ],
            [
                178.6,
                246.6
            ],
            [
                184.0,
                245.2
            ],
            [
                188.0,
                248.0
            ],
            [
                190.4,
                252.0
            ],
            [
                189.8,
                257.8
            ]
        ],
        "stack": 0
    },
    {
        "type": "Spine",
        "location": [
            205,
            250
        ],
        "radloc": [
            0,
            0
        ],
        "mean": [
            127.24698795180723,
            82.3855421686747,
            84.7710843373494,
            80.30722891566265,
            105.77710843373494,
            106.66265060240964,
            88.56626506024097,
            91.58433734939759
        ],
        "min": [
            36.0,
            11.0,
            13.0,
            12.0,
            25.0,
            14.0,
            18.0,
            27.0
        ],
        "max": [
            242.0,
            240.0,
            230.0,
            218.0,
            243.0,
            243.0,
            234.0,
            210.0
        ],
        "RawIntDen": [
            21123.0,
            13676.0,
            14072.0,
            13331.0,
            17559.0,
            17706.0,
            14702.0,
            15203.0
        ],
        "IntDen": [
            15618.678966766334,
            10112.249848482526,
            10405.058486973245,
            9857.151413433792,
            12983.401220349859,
            13092.095336153232,
            10870.890411844844,
            11241.337704480831
        ],
        "FlagUp": 0,
        "Times": [
            -15,
            -10,
            -5,
            2,
            10,
            20,
            30,
            40
        ],
        "width": 0,
        "height": 0,
        "area": 0.7394157537644432,
        "distance": 8.609783543617182,
        "xpert": [
            [
                205.0,
                257.6
            ],
            [
                199.4,
                255.6
            ],
            [
                198.4,
                250.0
            ],
            [
                199.2,
                244.2
            ],
            [
                205.0,
                244.2
            ],
            [
                210.0,
                245.0
            ],
            [
                215.2,
                250.0
            ],
            [
                210.6,
                255.6
            ]
        ],
        "stack": 0
    },
    {
        "type": "Spine",
        "location": [
            232,
            224
        ],
        "radloc": [
            0,
            0
        ],
        "mean": [
            110.15979381443299,
            92.75773195876289,
            117.11340206185567,
            96.0618556701031,
            107.51030927835052,
            105.00515463917526,
            121.80412371134021,
            116.37628865979381
        ],
        "min": [
            12.0,
            10.0,
            17.0,
            15.0,
            17.0,
            13.0,
            18.0,
            23.0
        ],
        "max": [
            249.0,
            243.0,
            240.0,
            247.0,
            232.0,
            246.0,
            249.0,
            230.0
        ],
        "RawIntDen": [
            21371.0,
            17995.0,
            22720.0,
            18636.0,
            20857.0,
            20371.0,
            23630.0,
            22577.0
        ],
        "IntDen": [
            18607.40088176854,
            15667.969625540445,
            19781.95442580044,
            16226.078462993706,
            18159.868990269355,
            17736.7162679569,
            20574.277424369033,
            19657.446526025375
        ],
        "FlagUp": 0,
        "Times": [
            -15,
            -10,
            -5,
            2,
            10,
            20,
            30,
            40
        ],
        "width": 0,
        "height": 0,
        "area": 0.8706846138116391,
        "distance": 10.470691138491485,
        "xpert": [
            [
                232.0,
                232.2
            ],
            [
                225.0,
                231.0
            ],
            [
                225.4,
                224.0
            ],
            [
                227.6,
                219.6
            ],
            [
                232.0,
                214.6
            ],
            [
                238.0,
                218.0
            ],
            [
                240.8,
                224.0
            ],
            [
                238.4,
                230.4
            ]
        ],
        "stack": 0
    },
    {
        "type": "Spine",
        "location": [
            294,
            260
        ],
        "radloc": [
            0,
            0
        ],
        "mean": [
            104.87719298245614,
            110.34210526315789,
            90.47368421052632,
            74.54385964912281,
            89.83333333333333,
            81.24561403508773,
            84.78947368421052,
            70.7280701754386
        ],
        "min": [
            17.0,
            23.0,
            29.0,
            17.0,
            15.0,
            19.0,
            19.0,
            17.0
        ],
        "max": [
            241.0,
            220.0,
            185.0,
            145.0,
            190.0,
            175.0,
            175.0,
            185.0
        ],
        "RawIntDen": [
            11956.0,
            12579.0,
            10314.0,
            8498.0,
            10241.0,
            9262.0,
            9666.0,
            8063.0
        ],
        "IntDen": [
            6120.710098998607,
            6439.6463980682065,
            5280.110736121749,
            4350.434461466223,
            5242.739388076676,
            4741.553775253019,
            4948.376030187398,
            4127.742182019552
        ],
        "FlagUp": 0,
        "Times": [
            -15,
            -10,
            -5,
            2,
            10,
            20,
            30,
            40
        ],
        "width": 0,
        "height": 0,
        "area": 0.5119362745900474,
        "distance": 14.583163670116265,
        "xpert": [
            [
                294.0,
                267.0
            ],
            [
                288.4,
                265.6
            ],
            [
                288.0,
                260.0
            ],
            [
                289.8,
                255.8
            ],
            [
                294.0,
                253.6
            ],
            [
                297.6,
                256.4
            ],
            [
                299.8,
                260.0
            ],
            [
                299.0,
                265.0
            ]
        ],
        "stack": 0
    },
    {
        "type": "Spine",
        "location": [
            305,
            250
        ],
        "radloc": [
            0,
            0
        ],
        "mean": [
            119.72413793103448,
            121.68103448275862,
            134.39655172413794,
            155.13793103448276,
            128.94827586206895,
            101.1896551724138,
            88.88793103448276,
            120.0603448275862
        ],
        "min": [
            11.0,
            27.0,
            32.0,
            44.0,
            22.0,
            15.0,
            13.0,
            15.0
        ],
        "max": [
            218.0,
            203.0,
            236.0,
            244.0,
            229.0,
            247.0,
            229.0,
            255.0
        ],
        "RawIntDen": [
            13888.0,
            14115.0,
            15590.0,
            17996.0,
            14958.0,
            11738.0,
            10311.0,
            13927.0
        ],
        "IntDen": [
            7389.454944319486,
            7510.235925912265,
            8295.046268860942,
            9575.218258782652,
            7958.774989712763,
            6245.494105445141,
            5486.223353317843,
            7410.205861861858
        ],
        "FlagUp": 0,
        "Times": [
            -15,
            -10,
            -5,
            2,
            10,
            20,
            30,
            40
        ],
        "width": 0,
        "height": 0,
        "area": 0.5320748087787648,
        "distance": 15.307953670116264,
        "xpert": [
            [
                305.0,
                258.4
            ],
            [
                299.6,
                255.4
            ],
            [
                299.2,
                250.0
            ],
            [
                300.2,
                245.2
            ],
            [
                305.0,
                245.2
            ],
            [
                309.8,
                245.2
            ],
            [
                310.8,
                250.0
            ],
            [
                309.2,
                254.2
            ]
        ],
        "stack": 0
    },
    {
        "type": "Spine",
        "location": [
            314,
            254
        ],
        "radloc": [
            0,
            0
        ],
        "mean": [
            115.14356435643565,
            133.24752475247524,
            132.1881188118812,
            109.1980198019802,
            147.92079207920793,
            136.6881188118812,
            130.25742574257427,
            115.89603960396039
        ],
        "min": [
            19.0,
            18.0,
            28.0,
            20.0,
            23.0,
            15.0,
            11.0,
            10.0
        ],
        "max": [
            223.0,
            252.0,
            227.0,
            234.0,
            254.0,
            245.0,
            236.0,
            241.0
        ],
        "RawIntDen": [
            23259.0,
            26916.0,
            26702.0,
            22058.0,
            29880.0,
            27611.0,
            26312.0,
            23411.0
        ],
        "IntDen": [
            21042.396116636515,
            24350.880685987722,
            24157.27508089033,
            19955.8525104591,
            27032.408786495507,
            24979.64655300962,
            23804.442436086672,
            21179.910378201017
        ],
        "FlagUp": 0,
        "Times": [
            -15,
            -10,
            -5,
            2,
            10,
            20,
            30,
            40
        ],
        "width": 0,
        "height": 0,
        "area": 0.9046990892401442,
        "distance": 15.900963670116266,
        "xpert": [
            [
                314.0,
                265.2
            ],
            [
                308.0,
                260.0
            ],
            [
                308.2,
                254.0
            ],
            [
                309.8,
                249.8
            ],
            [
                314.0,
                247.2
            ],
            [
                319.8,
                248.2
            ],
            [
                324.0,
                254.0
            ],
            [
                321.4,
                261.4
            ]
        ],
        "stack": 0
    },
    {
        "type": "Spine",
        "location": [
            367,
            274
        ],
        "radloc": [
            0,
            0
        ],
        "mean": [
            74.20138888888889,
            80.42361111111111,
            91.70138888888889,
            97.80555555555556,
            93.93055555555556,
            87.75,
            102.47222222222223,
            100.16666666666667
        ],
        "min": [
            8.0,
            8.0,
            9.0,
            13.0,
            16.0,
            14.0,
            11.0,
            12.0
        ],
        "max": [
            176.0,
            179.0,
            208.0,
            238.0,
            207.0,
            192.0,
            232.0,
            243.0
        ],
        "RawIntDen": [
            10685.0,
            11581.0,
            13205.0,
            14084.0,
            13526.0,
            12636.0,
            14756.0,
            14424.0
        ],
        "IntDen": [
            7015.662997262953,
            7603.967540599182,
            8670.269525396097,
            9247.412040566349,
            8881.034880765437,
            8296.669876781907,
            9688.64044806852,
            9470.6526038859
        ],
        "FlagUp": 0,
        "Times": [
            -15,
            -10,
            -5,
            2,
            10,
            20,
            30,
            40
        ],
        "width": 0,
        "height": 0,
        "area": 0.6565898921163269,
        "distance": 20.906664049613426,
        "xpert": [
            [
                367.0,
                283.8
            ],
            [
                362.0,
                279.0
            ],
            [
                360.2,
                274.0
            ],
            [
                361.6,
                268.6
            ],
            [
                367.0,
                265.6
            ],
            [
                371.4,
                269.6
            ],
            [
                372.4,
                274.0
            ],
            [
                371.4,
                278.4
            ]
        ],
        "stack": 0
    },
    {
        "type": "Spine",
        "location": [
            351,
            237
        ],
        "radloc": [
            0,
            0
        ],
        "mean": [
            92.80794701986756,
            109.05960264900662,
            118.49006622516556,
            96.95364238410596,
            135.98013245033113,
            148.47019867549668,
            120.43708609271523,
            120.88079470198676
        ],
        "min": [
            11.0,
            10.0,
            14.0,
            12.0,
            27.0,
            17.0,
            14.0,
            15.0
        ],
        "max": [
            254.0,
            255.0,
            248.0,
            223.0,
            255.0,
            255.0,
            252.0,
            242.0
        ],
        "RawIntDen": [
            14014.0,
            16468.0,
            17892.0,
            14640.0,
            20533.0,
            22419.0,
            18186.0,
            18253.0
        ],
        "IntDen": [
            9667.804432939627,
            11360.739503471514,
            12343.110954342501,
            10099.661545471396,
            14165.051264560394,
            15466.141542890931,
            12545.932026362214,
            12592.153155019767
        ],
        "FlagUp": 0,
        "Times": [
            -15,
            -10,
            -5,
            2,
            10,
            20,
            30,
            40
        ],
        "width": 0,
        "height": 0,
        "area": 0.6898675919037839,
        "distance": 18.36618620174103,
        "xpert": [
            [
                351.0,
                241.8
            ],
            [
                345.6,
                242.4
            ],
            [
                341.6,
                237.0
            ],
            [
                345.8,
                231.8
            ],
            [
                351.0,
                230.4
            ],
            [
                357.0,
                231.0
            ],
            [
                359.0,
                237.0
            ],
            [
                355.8,
                241.8
            ]
        ],
        "stack": 0
    },
    {
        "type": "Spine",
        "location": [
            388,
            247
        ],
        "radloc": [
            0,
            0
        ],
        "mean": [
            142.24242424242425,
            158.1818181818182,
            128.34343434343435,
            116.93939393939394,
            112.4040404040404,
            92.98989898989899,
            104.05050505050505,
            129.96969696969697
        ],
        "min": [
            31.0,
            28.0,
            24.0,
            13.0,
            21.0,
            15.0,
            12.0,
            21.0
        ],
        "max": [
            255.0,
            255.0,
            255.0,
            255.0,
            255.0,
            255.0,
            255.0,
            255.0
        ],
        "RawIntDen": [
            14082.0,
            15660.0,
            12706.0,
            11577.0,
            11128.0,
            9206.0,
            10301.0,
            12867.0
        ],
        "IntDen": [
            5985.668824873258,
            6656.410580706946,
            5400.788814716632,
            4920.898166848297,
            4730.047058882944,
            3913.085300510099,
            4378.523971383286,
            5469.223176370133
        ],
        "FlagUp": 0,
        "Times": [
            -15,
            -10,
            -5,
            2,
            10,
            20,
            30,
            40
        ],
        "width": 0,
        "height": 0,
        "area": 0.4250581469161524,
        "distance": 21.104334049613424,
        "xpert": [
            [
                388.0,
                251.2
            ],
            [
                383.8,
                251.2
            ],
            [
                381.8,
                247.0
            ],
            [
                383.6,
                242.6
            ],
            [
                388.0,
                241.8
            ],
            [
                392.8,
                242.2
            ],
            [
                394.2,
                247.0
            ],
            [
                392.2,
                251.2
            ]
        ],
        "stack": 0
    },
    {
        "type": "Spine",
        "location": [
            409,
            277
        ],
        "radloc": [
            0,
            0
        ],
        "mean": [
            115.32558139534883,
            114.04069767441861,
            91.47674418604652,
            109.69767441860465,
            104.33720930232558,
            95.24418604651163,
            102.40697674418605,
            100.8953488372093
        ],
        "min": [
            14.0,
            28.0,
            9.0,
            21.0,
            14.0,
            18.0,
            17.0,
            7.0
        ],
        "max": [
            254.0,
            252.0,
            247.0,
            216.0,
            234.0,
            196.0,
            236.0,
            255.0
        ],
        "RawIntDen": [
            19836.0,
            19615.0,
            15734.0,
            18868.0,
            17946.0,
            16382.0,
            17614.0,
            17354.0
        ],
        "IntDen": [
            15431.885896235917,
            15259.953713181463,
            12240.637865062306,
            14678.807374983831,
            13961.5156429648,
            12744.764809040975,
            13703.22838154363,
            13500.955225008978
        ],
        "FlagUp": 0,
        "Times": [
            -15,
            -10,
            -5,
            2,
            10,
            20,
            30,
            40
        ],
        "width": 0,
        "height": 0,
        "area": 0.7779736789794272,
        "distance": 23.191846310379912,
        "xpert": [
            [
                409.0,
                288.0
            ],
            [
                402.6,
                283.4
            ],
            [
                403.0,
                277.0
            ],
            [
                404.6,
                272.6
            ],
            [
                409.0,
                269.8
            ],
            [
                413.6,
                272.4
            ],
            [
                414.6,
                277.0
            ],
            [
                416.2,
                284.2
            ]
        ],
        "stack": 0
    },
    {
        "type": "Spine",
        "location": [
            416,
            252
        ],
        "radloc": [
            0,
            0
        ],
        "mean": [
            59.83064516129032,
            71.16129032258064,
            89.81451612903226,
            103.71774193548387,
            74.30645161290323,
            47.46774193548387,
            70.81451612903226,
            71.66935483870968
        ],
        "min": [
            7.0,
            10.0,
            18.0,
            28.0,
            13.0,
            10.0,
            10.0,
            9.0
        ],
        "max": [
            190.0,
            197.0,
            244.0,
            193.0,
            172.0,
            164.0,
            248.0,
            255.0
        ],
        "RawIntDen": [
            7419.0,
            8824.0,
            11137.0,
            12861.0,
            9214.0,
            5886.0,
            8781.0,
            8887.0
        ],
        "IntDen": [
            4344.6690692790535,
            5167.456512645689,
            6521.981321547489,
            7531.579579457866,
            5395.845909736784,
            3446.9230545594432,
            5142.275117581799,
            5204.350184483482
        ],
        "FlagUp": 0,
        "Times": [
            -15,
            -10,
            -5,
            2,
            10,
            20,
            30,
            40
        ],
        "width": 0,
        "height": 0,
        "area": 0.5856138386951144,
        "distance": 22.86292854829521,
        "xpert": [
            [
                416.0,
                258.8
            ],
            [
                410.0,
                258.0
            ],
            [
                410.0,
                252.0
            ],
            [
                412.6,
                248.6
            ],
            [
                416.0,
                247.2
            ],
            [
                420.8,
                247.2
            ],
            [
                421.6,
                252.0
            ],
            [
                423.2,
                259.2
            ]
        ],
        "stack": 0
    },
    {
        "type": "Spine",
        "location": [
            441,
            268
        ],
        "radloc": [
            0,
            0
        ],
        "mean": [
            132.82266009852216,
            131.13793103448276,
            126.60098522167488,
            119.1231527093596,
            122.8423645320197,
            150.9113300492611,
            134.97536945812809,
            115.55172413793103
        ],
        "min": [
            35.0,
            22.0,
            24.0,
            17.0,
            12.0,
            35.0,
            24.0,
            14.0
        ],
        "max": [
            250.0,
            255.0,
            243.0,
            255.0,
            255.0,
            255.0,
            240.0,
            253.0
        ],
        "RawIntDen": [
            26963.0,
            26621.0,
            25700.0,
            24182.0,
            24937.0,
            30635.0,
            27400.0,
            23457.0
        ],
        "IntDen": [
            24805.614436582182,
            24490.978819725337,
            23643.67062345296,
            22247.130078456787,
            22941.720402219704,
            28183.8073754662,
            25207.64883589926,
            21580.139370207628
        ],
        "FlagUp": 0,
        "Times": [
            -15,
            -10,
            -5,
            2,
            10,
            20,
            30,
            40
        ],
        "width": 0,
        "height": 0,
        "area": 0.9199871837919439,
        "distance": 24.73296670773724,
        "xpert": [
            [
                441.0,
                276.2
            ],
            [
                434.6,
                274.4
            ],
            [
                432.2,
                268.0
            ],
            [
                435.8,
                262.8
            ],
            [
                441.0,
                262.8
            ],
            [
                446.2,
                262.8
            ],
            [
                448.8,
                268.0
            ],
            [
                450.4,
                277.4
            ]
        ],
        "stack": 0
    }
]