[
    {
        "type": "Stim",
        "location": [
            96,
            135
        ],
        "radloc": [
            0,
            0
        ],
        "mean": [
            39.68589743589744,
            38.26282051282051,
            34.28846153846154,
            27.46794871794872,
            35.64102564102564,
            27.474358974358974,
            29.83974358974359,
            39.71153846153846
        ],
        "min": [
            5.0,
            6.0,
            8.0,
            7.0,
            7.0,
            4.0,
            5.0,
            6.0
        ],
        "max": [
            121.0,
            100.0,
            87.0,
            79.0,
            106.0,
            84.0,
            90.0,
            99.0
        ],
        "RawIntDen": [
            6191.0,
            5969.0,
            5349.0,
            4285.0,
            5560.0,
            4286.0,
            4655.0,
            6195.0
        ],
        "IntDen": [
            27.55101547824352,
            26.56307727178736,
            23.803970569071975,
            19.068987453444272,
            24.742956882415438,
            19.073437625545424,
            20.715551130871198,
            27.568816166648134
        ],
        "FlagUp": 0,
        "Times": [
            -15,
            -10,
            -5,
            2,
            10,
            20,
            30,
            40
        ],
        "width": 0,
        "height": 0,
        "area": 0.6942268477800014,
        "distance": 0,
        "xpert": [
            [
                96.0,
                142.2
            ],
            [
                88.6,
                142.4
            ],
            [
                89.0,
                135.0
            ],
            [
                90.6,
                129.6
            ],
            [
                96.0,
                128.8
            ],
            [
                99.8,
                131.2
            ],
            [
                103.0,
                135.0
            ],
            [
                101.8,
                140.8
            ]
        ],
        "stack": 0
    },
    {
        "type": "Spine",
        "location": [
            60,
            128
        ],
        "radloc": [
            0,
            0
        ],
        "mean": [
            35.94155844155844,
            39.18181818181818,
            32.55844155844156,
            30.850649350649352,
            31.09090909090909,
            27.863636363636363,
            32.1948051948052,
            40.72077922077922
        ],
        "min": [
            9.0,
            13.0,
            6.0,
            8.0,
            4.0,
            4.0,
            4.0,
            6.0
        ],
        "max": [
            89.0,
            87.0,
            77.0,
            70.0,
            88.0,
            93.0,
            82.0,
            127.0
        ],
        "RawIntDen": [
            5535.0,
            6034.0,
            5014.0,
            4751.0,
            4788.0,
            4291.0,
            4958.0,
            6271.0
        ],
        "IntDen": [
            24.514660552625024,
            26.724744674713527,
            22.207137852007563,
            21.04230393595691,
            21.206177908937416,
            19.00495183944245,
            21.959112379388415,
            27.774423907048153
        ],
        "FlagUp": 0,
        "Times": [
            -15,
            -10,
            -5,
            2,
            10,
            20,
            30,
            40
        ],
        "width": 0,
        "height": 0,
        "area": 0.6820700497026655,
        "distance": 3.253962911121923,
        "xpert": [
            [
                60.0,
                135.8
            ],
            [
                55.4,
                132.6
            ],
            [
                51.4,
                128.0
            ],
            [
                54.4,
                122.4
            ],
            [
                60.0,
                121.6
            ],
            [
                65.6,
                122.4
            ],
            [
                67.4,
                128.0
            ],
            [
                64.8,
                132.8
            ]
        ],
        "stack": 0
    },
    {
        "type": "Spine",
        "location": [
            34,
            148
        ],
        "radloc": [
            0,
            0
        ],
        "mean": [
            25.916030534351144,
            21.671755725190838,
            24.83969465648855,
            19.85496183206107,
            19.015267175572518,
            22.587786259541986,
            16.85496183206107,
            17.47328244274809
        ],
        "min": [
            8.0,
            6.0,
            7.0,
            4.0,
            4.0,
            6.0,
            4.0,
            3.0
        ],
        "max": [
            76.0,
            60.0,
            58.0,
            46.0,
            57.0,
            67.0,
            51.0,
            69.0
        ],
        "RawIntDen": [
            3395.0,
            2839.0,
            3254.0,
            2601.0,
            2491.0,
            2959.0,
            2208.0,
            2289.0
        ],
        "IntDen": [
            16.085356567124386,
            13.45105369486484,
            15.417304939447055,
            12.323420450983955,
            11.802245422299512,
            14.019608271611505,
            10.461404212138628,
            10.845178551442626
        ],
        "FlagUp": 0,
        "Times": [
            -15,
            -10,
            -5,
            2,
            10,
            20,
            30,
            40
        ],
        "width": 0,
        "height": 0,
        "area": 0.6206720796151088,
        "distance": 3.5335105059962126,
        "xpert": [
            [
                34.0,
                155.8
            ],
            [
                28.4,
                153.6
            ],
            [
                28.8,
                148.0
            ],
            [
                30.6,
                144.6
            ],
            [
                34.0,
                142.0
            ],
            [
                42.0,
                140.0
            ],
            [
                39.6,
                148.0
            ],
            [
                38.2,
                152.2
            ]
        ],
        "stack": 0
    },
    {
        "type": "Spine",
        "location": [
            72,
            175
        ],
        "radloc": [
            0,
            0
        ],
        "mean": [
            31.248322147651006,
            27.469798657718123,
            25.06040268456376,
            25.013422818791945,
            27.463087248322147,
            23.87248322147651,
            27.610738255033556,
            43.58389261744966
        ],
        "min": [
            6.0,
            4.0,
            5.0,
            5.0,
            4.0,
            5.0,
            6.0,
            7.0
        ],
        "max": [
            98.0,
            89.0,
            75.0,
            84.0,
            76.0,
            79.0,
            81.0,
            120.0
        ],
        "RawIntDen": [
            4656.0,
            4093.0,
            3734.0,
            3727.0,
            4092.0,
            3557.0,
            4114.0,
            6494.0
        ],
        "IntDen": [
            20.544192637421585,
            18.060004395396597,
            16.475948305011208,
            16.445061417454948,
            18.055591982888554,
            15.69495129108861,
            18.152665058065377,
            28.654206827194106
        ],
        "FlagUp": 0,
        "Times": [
            -15,
            -10,
            -5,
            2,
            10,
            20,
            30,
            40
        ],
        "width": 0,
        "height": 0,
        "area": 0.657449463697555,
        "distance": 1.58136,
        "xpert": [
            [
                72.0,
                180.8
            ],
            [
                66.4,
                180.6
            ],
            [
                63.8,
                175.0
            ],
            [
                65.8,
                168.8
            ],
            [
                72.0,
                168.6
            ],
            [
                77.4,
                169.6
            ],
            [
                78.8,
                175.0
            ],
            [
                76.6,
                179.6
            ]
        ],
        "stack": 0
    },
    {
        "type": "Spine",
        "location": [
            52,
            162
        ],
        "radloc": [
            0,
            0
        ],
        "mean": [
            24.893048128342247,
            20.0,
            10.304812834224599,
            12.914438502673796,
            9.016042780748663,
            16.86631016042781,
            19.823529411764707,
            12.080213903743315
        ],
        "min": [
            5.0,
            6.0,
            5.0,
            4.0,
            4.0,
            5.0,
            4.0,
            2.0
        ],
        "max": [
            60.0,
            43.0,
            23.0,
            42.0,
            18.0,
            51.0,
            45.0,
            41.0
        ],
        "RawIntDen": [
            4655.0,
            3740.0,
            1927.0,
            2415.0,
            1686.0,
            3154.0,
            3707.0,
            2259.0
        ],
        "IntDen": [
            20.977051519506546,
            16.85374278903426,
            8.683733249858026,
            10.882831239443245,
            7.597703300083359,
            14.213022662196273,
            16.7050332938369,
            10.179840898510266
        ],
        "FlagUp": 0,
        "Times": [
            -15,
            -10,
            -5,
            2,
            10,
            20,
            30,
            40
        ],
        "width": 0,
        "height": 0,
        "area": 0.842687139451713,
        "distance": 2.6755689871857244,
        "xpert": [
            [
                52.0,
                168.0
            ],
            [
                47.4,
                166.6
            ],
            [
                41.4,
                162.0
            ],
            [
                46.6,
                156.6
            ],
            [
                52.0,
                154.6
            ],
            [
                58.6,
                155.4
            ],
            [
                62.2,
                162.0
            ],
            [
                57.2,
                167.2
            ]
        ],
        "stack": 0
    },
    {
        "type": "Spine",
        "location": [
            92,
            165
        ],
        "radloc": [
            0,
            0
        ],
        "mean": [
            46.00952380952381,
            52.97142857142857,
            55.59047619047619,
            39.923809523809524,
            39.0,
            34.03809523809524,
            39.733333333333334,
            42.36190476190476
        ],
        "min": [
            13.0,
            14.0,
            16.0,
            11.0,
            15.0,
            9.0,
            15.0,
            9.0
        ],
        "max": [
            92.0,
            108.0,
            118.0,
            81.0,
            77.0,
            89.0,
            88.0,
            86.0
        ],
        "RawIntDen": [
            4831.0,
            5562.0,
            5837.0,
            4192.0,
            4095.0,
            3574.0,
            4172.0,
            4448.0
        ],
        "IntDen": [
            21.576520258089772,
            24.841359071723307,
            26.069581607631957,
            18.72257771101476,
            18.289350125621528,
            15.962426703045505,
            18.633252435675953,
            19.865941235351542
        ],
        "FlagUp": 0,
        "Times": [
            -15,
            -10,
            -5,
            2,
            10,
            20,
            30,
            40
        ],
        "width": 0,
        "height": 0,
        "area": 0.46895769552875716,
        "distance": 0.5817050632495265,
        "xpert": [
            [
                92.0,
                170.8
            ],
            [
                88.6,
                168.4
            ],
            [
                86.4,
                165.0
            ],
            [
                86.6,
                159.6
            ],
            [
                92.0,
                157.2
            ],
            [
                95.8,
                161.2
            ],
            [
                97.2,
                165.0
            ],
            [
                96.6,
                169.6
            ]
        ],
        "stack": 0
    },
    {
        "type": "Spine",
        "location": [
            105,
            177
        ],
        "radloc": [
            0,
            0
        ],
        "mean": [
            28.05185185185185,
            24.340740740740742,
            15.207407407407407,
            14.333333333333334,
            13.0,
            16.303703703703704,
            16.985185185185184,
            15.948148148148148
        ],
        "min": [
            5.0,
            8.0,
            5.0,
            5.0,
            6.0,
            4.0,
            5.0,
            5.0
        ],
        "max": [
            70.0,
            55.0,
            40.0,
            37.0,
            32.0,
            47.0,
            70.0,
            35.0
        ],
        "RawIntDen": [
            3787.0,
            3286.0,
            2053.0,
            1935.0,
            1755.0,
            2201.0,
            2293.0,
            2153.0
        ],
        "IntDen": [
            16.54294853844994,
            14.35440425068564,
            8.968226392774685,
            8.45276087190405,
            7.666457534982744,
            9.614742469798871,
            10.016630842003094,
            9.40506157995319
        ],
        "FlagUp": 0,
        "Times": [
            -15,
            -10,
            -5,
            2,
            10,
            20,
            30,
            40
        ],
        "width": 0,
        "height": 0,
        "area": 0.5897275026909803,
        "distance": 1.2957862915160716,
        "xpert": [
            [
                105.0,
                182.4
            ],
            [
                100.8,
                181.2
            ],
            [
                99.0,
                177.0
            ],
            [
                98.6,
                170.6
            ],
            [
                105.0,
                169.0
            ],
            [
                110.6,
                171.4
            ],
            [
                111.8,
                177.0
            ],
            [
                108.8,
                180.8
            ]
        ],
        "stack": 0
    },
    {
        "type": "Spine",
        "location": [
            120,
            167
        ],
        "radloc": [
            0,
            0
        ],
        "mean": [
            48.598765432098766,
            42.2037037037037,
            42.70987654320987,
            36.47530864197531,
            48.623456790123456,
            36.72222222222222,
            41.358024691358025,
            39.74074074074074
        ],
        "min": [
            16.0,
            13.0,
            13.0,
            9.0,
            19.0,
            11.0,
            16.0,
            11.0
        ],
        "max": [
            135.0,
            103.0,
            94.0,
            77.0,
            113.0,
            92.0,
            111.0,
            87.0
        ],
        "RawIntDen": [
            7873.0,
            6837.0,
            6919.0,
            5909.0,
            7877.0,
            5949.0,
            6700.0,
            6438.0
        ],
        "IntDen": [
            34.77396907648898,
            30.19809812980505,
            30.56028096535339,
            26.09924847872138,
            34.79163653188158,
            26.275923032647395,
            29.592987782608432,
            28.435769454392997
        ],
        "FlagUp": 0,
        "Times": [
            -15,
            -10,
            -5,
            2,
            10,
            20,
            30,
            40
        ],
        "width": 0,
        "height": 0,
        "area": 0.715531943400383,
        "distance": 2.625666582060014,
        "xpert": [
            [
                120.0,
                172.8
            ],
            [
                115.0,
                172.0
            ],
            [
                110.4,
                167.0
            ],
            [
                112.8,
                159.8
            ],
            [
                120.0,
                159.8
            ],
            [
                124.4,
                162.6
            ],
            [
                127.8,
                167.0
            ],
            [
                124.2,
                171.2
            ]
        ],
        "stack": 0
    },
    {
        "type": "Spine",
        "location": [
            112,
            144
        ],
        "radloc": [
            0,
            0
        ],
        "mean": [
            20.46511627906977,
            33.127906976744185,
            25.96511627906977,
            32.47674418604651,
            36.73255813953488,
            25.3953488372093,
            28.03488372093023,
            40.27906976744186
        ],
        "min": [
            6.0,
            11.0,
            8.0,
            11.0,
            8.0,
            6.0,
            10.0,
            14.0
        ],
        "max": [
            48.0,
            73.0,
            68.0,
            80.0,
            95.0,
            62.0,
            57.0,
            69.0
        ],
        "RawIntDen": [
            1760.0,
            2849.0,
            2233.0,
            2793.0,
            3159.0,
            2184.0,
            2411.0,
            3464.0
        ],
        "IntDen": [
            8.017832406354762,
            12.97886620778677,
            10.172624865562602,
            12.723753358493662,
            14.39109805208789,
            9.949401122431134,
            10.983519279387117,
            15.780551963416416
        ],
        "FlagUp": 0,
        "Times": [
            -15,
            -10,
            -5,
            2,
            10,
            20,
            30,
            40
        ],
        "width": 0,
        "height": 0,
        "area": 0.39178044712869853,
        "distance": 1.3996775948742899,
        "xpert": [
            [
                112.0,
                148.8
            ],
            [
                107.2,
                148.8
            ],
            [
                106.2,
                144.0
            ],
            [
                108.6,
                140.6
            ],
            [
                112.0,
                139.0
            ],
            [
                116.4,
                139.6
            ],
            [
                117.8,
                144.0
            ],
            [
                116.0,
                148.0
            ]
        ],
        "stack": 0
    },
    {
        "type": "Spine",
        "location": [
            140,
            151
        ],
        "radloc": [
            0,
            0
        ],
        "mean": [
            29.448818897637796,
            29.25984251968504,
            28.22047244094488,
            31.283464566929133,
            34.44881889763779,
            34.74015748031496,
            32.503937007874015,
            38.77952755905512
        ],
        "min": [
            5.0,
            5.0,
            6.0,
            8.0,
            6.0,
            7.0,
            8.0,
            11.0
        ],
        "max": [
            66.0,
            64.0,
            65.0,
            69.0,
            86.0,
            89.0,
            83.0,
            88.0
        ],
        "RawIntDen": [
            3740.0,
            3716.0,
            3584.0,
            3973.0,
            4375.0,
            4412.0,
            4128.0,
            4925.0
        ],
        "IntDen": [
            16.645347442688262,
            16.538532378884916,
            15.951049527966505,
            17.682343687112425,
            19.471496005818487,
            19.636169229181984,
            18.37219097417571,
            21.919341217978527
        ],
        "FlagUp": 0,
        "Times": [
            -15,
            -10,
            -5,
            2,
            10,
            20,
            30,
            40
        ],
        "width": 0,
        "height": 0,
        "area": 0.5652297126260453,
        "distance": 3.4356453162476326,
        "xpert": [
            [
                140.0,
                155.8
            ],
            [
                135.2,
                155.8
            ],
            [
                133.4,
                151.0
            ],
            [
                133.8,
                144.8
            ],
            [
                140.0,
                144.6
            ],
            [
                145.0,
                146.0
            ],
            [
                147.0,
                151.0
            ],
            [
                144.4,
                155.4
            ]
        ],
        "stack": 0
    },
    {
        "type": "Spine",
        "location": [
            14,
            124
        ],
        "radloc": [
            0,
            0
        ],
        "mean": [
            24.4025974025974,
            25.16883116883117,
            23.01298701298701,
            25.31168831168831,
            19.772727272727273,
            20.01948051948052,
            25.538961038961038,
            13.025974025974026
        ],
        "min": [
            6.0,
            8.0,
            6.0,
            7.0,
            6.0,
            6.0,
            6.0,
            3.0
        ],
        "max": [
            54.0,
            56.0,
            65.0,
            69.0,
            47.0,
            48.0,
            64.0,
            40.0
        ],
        "RawIntDen": [
            3758.0,
            3876.0,
            3544.0,
            3898.0,
            3045.0,
            3083.0,
            3933.0,
            2006.0
        ],
        "IntDen": [
            20.14723595557002,
            20.779852731183983,
            18.999947904880298,
            20.897798231722177,
            16.3247295063094,
            16.528453552693556,
            21.08543880076022,
            10.754485185437325
        ],
        "FlagUp": 0,
        "Times": [
            -15,
            -10,
            -5,
            2,
            10,
            20,
            30,
            40
        ],
        "width": 0,
        "height": 0,
        "area": 0.8256185037673719,
        "distance": 6.019638042298967,
        "xpert": [
            [
                14.0,
                130.0
            ],
            [
                9.4,
                128.6
            ],
            [
                1.0,
                124.0
            ],
            [
                9.8,
                119.8
            ],
            [
                14.0,
                116.4
            ],
            [
                19.2,
                118.8
            ],
            [
                24.4,
                124.0
            ],
            [
                18.2,
                128.2
            ]
        ],
        "stack": 0
    },
    {
        "type": "Spine",
        "location": [
            10,
            100
        ],
        "radloc": [
            0,
            0
        ],
        "mean": [
            43.895161290322584,
            39.685483870967744,
            37.83064516129032,
            35.233870967741936,
            33.733870967741936,
            38.79032258064516,
            41.983870967741936,
            52.58870967741935
        ],
        "min": [
            5.0,
            6.0,
            5.0,
            5.0,
            6.0,
            9.0,
            5.0,
            18.0
        ],
        "max": [
            120.0,
            113.0,
            104.0,
            143.0,
            91.0,
            97.0,
            98.0,
            95.0
        ],
        "RawIntDen": [
            5443.0,
            4921.0,
            4691.0,
            4369.0,
            4183.0,
            4810.0,
            5206.0,
            6521.0
        ],
        "IntDen": [
            26.10987497335073,
            23.60585977289343,
            22.50255805621684,
            20.957935652869622,
            20.06570035155725,
            23.07339677049734,
            24.97299450877529,
            31.281002149774043
        ],
        "FlagUp": 0,
        "Times": [
            -15,
            -10,
            -5,
            2,
            10,
            20,
            30,
            40
        ],
        "width": 0,
        "height": 0,
        "area": 0.5948235342082474,
        "distance": 6.999191391489577,
        "xpert": [
            [
                10.0,
                108.0
            ],
            [
                2.0,
                108.0
            ],
            [
                3.2,
                100.0
            ],
            [
                6.4,
                96.4
            ],
            [
                10.0,
                95.0
            ],
            [
                13.4,
                96.6
            ],
            [
                14.6,
                100.0
            ],
            [
                15.2,
                105.2
            ]
        ],
        "stack": 0
    },
    {
        "type": "Spine",
        "location": [
            203,
            140
        ],
        "radloc": [
            0,
            0
        ],
        "mean": [
            78.24683544303798,
            74.99367088607595,
            67.29113924050633,
            63.620253164556964,
            53.664556962025316,
            67.70253164556962,
            66.45569620253164,
            70.28481012658227
        ],
        "min": [
            20.0,
            16.0,
            10.0,
            9.0,
            7.0,
            12.0,
            20.0,
            17.0
        ],
        "max": [
            169.0,
            181.0,
            175.0,
            154.0,
            128.0,
            147.0,
            144.0,
            145.0
        ],
        "RawIntDen": [
            12363.0,
            11849.0,
            10632.0,
            10052.0,
            8479.0,
            10697.0,
            10500.0,
            11105.0
        ],
        "IntDen": [
            54.042410500385984,
            51.79556111130579,
            46.47568619591553,
            43.940330854151895,
            37.06427231519637,
            46.75982084628559,
            45.898674290548634,
            48.54331219014691
        ],
        "FlagUp": 0,
        "Times": [
            -15,
            -10,
            -5,
            2,
            10,
            20,
            30,
            40
        ],
        "width": 0,
        "height": 0,
        "area": 0.6906657655149223,
        "distance": 7.832348100870498,
        "xpert": [
            [
                203.0,
                148.6
            ],
            [
                197.6,
                145.4
            ],
            [
                196.6,
                140.0
            ],
            [
                196.8,
                133.8
            ],
            [
                203.0,
                133.4
            ],
            [
                208.6,
                134.4
            ],
            [
                209.6,
                140.0
            ],
            [
                208.0,
                145.0
            ]
        ],
        "stack": 0
    },
    {
        "type": "Spine",
        "location": [
            211,
            187
        ],
        "radloc": [
            0,
            0
        ],
        "mean": [
            25.8,
            28.36521739130435,
            23.139130434782608,
            27.182608695652174,
            28.965217391304346,
            27.06086956521739,
            24.330434782608695,
            27.26086956521739
        ],
        "min": [
            7.0,
            11.0,
            9.0,
            10.0,
            8.0,
            10.0,
            11.0,
            11.0
        ],
        "max": [
            68.0,
            66.0,
            56.0,
            65.0,
            68.0,
            60.0,
            46.0,
            69.0
        ],
        "RawIntDen": [
            2967.0,
            3262.0,
            2661.0,
            3126.0,
            3331.0,
            3112.0,
            2798.0,
            3135.0
        ],
        "IntDen": [
            14.031671051117844,
            15.426798439078668,
            12.58452196394492,
            14.783621067001812,
            15.753116370500011,
            14.71741163164096,
            13.232428581404694,
            14.826184275448075
        ],
        "FlagUp": 0,
        "Times": [
            -15,
            -10,
            -5,
            2,
            10,
            20,
            30,
            40
        ],
        "width": 0,
        "height": 0,
        "area": 0.5438632190355753,
        "distance": 8.495930758994314,
        "xpert": [
            [
                211.0,
                193.2
            ],
            [
                207.4,
                190.6
            ],
            [
                205.0,
                187.0
            ],
            [
                204.0,
                180.0
            ],
            [
                211.0,
                180.6
            ],
            [
                214.4,
                183.6
            ],
            [
                216.4,
                187.0
            ],
            [
                216.6,
                192.6
            ]
        ],
        "stack": 0
    },
    {
        "type": "Spine",
        "location": [
            223,
            191
        ],
        "radloc": [
            0,
            0
        ],
        "mean": [
            30.67153284671533,
            34.386861313868614,
            30.83941605839416,
            28.080291970802918,
            29.197080291970803,
            30.656934306569344,
            35.0,
            40.197080291970806
        ],
        "min": [
            11.0,
            8.0,
            7.0,
            9.0,
            6.0,
            11.0,
            12.0,
            16.0
        ],
        "max": [
            85.0,
            91.0,
            82.0,
            82.0,
            88.0,
            102.0,
            82.0,
            96.0
        ],
        "RawIntDen": [
            4202.0,
            4711.0,
            4225.0,
            3847.0,
            4000.0,
            4200.0,
            4795.0,
            5507.0
        ],
        "IntDen": [
            20.308103729930895,
            22.768081073704057,
            20.419261841732038,
            18.592402439087135,
            19.331845530633885,
            20.298437807165577,
            23.174049829847366,
            26.615118334300202
        ],
        "FlagUp": 0,
        "Times": [
            -15,
            -10,
            -5,
            2,
            10,
            20,
            30,
            40
        ],
        "width": 0,
        "height": 0,
        "area": 0.6621157094242105,
        "distance": 9.472975822243844,
        "xpert": [
            [
                223.0,
                196.2
            ],
            [
                218.2,
                195.8
            ],
            [
                215.6,
                191.0
            ],
            [
                218.8,
                186.8
            ],
            [
                223.0,
                184.6
            ],
            [
                231.8,
                182.2
            ],
            [
                228.8,
                191.0
            ],
            [
                227.4,
                195.4
            ]
        ],
        "stack": 0
    },
    {
        "type": "Spine",
        "location": [
            243,
            167
        ],
        "radloc": [
            0,
            0
        ],
        "mean": [
            51.886792452830186,
            44.405660377358494,
            54.43396226415094,
            50.25471698113208,
            59.70754716981132,
            61.68867924528302,
            57.91509433962264,
            43.27358490566038
        ],
        "min": [
            8.0,
            7.0,
            12.0,
            10.0,
            8.0,
            15.0,
            13.0,
            10.0
        ],
        "max": [
            125.0,
            107.0,
            124.0,
            110.0,
            129.0,
            112.0,
            125.0,
            95.0
        ],
        "RawIntDen": [
            5500.0,
            4707.0,
            5770.0,
            5327.0,
            6329.0,
            6539.0,
            6139.0,
            4587.0
        ],
        "IntDen": [
            23.99820752530748,
            20.53810233120406,
            25.17630134927712,
            23.243354815875083,
            27.61539189594019,
            28.53168709236102,
            26.786362908702294,
            20.01450507610644
        ],
        "FlagUp": 0,
        "Times": [
            -15,
            -10,
            -5,
            2,
            10,
            20,
            30,
            40
        ],
        "width": 0,
        "height": 0,
        "area": 0.46251090866956235,
        "distance": 10.68628835386861,
        "xpert": [
            [
                243.0,
                172.2
            ],
            [
                237.8,
                172.2
            ],
            [
                236.6,
                167.0
            ],
            [
                239.8,
                163.8
            ],
            [
                243.0,
                162.0
            ],
            [
                247.4,
                162.6
            ],
            [
                249.4,
                167.0
            ],
            [
                248.2,
                172.2
            ]
        ],
        "stack": 0
    },
    {
        "type": "Spine",
        "location": [
            297,
            184
        ],
        "radloc": [
            0,
            0
        ],
        "mean": [
            35.267175572519086,
            41.05343511450382,
            34.12977099236641,
            34.099236641221374,
            35.267175572519086,
            54.54961832061068,
            44.67175572519084,
            52.786259541984734
        ],
        "min": [
            7.0,
            10.0,
            7.0,
            9.0,
            10.0,
            13.0,
            9.0,
            13.0
        ],
        "max": [
            97.0,
            105.0,
            93.0,
            79.0,
            76.0,
            114.0,
            102.0,
            118.0
        ],
        "RawIntDen": [
            4620.0,
            5378.0,
            4471.0,
            4467.0,
            4620.0,
            7146.0,
            5852.0,
            6915.0
        ],
        "IntDen": [
            20.802354043327803,
            24.215380962124875,
            20.1314556120603,
            20.113444915918894,
            20.802354043327803,
            32.176108656627804,
            26.34964845488188,
            31.135990954461416
        ],
        "FlagUp": 0,
        "Times": [
            -15,
            -10,
            -5,
            2,
            10,
            20,
            30,
            40
        ],
        "width": 0,
        "height": 0,
        "area": 0.5898502986311562,
        "distance": 14.298933417118148,
        "xpert": [
            [
                297.0,
                190.6
            ],
            [
                293.2,
                187.8
            ],
            [
                292.2,
                184.0
            ],
            [
                292.4,
                179.4
            ],
            [
                297.0,
                178.2
            ],
            [
                301.8,
                179.2
            ],
            [
                307.2,
                184.0
            ],
            [
                302.6,
                189.6
            ]
        ],
        "stack": 0
    },
    {
        "type": "Spine",
        "location": [
            352,
            162
        ],
        "radloc": [
            0,
            0
        ],
        "mean": [
            47.83458646616541,
            55.93984962406015,
            51.849624060150376,
            46.81203007518797,
            48.21052631578947,
            36.80451127819549,
            30.06015037593985,
            28.13533834586466
        ],
        "min": [
            6.0,
            7.0,
            10.0,
            7.0,
            7.0,
            5.0,
            4.0,
            5.0
        ],
        "max": [
            112.0,
            145.0,
            124.0,
            100.0,
            116.0,
            113.0,
            77.0,
            70.0
        ],
        "RawIntDen": [
            6362.0,
            7440.0,
            6896.0,
            6226.0,
            6412.0,
            4895.0,
            3998.0,
            3742.0
        ],
        "IntDen": [
            28.238740684037545,
            33.02361375184523,
            30.608983929129664,
            27.635083228358656,
            28.460673572154786,
            21.727229746677743,
            17.745753733854464,
            16.6094573466942
        ],
        "FlagUp": 0,
        "Times": [
            -15,
            -10,
            -5,
            2,
            10,
            20,
            30,
            40
        ],
        "width": 0,
        "height": 0,
        "area": 0.5903414823918569,
        "distance": 17.97746848036768,
        "xpert": [
            [
                352.0,
                171.4
            ],
            [
                345.4,
                168.6
            ],
            [
                346.4,
                162.0
            ],
            [
                348.2,
                158.2
            ],
            [
                352.0,
                157.0
            ],
            [
                356.0,
                158.0
            ],
            [
                357.4,
                162.0
            ],
            [
                357.6,
                167.6
            ]
        ],
        "stack": 0
    },
    {
        "type": "Spine",
        "location": [
            375,
            187
        ],
        "radloc": [
            0,
            0
        ],
        "mean": [
            22.898089171974522,
            22.05095541401274,
            30.0,
            30.78980891719745,
            35.63057324840764,
            60.547770700636946,
            47.97452229299363,
            43.955414012738856
        ],
        "min": [
            5.0,
            5.0,
            5.0,
            5.0,
            6.0,
            15.0,
            8.0,
            8.0
        ],
        "max": [
            63.0,
            73.0,
            100.0,
            94.0,
            108.0,
            125.0,
            119.0,
            102.0
        ],
        "RawIntDen": [
            3595.0,
            3462.0,
            4710.0,
            4834.0,
            5594.0,
            9506.0,
            7532.0,
            6901.0
        ],
        "IntDen": [
            16.567080750603804,
            15.954167888342246,
            21.70541038535297,
            22.2768479411457,
            25.779207154068896,
            43.80714036585251,
            34.71022314702305,
            31.802343326819713
        ],
        "FlagUp": 0,
        "Times": [
            -15,
            -10,
            -5,
            2,
            10,
            20,
            30,
            40
        ],
        "width": 0,
        "height": 0,
        "area": 0.7235136795117656,
        "distance": 19.783791011992445,
        "xpert": [
            [
                375.0,
                194.2
            ],
            [
                369.6,
                192.4
            ],
            [
                365.2,
                187.0
            ],
            [
                369.4,
                181.4
            ],
            [
                375.0,
                182.6
            ],
            [
                379.0,
                183.0
            ],
            [
                384.4,
                187.0
            ],
            [
                380.6,
                192.6
            ]
        ],
        "stack": 0
    },
    {
        "type": "Spine",
        "location": [
            413,
            170
        ],
        "radloc": [
            0,
            0
        ],
        "mean": [
            51.197278911564624,
            64.6938775510204,
            49.40816326530612,
            45.394557823129254,
            42.80952380952381,
            59.02040816326531,
            51.89795918367347,
            47.06802721088435
        ],
        "min": [
            12.0,
            18.0,
            13.0,
            10.0,
            6.0,
            14.0,
            18.0,
            16.0
        ],
        "max": [
            108.0,
            133.0,
            127.0,
            126.0,
            105.0,
            127.0,
            108.0,
            87.0
        ],
        "RawIntDen": [
            7526.0,
            9510.0,
            7263.0,
            6673.0,
            6293.0,
            8676.0,
            7629.0,
            6919.0
        ],
        "IntDen": [
            36.24664916950458,
            45.80197098086481,
            34.97999108664786,
            32.138438733471176,
            30.30828637040823,
            41.78526816298456,
            36.74271678370322,
            33.323221579032975
        ],
        "FlagUp": 0,
        "Times": [
            -15,
            -10,
            -5,
            2,
            10,
            20,
            30,
            40
        ],
        "width": 0,
        "height": 0,
        "area": 0.7079799930796138,
        "distance": 22.105928606866733,
        "xpert": [
            [
                413.0,
                174.8
            ],
            [
                408.6,
                174.4
            ],
            [
                400.4,
                170.0
            ],
            [
                407.6,
                164.6
            ],
            [
                413.0,
                164.8
            ],
            [
                417.4,
                165.6
            ],
            [
                421.4,
                170.0
            ],
            [
                417.8,
                174.8
            ]
        ],
        "stack": 0
    }
]