[
    {
        "type": "Stim",
        "location": [
            94,
            327
        ],
        "radloc": [
            0,
            0
        ],
        "mean": [
            138.8340807174888,
            129.34080717488789,
            157.47533632286996,
            148.31838565022423,
            136.41255605381167,
            149.0134529147982,
            147.50224215246638,
            152.94170403587444
        ],
        "min": [
            15.0,
            15.0,
            43.0,
            28.0,
            22.0,
            40.0,
            27.0,
            50.0
        ],
        "max": [
            255.0,
            255.0,
            255.0,
            255.0,
            255.0,
            255.0,
            255.0,
            255.0
        ],
        "RawIntDen": [
            30960.0,
            28843.0,
            35117.0,
            33075.0,
            30420.0,
            33230.0,
            32893.0,
            34106.0
        ],
        "IntDen": [
            31269.494981831824,
            29131.3321628222,
            35468.05088103967,
            33405.63780762557,
            30724.09681354406,
            33562.18728185631,
            33221.81842498043,
            34446.94431041202
        ],
        "FlagUp": 0,
        "Times": [
            -15,
            -10,
            -5,
            2,
            10,
            20,
            30,
            40
        ],
        "width": 0,
        "height": 0,
        "area": 1.0099966079403044,
        "distance": 0,
        "xpert": [
            [
                94.0,
                336.8
            ],
            [
                87.8,
                333.2
            ],
            [
                83.8,
                327.0
            ],
            [
                88.2,
                321.2
            ],
            [
                94.0,
                321.2
            ],
            [
                99.8,
                321.2
            ],
            [
                103.8,
                327.0
            ],
            [
                101.4,
                334.4
            ]
        ],
        "stack": 0
    },
    {
        "type": "Stim",
        "location": [
            116,
            296
        ],
        "radloc": [
            0,
            0
        ],
        "mean": [
            89.20370370370371,
            71.81481481481481,
            83.99382716049382,
            76.07407407407408,
            67.77777777777777,
            71.27160493827161,
            89.71604938271605,
            97.28395061728395
        ],
        "min": [
            22.0,
            11.0,
            16.0,
            10.0,
            8.0,
            7.0,
            15.0,
            14.0
        ],
        "max": [
            198.0,
            166.0,
            218.0,
            188.0,
            175.0,
            159.0,
            199.0,
            214.0
        ],
        "RawIntDen": [
            14451.0,
            11634.0,
            13607.0,
            12324.0,
            10980.0,
            11546.0,
            14534.0,
            15760.0
        ],
        "IntDen": [
            10824.597201970402,
            8714.508604783312,
            10192.39458357285,
            9231.356716980363,
            8224.626481048717,
            8648.591744097312,
            10886.768786481061,
            11805.110504674662
        ],
        "FlagUp": 0,
        "Times": [
            -15,
            -10,
            -5,
            2,
            10,
            20,
            30,
            40
        ],
        "width": 0,
        "height": 0,
        "area": 0.7490552350681892,
        "distance": 0,
        "xpert": [
            [
                116.0,
                305.4
            ],
            [
                110.0,
                302.0
            ],
            [
                108.2,
                296.0
            ],
            [
                110.2,
                290.2
            ],
            [
                116.0,
                290.4
            ],
            [
                119.4,
                292.6
            ],
            [
                121.6,
                296.0
            ],
            [
                123.2,
                303.2
            ]
        ],
        "stack": 0
    },
    {
        "type": "Stim",
        "location": [
            182,
            333
        ],
        "radloc": [
            0,
            0
        ],
        "mean": [
            101.81879194630872,
            92.66442953020135,
            97.73154362416108,
            81.75167785234899,
            97.18791946308725,
            75.51006711409396,
            95.87919463087249,
            81.18120805369128
        ],
        "min": [
            15.0,
            20.0,
            13.0,
            13.0,
            17.0,
            13.0,
            30.0,
            14.0
        ],
        "max": [
            245.0,
            208.0,
            194.0,
            179.0,
            220.0,
            172.0,
            199.0,
            156.0
        ],
        "RawIntDen": [
            15171.0,
            13807.0,
            14562.0,
            12181.0,
            14481.0,
            11251.0,
            14286.0,
            12096.0
        ],
        "IntDen": [
            10297.385419412423,
            9371.564200502757,
            9884.0238927878,
            8267.90928705179,
            9829.044773483047,
            7636.667546886109,
            9696.687634416048,
            8210.215149509766
        ],
        "FlagUp": 0,
        "Times": [
            -15,
            -10,
            -5,
            2,
            10,
            20,
            30,
            40
        ],
        "width": 0,
        "height": 0,
        "area": 0.678754559317937,
        "distance": 0,
        "xpert": [
            [
                182.0,
                338.2
            ],
            [
                178.6,
                336.4
            ],
            [
                176.6,
                333.0
            ],
            [
                174.8,
                325.8
            ],
            [
                182.0,
                325.0
            ],
            [
                188.0,
                327.0
            ],
            [
                190.0,
                333.0
            ],
            [
                187.2,
                338.2
            ]
        ],
        "stack": 0
    },
    {
        "type": "Spine",
        "location": [
            194,
            306
        ],
        "radloc": [
            0,
            0
        ],
        "mean": [
            72.84285714285714,
            108.60714285714286,
            71.00714285714285,
            76.87857142857143,
            74.76428571428572,
            69.97142857142858,
            80.22142857142858,
            89.42857142857143
        ],
        "min": [
            12.0,
            24.0,
            8.0,
            19.0,
            13.0,
            12.0,
            10.0,
            18.0
        ],
        "max": [
            165.0,
            223.0,
            214.0,
            157.0,
            183.0,
            153.0,
            177.0,
            174.0
        ],
        "RawIntDen": [
            10198.0,
            15205.0,
            9941.0,
            10763.0,
            10467.0,
            9796.0,
            11231.0,
            12520.0
        ],
        "IntDen": [
            6580.69460399499,
            9811.674980755426,
            6414.854388930594,
            6945.284960070414,
            6754.278331046829,
            6321.286952415662,
            7247.281927580676,
            8079.064173565138
        ],
        "FlagUp": 0,
        "Times": [
            -15,
            -10,
            -5,
            2,
            10,
            20,
            30,
            40
        ],
        "width": 0,
        "height": 0,
        "area": 0.6452926656202187,
        "distance": 0.79068,
        "xpert": [
            [
                194.0,
                311.6
            ],
            [
                189.0,
                311.0
            ],
            [
                184.8,
                306.0
            ],
            [
                189.2,
                301.2
            ],
            [
                194.0,
                300.2
            ],
            [
                198.6,
                301.4
            ],
            [
                200.6,
                306.0
            ],
            [
                200.2,
                312.2
            ]
        ],
        "stack": 0
    },
    {
        "type": "Spine",
        "location": [
            236,
            309
        ],
        "radloc": [
            0,
            0
        ],
        "mean": [
            82.03846153846153,
            78.75961538461539,
            76.75,
            66.39423076923077,
            76.0673076923077,
            59.71153846153846,
            50.65384615384615,
            56.79807692307692
        ],
        "min": [
            23.0,
            17.0,
            11.0,
            14.0,
            18.0,
            7.0,
            6.0,
            8.0
        ],
        "max": [
            208.0,
            179.0,
            148.0,
            172.0,
            171.0,
            168.0,
            135.0,
            150.0
        ],
        "RawIntDen": [
            8532.0,
            8191.0,
            7982.0,
            6905.0,
            7911.0,
            6210.0,
            5268.0,
            5907.0
        ],
        "IntDen": [
            4049.3410264837576,
            3887.5002751908646,
            3788.307556656511,
            3277.156562103885,
            3754.610508733357,
            2947.3051775040008,
            2500.226034636244,
            2803.4994659446265
        ],
        "FlagUp": 0,
        "Times": [
            -15,
            -10,
            -5,
            2,
            10,
            20,
            30,
            40
        ],
        "width": 0,
        "height": 0,
        "area": 0.4746063087768117,
        "distance": 3.5580600000000002,
        "xpert": [
            [
                236.0,
                313.8
            ],
            [
                231.2,
                313.8
            ],
            [
                227.4,
                309.0
            ],
            [
                230.2,
                303.2
            ],
            [
                236.0,
                304.2
            ],
            [
                239.0,
                306.0
            ],
            [
                241.0,
                309.0
            ],
            [
                239.8,
                312.8
            ]
        ],
        "stack": 0
    },
    {
        "type": "Spine",
        "location": [
            258,
            337
        ],
        "radloc": [
            0,
            0
        ],
        "mean": [
            90.92948717948718,
            88.07692307692308,
            83.82051282051282,
            91.62179487179488,
            71.37820512820512,
            75.97435897435898,
            66.65384615384616,
            52.86538461538461
        ],
        "min": [
            18.0,
            22.0,
            16.0,
            10.0,
            9.0,
            28.0,
            14.0,
            9.0
        ],
        "max": [
            200.0,
            218.0,
            196.0,
            171.0,
            168.0,
            141.0,
            141.0,
            167.0
        ],
        "RawIntDen": [
            14185.0,
            13740.0,
            13076.0,
            14293.0,
            11135.0,
            11852.0,
            10398.0,
            8247.0
        ],
        "IntDen": [
            10307.458984364688,
            9984.101970050815,
            9501.609705995957,
            10385.9366417712,
            8091.191807606683,
            8612.196255388812,
            7555.654460304831,
            5992.641116958448
        ],
        "FlagUp": 0,
        "Times": [
            -15,
            -10,
            -5,
            2,
            10,
            20,
            30,
            40
        ],
        "width": 0,
        "height": 0,
        "area": 0.7266449759862311,
        "distance": 5.144102658123816,
        "xpert": [
            [
                258.0,
                342.6
            ],
            [
                253.0,
                342.0
            ],
            [
                251.0,
                337.0
            ],
            [
                251.2,
                330.2
            ],
            [
                258.0,
                329.6
            ],
            [
                263.4,
                331.6
            ],
            [
                265.8,
                337.0
            ],
            [
                263.4,
                342.4
            ]
        ],
        "stack": 0
    },
    {
        "type": "Spine",
        "location": [
            303,
            344
        ],
        "radloc": [
            0,
            0
        ],
        "mean": [
            51.735,
            48.42,
            55.355,
            49.365,
            45.365,
            56.285,
            82.93,
            55.135
        ],
        "min": [
            7.0,
            7.0,
            8.0,
            7.0,
            11.0,
            10.0,
            17.0,
            6.0
        ],
        "max": [
            142.0,
            129.0,
            145.0,
            145.0,
            140.0,
            154.0,
            186.0,
            179.0
        ],
        "RawIntDen": [
            10347.0,
            9684.0,
            11071.0,
            9873.0,
            9073.0,
            11257.0,
            16586.0,
            11027.0
        ],
        "IntDen": [
            9465.743467789613,
            8859.211340685668,
            10128.080209906137,
            9032.114164249237,
            8300.250360805563,
            10298.238544206792,
            15173.36630489596,
            10087.827700716734
        ],
        "FlagUp": 0,
        "Times": [
            -15,
            -10,
            -5,
            2,
            10,
            20,
            30,
            40
        ],
        "width": 0,
        "height": 0,
        "area": 0.9148297543045919,
        "distance": 8.191030252998106,
        "xpert": [
            [
                303.0,
                353.2
            ],
            [
                297.0,
                350.0
            ],
            [
                295.0,
                344.0
            ],
            [
                294.6,
                335.6
            ],
            [
                303.0,
                336.8
            ],
            [
                308.8,
                338.2
            ],
            [
                309.4,
                344.0
            ],
            [
                308.4,
                349.4
            ]
        ],
        "stack": 0
    }
]