[
    {
        "type": "Stim",
        "location": [
            163,
            142
        ],
        "radloc": [
            0,
            0
        ],
        "mean": [
            36.108695652173914,
            34.68840579710145,
            27.181159420289855,
            28.44927536231884,
            27.253623188405797,
            31.67391304347826,
            26.681159420289855,
            28.97826086956522
        ],
        "min": [
            9.0,
            9.0,
            7.0,
            9.0,
            8.0,
            6.0,
            6.0,
            7.0
        ],
        "max": [
            81.0,
            86.0,
            73.0,
            68.0,
            73.0,
            76.0,
            80.0,
            82.0
        ],
        "RawIntDen": [
            4983.0,
            4787.0,
            3751.0,
            3926.0,
            3761.0,
            4371.0,
            3682.0,
            3999.0
        ],
        "IntDen": [
            24.081060686135157,
            23.13386263386093,
            18.12724435755428,
            18.972956904227697,
            18.17557078879276,
            21.12348309434011,
            17.79379198200876,
            19.32573985226861
        ],
        "FlagUp": 0,
        "Times": [
            -15,
            -10,
            -5,
            2,
            10,
            20,
            30,
            40
        ],
        "width": 0,
        "height": 0,
        "area": 0.6669047510910399,
        "distance": 0,
        "xpert": [
            [
                163.0,
                148.0
            ],
            [
                158.2,
                146.8
            ],
            [
                157.0,
                142.0
            ],
            [
                154.2,
                133.2
            ],
            [
                163.0,
                135.2
            ],
            [
                167.0,
                138.0
            ],
            [
                169.4,
                142.0
            ],
            [
                167.6,
                146.6
            ]
        ],
        "stack": 0
    },
    {
        "type": "Spine",
        "location": [
            37,
            94
        ],
        "radloc": [
            0,
            0
        ],
        "mean": [
            38.773809523809526,
            19.660714285714285,
            19.06547619047619,
            13.541666666666666,
            19.357142857142858,
            120.64285714285714,
            57.845238095238095,
            43.98809523809524
        ],
        "min": [
            4.0,
            1.0,
            2.0,
            1.0,
            2.0,
            53.0,
            9.0,
            7.0
        ],
        "max": [
            122.0,
            93.0,
            61.0,
            45.0,
            59.0,
            205.0,
            141.0,
            104.0
        ],
        "RawIntDen": [
            6514.0,
            3303.0,
            3203.0,
            2275.0,
            3252.0,
            20268.0,
            9718.0,
            7390.0
        ],
        "IntDen": [
            30.25546730478399,
            15.341389086229892,
            14.87692075179968,
            10.566654608287315,
            15.104510235670485,
            94.1384420223153,
            45.137032739927974,
            34.32420991439265
        ],
        "FlagUp": 0,
        "Times": [
            -15,
            -10,
            -5,
            2,
            10,
            20,
            30,
            40
        ],
        "width": 0,
        "height": 0,
        "area": 0.7803068018427557,
        "distance": 8.411310126499053,
        "xpert": [
            [
                37.0,
                102.4
            ],
            [
                31.6,
                99.4
            ],
            [
                30.0,
                94.0
            ],
            [
                32.2,
                89.2
            ],
            [
                37.0,
                88.8
            ],
            [
                44.0,
                87.0
            ],
            [
                45.8,
                94.0
            ],
            [
                43.4,
                100.4
            ]
        ],
        "stack": 0
    },
    {
        "type": "Spine",
        "location": [
            16,
            147
        ],
        "radloc": [
            0,
            0
        ],
        "mean": [
            75.796992481203,
            58.45864661654135,
            66.23308270676692,
            51.661654135338345,
            51.285714285714285,
            84.53383458646617,
            85.95488721804512,
            57.70676691729323
        ],
        "min": [
            12.0,
            8.0,
            16.0,
            8.0,
            7.0,
            18.0,
            21.0,
            9.0
        ],
        "max": [
            176.0,
            132.0,
            153.0,
            123.0,
            109.0,
            200.0,
            195.0,
            138.0
        ],
        "RawIntDen": [
            10081.0,
            7775.0,
            8809.0,
            6871.0,
            6821.0,
            11243.0,
            11432.0,
            7675.0
        ],
        "IntDen": [
            44.089925713928416,
            34.004480946909375,
            38.52674889534723,
            30.050776667037212,
            29.832098332973487,
            49.172010197569406,
            49.99861430033029,
            33.567124278781925
        ],
        "FlagUp": 0,
        "Times": [
            -15,
            -10,
            -5,
            2,
            10,
            20,
            30,
            40
        ],
        "width": 0,
        "height": 0,
        "area": 0.5816843686095109,
        "distance": 9.795000126499053,
        "xpert": [
            [
                16.0,
                154.8
            ],
            [
                11.2,
                151.8
            ],
            [
                9.6,
                147.0
            ],
            [
                11.0,
                142.0
            ],
            [
                16.0,
                140.0
            ],
            [
                21.0,
                142.0
            ],
            [
                22.0,
                147.0
            ],
            [
                20.8,
                151.8
            ]
        ],
        "stack": 0
    },
    {
        "type": "Spine",
        "location": [
            192,
            109
        ],
        "radloc": [
            0,
            0
        ],
        "mean": [
            41.864,
            40.896,
            28.04,
            18.84,
            26.472,
            26.416,
            28.192,
            24.568
        ],
        "min": [
            9.0,
            5.0,
            6.0,
            6.0,
            6.0,
            4.0,
            6.0,
            5.0
        ],
        "max": [
            107.0,
            101.0,
            66.0,
            59.0,
            84.0,
            67.0,
            63.0,
            74.0
        ],
        "RawIntDen": [
            5233.0,
            5112.0,
            3505.0,
            2355.0,
            3309.0,
            3302.0,
            3524.0,
            3071.0
        ],
        "IntDen": [
            24.23339763496025,
            23.673061094958303,
            16.231236138072937,
            10.905723567806495,
            15.323583560879701,
            15.291167397408513,
            16.31922286749473,
            14.221434002859342
        ],
        "FlagUp": 0,
        "Times": [
            -15,
            -10,
            -5,
            2,
            10,
            20,
            30,
            40
        ],
        "width": 0,
        "height": 0,
        "area": 0.5788600619854828,
        "distance": 1.9108100000000001,
        "xpert": [
            [
                192.0,
                115.6
            ],
            [
                187.4,
                113.6
            ],
            [
                186.2,
                109.0
            ],
            [
                188.0,
                105.0
            ],
            [
                192.0,
                103.4
            ],
            [
                197.0,
                104.0
            ],
            [
                198.8,
                109.0
            ],
            [
                199.0,
                116.0
            ]
        ],
        "stack": 0
    },
    {
        "type": "Spine",
        "location": [
            241,
            132
        ],
        "radloc": [
            0,
            0
        ],
        "mean": [
            22.89855072463768,
            23.355072463768117,
            18.942028985507246,
            17.76086956521739,
            19.434782608695652,
            28.68840579710145,
            17.043478260869566,
            11.898550724637682
        ],
        "min": [
            5.0,
            6.0,
            5.0,
            4.0,
            6.0,
            7.0,
            5.0,
            5.0
        ],
        "max": [
            64.0,
            62.0,
            54.0,
            63.0,
            53.0,
            62.0,
            49.0,
            42.0
        ],
        "RawIntDen": [
            3160.0,
            3223.0,
            2614.0,
            2451.0,
            2682.0,
            3959.0,
            2352.0,
            1642.0
        ],
        "IntDen": [
            14.22092664562755,
            14.504445119891646,
            11.76376653533874,
            11.030218736845926,
            12.06978647581427,
            17.816660946215023,
            10.584689705859494,
            7.389481503835582
        ],
        "FlagUp": 0,
        "Times": [
            -15,
            -10,
            -5,
            2,
            10,
            20,
            30,
            40
        ],
        "width": 0,
        "height": 0,
        "area": 0.6210404674356336,
        "distance": 5.22129759487429,
        "xpert": [
            [
                241.0,
                137.6
            ],
            [
                234.4,
                138.6
            ],
            [
                233.2,
                132.0
            ],
            [
                235.8,
                126.8
            ],
            [
                241.0,
                126.8
            ],
            [
                245.6,
                127.4
            ],
            [
                248.2,
                132.0
            ],
            [
                246.0,
                137.0
            ]
        ],
        "stack": 0
    },
    {
        "type": "Spine",
        "location": [
            283,
            121
        ],
        "radloc": [
            0,
            0
        ],
        "mean": [
            48.66379310344828,
            51.060344827586206,
            47.793103448275865,
            60.94827586206897,
            52.043103448275865,
            38.98275862068966,
            39.758620689655174,
            34.474137931034484
        ],
        "min": [
            6.0,
            8.0,
            11.0,
            10.0,
            7.0,
            7.0,
            6.0,
            5.0
        ],
        "max": [
            145.0,
            146.0,
            110.0,
            142.0,
            125.0,
            104.0,
            88.0,
            103.0
        ],
        "RawIntDen": [
            5645.0,
            5923.0,
            5544.0,
            7070.0,
            6037.0,
            4522.0,
            4612.0,
            3999.0
        ],
        "IntDen": [
            25.00538455031271,
            26.236827757573458,
            24.557989716020135,
            31.317638400480224,
            26.74180806558686,
            20.030885551198242,
            20.429554215419348,
            17.714177646891148
        ],
        "FlagUp": 0,
        "Times": [
            -15,
            -10,
            -5,
            2,
            10,
            20,
            30,
            40
        ],
        "width": 0,
        "height": 0,
        "area": 0.5138396116627589,
        "distance": 8.03332924018383,
        "xpert": [
            [
                283.0,
                126.2
            ],
            [
                278.0,
                126.0
            ],
            [
                274.6,
                121.0
            ],
            [
                278.6,
                116.6
            ],
            [
                283.0,
                115.0
            ],
            [
                287.4,
                116.6
            ],
            [
                289.2,
                121.0
            ],
            [
                287.2,
                125.2
            ]
        ],
        "stack": 0
    },
    {
        "type": "Spine",
        "location": [
            268,
            100
        ],
        "radloc": [
            0,
            0
        ],
        "mean": [
            83.6822429906542,
            85.71028037383178,
            92.09345794392523,
            124.10280373831776,
            118.98130841121495,
            123.72897196261682,
            123.85981308411215,
            119.60747663551402
        ],
        "min": [
            10.0,
            13.0,
            9.0,
            29.0,
            21.0,
            25.0,
            24.0,
            14.0
        ],
        "max": [
            247.0,
            211.0,
            228.0,
            238.0,
            238.0,
            255.0,
            248.0,
            250.0
        ],
        "RawIntDen": [
            8954.0,
            9171.0,
            9854.0,
            13279.0,
            12731.0,
            13239.0,
            13253.0,
            12798.0
        ],
        "IntDen": [
            39.438672783950615,
            40.394468181998114,
            43.40280116294945,
            58.4885119385839,
            56.074798214482385,
            58.312328455072844,
            58.37399267430171,
            56.36990554936341
        ],
        "FlagUp": 0,
        "Times": [
            -15,
            -10,
            -5,
            2,
            10,
            20,
            30,
            40
        ],
        "width": 0,
        "height": 0,
        "area": 0.47129081839208353,
        "distance": 7.691103622544398,
        "xpert": [
            [
                268.0,
                107.0
            ],
            [
                263.6,
                104.4
            ],
            [
                262.8,
                100.0
            ],
            [
                264.6,
                96.6
            ],
            [
                268.0,
                95.2
            ],
            [
                272.2,
                95.8
            ],
            [
                274.6,
                100.0
            ],
            [
                273.8,
                105.8
            ]
        ],
        "stack": 0
    },
    {
        "type": "Spine",
        "location": [
            306,
            85
        ],
        "radloc": [
            0,
            0
        ],
        "mean": [
            71.06666666666666,
            65.925,
            50.13333333333333,
            74.36666666666666,
            55.2,
            65.04166666666667,
            94.425,
            67.50833333333334
        ],
        "min": [
            8.0,
            5.0,
            6.0,
            6.0,
            7.0,
            5.0,
            18.0,
            9.0
        ],
        "max": [
            180.0,
            180.0,
            142.0,
            214.0,
            151.0,
            170.0,
            180.0,
            138.0
        ],
        "RawIntDen": [
            8528.0,
            7911.0,
            6016.0,
            8924.0,
            6624.0,
            7805.0,
            11331.0,
            8101.0
        ],
        "IntDen": [
            39.24832492263001,
            36.40871229630934,
            27.68737367900354,
            41.07083156772399,
            30.485565699753895,
            35.920869608481155,
            52.1485424130301,
            37.28314730279383
        ],
        "FlagUp": 0,
        "Times": [
            -15,
            -10,
            -5,
            2,
            10,
            20,
            30,
            40
        ],
        "width": 0,
        "height": 0,
        "area": 0.5522747409375706,
        "distance": 10.31133676492716,
        "xpert": [
            [
                306.0,
                93.4
            ],
            [
                300.8,
                90.2
            ],
            [
                301.2,
                85.0
            ],
            [
                302.6,
                81.6
            ],
            [
                306.0,
                80.0
            ],
            [
                309.4,
                81.6
            ],
            [
                311.6,
                85.0
            ],
            [
                313.4,
                92.4
            ]
        ],
        "stack": 0
    },
    {
        "type": "Spine",
        "location": [
            326,
            105
        ],
        "radloc": [
            0,
            0
        ],
        "mean": [
            59.97163120567376,
            46.02127659574468,
            54.95035460992908,
            58.234042553191486,
            55.47517730496454,
            36.851063829787236,
            34.638297872340424,
            34.361702127659576
        ],
        "min": [
            8.0,
            5.0,
            11.0,
            17.0,
            14.0,
            8.0,
            6.0,
            8.0
        ],
        "max": [
            169.0,
            104.0,
            112.0,
            147.0,
            116.0,
            112.0,
            112.0,
            114.0
        ],
        "RawIntDen": [
            8456.0,
            6489.0,
            7748.0,
            8211.0,
            7822.0,
            5196.0,
            4884.0,
            4845.0
        ],
        "IntDen": [
            38.566696851222645,
            29.59547018301605,
            35.337602554786315,
            37.44928427689086,
            35.675106760911014,
            23.698268311134445,
            22.275277604230297,
            22.09740376586728
        ],
        "FlagUp": 0,
        "Times": [
            -15,
            -10,
            -5,
            2,
            10,
            20,
            30,
            40
        ],
        "width": 0,
        "height": 0,
        "area": 0.6430823386970663,
        "distance": 11.449675822243842,
        "xpert": [
            [
                326.0,
                110.0
            ],
            [
                321.0,
                110.0
            ],
            [
                316.8,
                105.0
            ],
            [
                319.6,
                98.6
            ],
            [
                326.0,
                96.4
            ],
            [
                331.2,
                99.8
            ],
            [
                331.6,
                105.0
            ],
            [
                329.0,
                108.0
            ]
        ],
        "stack": 0
    },
    {
        "type": "Spine",
        "location": [
            340,
            76
        ],
        "radloc": [
            0,
            0
        ],
        "mean": [
            81.02962962962962,
            78.48148148148148,
            63.837037037037035,
            67.51851851851852,
            60.98518518518519,
            59.14074074074074,
            50.65185185185185,
            54.22962962962963
        ],
        "min": [
            15.0,
            10.0,
            12.0,
            10.0,
            15.0,
            11.0,
            11.0,
            9.0
        ],
        "max": [
            195.0,
            198.0,
            143.0,
            148.0,
            132.0,
            136.0,
            146.0,
            134.0
        ],
        "RawIntDen": [
            10939.0,
            10595.0,
            8618.0,
            9115.0,
            8233.0,
            7984.0,
            6838.0,
            7321.0
        ],
        "IntDen": [
            48.60628516353048,
            47.07775768421295,
            38.29316807197236,
            40.50153480807938,
            36.582461445410594,
            35.476056380439466,
            30.38392704527118,
            32.530086267685036
        ],
        "FlagUp": 0,
        "Times": [
            -15,
            -10,
            -5,
            2,
            10,
            20,
            30,
            40
        ],
        "width": 0,
        "height": 0,
        "area": 0.5998581677554269,
        "distance": 12.508598480367658,
        "xpert": [
            [
                340.0,
                82.2
            ],
            [
                334.4,
                81.6
            ],
            [
                333.0,
                76.0
            ],
            [
                335.0,
                71.0
            ],
            [
                340.0,
                68.4
            ],
            [
                344.6,
                71.4
            ],
            [
                347.2,
                76.0
            ],
            [
                344.4,
                80.4
            ]
        ],
        "stack": 0
    },
    {
        "type": "Spine",
        "location": [
            365,
            105
        ],
        "radloc": [
            0,
            0
        ],
        "mean": [
            105.61363636363636,
            84.60606060606061,
            59.72727272727273,
            59.43939393939394,
            46.78030303030303,
            48.89393939393939,
            42.06818181818182,
            37.03787878787879
        ],
        "min": [
            13.0,
            11.0,
            10.0,
            9.0,
            6.0,
            10.0,
            8.0,
            8.0
        ],
        "max": [
            238.0,
            189.0,
            148.0,
            163.0,
            140.0,
            134.0,
            124.0,
            140.0
        ],
        "RawIntDen": [
            13941.0,
            11168.0,
            7884.0,
            7846.0,
            6175.0,
            6454.0,
            5553.0,
            4889.0
        ],
        "IntDen": [
            65.40877713403363,
            52.398337496082604,
            36.99037364068009,
            36.81208416854084,
            28.97203922262805,
            30.281059294387276,
            26.05372207340139,
            22.938348139178714
        ],
        "FlagUp": 0,
        "Times": [
            -15,
            -10,
            -5,
            2,
            10,
            20,
            30,
            40
        ],
        "width": 0,
        "height": 0,
        "area": 0.6193213242731826,
        "distance": 14.155848480367663,
        "xpert": [
            [
                365.0,
                112.4
            ],
            [
                359.6,
                110.4
            ],
            [
                354.2,
                105.0
            ],
            [
                360.2,
                100.2
            ],
            [
                365.0,
                100.2
            ],
            [
                369.6,
                100.4
            ],
            [
                370.2,
                105.0
            ],
            [
                369.2,
                109.2
            ]
        ],
        "stack": 0
    },
    {
        "type": "Spine",
        "location": [
            378,
            80
        ],
        "radloc": [
            0,
            0
        ],
        "mean": [
            35.06432748538012,
            37.345029239766085,
            26.637426900584796,
            31.43859649122807,
            29.871345029239766,
            28.444444444444443,
            40.68421052631579,
            35.42690058479532
        ],
        "min": [
            6.0,
            4.0,
            5.0,
            6.0,
            6.0,
            6.0,
            9.0,
            5.0
        ],
        "max": [
            118.0,
            113.0,
            95.0,
            111.0,
            100.0,
            86.0,
            106.0,
            114.0
        ],
        "RawIntDen": [
            5996.0,
            6386.0,
            4555.0,
            5376.0,
            5108.0,
            4864.0,
            6957.0,
            6058.0
        ],
        "IntDen": [
            25.99600825080844,
            27.686876032298652,
            19.748468576122825,
            23.307962034080415,
            22.14603237910766,
            21.088156126072757,
            30.162479886736875,
            26.26481287248124
        ],
        "FlagUp": 0,
        "Times": [
            -15,
            -10,
            -5,
            2,
            10,
            20,
            30,
            40
        ],
        "width": 0,
        "height": 0,
        "area": 0.7413804888072454,
        "distance": 15.012418480367662,
        "xpert": [
            [
                378.0,
                88.8
            ],
            [
                372.2,
                85.8
            ],
            [
                370.2,
                80.0
            ],
            [
                373.2,
                75.2
            ],
            [
                378.0,
                74.8
            ],
            [
                383.0,
                75.0
            ],
            [
                386.8,
                80.0
            ],
            [
                384.2,
                86.2
            ]
        ],
        "stack": 0
    },
    {
        "type": "Spine",
        "location": [
            416,
            118
        ],
        "radloc": [
            0,
            0
        ],
        "mean": [
            60.83495145631068,
            53.04368932038835,
            48.407766990291265,
            42.86893203883495,
            33.310679611650485,
            37.849514563106794,
            30.796116504854368,
            24.315533980582526
        ],
        "min": [
            9.0,
            8.0,
            6.0,
            6.0,
            6.0,
            6.0,
            3.0,
            4.0
        ],
        "max": [
            169.0,
            149.0,
            146.0,
            124.0,
            107.0,
            141.0,
            97.0,
            75.0
        ],
        "RawIntDen": [
            12532.0,
            10927.0,
            9972.0,
            8831.0,
            6862.0,
            7797.0,
            6344.0,
            5009.0
        ],
        "IntDen": [
            55.410839429471956,
            48.314254903115234,
            44.091676571233194,
            39.046690312932235,
            30.34066231766969,
            34.47480968972174,
            28.05030045807294,
            22.147533889421084
        ],
        "FlagUp": 0,
        "Times": [
            -15,
            -10,
            -5,
            2,
            10,
            20,
            30,
            40
        ],
        "width": 0,
        "height": 0,
        "area": 0.9108388862489006,
        "distance": 17.516238480367676,
        "xpert": [
            [
                416.0,
                126.8
            ],
            [
                410.0,
                124.0
            ],
            [
                407.8,
                118.0
            ],
            [
                408.0,
                110.0
            ],
            [
                416.0,
                107.2
            ],
            [
                420.6,
                113.4
            ],
            [
                421.2,
                118.0
            ],
            [
                421.6,
                123.6
            ]
        ],
        "stack": 0
    },
    {
        "type": "Spine",
        "location": [
            452,
            75
        ],
        "radloc": [
            0,
            0
        ],
        "mean": [
            36.8855421686747,
            148.40361445783134,
            36.16265060240964,
            38.933734939759034,
            39.31927710843374,
            38.2289156626506,
            25.367469879518072,
            22.879518072289155
        ],
        "min": [
            10.0,
            41.0,
            9.0,
            11.0,
            11.0,
            11.0,
            8.0,
            7.0
        ],
        "max": [
            114.0,
            245.0,
            102.0,
            101.0,
            137.0,
            92.0,
            83.0,
            82.0
        ],
        "RawIntDen": [
            6123.0,
            24635.0,
            6003.0,
            6463.0,
            6527.0,
            6346.0,
            4211.0,
            3798.0
        ],
        "IntDen": [
            27.373397651909098,
            110.13288439568524,
            26.836927340259734,
            28.89339686824898,
            29.179514367795313,
            28.370338314390846,
            18.825637352962474,
            16.97928536370256
        ],
        "FlagUp": 0,
        "Times": [
            -15,
            -10,
            -5,
            2,
            10,
            20,
            30,
            40
        ],
        "width": 0,
        "height": 0,
        "area": 0.7421172644482951,
        "distance": 19.88827848036768,
        "xpert": [
            [
                452.0,
                81.0
            ],
            [
                446.0,
                81.0
            ],
            [
                442.4,
                75.0
            ],
            [
                445.6,
                68.6
            ],
            [
                452.0,
                67.2
            ],
            [
                457.0,
                70.0
            ],
            [
                459.2,
                75.0
            ],
            [
                456.4,
                79.4
            ]
        ],
        "stack": 0
    },
    {
        "type": "Spine",
        "location": [
            473,
            104
        ],
        "radloc": [
            0,
            0
        ],
        "mean": [
            86.35398230088495,
            57.05309734513274,
            61.557522123893804,
            62.1858407079646,
            54.06194690265487,
            57.796460176991154,
            57.11504424778761,
            53.5929203539823
        ],
        "min": [
            13.0,
            9.0,
            9.0,
            10.0,
            12.0,
            10.0,
            9.0,
            7.0
        ],
        "max": [
            191.0,
            150.0,
            130.0,
            141.0,
            107.0,
            148.0,
            140.0,
            158.0
        ],
        "RawIntDen": [
            9758.0,
            6447.0,
            6956.0,
            7027.0,
            6109.0,
            6531.0,
            6454.0,
            6056.0
        ],
        "IntDen": [
            42.20359540911893,
            27.883437139023343,
            30.084874940134384,
            30.391951725751053,
            26.421578638482025,
            28.24673925158391,
            27.913712315070057,
            26.192352305556906
        ],
        "FlagUp": 0,
        "Times": [
            -15,
            -10,
            -5,
            2,
            10,
            20,
            30,
            40
        ],
        "width": 0,
        "height": 0,
        "area": 0.4887278418969502,
        "distance": 21.271968480367686,
        "xpert": [
            [
                473.0,
                110.6
            ],
            [
                467.6,
                109.4
            ],
            [
                465.0,
                104.0
            ],
            [
                468.8,
                99.8
            ],
            [
                473.0,
                99.8
            ],
            [
                476.6,
                100.4
            ],
            [
                478.6,
                104.0
            ],
            [
                477.6,
                108.6
            ]
        ],
        "stack": 0
    },
    {
        "type": "Spine",
        "location": [
            422,
            88
        ],
        "radloc": [
            0,
            0
        ],
        "mean": [
            81.20769230769231,
            72.12307692307692,
            56.53846153846154,
            49.66923076923077,
            60.6,
            66.73846153846154,
            70.77692307692308,
            77.31538461538462
        ],
        "min": [
            19.0,
            10.0,
            7.0,
            9.0,
            14.0,
            17.0,
            10.0,
            15.0
        ],
        "max": [
            157.0,
            193.0,
            159.0,
            135.0,
            131.0,
            174.0,
            144.0,
            168.0
        ],
        "RawIntDen": [
            10557.0,
            9376.0,
            7350.0,
            6457.0,
            7878.0,
            8676.0,
            9201.0,
            10051.0
        ],
        "IntDen": [
            47.317021025646355,
            42.02371783048784,
            32.94308085047842,
            28.940608578440703,
            35.3096042095332,
            38.88628155901371,
            41.23935876261931,
            45.04910280655219
        ],
        "FlagUp": 0,
        "Times": [
            -15,
            -10,
            -5,
            2,
            10,
            20,
            30,
            40
        ],
        "width": 0,
        "height": 0,
        "area": 0.5826667361309108,
        "distance": 17.911578480367677,
        "xpert": [
            [
                422.0,
                93.2
            ],
            [
                416.8,
                93.2
            ],
            [
                412.0,
                88.0
            ],
            [
                415.6,
                81.6
            ],
            [
                422.0,
                83.2
            ],
            [
                425.2,
                84.8
            ],
            [
                426.8,
                88.0
            ],
            [
                427.0,
                93.0
            ]
        ],
        "stack": 0
    },
    {
        "type": "Spine",
        "location": [
            474,
            79
        ],
        "radloc": [
            0,
            0
        ],
        "mean": [
            31.97093023255814,
            36.70348837209303,
            46.19767441860465,
            42.83720930232558,
            48.16279069767442,
            58.5406976744186,
            59.383720930232556,
            66.48837209302326
        ],
        "min": [
            8.0,
            10.0,
            7.0,
            9.0,
            9.0,
            12.0,
            13.0,
            11.0
        ],
        "max": [
            110.0,
            111.0,
            140.0,
            125.0,
            117.0,
            136.0,
            134.0,
            150.0
        ],
        "RawIntDen": [
            5499.0,
            6313.0,
            7946.0,
            7368.0,
            8284.0,
            10069.0,
            10214.0,
            11436.0
        ],
        "IntDen": [
            24.59380328244916,
            28.234348085488556,
            35.53779976038207,
            32.95274460539833,
            37.049475612258384,
            45.03273417911995,
            45.68123417474736,
            51.1465237930694
        ],
        "FlagUp": 0,
        "Times": [
            -15,
            -10,
            -5,
            2,
            10,
            20,
            30,
            40
        ],
        "width": 0,
        "height": 0,
        "area": 0.7692551672269968,
        "distance": 22.051343543617214,
        "xpert": [
            [
                474.0,
                86.4
            ],
            [
                469.2,
                83.8
            ],
            [
                464.4,
                79.0
            ],
            [
                467.4,
                72.4
            ],
            [
                474.0,
                73.4
            ],
            [
                478.6,
                74.4
            ],
            [
                483.2,
                79.0
            ],
            [
                479.6,
                84.6
            ]
        ],
        "stack": 0
    }
]