[
    {
        "type": "Stim",
        "location": [
            16,
            268
        ],
        "radloc": [
            0,
            0
        ],
        "mean": [
            60.1,
            58.57222222222222,
            61.53888888888889,
            87.92777777777778,
            93.46666666666667,
            81.05555555555556,
            80.75,
            91.3
        ],
        "min": [
            8.0,
            11.0,
            17.0,
            19.0,
            23.0,
            19.0,
            14.0,
            23.0
        ],
        "max": [
            170.0,
            130.0,
            164.0,
            167.0,
            199.0,
            153.0,
            173.0,
            217.0
        ],
        "RawIntDen": [
            10818.0,
            10543.0,
            11077.0,
            15827.0,
            16824.0,
            14590.0,
            14535.0,
            16434.0
        ],
        "IntDen": [
            9003.27492371941,
            8774.40631547178,
            9218.827540214448,
            13172.012591764382,
            14001.765327847601,
            12142.519979392326,
            12096.7462577428,
            13677.188028878238
        ],
        "FlagUp": 0,
        "Times": [
            -15,
            -10,
            -5,
            2,
            10,
            20,
            30,
            40
        ],
        "width": 0,
        "height": 0,
        "area": 0.8322494845368283,
        "distance": 0,
        "xpert": [
            [
                16.0,
                273.8
            ],
            [
                10.6,
                273.4
            ],
            [
                7.2,
                268.0
            ],
            [
                8.0,
                260.0
            ],
            [
                16.0,
                259.6
            ],
            [
                22.8,
                261.2
            ],
            [
                22.0,
                268.0
            ],
            [
                19.6,
                271.6
            ]
        ],
        "stack": 0
    },
    {
        "type": "Stim",
        "location": [
            52,
            239
        ],
        "radloc": [
            0,
            0
        ],
        "mean": [
            84.7012987012987,
            88.33116883116882,
            89.0909090909091,
            133.21428571428572,
            94.63636363636364,
            87.46753246753246,
            110.51948051948052,
            98.68181818181819
        ],
        "min": [
            10.0,
            11.0,
            11.0,
            36.0,
            10.0,
            12.0,
            18.0,
            27.0
        ],
        "max": [
            196.0,
            211.0,
            229.0,
            220.0,
            229.0,
            194.0,
            200.0,
            199.0
        ],
        "RawIntDen": [
            13044.0,
            13603.0,
            13720.0,
            20515.0,
            14574.0,
            13470.0,
            17020.0,
            15197.0
        ],
        "IntDen": [
            9402.273930191302,
            9805.207932566107,
            9889.542956318972,
            14787.461643504645,
            10505.11654849801,
            9709.339914111993,
            12268.223113451088,
            10954.1825296778
        ],
        "FlagUp": 0,
        "Times": [
            -15,
            -10,
            -5,
            2,
            10,
            20,
            30,
            40
        ],
        "width": 0,
        "height": 0,
        "area": 0.7208121688279134,
        "distance": 0,
        "xpert": [
            [
                52.0,
                245.0
            ],
            [
                46.2,
                244.8
            ],
            [
                45.6,
                239.0
            ],
            [
                48.0,
                235.0
            ],
            [
                52.0,
                233.4
            ],
            [
                58.8,
                232.2
            ],
            [
                62.0,
                239.0
            ],
            [
                57.6,
                244.6
            ]
        ],
        "stack": 0
    },
    {
        "type": "Stim",
        "location": [
            69,
            283
        ],
        "radloc": [
            0,
            0
        ],
        "mean": [
            72.79661016949153,
            65.62711864406779,
            63.66949152542373,
            85.46610169491525,
            75.57627118644068,
            74.33050847457628,
            79.54237288135593,
            63.92372881355932
        ],
        "min": [
            17.0,
            9.0,
            11.0,
            17.0,
            19.0,
            18.0,
            17.0,
            14.0
        ],
        "max": [
            174.0,
            148.0,
            139.0,
            199.0,
            165.0,
            172.0,
            160.0,
            150.0
        ],
        "RawIntDen": [
            8590.0,
            7744.0,
            7513.0,
            10085.0,
            8918.0,
            8771.0,
            9386.0,
            7543.0
        ],
        "IntDen": [
            4583.180412922839,
            4131.798500311346,
            4008.5488291372867,
            5380.835211213834,
            4758.184275022803,
            4679.752666093856,
            5007.884907531288,
            4024.5552799391126
        ],
        "FlagUp": 0,
        "Times": [
            -15,
            -10,
            -5,
            2,
            10,
            20,
            30,
            40
        ],
        "width": 0,
        "height": 0,
        "area": 0.533548360060866,
        "distance": 0,
        "xpert": [
            [
                69.0,
                289.4
            ],
            [
                64.8,
                287.2
            ],
            [
                61.4,
                283.0
            ],
            [
                64.0,
                278.0
            ],
            [
                69.0,
                277.2
            ],
            [
                73.0,
                279.0
            ],
            [
                74.4,
                283.0
            ],
            [
                74.6,
                288.6
            ]
        ],
        "stack": 0
    },
    {
        "type": "Stim",
        "location": [
            122,
            235
        ],
        "radloc": [
            0,
            0
        ],
        "mean": [
            57.291666666666664,
            67.02083333333333,
            72.234375,
            161.02083333333334,
            83.38020833333333,
            69.734375,
            60.458333333333336,
            93.421875
        ],
        "min": [
            6.0,
            12.0,
            10.0,
            55.0,
            8.0,
            11.0,
            11.0,
            13.0
        ],
        "max": [
            188.0,
            204.0,
            203.0,
            255.0,
            195.0,
            163.0,
            141.0,
            204.0
        ],
        "RawIntDen": [
            11000.0,
            12868.0,
            13869.0,
            30916.0,
            16009.0,
            13389.0,
            11608.0,
            17937.0
        ],
        "IntDen": [
            9445.156728419253,
            11049.116071027178,
            11908.62533331333,
            26546.04231052815,
            13746.137642296713,
            11496.473039709581,
            9967.216300317337,
            15401.616021605105
        ],
        "FlagUp": 0,
        "Times": [
            -15,
            -10,
            -5,
            2,
            10,
            20,
            30,
            40
        ],
        "width": 0,
        "height": 0,
        "area": 0.8586506116744776,
        "distance": 0,
        "xpert": [
            [
                122.0,
                243.8
            ],
            [
                117.0,
                240.0
            ],
            [
                115.0,
                235.0
            ],
            [
                115.6,
                228.6
            ],
            [
                122.0,
                226.8
            ],
            [
                127.6,
                229.4
            ],
            [
                130.2,
                235.0
            ],
            [
                129.0,
                242.0
            ]
        ],
        "stack": 0
    },
    {
        "type": "Stim",
        "location": [
            145,
            264
        ],
        "radloc": [
            0,
            0
        ],
        "mean": [
            79.60431654676259,
            66.9136690647482,
            61.96402877697842,
            200.53237410071944,
            146.44604316546761,
            106.88489208633094,
            109.09352517985612,
            74.46043165467626
        ],
        "min": [
            8.0,
            11.0,
            14.0,
            67.0,
            42.0,
            14.0,
            27.0,
            15.0
        ],
        "max": [
            202.0,
            195.0,
            137.0,
            255.0,
            255.0,
            255.0,
            255.0,
            238.0
        ],
        "RawIntDen": [
            11065.0,
            9301.0,
            8613.0,
            27874.0,
            20356.0,
            14857.0,
            15164.0,
            10350.0
        ],
        "IntDen": [
            6715.558008200963,
            5644.953008068428,
            5227.3927812593665,
            16917.258375110134,
            12354.441826926235,
            9016.994607125323,
            9203.31871996018,
            6281.610970165383
        ],
        "FlagUp": 0,
        "Times": [
            -15,
            -10,
            -5,
            2,
            10,
            20,
            30,
            40
        ],
        "width": 0,
        "height": 0,
        "area": 0.6069189343154959,
        "distance": 0,
        "xpert": [
            [
                145.0,
                270.6
            ],
            [
                139.0,
                270.0
            ],
            [
                137.2,
                264.0
            ],
            [
                139.8,
                258.8
            ],
            [
                145.0,
                258.8
            ],
            [
                150.2,
                258.8
            ],
            [
                150.8,
                264.0
            ],
            [
                149.8,
                268.8
            ]
        ],
        "stack": 0
    },
    {
        "type": "Stim",
        "location": [
            167,
            242
        ],
        "radloc": [
            0,
            0
        ],
        "mean": [
            65.8411214953271,
            39.626168224299064,
            61.06542056074766,
            60.81308411214953,
            48.308411214953274,
            50.91588785046729,
            65.77570093457943,
            64.48598130841121
        ],
        "min": [
            9.0,
            8.0,
            10.0,
            12.0,
            10.0,
            10.0,
            12.0,
            16.0
        ],
        "max": [
            197.0,
            181.0,
            164.0,
            178.0,
            124.0,
            146.0,
            142.0,
            124.0
        ],
        "RawIntDen": [
            7045.0,
            4240.0,
            6534.0,
            6507.0,
            5169.0,
            5448.0,
            7038.0,
            6900.0
        ],
        "IntDen": [
            3343.6014453326393,
            2012.330749213682,
            3101.0776215476885,
            3088.2632512107143,
            2453.2400100673403,
            2585.655170216071,
            3340.2792011712017,
            3274.7835305600015
        ],
        "FlagUp": 0,
        "Times": [
            -15,
            -10,
            -5,
            2,
            10,
            20,
            30,
            40
        ],
        "width": 0,
        "height": 0,
        "area": 0.4746063087768118,
        "distance": 0,
        "xpert": [
            [
                167.0,
                249.2
            ],
            [
                163.2,
                245.8
            ],
            [
                161.4,
                242.0
            ],
            [
                163.4,
                238.4
            ],
            [
                167.0,
                235.8
            ],
            [
                171.2,
                237.8
            ],
            [
                172.4,
                242.0
            ],
            [
                172.6,
                247.6
            ]
        ],
        "stack": 0
    },
    {
        "type": "Stim",
        "location": [
            248,
            230
        ],
        "radloc": [
            0,
            0
        ],
        "mean": [
            72.43548387096774,
            59.04838709677419,
            57.95967741935484,
            75.70161290322581,
            99.09677419354838,
            78.5,
            89.0241935483871,
            76.11290322580645
        ],
        "min": [
            12.0,
            14.0,
            13.0,
            21.0,
            24.0,
            9.0,
            17.0,
            22.0
        ],
        "max": [
            164.0,
            132.0,
            138.0,
            185.0,
            202.0,
            186.0,
            216.0,
            183.0
        ],
        "RawIntDen": [
            8982.0,
            7322.0,
            7187.0,
            9387.0,
            12288.0,
            9734.0,
            11039.0,
            9438.0
        ],
        "IntDen": [
            4946.744808918099,
            4032.5167547203655,
            3958.1668828428387,
            5169.794424550679,
            6767.490560229971,
            5360.901132265506,
            6079.616560414929,
            5197.882153926634
        ],
        "FlagUp": 0,
        "Times": [
            -15,
            -10,
            -5,
            2,
            10,
            20,
            30,
            40
        ],
        "width": 0,
        "height": 0,
        "area": 0.5507397916853818,
        "distance": 0,
        "xpert": [
            [
                248.0,
                237.0
            ],
            [
                243.2,
                234.8
            ],
            [
                241.2,
                230.0
            ],
            [
                243.0,
                225.0
            ],
            [
                248.0,
                224.6
            ],
            [
                252.6,
                225.4
            ],
            [
                253.6,
                230.0
            ],
            [
                253.4,
                235.4
            ]
        ],
        "stack": 0
    },
    {
        "type": "Stim",
        "location": [
            261,
            233
        ],
        "radloc": [
            0,
            0
        ],
        "mean": [
            31.074766355140188,
            26.42056074766355,
            24.38317757009346,
            41.401869158878505,
            44.94392523364486,
            63.71028037383178,
            80.61682242990655,
            101.13084112149532
        ],
        "min": [
            8.0,
            7.0,
            7.0,
            6.0,
            8.0,
            14.0,
            14.0,
            23.0
        ],
        "max": [
            99.0,
            61.0,
            70.0,
            120.0,
            101.0,
            144.0,
            187.0,
            208.0
        ],
        "RawIntDen": [
            3325.0,
            2827.0,
            2609.0,
            4430.0,
            4809.0,
            6817.0,
            8626.0,
            10821.0
        ],
        "IntDen": [
            1635.2274868344145,
            1390.3122121145534,
            1283.100304707064,
            2178.6639899778816,
            2365.055333589985,
            3352.5851963158507,
            4242.2473087018525,
            5321.743348882766
        ],
        "FlagUp": 0,
        "Times": [
            -15,
            -10,
            -5,
            2,
            10,
            20,
            30,
            40
        ],
        "width": 0,
        "height": 0,
        "area": 0.4917977404013277,
        "distance": 0,
        "xpert": [
            [
                261.0,
                240.8
            ],
            [
                255.6,
                238.4
            ],
            [
                254.8,
                233.0
            ],
            [
                256.4,
                228.4
            ],
            [
                261.0,
                228.6
            ],
            [
                264.2,
                229.8
            ],
            [
                267.4,
                233.0
            ],
            [
                265.0,
                237.0
            ]
        ],
        "stack": 0
    },
    {
        "type": "Stim",
        "location": [
            307,
            242
        ],
        "radloc": [
            0,
            0
        ],
        "mean": [
            107.14883720930233,
            75.48372093023256,
            72.75813953488372,
            81.87441860465117,
            86.87906976744186,
            82.72093023255815,
            95.31627906976745,
            85.53023255813953
        ],
        "min": [
            14.0,
            10.0,
            9.0,
            10.0,
            8.0,
            11.0,
            13.0,
            15.0
        ],
        "max": [
            223.0,
            205.0,
            179.0,
            225.0,
            213.0,
            189.0,
            181.0,
            184.0
        ],
        "RawIntDen": [
            23037.0,
            16229.0,
            15643.0,
            17603.0,
            18679.0,
            17785.0,
            20493.0,
            18389.0
        ],
        "IntDen": [
            22362.059833500287,
            15753.52125007059,
            15184.689932519208,
            17087.265670404373,
            18131.74092242705,
            17263.93341749371,
            19892.59418187791,
            17850.23736937261
        ],
        "FlagUp": 0,
        "Times": [
            -15,
            -10,
            -5,
            2,
            10,
            20,
            30,
            40
        ],
        "width": 0,
        "height": 0,
        "area": 0.9707019070842683,
        "distance": 0,
        "xpert": [
            [
                307.0,
                250.8
            ],
            [
                299.6,
                249.4
            ],
            [
                297.2,
                242.0
            ],
            [
                301.4,
                236.4
            ],
            [
                307.0,
                235.8
            ],
            [
                312.0,
                237.0
            ],
            [
                317.0,
                242.0
            ],
            [
                313.4,
                248.4
            ]
        ],
        "stack": 0
    },
    {
        "type": "Stim",
        "location": [
            377,
            257
        ],
        "radloc": [
            0,
            0
        ],
        "mean": [
            100.6,
            86.27,
            80.44,
            79.52,
            60.85,
            83.99,
            66.69,
            67.98
        ],
        "min": [
            21.0,
            11.0,
            10.0,
            9.0,
            8.0,
            12.0,
            11.0,
            11.0
        ],
        "max": [
            229.0,
            156.0,
            227.0,
            203.0,
            229.0,
            202.0,
            154.0,
            161.0
        ],
        "RawIntDen": [
            10060.0,
            8627.0,
            8044.0,
            7952.0,
            6085.0,
            8399.0,
            6669.0,
            6798.0
        ],
        "IntDen": [
            4990.721718973014,
            4279.8167265984275,
            3990.5929927851807,
            3944.952197740895,
            3018.7417157008736,
            4166.706930184328,
            3308.4615451124278,
            3372.45787729409
        ],
        "FlagUp": 0,
        "Times": [
            -15,
            -10,
            -5,
            2,
            10,
            20,
            30,
            40
        ],
        "width": 0,
        "height": 0,
        "area": 0.4960955983074566,
        "distance": 0,
        "xpert": [
            [
                377.0,
                262.8
            ],
            [
                372.0,
                262.0
            ],
            [
                371.2,
                257.0
            ],
            [
                371.2,
                251.2
            ],
            [
                377.0,
                252.2
            ],
            [
                380.6,
                253.4
            ],
            [
                382.2,
                257.0
            ],
            [
                381.4,
                261.4
            ]
        ],
        "stack": 0
    },
    {
        "type": "Stim",
        "location": [
            369,
            279
        ],
        "radloc": [
            0,
            0
        ],
        "mean": [
            95.77777777777777,
            77.53333333333333,
            81.72592592592592,
            99.34814814814816,
            89.92592592592592,
            119.4888888888889,
            85.04444444444445,
            98.12592592592593
        ],
        "min": [
            21.0,
            10.0,
            15.0,
            23.0,
            15.0,
            36.0,
            13.0,
            12.0
        ],
        "max": [
            183.0,
            167.0,
            182.0,
            204.0,
            192.0,
            251.0,
            215.0,
            216.0
        ],
        "RawIntDen": [
            12930.0,
            10467.0,
            11033.0,
            13412.0,
            12140.0,
            16131.0,
            11481.0,
            13247.0
        ],
        "IntDen": [
            8212.644667186132,
            6648.240659817266,
            7007.742352131832,
            8518.792751454013,
            7710.866686747072,
            10245.798230965158,
            7292.294928380818,
            8413.991021362312
        ],
        "FlagUp": 0,
        "Times": [
            -15,
            -10,
            -5,
            2,
            10,
            20,
            30,
            40
        ],
        "width": 0,
        "height": 0,
        "area": 0.635162000555772,
        "distance": 0,
        "xpert": [
            [
                369.0,
                285.2
            ],
            [
                364.6,
                283.4
            ],
            [
                363.2,
                279.0
            ],
            [
                365.4,
                275.4
            ],
            [
                369.0,
                271.0
            ],
            [
                375.8,
                272.2
            ],
            [
                375.6,
                279.0
            ],
            [
                374.8,
                284.8
            ]
        ],
        "stack": 0
    },
    {
        "type": "Stim",
        "location": [
            427,
            253
        ],
        "radloc": [
            0,
            0
        ],
        "mean": [
            77.63736263736264,
            92.5934065934066,
            93.58241758241758,
            99.72527472527473,
            111.5,
            110.14285714285714,
            111.28571428571429,
            98.75824175824175
        ],
        "min": [
            11.0,
            12.0,
            18.0,
            12.0,
            13.0,
            19.0,
            16.0,
            14.0
        ],
        "max": [
            163.0,
            231.0,
            234.0,
            243.0,
            245.0,
            245.0,
            250.0,
            220.0
        ],
        "RawIntDen": [
            14130.0,
            16852.0,
            17032.0,
            18150.0,
            20293.0,
            20046.0,
            20254.0,
            17974.0
        ],
        "IntDen": [
            11555.810186931149,
            13781.918844314487,
            13929.126617396412,
            14843.450452427483,
            16596.040773063964,
            16394.038995557097,
            16564.145755562877,
            14699.513963191823
        ],
        "FlagUp": 0,
        "Times": [
            -15,
            -10,
            -5,
            2,
            10,
            20,
            30,
            40
        ],
        "width": 0,
        "height": 0,
        "area": 0.8178209615662525,
        "distance": 0,
        "xpert": [
            [
                427.0,
                259.6
            ],
            [
                419.2,
                260.8
            ],
            [
                417.6,
                253.0
            ],
            [
                421.6,
                247.6
            ],
            [
                427.0,
                245.0
            ],
            [
                432.4,
                247.6
            ],
            [
                433.8,
                253.0
            ],
            [
                431.8,
                257.8
            ]
        ],
        "stack": 0
    },
    {
        "type": "Stim",
        "location": [
            421,
            277
        ],
        "radloc": [
            0,
            0
        ],
        "mean": [
            112.45263157894736,
            110.26842105263158,
            96.59473684210526,
            161.9842105263158,
            113.38421052631578,
            100.9578947368421,
            115.10526315789474,
            101.62105263157895
        ],
        "min": [
            19.0,
            20.0,
            12.0,
            35.0,
            19.0,
            23.0,
            26.0,
            22.0
        ],
        "max": [
            236.0,
            229.0,
            208.0,
            255.0,
            237.0,
            253.0,
            247.0,
            255.0
        ],
        "RawIntDen": [
            21366.0,
            20951.0,
            18353.0,
            30777.0,
            21543.0,
            19182.0,
            21870.0,
            19308.0
        ],
        "IntDen": [
            18969.04775775999,
            18600.60467906157,
            16294.062224944728,
            27324.271405063144,
            19126.19095036148,
            17030.060567694098,
            19416.506340082884,
            17141.925213274822
        ],
        "FlagUp": 0,
        "Times": [
            -15,
            -10,
            -5,
            2,
            10,
            20,
            30,
            40
        ],
        "width": 0,
        "height": 0,
        "area": 0.887814647466067,
        "distance": 0,
        "xpert": [
            [
                421.0,
                284.2
            ],
            [
                412.2,
                285.8
            ],
            [
                411.4,
                277.0
            ],
            [
                415.6,
                271.6
            ],
            [
                421.0,
                271.2
            ],
            [
                426.8,
                271.2
            ],
            [
                428.0,
                277.0
            ],
            [
                426.6,
                282.6
            ]
        ],
        "stack": 0
    },
    {
        "type": "Stim",
        "location": [
            449,
            264
        ],
        "radloc": [
            0,
            0
        ],
        "mean": [
            105.23376623376623,
            118.85714285714286,
            121.64935064935065,
            137.07792207792207,
            150.56277056277057,
            137.93073593073592,
            134.3896103896104,
            106.74891774891775
        ],
        "min": [
            17.0,
            14.0,
            26.0,
            29.0,
            37.0,
            18.0,
            12.0,
            11.0
        ],
        "max": [
            242.0,
            241.0,
            239.0,
            245.0,
            255.0,
            247.0,
            236.0,
            224.0
        ],
        "RawIntDen": [
            24309.0,
            27456.0,
            28101.0,
            31665.0,
            34780.0,
            31862.0,
            31044.0,
            24659.0
        ],
        "IntDen": [
            26029.605564730686,
            29399.35210766571,
            30090.005593586615,
            33906.26764602399,
            37241.74920981255,
            34117.211423894405,
            33241.312894462935,
            26404.37877414513
        ],
        "FlagUp": 0,
        "Times": [
            -15,
            -10,
            -5,
            2,
            10,
            20,
            30,
            40
        ],
        "width": 0,
        "height": 0,
        "area": 1.0707805983269854,
        "distance": 0,
        "xpert": [
            [
                449.0,
                277.8
            ],
            [
                440.8,
                272.2
            ],
            [
                440.8,
                264.0
            ],
            [
                443.4,
                258.4
            ],
            [
                449.0,
                257.4
            ],
            [
                452.6,
                260.4
            ],
            [
                454.4,
                264.0
            ],
            [
                456.8,
                271.8
            ]
        ],
        "stack": 0
    },
    {
        "type": "Stim",
        "location": [
            469,
            287
        ],
        "radloc": [
            0,
            0
        ],
        "mean": [
            121.17948717948718,
            131.06837606837607,
            156.17948717948718,
            110.22222222222223,
            134.88888888888889,
            116.13675213675214,
            115.66666666666667,
            107.67521367521367
        ],
        "min": [
            34.0,
            23.0,
            32.0,
            38.0,
            54.0,
            33.0,
            42.0,
            35.0
        ],
        "max": [
            248.0,
            253.0,
            253.0,
            230.0,
            223.0,
            204.0,
            187.0,
            172.0
        ],
        "RawIntDen": [
            14178.0,
            15335.0,
            18273.0,
            12896.0,
            15782.0,
            13588.0,
            13533.0,
            12598.0
        ],
        "IntDen": [
            7991.193854694633,
            8643.317658466794,
            10299.272486023066,
            7268.615880247002,
            8895.261772802278,
            7658.6501691064095,
            7627.650334009202,
            7100.653137356679
        ],
        "FlagUp": 0,
        "Times": [
            -15,
            -10,
            -5,
            2,
            10,
            20,
            30,
            40
        ],
        "width": 0,
        "height": 0,
        "area": 0.5636333654037687,
        "distance": 0,
        "xpert": [
            [
                469.0,
                296.0
            ],
            [
                462.4,
                293.6
            ],
            [
                461.6,
                287.0
            ],
            [
                463.4,
                281.4
            ],
            [
                469.0,
                282.0
            ],
            [
                472.0,
                284.0
            ],
            [
                472.0,
                287.0
            ],
            [
                472.0,
                290.0
            ]
        ],
        "stack": 0
    },
    {
        "type": "Spine",
        "location": [
            334,
            273
        ],
        "radloc": [
            0,
            0
        ],
        "mean": [
            46.3801652892562,
            61.54545454545455,
            63.925619834710744,
            55.34710743801653,
            82.00826446280992,
            70.42148760330579,
            67.23140495867769,
            50.94214876033058
        ],
        "min": [
            12.0,
            14.0,
            21.0,
            12.0,
            17.0,
            12.0,
            11.0,
            12.0
        ],
        "max": [
            153.0,
            187.0,
            193.0,
            180.0,
            218.0,
            148.0,
            144.0,
            134.0
        ],
        "RawIntDen": [
            5612.0,
            7447.0,
            7735.0,
            6697.0,
            9923.0,
            8521.0,
            8135.0,
            6164.0
        ],
        "IntDen": [
            3149.3278303206953,
            4179.088444832184,
            4340.707549453061,
            3758.2053598819844,
            5568.563802614444,
            4781.793022480871,
            4565.178528093168,
            3459.0977808440425
        ],
        "FlagUp": 0,
        "Times": [
            -15,
            -10,
            -5,
            2,
            10,
            20,
            30,
            40
        ],
        "width": 0,
        "height": 0,
        "area": 0.5611774466002665,
        "distance": -1.7790300000000001,
        "xpert": [
            [
                334.0,
                278.0
            ],
            [
                329.8,
                277.2
            ],
            [
                328.2,
                273.0
            ],
            [
                327.6,
                266.6
            ],
            [
                334.0,
                265.0
            ],
            [
                339.8,
                267.2
            ],
            [
                339.2,
                273.0
            ],
            [
                337.2,
                276.2
            ]
        ],
        "stack": 0
    },
    {
        "type": "Spine",
        "location": [
            324,
            274
        ],
        "radloc": [
            0,
            0
        ],
        "mean": [
            43.31297709923664,
            43.16793893129771,
            50.152671755725194,
            45.51908396946565,
            59.86259541984733,
            71.07633587786259,
            65.12213740458016,
            59.63358778625954
        ],
        "min": [
            8.0,
            7.0,
            14.0,
            8.0,
            12.0,
            19.0,
            19.0,
            13.0
        ],
        "max": [
            112.0,
            127.0,
            135.0,
            120.0,
            150.0,
            141.0,
            123.0,
            152.0
        ],
        "RawIntDen": [
            5674.0,
            5655.0,
            6570.0,
            5963.0,
            7842.0,
            9311.0,
            8531.0,
            7812.0
        ],
        "IntDen": [
            3307.7929212181743,
            3296.7164204245287,
            3830.137379697463,
            3476.272328026784,
            4571.679959145739,
            5428.068362612341,
            4973.348856346888,
            4554.190747366299
        ],
        "FlagUp": 0,
        "Times": [
            -15,
            -10,
            -5,
            2,
            10,
            20,
            30,
            40
        ],
        "width": 0,
        "height": 0,
        "area": 0.582973725981349,
        "distance": -1.12013,
        "xpert": [
            [
                324.0,
                279.6
            ],
            [
                320.0,
                278.0
            ],
            [
                317.2,
                274.0
            ],
            [
                319.2,
                269.2
            ],
            [
                324.0,
                265.2
            ],
            [
                329.2,
                268.8
            ],
            [
                329.8,
                274.0
            ],
            [
                329.2,
                279.2
            ]
        ],
        "stack": 0
    },
    {
        "type": "Spine",
        "location": [
            227,
            232
        ],
        "radloc": [
            0,
            0
        ],
        "mean": [
            29.740384615384617,
            28.91346153846154,
            37.375,
            23.0,
            25.33653846153846,
            33.34615384615385,
            35.85576923076923,
            33.29807692307692
        ],
        "min": [
            8.0,
            7.0,
            9.0,
            8.0,
            8.0,
            9.0,
            9.0,
            10.0
        ],
        "max": [
            80.0,
            73.0,
            100.0,
            54.0,
            54.0,
            75.0,
            91.0,
            70.0
        ],
        "RawIntDen": [
            3093.0,
            3007.0,
            3887.0,
            2392.0,
            2635.0,
            3468.0,
            3729.0,
            3463.0
        ],
        "IntDen": [
            1484.099146372548,
            1442.8341846564022,
            1865.0803045425457,
            1147.7417258723358,
            1264.3392339772595,
            1664.0335724603933,
            1789.2679330175336,
            1661.634446779222
        ],
        "FlagUp": 0,
        "Times": [
            -15,
            -10,
            -5,
            2,
            10,
            20,
            30,
            40
        ],
        "width": 0,
        "height": 0,
        "area": 0.4798251362342541,
        "distance": -1.4109825316247633,
        "xpert": [
            [
                227.0,
                240.8
            ],
            [
                222.6,
                236.4
            ],
            [
                220.8,
                232.0
            ],
            [
                222.0,
                227.0
            ],
            [
                227.0,
                226.8
            ],
            [
                230.2,
                228.8
            ],
            [
                231.8,
                232.0
            ],
            [
                231.0,
                236.0
            ]
        ],
        "stack": 0
    },
    {
        "type": "Spine",
        "location": [
            59,
            269
        ],
        "radloc": [
            0,
            0
        ],
        "mean": [
            114.0,
            106.94680851063829,
            101.02659574468085,
            82.81382978723404,
            93.72340425531915,
            90.00531914893617,
            81.09042553191489,
            94.06382978723404
        ],
        "min": [
            17.0,
            16.0,
            16.0,
            14.0,
            15.0,
            17.0,
            12.0,
            18.0
        ],
        "max": [
            224.0,
            207.0,
            206.0,
            188.0,
            202.0,
            182.0,
            235.0,
            200.0
        ],
        "RawIntDen": [
            21432.0,
            20106.0,
            18993.0,
            15569.0,
            17620.0,
            16921.0,
            15245.0,
            17684.0
        ],
        "IntDen": [
            18027.5737403562,
            16912.205936151633,
            15976.003548459563,
            13095.89844921639,
            14821.101591315615,
            14233.136210366149,
            12823.365139591746,
            14874.935331488385
        ],
        "FlagUp": 0,
        "Times": [
            -15,
            -10,
            -5,
            2,
            10,
            20,
            30,
            40
        ],
        "width": 0,
        "height": 0,
        "area": 0.8411521901995241,
        "distance": -1.1361175948742899,
        "xpert": [
            [
                59.0,
                275.0
            ],
            [
                54.4,
                273.6
            ],
            [
                50.6,
                269.0
            ],
            [
                51.0,
                261.0
            ],
            [
                59.0,
                260.6
            ],
            [
                67.0,
                261.0
            ],
            [
                65.0,
                269.0
            ],
            [
                63.0,
                273.0
            ]
        ],
        "stack": 0
    },
    {
        "type": "Spine",
        "location": [
            441,
            301
        ],
        "radloc": [
            0,
            0
        ],
        "mean": [
            75.98113207547169,
            93.23584905660377,
            52.971698113207545,
            56.339622641509436,
            49.924528301886795,
            54.65094339622642,
            61.4622641509434,
            74.74528301886792
        ],
        "min": [
            12.0,
            18.0,
            9.0,
            12.0,
            9.0,
            15.0,
            11.0,
            10.0
        ],
        "max": [
            221.0,
            191.0,
            123.0,
            134.0,
            134.0,
            142.0,
            144.0,
            163.0
        ],
        "RawIntDen": [
            8054.0,
            9883.0,
            5615.0,
            5972.0,
            5292.0,
            5793.0,
            6515.0,
            7923.0
        ],
        "IntDen": [
            3765.611797013646,
            4620.752593728069,
            2625.2682195470106,
            2792.1819781183876,
            2474.2510094110025,
            2708.491326061591,
            3046.059207542079,
            3704.363330983253
        ],
        "FlagUp": 0,
        "Times": [
            -15,
            -10,
            -5,
            2,
            10,
            20,
            30,
            40
        ],
        "width": 0,
        "height": 0,
        "area": 0.46754554221674277,
        "distance": -0.52712,
        "xpert": [
            [
                441.0,
                307.4
            ],
            [
                436.0,
                306.0
            ],
            [
                434.8,
                301.0
            ],
            [
                437.4,
                297.4
            ],
            [
                441.0,
                294.6
            ],
            [
                445.8,
                296.2
            ],
            [
                446.2,
                301.0
            ],
            [
                444.8,
                304.8
            ]
        ],
        "stack": 0
    },
    {
        "type": "Spine",
        "location": [
            402,
            280
        ],
        "radloc": [
            0,
            0
        ],
        "mean": [
            95.17972350230414,
            108.00921658986175,
            93.83870967741936,
            118.0184331797235,
            155.03225806451613,
            157.78341013824885,
            139.1336405529954,
            143.42396313364054
        ],
        "min": [
            10.0,
            12.0,
            10.0,
            20.0,
            31.0,
            44.0,
            12.0,
            22.0
        ],
        "max": [
            244.0,
            243.0,
            255.0,
            247.0,
            255.0,
            255.0,
            255.0,
            255.0
        ],
        "RawIntDen": [
            20654.0,
            23438.0,
            20363.0,
            25610.0,
            33642.0,
            34239.0,
            30192.0,
            31123.0
        ],
        "IntDen": [
            20613.187773932306,
            23391.686600436984,
            20322.762788834298,
            25559.39473663244,
            33575.52353493903,
            34171.34386519165,
            30132.340721921384,
            31061.50106943426
        ],
        "FlagUp": 0,
        "Times": [
            -15,
            -10,
            -5,
            2,
            10,
            20,
            30,
            40
        ],
        "width": 0,
        "height": 0,
        "area": 0.9980240037732308,
        "distance": -1.2792025316247633,
        "xpert": [
            [
                402.0,
                288.6
            ],
            [
                397.0,
                285.0
            ],
            [
                391.0,
                280.0
            ],
            [
                395.4,
                273.4
            ],
            [
                402.0,
                273.2
            ],
            [
                408.0,
                274.0
            ],
            [
                412.2,
                280.0
            ],
            [
                408.4,
                286.4
            ]
        ],
        "stack": 0
    },
    {
        "type": "Spine",
        "location": [
            150,
            274
        ],
        "radloc": [
            0,
            0
        ],
        "mean": [
            58.77358490566038,
            57.735849056603776,
            67.28301886792453,
            135.0943396226415,
            62.716981132075475,
            55.764150943396224,
            64.65094339622641,
            64.98113207547169
        ],
        "min": [
            10.0,
            10.0,
            10.0,
            31.0,
            18.0,
            14.0,
            17.0,
            11.0
        ],
        "max": [
            135.0,
            133.0,
            172.0,
            244.0,
            120.0,
            130.0,
            149.0,
            185.0
        ],
        "RawIntDen": [
            6230.0,
            6120.0,
            7132.0,
            14320.0,
            6648.0,
            5911.0,
            6853.0,
            6888.0
        ],
        "IntDen": [
            2893.6832603280336,
            2842.5909395196736,
            3312.640290956587,
            6651.291217961066,
            3087.8340793998022,
            2745.5155299837893,
            3183.051586360837,
            3199.3082338907698
        ],
        "FlagUp": 0,
        "Times": [
            -15,
            -10,
            -5,
            2,
            10,
            20,
            30,
            40
        ],
        "width": 0,
        "height": 0,
        "area": 0.46447564371236494,
        "distance": -0.32945,
        "xpert": [
            [
                150.0,
                279.8
            ],
            [
                145.4,
                278.6
            ],
            [
                143.8,
                274.0
            ],
            [
                145.2,
                269.2
            ],
            [
                150.0,
                267.6
            ],
            [
                153.4,
                270.6
            ],
            [
                156.2,
                274.0
            ],
            [
                154.2,
                278.2
            ]
        ],
        "stack": 0
    },
    {
        "type": "Spine",
        "location": [
            82,
            270
        ],
        "radloc": [
            0,
            0
        ],
        "mean": [
            73.73825503355705,
            75.93959731543625,
            73.41610738255034,
            120.3758389261745,
            81.04026845637584,
            70.57046979865771,
            81.40939597315436,
            70.1006711409396
        ],
        "min": [
            21.0,
            21.0,
            23.0,
            41.0,
            26.0,
            14.0,
            21.0,
            17.0
        ],
        "max": [
            172.0,
            169.0,
            140.0,
            222.0,
            146.0,
            157.0,
            174.0,
            134.0
        ],
        "RawIntDen": [
            10987.0,
            11315.0,
            10939.0,
            17936.0,
            12075.0,
            10515.0,
            12130.0,
            10445.0
        ],
        "IntDen": [
            7744.172629600769,
            7975.363002087258,
            7710.339892163722,
            12642.166222309947,
            8511.048011507171,
            7411.484044803138,
            8549.814689820454,
            7362.144636040778
        ],
        "FlagUp": 0,
        "Times": [
            -15,
            -10,
            -5,
            2,
            10,
            20,
            30,
            40
        ],
        "width": 0,
        "height": 0,
        "area": 0.7048486966051487,
        "distance": -0.85657,
        "xpert": [
            [
                82.0,
                276.0
            ],
            [
                77.2,
                274.8
            ],
            [
                75.8,
                270.0
            ],
            [
                76.0,
                264.0
            ],
            [
                82.0,
                263.0
            ],
            [
                87.8,
                264.2
            ],
            [
                91.6,
                270.0
            ],
            [
                86.0,
                274.0
            ]
        ],
        "stack": 0
    }
]