[
    {
        "type": "Stim",
        "location": [
            90,
            136
        ],
        "radloc": [
            0,
            0
        ],
        "mean": [
            42.2289156626506,
            46.93975903614458,
            65.65060240963855,
            89.89156626506023,
            132.52409638554218,
            90.36746987951807,
            69.16867469879519,
            67.52409638554217
        ],
        "min": [
            9.0,
            8.0,
            13.0,
            16.0,
            22.0,
            10.0,
            9.0,
            14.0
        ],
        "max": [
            184.0,
            157.0,
            162.0,
            178.0,
            237.0,
            187.0,
            154.0,
            204.0
        ],
        "RawIntDen": [
            7010.0,
            7792.0,
            10898.0,
            14922.0,
            21999.0,
            15001.0,
            11482.0,
            11209.0
        ],
        "IntDen": [
            5446.278693550457,
            6053.837885898026,
            8466.982197191566,
            11593.348169067036,
            17091.681166821185,
            11654.725632232583,
            8920.709266668524,
            8708.607400286317
        ],
        "FlagUp": 0,
        "Times": [
            -15,
            -10,
            -5,
            2,
            10,
            20,
            30,
            40
        ],
        "width": 0,
        "height": 0,
        "area": 0.7769299134879397,
        "distance": 0,
        "xpert": [
            [
                90.0,
                142.0
            ],
            [
                81.4,
                144.6
            ],
            [
                83.2,
                136.0
            ],
            [
                84.4,
                130.4
            ],
            [
                90.0,
                129.0
            ],
            [
                95.4,
                130.6
            ],
            [
                98.2,
                136.0
            ],
            [
                94.4,
                140.4
            ]
        ],
        "stack": 0
    },
    {
        "type": "Stim",
        "location": [
            106,
            165
        ],
        "radloc": [
            0,
            0
        ],
        "mean": [
            29.124183006535947,
            46.830065359477125,
            41.43790849673203,
            125.41830065359477,
            74.20915032679738,
            56.627450980392155,
            59.02614379084967,
            39.00653594771242
        ],
        "min": [
            6.0,
            7.0,
            7.0,
            46.0,
            18.0,
            12.0,
            12.0,
            8.0
        ],
        "max": [
            95.0,
            149.0,
            146.0,
            223.0,
            164.0,
            155.0,
            140.0,
            140.0
        ],
        "RawIntDen": [
            4456.0,
            7165.0,
            6340.0,
            19189.0,
            11354.0,
            8664.0,
            9031.0,
            5968.0
        ],
        "IntDen": [
            3026.9926205131183,
            4867.235665614114,
            4306.807274248916,
            13035.224729583982,
            7712.853279467223,
            5885.517070046153,
            6134.822790811035,
            4054.10501777879
        ],
        "FlagUp": 0,
        "Times": [
            -15,
            -10,
            -5,
            2,
            10,
            20,
            30,
            40
        ],
        "width": 0,
        "height": 0,
        "area": 0.6793071410487249,
        "distance": 0,
        "xpert": [
            [
                106.0,
                173.4
            ],
            [
                99.4,
                171.6
            ],
            [
                97.8,
                165.0
            ],
            [
                101.4,
                160.4
            ],
            [
                106.0,
                159.8
            ],
            [
                110.0,
                161.0
            ],
            [
                113.0,
                165.0
            ],
            [
                111.8,
                170.8
            ]
        ],
        "stack": 0
    },
    {
        "type": "Stim",
        "location": [
            116,
            198
        ],
        "radloc": [
            0,
            0
        ],
        "mean": [
            109.6788990825688,
            70.60550458715596,
            63.14678899082569,
            123.19266055045871,
            121.39449541284404,
            77.39449541284404,
            81.22018348623853,
            84.26605504587155
        ],
        "min": [
            43.0,
            14.0,
            9.0,
            19.0,
            30.0,
            9.0,
            15.0,
            13.0
        ],
        "max": [
            192.0,
            162.0,
            155.0,
            223.0,
            205.0,
            201.0,
            226.0,
            198.0
        ],
        "RawIntDen": [
            11955.0,
            7696.0,
            6883.0,
            13428.0,
            13232.0,
            8436.0,
            8853.0,
            9185.0
        ],
        "IntDen": [
            5847.145426272413,
            3764.0845839056874,
            3366.44934914538,
            6567.584172646254,
            6471.721311621629,
            4126.015793896619,
            4329.9689216888055,
            4492.348869955007
        ],
        "FlagUp": 0,
        "Times": [
            -15,
            -10,
            -5,
            2,
            10,
            20,
            30,
            40
        ],
        "width": 0,
        "height": 0,
        "area": 0.48909622971747496,
        "distance": 0,
        "xpert": [
            [
                116.0,
                204.0
            ],
            [
                111.6,
                202.4
            ],
            [
                107.8,
                198.0
            ],
            [
                111.0,
                193.0
            ],
            [
                116.0,
                191.8
            ],
            [
                120.2,
                193.8
            ],
            [
                121.2,
                198.0
            ],
            [
                119.6,
                201.6
            ]
        ],
        "stack": 0
    },
    {
        "type": "Stim",
        "location": [
            93,
            211
        ],
        "radloc": [
            0,
            0
        ],
        "mean": [
            122.1574074074074,
            111.47685185185185,
            114.29166666666667,
            147.33333333333334,
            115.77777777777777,
            117.61111111111111,
            119.35185185185185,
            121.64351851851852
        ],
        "min": [
            25.0,
            20.0,
            25.0,
            33.0,
            28.0,
            23.0,
            30.0,
            23.0
        ],
        "max": [
            254.0,
            255.0,
            252.0,
            255.0,
            255.0,
            245.0,
            254.0,
            240.0
        ],
        "RawIntDen": [
            26386.0,
            24079.0,
            24687.0,
            31824.0,
            25008.0,
            25404.0,
            25780.0,
            26275.0
        ],
        "IntDen": [
            26009.85199581441,
            23735.739642507964,
            24335.072243639443,
            31370.330096066013,
            24651.49619917103,
            25041.850985434292,
            25412.490883502443,
            25900.434366331523
        ],
        "FlagUp": 0,
        "Times": [
            -15,
            -10,
            -5,
            2,
            10,
            20,
            30,
            40
        ],
        "width": 0,
        "height": 0,
        "area": 0.9857444097557193,
        "distance": 0,
        "xpert": [
            [
                93.0,
                218.2
            ],
            [
                84.8,
                219.2
            ],
            [
                84.0,
                211.0
            ],
            [
                86.0,
                204.0
            ],
            [
                93.0,
                203.2
            ],
            [
                98.6,
                205.4
            ],
            [
                100.8,
                211.0
            ],
            [
                99.8,
                217.8
            ]
        ],
        "stack": 0
    },
    {
        "type": "Stim",
        "location": [
            168,
            273
        ],
        "radloc": [
            0,
            0
        ],
        "mean": [
            46.4203821656051,
            103.32484076433121,
            45.19108280254777,
            77.67515923566879,
            76.8343949044586,
            69.3375796178344,
            74.10191082802548,
            51.146496815286625
        ],
        "min": [
            8.0,
            26.0,
            8.0,
            15.0,
            23.0,
            20.0,
            19.0,
            9.0
        ],
        "max": [
            135.0,
            193.0,
            123.0,
            155.0,
            153.0,
            150.0,
            165.0,
            120.0
        ],
        "RawIntDen": [
            7288.0,
            16222.0,
            7095.0,
            12195.0,
            12063.0,
            10886.0,
            11634.0,
            8030.0
        ],
        "IntDen": [
            5098.455017942472,
            11348.399739443303,
            4963.438303005192,
            8531.237506011039,
            8438.894467815593,
            7615.502377239539,
            8138.779593680396,
            5617.534823556264
        ],
        "FlagUp": 0,
        "Times": [
            -15,
            -10,
            -5,
            2,
            10,
            20,
            30,
            40
        ],
        "width": 0,
        "height": 0,
        "area": 0.699568471177617,
        "distance": 0,
        "xpert": [
            [
                168.0,
                281.0
            ],
            [
                161.8,
                279.2
            ],
            [
                159.4,
                273.0
            ],
            [
                162.8,
                267.8
            ],
            [
                168.0,
                266.8
            ],
            [
                173.4,
                267.6
            ],
            [
                174.0,
                273.0
            ],
            [
                173.2,
                278.2
            ]
        ],
        "stack": 0
    },
    {
        "type": "Spine",
        "location": [
            10,
            51
        ],
        "radloc": [
            0,
            0
        ],
        "mean": [
            65.92063492063492,
            104.72222222222223,
            82.6984126984127,
            56.492063492063494,
            65.36507936507937,
            89.16666666666667,
            71.15079365079364,
            76.83333333333333
        ],
        "min": [
            11.0,
            34.0,
            20.0,
            9.0,
            15.0,
            22.0,
            14.0,
            19.0
        ],
        "max": [
            194.0,
            216.0,
            162.0,
            136.0,
            156.0,
            199.0,
            165.0,
            155.0
        ],
        "RawIntDen": [
            8306.0,
            13195.0,
            10420.0,
            7118.0,
            8236.0,
            11235.0,
            8965.0,
            9681.0
        ],
        "IntDen": [
            4595.863514399766,
            7301.037692331436,
            5765.578836990797,
            3938.5211287620436,
            4557.131218949732,
            6216.53341973048,
            4960.500410136516,
            5356.676460739723
        ],
        "FlagUp": 0,
        "Times": [
            -15,
            -10,
            -5,
            2,
            10,
            20,
            30,
            40
        ],
        "width": 0,
        "height": 0,
        "area": 0.5533185064290592,
        "distance": 7.772671445283478,
        "xpert": [
            [
                10.0,
                59.0
            ],
            [
                5.4,
                55.6
            ],
            [
                4.0,
                51.0
            ],
            [
                4.8,
                45.8
            ],
            [
                10.0,
                44.8
            ],
            [
                13.8,
                47.2
            ],
            [
                16.2,
                51.0
            ],
            [
                15.4,
                56.4
            ]
        ],
        "stack": 0
    },
    {
        "type": "Spine",
        "location": [
            77,
            104
        ],
        "radloc": [
            0,
            0
        ],
        "mean": [
            73.2817679558011,
            75.45856353591161,
            101.7182320441989,
            72.51381215469613,
            78.9060773480663,
            77.97790055248619,
            85.3646408839779,
            78.35911602209944
        ],
        "min": [
            25.0,
            18.0,
            51.0,
            23.0,
            20.0,
            16.0,
            27.0,
            20.0
        ],
        "max": [
            138.0,
            158.0,
            201.0,
            153.0,
            161.0,
            142.0,
            146.0,
            145.0
        ],
        "RawIntDen": [
            13264.0,
            13658.0,
            18411.0,
            13125.0,
            14282.0,
            14114.0,
            15451.0,
            14183.0
        ],
        "IntDen": [
            10844.31970351381,
            11166.444399170055,
            15052.38013128715,
            10730.67672712747,
            11676.611429854058,
            11539.258767746825,
            12632.357037016878,
            11595.671468255154
        ],
        "FlagUp": 0,
        "Times": [
            -15,
            -10,
            -5,
            2,
            10,
            20,
            30,
            40
        ],
        "width": 0,
        "height": 0,
        "area": 0.8175753696859024,
        "distance": 2.1775063930336485,
        "xpert": [
            [
                77.0,
                109.4
            ],
            [
                70.8,
                110.2
            ],
            [
                69.4,
                104.0
            ],
            [
                70.2,
                97.2
            ],
            [
                77.0,
                95.4
            ],
            [
                84.4,
                96.6
            ],
            [
                85.0,
                104.0
            ],
            [
                80.8,
                107.8
            ]
        ],
        "stack": 0
    },
    {
        "type": "Spine",
        "location": [
            70,
            174
        ],
        "radloc": [
            0,
            0
        ],
        "mean": [
            36.080882352941174,
            37.35294117647059,
            43.72794117647059,
            94.55882352941177,
            77.44852941176471,
            66.69852941176471,
            46.76470588235294,
            95.53676470588235
        ],
        "min": [
            7.0,
            7.0,
            12.0,
            23.0,
            24.0,
            13.0,
            12.0,
            21.0
        ],
        "max": [
            114.0,
            93.0,
            102.0,
            195.0,
            161.0,
            146.0,
            105.0,
            199.0
        ],
        "RawIntDen": [
            4907.0,
            5080.0,
            5947.0,
            12860.0,
            10533.0,
            9071.0,
            6360.0,
            12993.0
        ],
        "IntDen": [
            2872.4019871200453,
            2973.670693818999,
            3481.184963807399,
            7527.83565403786,
            6165.683743699905,
            5309.875366856721,
            3722.942049741897,
            7605.689630864224
        ],
        "FlagUp": 0,
        "Times": [
            -15,
            -10,
            -5,
            2,
            10,
            20,
            30,
            40
        ],
        "width": 0,
        "height": 0,
        "area": 0.5853682468147636,
        "distance": -1.0636053162476324,
        "xpert": [
            [
                70.0,
                180.6
            ],
            [
                64.4,
                179.6
            ],
            [
                62.2,
                174.0
            ],
            [
                65.2,
                169.2
            ],
            [
                70.0,
                167.6
            ],
            [
                75.2,
                168.8
            ],
            [
                75.2,
                174.0
            ],
            [
                74.8,
                178.8
            ]
        ],
        "stack": 0
    },
    {
        "type": "Spine",
        "location": [
            152,
            261
        ],
        "radloc": [
            0,
            0
        ],
        "mean": [
            57.23456790123457,
            55.4320987654321,
            50.22839506172839,
            43.19135802469136,
            37.0,
            42.629629629629626,
            46.05555555555556,
            45.18518518518518
        ],
        "min": [
            13.0,
            16.0,
            12.0,
            12.0,
            9.0,
            10.0,
            8.0,
            11.0
        ],
        "max": [
            151.0,
            144.0,
            170.0,
            148.0,
            98.0,
            125.0,
            122.0,
            134.0
        ],
        "RawIntDen": [
            9272.0,
            8980.0,
            8137.0,
            6997.0,
            5994.0,
            6906.0,
            7461.0,
            7320.0
        ],
        "IntDen": [
            6929.300244150007,
            6711.0781053135315,
            6081.073779836994,
            5229.110635064452,
            4479.5325348829965,
            5161.10305070103,
            5575.874581708715,
            5470.500192750005
        ],
        "FlagUp": 0,
        "Times": [
            -15,
            -10,
            -5,
            2,
            10,
            20,
            30,
            40
        ],
        "width": 0,
        "height": 0,
        "area": 0.7473360919057385,
        "distance": -1.3624516453095408,
        "xpert": [
            [
                152.0,
                266.2
            ],
            [
                147.4,
                265.6
            ],
            [
                143.2,
                261.0
            ],
            [
                143.4,
                252.4
            ],
            [
                152.0,
                252.4
            ],
            [
                157.8,
                255.2
            ],
            [
                157.0,
                261.0
            ],
            [
                155.6,
                264.6
            ]
        ],
        "stack": 0
    },
    {
        "type": "Spine",
        "location": [
            234,
            280
        ],
        "radloc": [
            0,
            0
        ],
        "mean": [
            69.98095238095237,
            29.60952380952381,
            54.142857142857146,
            66.15238095238095,
            56.06666666666667,
            61.8,
            51.17142857142857,
            41.695238095238096
        ],
        "min": [
            20.0,
            11.0,
            18.0,
            19.0,
            19.0,
            12.0,
            11.0,
            17.0
        ],
        "max": [
            180.0,
            74.0,
            114.0,
            146.0,
            131.0,
            121.0,
            110.0,
            94.0
        ],
        "RawIntDen": [
            7348.0,
            3109.0,
            5685.0,
            6946.0,
            5887.0,
            6489.0,
            5373.0,
            4378.0
        ],
        "IntDen": [
            3357.4752990414418,
            1420.5757627544695,
            2597.6111969312187,
            3173.7919742980202,
            2689.909782996321,
            2964.9778464180613,
            2455.051004593041,
            2000.411929668404
        ],
        "FlagUp": 0,
        "Times": [
            -15,
            -10,
            -5,
            2,
            10,
            20,
            30,
            40
        ],
        "width": 0,
        "height": 0,
        "area": 0.4569236933915952,
        "distance": 4.380147088056225,
        "xpert": [
            [
                234.0,
                285.2
            ],
            [
                230.2,
                283.8
            ],
            [
                228.4,
                280.0
            ],
            [
                230.6,
                276.6
            ],
            [
                234.0,
                274.2
            ],
            [
                239.2,
                274.8
            ],
            [
                241.8,
                280.0
            ],
            [
                238.4,
                284.4
            ]
        ],
        "stack": 0
    },
    {
        "type": "Spine",
        "location": [
            259,
            329
        ],
        "radloc": [
            0,
            0
        ],
        "mean": [
            86.54285714285714,
            83.44285714285714,
            83.58571428571429,
            97.56428571428572,
            94.16428571428571,
            97.97857142857143,
            82.45714285714286,
            87.52142857142857
        ],
        "min": [
            14.0,
            17.0,
            24.0,
            38.0,
            19.0,
            20.0,
            17.0,
            13.0
        ],
        "max": [
            160.0,
            158.0,
            163.0,
            203.0,
            204.0,
            197.0,
            163.0,
            183.0
        ],
        "RawIntDen": [
            12116.0,
            11682.0,
            11702.0,
            13659.0,
            13183.0,
            13717.0,
            11544.0,
            12253.0
        ],
        "IntDen": [
            7690.415514094647,
            7414.941732886568,
            7427.6363771818715,
            8669.807321477285,
            8367.67478724907,
            8706.621789933664,
            7327.348687248977,
            7777.373827517474
        ],
        "FlagUp": 0,
        "Times": [
            -15,
            -10,
            -5,
            2,
            10,
            20,
            30,
            40
        ],
        "width": 0,
        "height": 0,
        "area": 0.6347322147651574,
        "distance": 7.447176834236263,
        "xpert": [
            [
                259.0,
                338.4
            ],
            [
                252.6,
                335.4
            ],
            [
                252.0,
                329.0
            ],
            [
                255.0,
                325.0
            ],
            [
                259.0,
                323.0
            ],
            [
                264.0,
                324.0
            ],
            [
                265.4,
                329.0
            ],
            [
                263.2,
                333.2
            ]
        ],
        "stack": 0
    },
    {
        "type": "Spine",
        "location": [
            268,
            334
        ],
        "radloc": [
            0,
            0
        ],
        "mean": [
            119.09016393442623,
            110.54918032786885,
            93.54918032786885,
            87.71311475409836,
            100.63934426229508,
            85.19672131147541,
            87.05737704918033,
            84.67213114754098
        ],
        "min": [
            56.0,
            22.0,
            12.0,
            13.0,
            17.0,
            15.0,
            14.0,
            11.0
        ],
        "max": [
            202.0,
            196.0,
            177.0,
            171.0,
            203.0,
            191.0,
            195.0,
            172.0
        ],
        "RawIntDen": [
            14529.0,
            13487.0,
            11413.0,
            10701.0,
            12278.0,
            10394.0,
            10621.0,
            10330.0
        ],
        "IntDen": [
            7889.299993864216,
            7323.490193216786,
            6197.300628396469,
            5810.682031408974,
            6666.99878344448,
            5643.979911640489,
            5767.241739612626,
            5609.2276782034105
        ],
        "FlagUp": 0,
        "Times": [
            -15,
            -10,
            -5,
            2,
            10,
            20,
            30,
            40
        ],
        "width": 0,
        "height": 0,
        "area": 0.5430036474543476,
        "distance": 8.13805202398484,
        "xpert": [
            [
                268.0,
                340.8
            ],
            [
                263.4,
                338.6
            ],
            [
                261.6,
                334.0
            ],
            [
                263.8,
                329.8
            ],
            [
                268.0,
                327.6
            ],
            [
                272.4,
                329.6
            ],
            [
                276.4,
                334.0
            ],
            [
                272.4,
                338.4
            ]
        ],
        "stack": 0
    },
    {
        "type": "Spine",
        "location": [
            293,
            358
        ],
        "radloc": [
            0,
            0
        ],
        "mean": [
            76.3465909090909,
            78.4090909090909,
            78.8125,
            60.88636363636363,
            61.07386363636363,
            51.30113636363637,
            63.98295454545455,
            60.5625
        ],
        "min": [
            13.0,
            20.0,
            12.0,
            9.0,
            7.0,
            7.0,
            8.0,
            10.0
        ],
        "max": [
            174.0,
            175.0,
            154.0,
            161.0,
            146.0,
            148.0,
            140.0,
            145.0
        ],
        "RawIntDen": [
            13437.0,
            13800.0,
            13871.0,
            10716.0,
            10749.0,
            9029.0,
            11261.0,
            10659.0
        ],
        "IntDen": [
            10468.482405879777,
            10751.28802568586,
            10806.602623499173,
            8348.608875597803,
            8374.318477398358,
            7034.302868399829,
            8773.20684472815,
            8304.201381578667
        ],
        "FlagUp": 0,
        "Times": [
            -15,
            -10,
            -5,
            2,
            10,
            20,
            30,
            40
        ],
        "width": 0,
        "height": 0,
        "area": 0.7790788424410044,
        "distance": 10.594712656480112,
        "xpert": [
            [
                293.0,
                365.8
            ],
            [
                287.0,
                364.0
            ],
            [
                283.8,
                358.0
            ],
            [
                287.4,
                352.4
            ],
            [
                293.0,
                351.4
            ],
            [
                299.4,
                351.6
            ],
            [
                299.6,
                358.0
            ],
            [
                298.4,
                363.4
            ]
        ],
        "stack": 0
    },
    {
        "type": "Spine",
        "location": [
            303,
            338
        ],
        "radloc": [
            0,
            0
        ],
        "mean": [
            65.54135338345864,
            70.94736842105263,
            64.9624060150376,
            52.10526315789474,
            53.1578947368421,
            70.6015037593985,
            61.00751879699248,
            91.18045112781955
        ],
        "min": [
            10.0,
            12.0,
            10.0,
            12.0,
            8.0,
            14.0,
            16.0,
            21.0
        ],
        "max": [
            200.0,
            191.0,
            161.0,
            154.0,
            162.0,
            145.0,
            147.0,
            169.0
        ],
        "RawIntDen": [
            8717.0,
            9436.0,
            8640.0,
            6930.0,
            7070.0,
            9390.0,
            8114.0,
            12127.0
        ],
        "IntDen": [
            5131.02093106271,
            5554.240392968651,
            5085.697010942045,
            4079.152810859766,
            4161.559938351882,
            5527.163765364098,
            4776.08166050738,
            7138.223107834975
        ],
        "FlagUp": 0,
        "Times": [
            -15,
            -10,
            -5,
            2,
            10,
            20,
            30,
            40
        ],
        "width": 0,
        "height": 0,
        "area": 0.5886223392294034,
        "distance": 10.128799998356296,
        "xpert": [
            [
                303.0,
                347.2
            ],
            [
                297.6,
                343.4
            ],
            [
                295.4,
                338.0
            ],
            [
                298.4,
                333.4
            ],
            [
                303.0,
                332.6
            ],
            [
                306.6,
                334.4
            ],
            [
                308.2,
                338.0
            ],
            [
                308.4,
                343.4
            ]
        ],
        "stack": 0
    },
    {
        "type": "Spine",
        "location": [
            295,
            330
        ],
        "radloc": [
            0,
            0
        ],
        "mean": [
            46.020833333333336,
            31.802083333333332,
            42.427083333333336,
            68.65625,
            69.36458333333333,
            61.645833333333336,
            37.229166666666664,
            37.177083333333336
        ],
        "min": [
            12.0,
            9.0,
            14.0,
            30.0,
            28.0,
            29.0,
            11.0,
            10.0
        ],
        "max": [
            95.0,
            70.0,
            89.0,
            153.0,
            141.0,
            104.0,
            76.0,
            66.0
        ],
        "RawIntDen": [
            4418.0,
            3053.0,
            4073.0,
            6591.0,
            6659.0,
            5918.0,
            3574.0,
            3569.0
        ],
        "IntDen": [
            1986.9518982779903,
            1373.0566196112957,
            1831.791553120474,
            2964.237202704897,
            2994.8195316055085,
            2661.562094615017,
            1607.3712278056896,
            1605.122527151233
        ],
        "FlagUp": 0,
        "Times": [
            -15,
            -10,
            -5,
            2,
            10,
            20,
            30,
            40
        ],
        "width": 0,
        "height": 0,
        "area": 0.44974013089135134,
        "distance": 9.511808606044857,
        "xpert": [
            [
                295.0,
                334.8
            ],
            [
                291.8,
                333.2
            ],
            [
                289.0,
                330.0
            ],
            [
                289.2,
                324.2
            ],
            [
                295.0,
                324.0
            ],
            [
                299.6,
                325.4
            ],
            [
                300.4,
                330.0
            ],
            [
                299.4,
                334.4
            ]
        ],
        "stack": 0
    },
    {
        "type": "Spine",
        "location": [
            335,
            373
        ],
        "radloc": [
            0,
            0
        ],
        "mean": [
            90.93288590604027,
            95.08053691275168,
            95.35570469798658,
            90.34228187919463,
            74.16778523489933,
            80.14765100671141,
            90.75167785234899,
            78.69127516778524
        ],
        "min": [
            19.0,
            14.0,
            27.0,
            17.0,
            11.0,
            18.0,
            26.0,
            21.0
        ],
        "max": [
            174.0,
            177.0,
            168.0,
            196.0,
            147.0,
            158.0,
            202.0,
            169.0
        ],
        "RawIntDen": [
            13549.0,
            14167.0,
            14208.0,
            13461.0,
            11051.0,
            11942.0,
            13522.0,
            11725.0
        ],
        "IntDen": [
            9117.416820010685,
            9533.28246284533,
            9560.872254683874,
            9058.19970582064,
            7436.458283115956,
            8036.031564290177,
            9099.247932702376,
            7890.00754407154
        ],
        "FlagUp": 0,
        "Times": [
            -15,
            -10,
            -5,
            2,
            10,
            20,
            30,
            40
        ],
        "width": 0,
        "height": 0,
        "area": 0.6729217521596196,
        "distance": 13.154489238540137,
        "xpert": [
            [
                335.0,
                379.0
            ],
            [
                329.4,
                378.6
            ],
            [
                329.0,
                373.0
            ],
            [
                330.0,
                368.0
            ],
            [
                335.0,
                365.0
            ],
            [
                341.4,
                366.6
            ],
            [
                342.6,
                373.0
            ],
            [
                340.0,
                378.0
            ]
        ],
        "stack": 0
    },
    {
        "type": "Spine",
        "location": [
            324,
            370
        ],
        "radloc": [
            0,
            0
        ],
        "mean": [
            69.3671875,
            60.9296875,
            58.859375,
            62.71875,
            66.921875,
            56.2109375,
            63.046875,
            59.0078125
        ],
        "min": [
            16.0,
            12.0,
            14.0,
            11.0,
            15.0,
            16.0,
            18.0,
            17.0
        ],
        "max": [
            198.0,
            175.0,
            160.0,
            180.0,
            165.0,
            166.0,
            152.0,
            152.0
        ],
        "RawIntDen": [
            8879.0,
            7799.0,
            7534.0,
            8028.0,
            8566.0,
            7195.0,
            8070.0,
            7553.0
        ],
        "IntDen": [
            5161.504593425403,
            4533.683334173299,
            4379.634599264217,
            4666.804693773976,
            4979.552691438451,
            4182.5684817767515,
            4691.219964967114,
            4390.6796028992085
        ],
        "FlagUp": 0,
        "Times": [
            -15,
            -10,
            -5,
            2,
            10,
            20,
            30,
            40
        ],
        "width": 0,
        "height": 0,
        "area": 0.5813159807889856,
        "distance": 12.13884670691537,
        "xpert": [
            [
                324.0,
                375.6
            ],
            [
                319.4,
                374.6
            ],
            [
                318.6,
                370.0
            ],
            [
                320.4,
                366.4
            ],
            [
                324.0,
                362.6
            ],
            [
                331.6,
                362.4
            ],
            [
                330.4,
                370.0
            ],
            [
                328.4,
                374.4
            ]
        ],
        "stack": 0
    },
    {
        "type": "Spine",
        "location": [
            366,
            381
        ],
        "radloc": [
            0,
            0
        ],
        "mean": [
            69.73770491803279,
            46.15573770491803,
            55.78688524590164,
            46.36065573770492,
            35.10655737704918,
            42.631147540983605,
            43.9344262295082,
            30.016393442622952
        ],
        "min": [
            22.0,
            11.0,
            10.0,
            7.0,
            6.0,
            8.0,
            8.0,
            6.0
        ],
        "max": [
            151.0,
            102.0,
            123.0,
            103.0,
            86.0,
            109.0,
            104.0,
            88.0
        ],
        "RawIntDen": [
            8508.0,
            5631.0,
            6806.0,
            5656.0,
            4283.0,
            5201.0,
            5360.0,
            3662.0
        ],
        "IntDen": [
            4756.737002071901,
            3148.2353148409584,
            3805.165965691274,
            3162.212562731391,
            2394.582108588852,
            2907.8266511255238,
            2996.721947708673,
            2047.387270990515
        ],
        "FlagUp": 0,
        "Times": [
            -15,
            -10,
            -5,
            2,
            10,
            20,
            30,
            40
        ],
        "width": 0,
        "height": 0,
        "area": 0.5590899156172897,
        "distance": 15.261029618037316,
        "xpert": [
            [
                366.0,
                386.0
            ],
            [
                362.4,
                384.6
            ],
            [
                359.6,
                381.0
            ],
            [
                359.4,
                374.4
            ],
            [
                366.0,
                374.8
            ],
            [
                372.4,
                374.6
            ],
            [
                372.0,
                381.0
            ],
            [
                369.8,
                384.8
            ]
        ],
        "stack": 0
    },
    {
        "type": "Spine",
        "location": [
            396,
            379
        ],
        "radloc": [
            0,
            0
        ],
        "mean": [
            124.71069182389937,
            116.25786163522012,
            123.76729559748428,
            100.83018867924528,
            98.45911949685535,
            85.55974842767296,
            112.9119496855346,
            99.38993710691824
        ],
        "min": [
            42.0,
            40.0,
            41.0,
            16.0,
            27.0,
            14.0,
            35.0,
            34.0
        ],
        "max": [
            212.0,
            215.0,
            225.0,
            189.0,
            176.0,
            185.0,
            202.0,
            193.0
        ],
        "RawIntDen": [
            19829.0,
            18485.0,
            19679.0,
            16032.0,
            15655.0,
            13604.0,
            17953.0,
            15803.0
        ],
        "IntDen": [
            14135.932110684995,
            13177.805490242177,
            14028.998336082,
            11429.081829567896,
            11160.321609399041,
            9698.180464660783,
            12798.547036316895,
            11265.829600340661
        ],
        "FlagUp": 0,
        "Times": [
            -15,
            -10,
            -5,
            2,
            10,
            20,
            30,
            40
        ],
        "width": 0,
        "height": 0,
        "area": 0.7128918306866203,
        "distance": 17.23772961803733,
        "xpert": [
            [
                396.0,
                386.0
            ],
            [
                390.0,
                385.0
            ],
            [
                388.4,
                379.0
            ],
            [
                390.2,
                373.2
            ],
            [
                396.0,
                373.2
            ],
            [
                401.8,
                373.2
            ],
            [
                403.4,
                379.0
            ],
            [
                401.6,
                384.6
            ]
        ],
        "stack": 0
    },
    {
        "type": "Spine",
        "location": [
            437,
            345
        ],
        "radloc": [
            0,
            0
        ],
        "mean": [
            79.80864197530865,
            93.9074074074074,
            85.0925925925926,
            89.81481481481481,
            78.46913580246914,
            85.96296296296296,
            85.67283950617283,
            90.32716049382717
        ],
        "min": [
            13.0,
            14.0,
            25.0,
            25.0,
            15.0,
            17.0,
            20.0,
            20.0
        ],
        "max": [
            185.0,
            205.0,
            178.0,
            201.0,
            189.0,
            197.0,
            213.0,
            203.0
        ],
        "RawIntDen": [
            12929.0,
            15213.0,
            13785.0,
            14550.0,
            12712.0,
            13926.0,
            13879.0,
            14633.0
        ],
        "IntDen": [
            9286.834142210351,
            10927.419584302428,
            9901.694535568853,
            10451.19009739041,
            9130.964159314564,
            10002.974109708513,
            9969.214251661959,
            10510.80857011092
        ],
        "FlagUp": 0,
        "Times": [
            -15,
            -10,
            -5,
            2,
            10,
            20,
            30,
            40
        ],
        "width": 0,
        "height": 0,
        "area": 0.7182948520543238,
        "distance": 20.475704934284984,
        "xpert": [
            [
                437.0,
                352.8
            ],
            [
                432.0,
                350.0
            ],
            [
                428.8,
                345.0
            ],
            [
                430.6,
                338.6
            ],
            [
                437.0,
                338.2
            ],
            [
                442.6,
                339.4
            ],
            [
                444.0,
                345.0
            ],
            [
                442.0,
                350.0
            ]
        ],
        "stack": 0
    },
    {
        "type": "Spine",
        "location": [
            455,
            366
        ],
        "radloc": [
            0,
            0
        ],
        "mean": [
            41.352380952380955,
            53.51428571428571,
            62.95238095238095,
            62.647619047619045,
            58.55238095238095,
            49.304761904761904,
            56.819047619047616,
            55.923809523809524
        ],
        "min": [
            8.0,
            11.0,
            16.0,
            20.0,
            22.0,
            10.0,
            14.0,
            10.0
        ],
        "max": [
            91.0,
            109.0,
            127.0,
            122.0,
            112.0,
            99.0,
            139.0,
            101.0
        ],
        "RawIntDen": [
            4342.0,
            5619.0,
            6610.0,
            6578.0,
            6148.0,
            5177.0,
            5966.0,
            5872.0
        ],
        "IntDen": [
            1957.0370881081687,
            2532.609718581253,
            2979.27571450829,
            2964.8525945590823,
            2771.0419202415987,
            2333.3903742828165,
            2689.0104255304777,
            2646.642510679679
        ],
        "FlagUp": 0,
        "Times": [
            -15,
            -10,
            -5,
            2,
            10,
            20,
            30,
            40
        ],
        "width": 0,
        "height": 0,
        "area": 0.4507224984127519,
        "distance": 21.39816493428499,
        "xpert": [
            [
                455.0,
                371.8
            ],
            [
                450.4,
                370.6
            ],
            [
                449.6,
                366.0
            ],
            [
                450.8,
                361.8
            ],
            [
                455.0,
                361.8
            ],
            [
                459.2,
                361.8
            ],
            [
                461.8,
                366.0
            ],
            [
                460.2,
                371.2
            ]
        ],
        "stack": 0
    },
    {
        "type": "Spine",
        "location": [
            469,
            339
        ],
        "radloc": [
            0,
            0
        ],
        "mean": [
            39.739837398373986,
            62.146341463414636,
            46.96747967479675,
            46.048780487804876,
            49.642276422764226,
            56.09756097560975,
            41.34959349593496,
            43.27642276422764
        ],
        "min": [
            9.0,
            16.0,
            13.0,
            12.0,
            13.0,
            15.0,
            14.0,
            8.0
        ],
        "max": [
            93.0,
            133.0,
            96.0,
            103.0,
            118.0,
            127.0,
            86.0,
            108.0
        ],
        "RawIntDen": [
            4888.0,
            7644.0,
            5777.0,
            5664.0,
            6106.0,
            6900.0,
            5086.0,
            5323.0
        ],
        "IntDen": [
            2690.515535369207,
            4207.508337226313,
            3179.8502962004723,
            3117.6513895931234,
            3360.9426880041688,
            3797.9863326611144,
            2799.501230132526,
            2929.9538041674077
        ],
        "FlagUp": 0,
        "Times": [
            -15,
            -10,
            -5,
            2,
            10,
            20,
            30,
            40
        ],
        "width": 0,
        "height": 0,
        "area": 0.5504328018349441,
        "distance": 22.64023838095787,
        "xpert": [
            [
                469.0,
                344.8
            ],
            [
                463.6,
                344.4
            ],
            [
                462.0,
                339.0
            ],
            [
                463.4,
                333.4
            ],
            [
                469.0,
                333.0
            ],
            [
                473.2,
                334.8
            ],
            [
                474.8,
                339.0
            ],
            [
                474.0,
                344.0
            ]
        ],
        "stack": 0
    }
]