[
    {
        "type": "Stim",
        "location": [
            60,
            255
        ],
        "radloc": [
            0,
            0
        ],
        "mean": [
            36.96363636363636,
            45.27272727272727,
            48.345454545454544,
            117.23636363636363,
            56.45454545454545,
            43.77272727272727,
            42.027272727272724,
            57.06363636363636
        ],
        "min": [
            8.0,
            11.0,
            12.0,
            34.0,
            14.0,
            10.0,
            10.0,
            12.0
        ],
        "max": [
            94.0,
            106.0,
            94.0,
            218.0,
            115.0,
            95.0,
            107.0,
            134.0
        ],
        "RawIntDen": [
            4066.0,
            4980.0,
            5318.0,
            12896.0,
            6210.0,
            4815.0,
            4623.0,
            6277.0
        ],
        "IntDen": [
            2028.8579775977885,
            2484.926888449824,
            2653.5825688305554,
            6434.862882218662,
            3098.673891018757,
            2402.5949734710653,
            2306.7905633139635,
            3132.105638313162
        ],
        "FlagUp": 0,
        "Times": [
            -15,
            -10,
            -5,
            2,
            10,
            20,
            30,
            40
        ],
        "width": 0,
        "height": 0,
        "area": 0.49898130290157117,
        "distance": 0,
        "xpert": [
            [
                60.0,
                261.0
            ],
            [
                54.8,
                260.2
            ],
            [
                53.0,
                255.0
            ],
            [
                55.2,
                250.2
            ],
            [
                60.0,
                249.8
            ],
            [
                64.0,
                251.0
            ],
            [
                67.6,
                255.0
            ],
            [
                63.4,
                258.4
            ]
        ],
        "stack": 0
    },
    {
        "type": "Stim",
        "location": [
            96,
            214
        ],
        "radloc": [
            0,
            0
        ],
        "mean": [
            54.42767295597484,
            43.22641509433962,
            44.0125786163522,
            109.25157232704403,
            54.459119496855344,
            52.36477987421384,
            75.67924528301887,
            53.132075471698116
        ],
        "min": [
            13.0,
            13.0,
            7.0,
            34.0,
            9.0,
            9.0,
            8.0,
            9.0
        ],
        "max": [
            135.0,
            101.0,
            105.0,
            221.0,
            143.0,
            159.0,
            210.0,
            140.0
        ],
        "RawIntDen": [
            8654.0,
            6873.0,
            6998.0,
            17371.0,
            8659.0,
            8326.0,
            12033.0,
            8448.0
        ],
        "IntDen": [
            6220.905691976362,
            4940.638412405076,
            5030.494341628216,
            12487.098772281186,
            6224.499929145288,
            5985.123733694845,
            8649.891170736257,
            6072.823120616628
        ],
        "FlagUp": 0,
        "Times": [
            -15,
            -10,
            -5,
            2,
            10,
            20,
            30,
            40
        ],
        "width": 0,
        "height": 0,
        "area": 0.7188474337851123,
        "distance": 0,
        "xpert": [
            [
                96.0,
                222.4
            ],
            [
                87.6,
                222.4
            ],
            [
                88.6,
                214.0
            ],
            [
                90.6,
                208.6
            ],
            [
                96.0,
                207.8
            ],
            [
                100.8,
                209.2
            ],
            [
                101.2,
                214.0
            ],
            [
                100.0,
                218.0
            ]
        ],
        "stack": 0
    },
    {
        "type": "Stim",
        "location": [
            120,
            222
        ],
        "radloc": [
            0,
            0
        ],
        "mean": [
            45.39259259259259,
            47.214814814814815,
            36.422222222222224,
            66.4888888888889,
            52.333333333333336,
            48.55555555555556,
            69.83703703703704,
            47.17037037037037
        ],
        "min": [
            10.0,
            11.0,
            9.0,
            17.0,
            18.0,
            14.0,
            16.0,
            10.0
        ],
        "max": [
            124.0,
            115.0,
            87.0,
            121.0,
            98.0,
            93.0,
            141.0,
            114.0
        ],
        "RawIntDen": [
            6128.0,
            6374.0,
            4917.0,
            8976.0,
            7065.0,
            6555.0,
            9428.0,
            6368.0
        ],
        "IntDen": [
            3763.9725940082485,
            3915.0720160262035,
            3020.145764480835,
            5513.286227777095,
            4339.501693320541,
            4026.246794015024,
            5790.916060102769,
            3911.386664269668
        ],
        "FlagUp": 0,
        "Times": [
            -15,
            -10,
            -5,
            2,
            10,
            20,
            30,
            40
        ],
        "width": 0,
        "height": 0,
        "area": 0.6142252927559152,
        "distance": 0,
        "xpert": [
            [
                120.0,
                230.8
            ],
            [
                115.2,
                226.8
            ],
            [
                114.2,
                222.0
            ],
            [
                113.8,
                215.8
            ],
            [
                120.0,
                216.0
            ],
            [
                123.0,
                219.0
            ],
            [
                125.0,
                222.0
            ],
            [
                126.6,
                228.6
            ]
        ],
        "stack": 0
    },
    {
        "type": "Spine",
        "location": [
            110,
            226
        ],
        "radloc": [
            0,
            0
        ],
        "mean": [
            75.26153846153846,
            79.91538461538461,
            93.3076923076923,
            102.99230769230769,
            77.14615384615385,
            79.13076923076923,
            111.26923076923077,
            87.17692307692307
        ],
        "min": [
            24.0,
            22.0,
            26.0,
            21.0,
            20.0,
            22.0,
            17.0,
            14.0
        ],
        "max": [
            152.0,
            186.0,
            192.0,
            204.0,
            160.0,
            196.0,
            254.0,
            203.0
        ],
        "RawIntDen": [
            9784.0,
            10389.0,
            12130.0,
            13389.0,
            10029.0,
            10287.0,
            14465.0,
            11333.0
        ],
        "IntDen": [
            5697.807757608152,
            6050.135404107839,
            7064.023722382143,
            7797.2146429492595,
            5840.485895446868,
            5990.73470998723,
            8423.83372994705,
            6599.883004596606
        ],
        "FlagUp": 0,
        "Times": [
            -15,
            -10,
            -5,
            2,
            10,
            20,
            30,
            40
        ],
        "width": 0,
        "height": 0,
        "area": 0.5823597462804735,
        "distance": -0.6589,
        "xpert": [
            [
                110.0,
                232.8
            ],
            [
                103.8,
                232.2
            ],
            [
                102.8,
                226.0
            ],
            [
                105.8,
                221.8
            ],
            [
                110.0,
                220.6
            ],
            [
                114.0,
                222.0
            ],
            [
                116.0,
                226.0
            ],
            [
                116.0,
                232.0
            ]
        ],
        "stack": 0
    },
    {
        "type": "Spine",
        "location": [
            75,
            222
        ],
        "radloc": [
            0,
            0
        ],
        "mean": [
            61.972972972972975,
            79.42162162162163,
            76.03243243243243,
            156.87027027027028,
            79.91351351351351,
            84.15135135135135,
            98.70270270270271,
            74.95675675675676
        ],
        "min": [
            12.0,
            11.0,
            17.0,
            51.0,
            17.0,
            17.0,
            18.0,
            13.0
        ],
        "max": [
            200.0,
            233.0,
            255.0,
            255.0,
            192.0,
            183.0,
            225.0,
            210.0
        ],
        "RawIntDen": [
            11465.0,
            14693.0,
            14066.0,
            29021.0,
            14784.0,
            15568.0,
            18260.0,
            13867.0
        ],
        "IntDen": [
            9543.148195668833,
            12230.045917048597,
            11708.148497189517,
            24156.27595172309,
            12305.791794572006,
            12958.371662465976,
            15199.117841510066,
            11542.506413374595
        ],
        "FlagUp": 0,
        "Times": [
            -15,
            -10,
            -5,
            2,
            10,
            20,
            30,
            40
        ],
        "width": 0,
        "height": 0,
        "area": 0.8323722804770025,
        "distance": -0.9883500000000001,
        "xpert": [
            [
                75.0,
                230.2
            ],
            [
                67.4,
                229.6
            ],
            [
                69.2,
                222.0
            ],
            [
                70.6,
                217.6
            ],
            [
                75.0,
                214.8
            ],
            [
                81.2,
                215.8
            ],
            [
                82.4,
                222.0
            ],
            [
                82.2,
                229.2
            ]
        ],
        "stack": 0
    },
    {
        "type": "Spine",
        "location": [
            129,
            259
        ],
        "radloc": [
            0,
            0
        ],
        "mean": [
            85.82211538461539,
            85.3798076923077,
            91.1201923076923,
            106.92307692307692,
            87.57692307692308,
            105.8173076923077,
            141.34615384615384,
            146.09615384615384
        ],
        "min": [
            20.0,
            13.0,
            16.0,
            17.0,
            18.0,
            24.0,
            36.0,
            36.0
        ],
        "max": [
            194.0,
            173.0,
            194.0,
            248.0,
            193.0,
            217.0,
            244.0,
            238.0
        ],
        "RawIntDen": [
            17851.0,
            17759.0,
            18953.0,
            22240.0,
            18216.0,
            22010.0,
            29400.0,
            30388.0
        ],
        "IntDen": [
            16625.454023216134,
            16539.770208856386,
            17651.797103916608,
            20713.130775661128,
            16965.395243230356,
            20498.921239761756,
            27381.566762789444,
            28301.736421348487
        ],
        "FlagUp": 0,
        "Times": [
            -15,
            -10,
            -5,
            2,
            10,
            20,
            30,
            40
        ],
        "width": 0,
        "height": 0,
        "area": 0.9313458082581443,
        "distance": 0.59301,
        "xpert": [
            [
                129.0,
                267.6
            ],
            [
                123.0,
                265.0
            ],
            [
                119.0,
                259.0
            ],
            [
                123.4,
                253.4
            ],
            [
                129.0,
                252.8
            ],
            [
                135.2,
                252.8
            ],
            [
                136.4,
                259.0
            ],
            [
                137.0,
                267.0
            ]
        ],
        "stack": 0
    },
    {
        "type": "Spine",
        "location": [
            128,
            248
        ],
        "radloc": [
            0,
            0
        ],
        "mean": [
            154.48543689320388,
            150.1747572815534,
            140.61165048543688,
            184.4368932038835,
            162.0873786407767,
            172.4271844660194,
            189.9368932038835,
            197.46116504854368
        ],
        "min": [
            39.0,
            46.0,
            36.0,
            54.0,
            71.0,
            72.0,
            63.0,
            79.0
        ],
        "max": [
            255.0,
            251.0,
            221.0,
            255.0,
            255.0,
            255.0,
            253.0,
            255.0
        ],
        "RawIntDen": [
            31824.0,
            30936.0,
            28966.0,
            37994.0,
            33390.0,
            35520.0,
            39127.0,
            40677.0
        ],
        "IntDen": [
            32558.31892810641,
            31649.82888260118,
            29634.37236273034,
            38870.68782536686,
            34160.453400247396,
            36339.60182020927,
            40029.83109288649,
            41615.596375018366
        ],
        "FlagUp": 0,
        "Times": [
            -15,
            -10,
            -5,
            2,
            10,
            20,
            30,
            40
        ],
        "width": 0,
        "height": 0,
        "area": 1.0230743755689546,
        "distance": 0.52712,
        "xpert": [
            [
                128.0,
                253.8
            ],
            [
                121.6,
                254.4
            ],
            [
                115.0,
                248.0
            ],
            [
                122.6,
                242.6
            ],
            [
                128.0,
                242.4
            ],
            [
                133.0,
                243.0
            ],
            [
                141.4,
                248.0
            ],
            [
                133.6,
                253.6
            ]
        ],
        "stack": 0
    },
    {
        "type": "Spine",
        "location": [
            243,
            253
        ],
        "radloc": [
            0,
            0
        ],
        "mean": [
            72.40506329113924,
            68.20253164556962,
            73.09493670886076,
            69.17721518987342,
            72.39873417721519,
            93.36075949367088,
            104.37341772151899,
            125.55696202531645
        ],
        "min": [
            21.0,
            21.0,
            18.0,
            14.0,
            21.0,
            37.0,
            16.0,
            36.0
        ],
        "max": [
            182.0,
            150.0,
            177.0,
            157.0,
            157.0,
            187.0,
            248.0,
            246.0
        ],
        "RawIntDen": [
            11440.0,
            10776.0,
            11549.0,
            10930.0,
            11439.0,
            14751.0,
            16491.0,
            19838.0
        ],
        "IntDen": [
            8411.153514174712,
            7922.953694820514,
            8491.294749580746,
            8036.180761357482,
            8410.418273482912,
            10845.535444719508,
            12124.854248448877,
            14585.704843898418
        ],
        "FlagUp": 0,
        "Times": [
            -15,
            -10,
            -5,
            2,
            10,
            20,
            30,
            40
        ],
        "width": 0,
        "height": 0,
        "area": 0.7352406917984887,
        "distance": 7.934895948742893,
        "xpert": [
            [
                243.0,
                260.0
            ],
            [
                237.6,
                258.4
            ],
            [
                234.0,
                253.0
            ],
            [
                236.0,
                246.0
            ],
            [
                243.0,
                247.8
            ],
            [
                247.6,
                248.4
            ],
            [
                252.0,
                253.0
            ],
            [
                247.6,
                257.6
            ]
        ],
        "stack": 0
    },
    {
        "type": "Spine",
        "location": [
            258,
            272
        ],
        "radloc": [
            0,
            0
        ],
        "mean": [
            81.43795620437956,
            76.99270072992701,
            71.46715328467154,
            77.24817518248175,
            93.01459854014598,
            87.62043795620438,
            102.73722627737226,
            86.25547445255475
        ],
        "min": [
            23.0,
            18.0,
            9.0,
            11.0,
            20.0,
            20.0,
            23.0,
            20.0
        ],
        "max": [
            167.0,
            148.0,
            175.0,
            181.0,
            171.0,
            198.0,
            200.0,
            197.0
        ],
        "RawIntDen": [
            11157.0,
            10548.0,
            9791.0,
            10583.0,
            12743.0,
            12004.0,
            14075.0,
            11817.0
        ],
        "IntDen": [
            7003.615364776472,
            6621.3260614557885,
            6146.132296901177,
            6643.296711071919,
            7999.199658810306,
            7535.305085486849,
            8835.339809915644,
            7417.91904325209
        ],
        "FlagUp": 0,
        "Times": [
            -15,
            -10,
            -5,
            2,
            10,
            20,
            30,
            40
        ],
        "width": 0,
        "height": 0,
        "area": 0.627732846175179,
        "distance": 10.184521264990527,
        "xpert": [
            [
                258.0,
                276.2
            ],
            [
                252.8,
                277.2
            ],
            [
                249.0,
                272.0
            ],
            [
                251.2,
                265.2
            ],
            [
                258.0,
                265.4
            ],
            [
                262.6,
                267.4
            ],
            [
                265.0,
                272.0
            ],
            [
                261.8,
                275.8
            ]
        ],
        "stack": 0
    },
    {
        "type": "Spine",
        "location": [
            216,
            261
        ],
        "radloc": [
            0,
            0
        ],
        "mean": [
            87.68023255813954,
            75.90697674418605,
            86.41279069767442,
            99.90697674418605,
            88.73837209302326,
            85.26744186046511,
            115.98255813953489,
            92.21511627906976
        ],
        "min": [
            20.0,
            29.0,
            25.0,
            41.0,
            24.0,
            15.0,
            37.0,
            14.0
        ],
        "max": [
            191.0,
            130.0,
            171.0,
            184.0,
            168.0,
            183.0,
            217.0,
            188.0
        ],
        "RawIntDen": [
            15081.0,
            13056.0,
            14863.0,
            17184.0,
            15263.0,
            14666.0,
            19949.0,
            15861.0
        ],
        "IntDen": [
            11657.61968695067,
            10092.293789060934,
            11489.105590288958,
            13283.239619425787,
            11798.305767649894,
            11336.824502938698,
            15420.585845433254,
            12260.560032804493
        ],
        "FlagUp": 0,
        "Times": [
            -15,
            -10,
            -5,
            2,
            10,
            20,
            30,
            40
        ],
        "width": 0,
        "height": 0,
        "area": 0.7730004434023386,
        "distance": 7.062338353868606,
        "xpert": [
            [
                216.0,
                270.6
            ],
            [
                208.2,
                268.8
            ],
            [
                208.6,
                261.0
            ],
            [
                211.0,
                256.0
            ],
            [
                216.0,
                255.6
            ],
            [
                220.6,
                256.4
            ],
            [
                222.8,
                261.0
            ],
            [
                221.8,
                266.8
            ]
        ],
        "stack": 0
    },
    {
        "type": "Spine",
        "location": [
            286,
            279
        ],
        "radloc": [
            0,
            0
        ],
        "mean": [
            69.15217391304348,
            53.65217391304348,
            97.69565217391305,
            73.82608695652173,
            71.04347826086956,
            72.68840579710145,
            71.01449275362319,
            66.92753623188406
        ],
        "min": [
            13.0,
            12.0,
            35.0,
            17.0,
            20.0,
            17.0,
            9.0,
            10.0
        ],
        "max": [
            139.0,
            170.0,
            183.0,
            169.0,
            158.0,
            166.0,
            187.0,
            164.0
        ],
        "RawIntDen": [
            9543.0,
            7404.0,
            13482.0,
            10188.0,
            9804.0,
            10031.0,
            9800.0,
            9236.0
        ],
        "IntDen": [
            5798.858440115311,
            4499.082876518261,
            8192.414281634143,
            6190.796373037283,
            5957.45658041397,
            6095.394426574106,
            5955.025957574144,
            5612.308137158652
        ],
        "FlagUp": 0,
        "Times": [
            -15,
            -10,
            -5,
            2,
            10,
            20,
            30,
            40
        ],
        "width": 0,
        "height": 0,
        "area": 0.6076557099565453,
        "distance": 12.275074049613407,
        "xpert": [
            [
                286.0,
                283.8
            ],
            [
                282.2,
                282.8
            ],
            [
                280.8,
                279.0
            ],
            [
                280.6,
                273.6
            ],
            [
                286.0,
                271.0
            ],
            [
                292.4,
                272.6
            ],
            [
                294.6,
                279.0
            ],
            [
                290.4,
                283.4
            ]
        ],
        "stack": 0
    },
    {
        "type": "Spine",
        "location": [
            300,
            285
        ],
        "radloc": [
            0,
            0
        ],
        "mean": [
            47.71296296296296,
            48.19444444444444,
            96.76851851851852,
            66.21296296296296,
            71.85185185185185,
            59.77777777777778,
            55.138888888888886,
            63.833333333333336
        ],
        "min": [
            12.0,
            11.0,
            22.0,
            16.0,
            17.0,
            11.0,
            10.0,
            13.0
        ],
        "max": [
            99.0,
            117.0,
            193.0,
            129.0,
            174.0,
            124.0,
            140.0,
            125.0
        ],
        "RawIntDen": [
            5153.0,
            5205.0,
            10451.0,
            7151.0,
            7760.0,
            6456.0,
            5955.0,
            6894.0
        ],
        "IntDen": [
            2551.6348619804044,
            2577.383942675724,
            5175.07004513045,
            3540.993770235178,
            3842.5551191476693,
            3196.847403249659,
            2948.7649142428313,
            3413.7338906448495
        ],
        "FlagUp": 0,
        "Times": [
            -15,
            -10,
            -5,
            2,
            10,
            20,
            30,
            40
        ],
        "width": 0,
        "height": 0,
        "area": 0.49517462875614293,
        "distance": 13.361289239361986,
        "xpert": [
            [
                300.0,
                289.8
            ],
            [
                295.8,
                289.2
            ],
            [
                293.0,
                285.0
            ],
            [
                293.8,
                278.8
            ],
            [
                300.0,
                278.8
            ],
            [
                303.8,
                281.2
            ],
            [
                305.0,
                285.0
            ],
            [
                304.8,
                289.8
            ]
        ],
        "stack": 0
    },
    {
        "type": "Spine",
        "location": [
            325,
            278
        ],
        "radloc": [
            0,
            0
        ],
        "mean": [
            63.43283582089552,
            61.124378109452735,
            61.56218905472637,
            54.592039800995025,
            100.636815920398,
            55.75124378109453,
            64.56218905472637,
            82.23880597014926
        ],
        "min": [
            11.0,
            11.0,
            10.0,
            10.0,
            16.0,
            9.0,
            7.0,
            10.0
        ],
        "max": [
            159.0,
            158.0,
            138.0,
            122.0,
            187.0,
            136.0,
            168.0,
            187.0
        ],
        "RawIntDen": [
            12750.0,
            12286.0,
            12374.0,
            10973.0,
            20228.0,
            11206.0,
            12977.0,
            16530.0
        ],
        "IntDen": [
            11188.90512738343,
            10781.716736865319,
            10858.942121273927,
            9629.478899041442,
            17751.30767974212,
            9833.950655486959,
            11388.111516710178,
            14506.086412207695
        ],
        "FlagUp": 0,
        "Times": [
            -15,
            -10,
            -5,
            2,
            10,
            20,
            30,
            40
        ],
        "width": 0,
        "height": 0,
        "area": 0.8775611864614455,
        "distance": 15.090416834236285,
        "xpert": [
            [
                325.0,
                287.2
            ],
            [
                318.4,
                284.6
            ],
            [
                314.0,
                278.0
            ],
            [
                319.2,
                272.2
            ],
            [
                325.0,
                268.8
            ],
            [
                330.0,
                273.0
            ],
            [
                330.2,
                278.0
            ],
            [
                330.0,
                283.0
            ]
        ],
        "stack": 0
    },
    {
        "type": "Spine",
        "location": [
            347,
            281
        ],
        "radloc": [
            0,
            0
        ],
        "mean": [
            34.971014492753625,
            40.2536231884058,
            37.05797101449275,
            43.507246376811594,
            42.20289855072464,
            40.34782608695652,
            40.333333333333336,
            40.72463768115942
        ],
        "min": [
            11.0,
            9.0,
            11.0,
            12.0,
            10.0,
            7.0,
            7.0,
            8.0
        ],
        "max": [
            76.0,
            99.0,
            110.0,
            85.0,
            85.0,
            99.0,
            106.0,
            116.0
        ],
        "RawIntDen": [
            4826.0,
            5555.0,
            5114.0,
            6004.0,
            5824.0,
            5568.0,
            5566.0,
            5620.0
        ],
        "IntDen": [
            2892.84137136218,
            3329.824661814527,
            3065.4767453680456,
            3598.9680053167276,
            3491.0708965630615,
            3337.61723078007,
            3336.41837401614,
            3368.7875066422403
        ],
        "FlagUp": 0,
        "Times": [
            -15,
            -10,
            -5,
            2,
            10,
            20,
            30,
            40
        ],
        "width": 0,
        "height": 0,
        "area": 0.5994283819648114,
        "distance": 16.539996834236288,
        "xpert": [
            [
                347.0,
                289.2
            ],
            [
                341.8,
                286.2
            ],
            [
                341.6,
                281.0
            ],
            [
                341.8,
                275.8
            ],
            [
                347.0,
                273.0
            ],
            [
                351.4,
                276.6
            ],
            [
                352.4,
                281.0
            ],
            [
                352.2,
                286.2
            ]
        ],
        "stack": 0
    },
    {
        "type": "Spine",
        "location": [
            358,
            287
        ],
        "radloc": [
            0,
            0
        ],
        "mean": [
            55.42741935483871,
            60.983870967741936,
            53.75,
            50.475806451612904,
            51.79032258064516,
            33.483870967741936,
            51.806451612903224,
            43.725806451612904
        ],
        "min": [
            17.0,
            16.0,
            15.0,
            11.0,
            12.0,
            9.0,
            10.0,
            12.0
        ],
        "max": [
            113.0,
            129.0,
            98.0,
            95.0,
            104.0,
            101.0,
            154.0,
            94.0
        ],
        "RawIntDen": [
            6873.0,
            7562.0,
            6665.0,
            6259.0,
            6422.0,
            4152.0,
            6424.0,
            5422.0
        ],
        "IntDen": [
            3617.705253634146,
            3980.370599153414,
            3508.221375741537,
            3294.517267931925,
            3380.3147299343063,
            2185.4666394716974,
            3381.3674595294274,
            2853.9499323736854
        ],
        "FlagUp": 0,
        "Times": [
            -15,
            -10,
            -5,
            2,
            10,
            20,
            30,
            40
        ],
        "width": 0,
        "height": 0,
        "area": 0.5263647975606207,
        "distance": 17.264786834236293,
        "xpert": [
            [
                358.0,
                292.2
            ],
            [
                352.8,
                292.2
            ],
            [
                350.8,
                287.0
            ],
            [
                353.8,
                282.8
            ],
            [
                358.0,
                281.8
            ],
            [
                363.0,
                282.0
            ],
            [
                364.6,
                287.0
            ],
            [
                363.2,
                292.2
            ]
        ],
        "stack": 0
    },
    {
        "type": "Spine",
        "location": [
            373,
            279
        ],
        "radloc": [
            0,
            0
        ],
        "mean": [
            36.2,
            32.81,
            60.17,
            25.57,
            29.63,
            31.31,
            12.86,
            16.88
        ],
        "min": [
            8.0,
            7.0,
            19.0,
            7.0,
            6.0,
            5.0,
            7.0,
            6.0
        ],
        "max": [
            88.0,
            81.0,
            113.0,
            87.0,
            77.0,
            98.0,
            26.0,
            62.0
        ],
        "RawIntDen": [
            3620.0,
            3281.0,
            6017.0,
            2557.0,
            2963.0,
            3131.0,
            1286.0,
            1688.0
        ],
        "IntDen": [
            1661.8428928876654,
            1506.217273912826,
            2762.239968647813,
            1173.8486953352929,
            1360.2321800072245,
            1437.3563805611273,
            590.3673923352314,
            774.9145865177843
        ],
        "FlagUp": 0,
        "Times": [
            -15,
            -10,
            -5,
            2,
            10,
            20,
            30,
            40
        ],
        "width": 0,
        "height": 0,
        "area": 0.45907262234465895,
        "distance": 19.10308455560964,
        "xpert": [
            [
                373.0,
                285.2
            ],
            [
                366.4,
                285.6
            ],
            [
                366.0,
                279.0
            ],
            [
                369.8,
                275.8
            ],
            [
                373.0,
                274.6
            ],
            [
                376.4,
                275.6
            ],
            [
                379.2,
                279.0
            ],
            [
                376.4,
                282.4
            ]
        ],
        "stack": 0
    },
    {
        "type": "Spine",
        "location": [
            348,
            322
        ],
        "radloc": [
            0,
            0
        ],
        "mean": [
            77.0251572327044,
            81.75471698113208,
            80.0125786163522,
            81.33962264150944,
            60.9811320754717,
            81.04402515723271,
            84.59748427672956,
            76.55974842767296
        ],
        "min": [
            19.0,
            15.0,
            20.0,
            19.0,
            9.0,
            11.0,
            15.0,
            10.0
        ],
        "max": [
            161.0,
            182.0,
            188.0,
            200.0,
            153.0,
            208.0,
            169.0,
            209.0
        ],
        "RawIntDen": [
            12247.0,
            12999.0,
            12722.0,
            12933.0,
            9696.0,
            12886.0,
            13451.0,
            12173.0
        ],
        "IntDen": [
            8533.777724227491,
            9057.775507245296,
            8864.760366426239,
            9011.786340118735,
            6756.226734229587,
            8979.036478680122,
            9372.731621506,
            8482.21411260074
        ],
        "FlagUp": 0,
        "Times": [
            -15,
            -10,
            -5,
            2,
            10,
            20,
            30,
            40
        ],
        "width": 0,
        "height": 0,
        "area": 0.6968055625236785,
        "distance": 16.605886834236287,
        "xpert": [
            [
                348.0,
                331.2
            ],
            [
                344.4,
                325.6
            ],
            [
                343.2,
                322.0
            ],
            [
                344.4,
                318.4
            ],
            [
                348.0,
                315.0
            ],
            [
                355.0,
                315.0
            ],
            [
                356.4,
                322.0
            ],
            [
                354.2,
                328.2
            ]
        ],
        "stack": 0
    },
    {
        "type": "Spine",
        "location": [
            424,
            304
        ],
        "radloc": [
            0,
            0
        ],
        "mean": [
            22.852941176470587,
            27.21323529411765,
            34.27205882352941,
            30.955882352941178,
            46.64705882352941,
            55.19117647058823,
            80.25,
            62.036764705882355
        ],
        "min": [
            6.0,
            5.0,
            6.0,
            6.0,
            9.0,
            8.0,
            20.0,
            18.0
        ],
        "max": [
            76.0,
            91.0,
            111.0,
            101.0,
            95.0,
            140.0,
            220.0,
            150.0
        ],
        "RawIntDen": [
            3108.0,
            3701.0,
            4661.0,
            4210.0,
            6344.0,
            7506.0,
            10914.0,
            8437.0
        ],
        "IntDen": [
            1954.810183733093,
            2327.7839414402115,
            2931.5863147940627,
            2647.924991478868,
            3990.1273505800327,
            4720.9798066604235,
            6864.4782320665945,
            5306.542316652543
        ],
        "FlagUp": 0,
        "Times": [
            -15,
            -10,
            -5,
            2,
            10,
            20,
            30,
            40
        ],
        "width": 0,
        "height": 0,
        "area": 0.6289608055769282,
        "distance": 21.941037213733466,
        "xpert": [
            [
                424.0,
                309.0
            ],
            [
                418.6,
                309.4
            ],
            [
                418.0,
                304.0
            ],
            [
                417.0,
                297.0
            ],
            [
                424.0,
                295.2
            ],
            [
                430.0,
                298.0
            ],
            [
                429.0,
                304.0
            ],
            [
                427.0,
                307.0
            ]
        ],
        "stack": 0
    },
    {
        "type": "Spine",
        "location": [
            442,
            303
        ],
        "radloc": [
            0,
            0
        ],
        "mean": [
            28.71764705882353,
            26.388235294117646,
            30.33529411764706,
            31.694117647058825,
            32.14705882352941,
            36.576470588235296,
            50.752941176470586,
            48.65294117647059
        ],
        "min": [
            6.0,
            6.0,
            7.0,
            7.0,
            7.0,
            10.0,
            10.0,
            14.0
        ],
        "max": [
            88.0,
            77.0,
            88.0,
            94.0,
            99.0,
            93.0,
            121.0,
            98.0
        ],
        "RawIntDen": [
            4882.0,
            4486.0,
            5157.0,
            5388.0,
            5465.0,
            6218.0,
            8628.0,
            8271.0
        ],
        "IntDen": [
            3774.6873993601134,
            3468.5062829843237,
            3987.3131746210784,
            4165.918825840289,
            4225.454042913359,
            4807.662074809747,
            6671.037050733113,
            6395.010135212515
        ],
        "FlagUp": 0,
        "Times": [
            -15,
            -10,
            -5,
            2,
            10,
            20,
            30,
            40
        ],
        "width": 0,
        "height": 0,
        "area": 0.7731846373126,
        "distance": 23.12705721373347,
        "xpert": [
            [
                442.0,
                309.2
            ],
            [
                438.4,
                306.6
            ],
            [
                437.0,
                303.0
            ],
            [
                435.0,
                296.0
            ],
            [
                442.0,
                294.8
            ],
            [
                449.0,
                296.0
            ],
            [
                450.0,
                303.0
            ],
            [
                448.6,
                309.6
            ]
        ],
        "stack": 0
    },
    {
        "type": "Spine",
        "location": [
            457,
            309
        ],
        "radloc": [
            0,
            0
        ],
        "mean": [
            16.68,
            26.606666666666666,
            25.44,
            31.046666666666667,
            67.49333333333334,
            46.053333333333335,
            55.29333333333334,
            61.6
        ],
        "min": [
            4.0,
            5.0,
            5.0,
            6.0,
            9.0,
            10.0,
            16.0,
            13.0
        ],
        "max": [
            59.0,
            91.0,
            59.0,
            68.0,
            150.0,
            105.0,
            112.0,
            126.0
        ],
        "RawIntDen": [
            2502.0,
            3991.0,
            3816.0,
            4657.0,
            10124.0,
            6908.0,
            8294.0,
            9240.0
        ],
        "IntDen": [
            2081.6737394265106,
            3320.527535592008,
            3174.9268543771245,
            3874.642128101223,
            8423.207409254195,
            5747.4828904709575,
            6900.640285692838,
            7687.715968145867
        ],
        "FlagUp": 0,
        "Times": [
            -15,
            -10,
            -5,
            2,
            10,
            20,
            30,
            40
        ],
        "width": 0,
        "height": 0,
        "area": 0.8320038926564791,
        "distance": 24.11540721373347,
        "xpert": [
            [
                457.0,
                315.0
            ],
            [
                451.2,
                314.8
            ],
            [
                449.4,
                309.0
            ],
            [
                452.0,
                304.0
            ],
            [
                457.0,
                302.6
            ],
            [
                467.8,
                298.2
            ],
            [
                462.8,
                309.0
            ],
            [
                460.4,
                312.4
            ]
        ],
        "stack": 0
    },
    {
        "type": "Spine",
        "location": [
            459,
            276
        ],
        "radloc": [
            0,
            0
        ],
        "mean": [
            77.54929577464789,
            79.29577464788733,
            71.13380281690141,
            50.84507042253521,
            62.83802816901409,
            48.37323943661972,
            35.42253521126761,
            48.767605633802816
        ],
        "min": [
            23.0,
            24.0,
            8.0,
            9.0,
            9.0,
            7.0,
            5.0,
            7.0
        ],
        "max": [
            165.0,
            163.0,
            163.0,
            135.0,
            209.0,
            130.0,
            139.0,
            158.0
        ],
        "RawIntDen": [
            11012.0,
            11260.0,
            10101.0,
            7220.0,
            8923.0,
            6869.0,
            5030.0,
            6925.0
        ],
        "IntDen": [
            7402.777075869074,
            7569.49417674226,
            6790.360628709908,
            4853.618823808092,
            5998.454399562273,
            4617.660346362574,
            3381.3992636779367,
            4655.306143333939
        ],
        "FlagUp": 0,
        "Times": [
            -15,
            -10,
            -5,
            2,
            10,
            20,
            30,
            40
        ],
        "width": 0,
        "height": 0,
        "area": 0.6722463744886554,
        "distance": 24.24718721373347,
        "xpert": [
            [
                459.0,
                281.4
            ],
            [
                453.6,
                281.4
            ],
            [
                449.6,
                276.0
            ],
            [
                453.2,
                270.2
            ],
            [
                459.0,
                270.8
            ],
            [
                462.6,
                272.4
            ],
            [
                466.4,
                276.0
            ],
            [
                465.6,
                282.6
            ]
        ],
        "stack": 0
    },
    {
        "type": "Spine",
        "location": [
            484,
            253
        ],
        "radloc": [
            0,
            0
        ],
        "mean": [
            87.06369426751593,
            81.0828025477707,
            56.52866242038217,
            55.10828025477707,
            44.59872611464968,
            31.40764331210191,
            42.89171974522293,
            38.038216560509554
        ],
        "min": [
            27.0,
            11.0,
            7.0,
            7.0,
            7.0,
            5.0,
            5.0,
            6.0
        ],
        "max": [
            159.0,
            165.0,
            157.0,
            161.0,
            159.0,
            100.0,
            121.0,
            120.0
        ],
        "RawIntDen": [
            13669.0,
            12730.0,
            8875.0,
            8652.0,
            7002.0,
            4931.0,
            6734.0,
            5972.0
        ],
        "IntDen": [
            9671.503783433342,
            9007.11413878897,
            6279.508089689874,
            6121.7243934644275,
            4954.266551437578,
            3488.930072142059,
            4764.643095884126,
            4225.4898379299075
        ],
        "FlagUp": 0,
        "Times": [
            -15,
            -10,
            -5,
            2,
            10,
            20,
            30,
            40
        ],
        "width": 0,
        "height": 0,
        "area": 0.707550207289,
        "distance": 27.332144175290647,
        "xpert": [
            [
                484.0,
                265.0
            ],
            [
                479.4,
                257.6
            ],
            [
                477.6,
                253.0
            ],
            [
                479.6,
                248.6
            ],
            [
                484.0,
                247.8
            ],
            [
                489.0,
                248.0
            ],
            [
                490.0,
                253.0
            ],
            [
                490.4,
                259.4
            ]
        ],
        "stack": 0
    }
]