[
    {
        "type": "Stim",
        "location": [
            83,
            79
        ],
        "radloc": [
            0,
            0
        ],
        "mean": [
            111.18543046357615,
            84.40397350993378,
            68.01986754966887,
            76.55629139072848,
            60.609271523178805,
            61.5364238410596,
            42.52980132450331,
            34.13907284768212
        ],
        "min": [
            37.0,
            14.0,
            13.0,
            18.0,
            15.0,
            10.0,
            4.0,
            3.0
        ],
        "max": [
            210.0,
            183.0,
            162.0,
            170.0,
            135.0,
            131.0,
            137.0,
            134.0
        ],
        "RawIntDen": [
            16789.0,
            12745.0,
            10271.0,
            11560.0,
            9152.0,
            9292.0,
            6422.0,
            5155.0
        ],
        "IntDen": [
            76.83975636336847,
            58.331210605225515,
            47.008227863967925,
            52.90771240458273,
            41.88679791753816,
            42.5275487598082,
            29.392156493272516,
            23.59336137072872
        ],
        "FlagUp": 0,
        "Times": [
            -15,
            -10,
            -5,
            2,
            10,
            20,
            30,
            40
        ],
        "width": 0,
        "height": 0,
        "area": 0.6910955513055357,
        "distance": 0,
        "xpert": [
            [
                83.0,
                86.2
            ],
            [
                77.0,
                85.0
            ],
            [
                77.0,
                79.0
            ],
            [
                79.4,
                75.4
            ],
            [
                83.0,
                71.0
            ],
            [
                90.6,
                71.4
            ],
            [
                89.8,
                79.0
            ],
            [
                87.4,
                83.4
            ]
        ],
        "stack": 0
    },
    {
        "type": "Spine",
        "location": [
            106,
            48
        ],
        "radloc": [
            0,
            0
        ],
        "mean": [
            58.69642857142857,
            76.2797619047619,
            77.50595238095238,
            84.63690476190476,
            65.58333333333333,
            72.4702380952381,
            86.42261904761905,
            85.73809523809524
        ],
        "min": [
            6.0,
            11.0,
            11.0,
            13.0,
            12.0,
            23.0,
            21.0,
            28.0
        ],
        "max": [
            202.0,
            204.0,
            173.0,
            160.0,
            159.0,
            160.0,
            163.0,
            154.0
        ],
        "RawIntDen": [
            9861.0,
            12815.0,
            13021.0,
            14219.0,
            11018.0,
            12175.0,
            14519.0,
            14404.0
        ],
        "IntDen": [
            42.97220682910834,
            55.845130363555754,
            56.742835931631646,
            61.963473167335096,
            48.01417451000057,
            53.056142190892814,
            63.27081137327086,
            62.769665060995486
        ],
        "FlagUp": 0,
        "Times": [
            -15,
            -10,
            -5,
            2,
            10,
            20,
            30,
            40
        ],
        "width": 0,
        "height": 0,
        "area": 0.732109395324024,
        "distance": 1.51547,
        "xpert": [
            [
                106.0,
                53.2
            ],
            [
                100.8,
                53.2
            ],
            [
                97.4,
                48.0
            ],
            [
                99.8,
                41.8
            ],
            [
                106.0,
                41.4
            ],
            [
                111.6,
                42.4
            ],
            [
                115.2,
                48.0
            ],
            [
                111.2,
                53.2
            ]
        ],
        "stack": 0
    },
    {
        "type": "Spine",
        "location": [
            201,
            93
        ],
        "radloc": [
            0,
            0
        ],
        "mean": [
            40.40384615384615,
            49.02564102564103,
            57.81410256410256,
            54.532051282051285,
            67.25,
            43.72435897435897,
            43.30769230769231,
            35.33974358974359
        ],
        "min": [
            6.0,
            8.0,
            12.0,
            8.0,
            14.0,
            8.0,
            6.0,
            5.0
        ],
        "max": [
            103.0,
            113.0,
            117.0,
            139.0,
            145.0,
            100.0,
            90.0,
            100.0
        ],
        "RawIntDen": [
            6303.0,
            7648.0,
            9019.0,
            8507.0,
            10491.0,
            6821.0,
            6756.0,
            5513.0
        ],
        "IntDen": [
            28.895358274486185,
            35.0613517504792,
            41.34653915240217,
            38.99933568793495,
            48.094749112745454,
            31.270068029552636,
            30.972083214727697,
            25.27369667892152
        ],
        "FlagUp": 0,
        "Times": [
            -15,
            -10,
            -5,
            2,
            10,
            20,
            30,
            40
        ],
        "width": 0,
        "height": 0,
        "area": 0.715163555579858,
        "distance": 8.348163164120024,
        "xpert": [
            [
                201.0,
                103.8
            ],
            [
                196.2,
                97.8
            ],
            [
                195.0,
                93.0
            ],
            [
                195.0,
                87.0
            ],
            [
                201.0,
                85.4
            ],
            [
                206.6,
                87.4
            ],
            [
                207.0,
                93.0
            ],
            [
                205.4,
                97.4
            ]
        ],
        "stack": 0
    },
    {
        "type": "Spine",
        "location": [
            257,
            62
        ],
        "radloc": [
            0,
            0
        ],
        "mean": [
            61.55813953488372,
            45.945736434108525,
            26.325581395348838,
            35.6124031007752,
            35.55038759689923,
            28.8062015503876,
            26.8062015503876,
            20.007751937984494
        ],
        "min": [
            19.0,
            7.0,
            3.0,
            4.0,
            5.0,
            5.0,
            5.0,
            4.0
        ],
        "max": [
            119.0,
            94.0,
            74.0,
            100.0,
            89.0,
            73.0,
            93.0,
            117.0
        ],
        "RawIntDen": [
            7941.0,
            5927.0,
            3396.0,
            4594.0,
            4586.0,
            3716.0,
            3458.0,
            2581.0
        ],
        "IntDen": [
            41.125227075525416,
            30.695028444357025,
            17.58736571571393,
            23.791624881622436,
            23.750194102551262,
            19.244596878560944,
            17.90845425351554,
            13.36660509783794
        ],
        "FlagUp": 0,
        "Times": [
            -15,
            -10,
            -5,
            2,
            10,
            20,
            30,
            40
        ],
        "width": 0,
        "height": 0,
        "area": 0.6680713125227022,
        "distance": 12.09258822736956,
        "xpert": [
            [
                257.0,
                69.8
            ],
            [
                249.2,
                69.8
            ],
            [
                251.6,
                62.0
            ],
            [
                251.8,
                56.8
            ],
            [
                257.0,
                55.8
            ],
            [
                261.0,
                58.0
            ],
            [
                262.2,
                62.0
            ],
            [
                263.0,
                68.0
            ]
        ],
        "stack": 0
    },
    {
        "type": "Spine",
        "location": [
            170,
            71
        ],
        "radloc": [
            0,
            0
        ],
        "mean": [
            27.357142857142858,
            36.95918367346939,
            26.867346938775512,
            36.53061224489796,
            36.642857142857146,
            36.87755102040816,
            52.673469387755105,
            30.79591836734694
        ],
        "min": [
            6.0,
            7.0,
            6.0,
            7.0,
            8.0,
            6.0,
            11.0,
            6.0
        ],
        "max": [
            92.0,
            132.0,
            77.0,
            92.0,
            89.0,
            102.0,
            145.0,
            152.0
        ],
        "RawIntDen": [
            2681.0,
            3622.0,
            2633.0,
            3580.0,
            3591.0,
            3614.0,
            5162.0,
            3018.0
        ],
        "IntDen": [
            11.715719445796466,
            15.827801504168148,
            11.505963931660611,
            15.644265429299272,
            15.692334401288742,
            15.792842251812171,
            22.557457582693534,
            13.188377951291956
        ],
        "FlagUp": 0,
        "Times": [
            -15,
            -10,
            -5,
            2,
            10,
            20,
            30,
            40
        ],
        "width": 0,
        "height": 0,
        "area": 0.42825084136070635,
        "distance": 6.305573164120025,
        "xpert": [
            [
                170.0,
                75.2
            ],
            [
                165.8,
                75.2
            ],
            [
                161.6,
                71.0
            ],
            [
                166.4,
                67.4
            ],
            [
                170.0,
                66.2
            ],
            [
                174.2,
                66.8
            ],
            [
                176.0,
                71.0
            ],
            [
                174.2,
                75.2
            ]
        ],
        "stack": 0
    },
    {
        "type": "Spine",
        "location": [
            299,
            66
        ],
        "radloc": [
            0,
            0
        ],
        "mean": [
            134.336,
            89.056,
            89.304,
            92.84,
            81.472,
            70.136,
            78.72,
            74.648
        ],
        "min": [
            47.0,
            22.0,
            13.0,
            14.0,
            11.0,
            14.0,
            7.0,
            7.0
        ],
        "max": [
            236.0,
            182.0,
            188.0,
            181.0,
            180.0,
            146.0,
            210.0,
            191.0
        ],
        "RawIntDen": [
            16792.0,
            11132.0,
            11163.0,
            11605.0,
            10184.0,
            8767.0,
            9840.0,
            9331.0
        ],
        "IntDen": [
            77.01118113530073,
            51.053386636384445,
            51.19555830236791,
            53.222651088325684,
            46.70568536695465,
            40.20706437667826,
            45.12803849281557,
            42.79367146102257
        ],
        "FlagUp": 0,
        "Times": [
            -15,
            -10,
            -5,
            2,
            10,
            20,
            30,
            40
        ],
        "width": 0,
        "height": 0,
        "area": 0.5732728467075149,
        "distance": 14.85996822736957,
        "xpert": [
            [
                299.0,
                71.6
            ],
            [
                293.2,
                71.8
            ],
            [
                293.0,
                66.0
            ],
            [
                294.8,
                61.8
            ],
            [
                299.0,
                60.6
            ],
            [
                304.4,
                60.6
            ],
            [
                306.6,
                66.0
            ],
            [
                304.4,
                71.4
            ]
        ],
        "stack": 0
    }
]