[
    {
        "type": "Stim",
        "location": [
            307,
            276
        ],
        "radloc": [
            0,
            0
        ],
        "mean": [
            35.23913043478261,
            37.380434782608695,
            35.25,
            55.95652173913044,
            44.27173913043478,
            52.54347826086956,
            33.54347826086956,
            47.05434782608695
        ],
        "min": [
            9.0,
            11.0,
            9.0,
            13.0,
            9.0,
            19.0,
            7.0,
            15.0
        ],
        "max": [
            85.0,
            96.0,
            97.0,
            148.0,
            108.0,
            112.0,
            75.0,
            114.0
        ],
        "RawIntDen": [
            3242.0,
            3439.0,
            3243.0,
            5148.0,
            4073.0,
            4834.0,
            3086.0,
            4329.0
        ],
        "IntDen": [
            1309.365496738942,
            1388.9290386444238,
            1309.7693725861782,
            2079.1528615706584,
            1644.9863257920147,
            1952.3358455385708,
            1246.3608645701343,
            1748.3785426844172
        ],
        "FlagUp": 0,
        "Times": [
            -15,
            -10,
            -5,
            2,
            10,
            20,
            30,
            40
        ],
        "width": 0,
        "height": 0,
        "area": 0.4038758472359476,
        "distance": 0,
        "xpert": [
            [
                307.0,
                281.2
            ],
            [
                303.2,
                279.8
            ],
            [
                301.4,
                276.0
            ],
            [
                303.0,
                272.0
            ],
            [
                307.0,
                269.0
            ],
            [
                311.2,
                271.8
            ],
            [
                312.8,
                276.0
            ],
            [
                310.6,
                279.6
            ]
        ],
        "stack": 0
    },
    {
        "type": "Spine",
        "location": [
            323,
            266
        ],
        "radloc": [
            0,
            0
        ],
        "mean": [
            101.53846153846153,
            93.85897435897436,
            80.5,
            72.58333333333333,
            69.69871794871794,
            69.06410256410257,
            60.3974358974359,
            69.03846153846153
        ],
        "min": [
            26.0,
            21.0,
            18.0,
            9.0,
            8.0,
            10.0,
            14.0,
            15.0
        ],
        "max": [
            219.0,
            205.0,
            169.0,
            170.0,
            166.0,
            178.0,
            152.0,
            184.0
        ],
        "RawIntDen": [
            15840.0,
            14642.0,
            12558.0,
            11323.0,
            10873.0,
            10774.0,
            9422.0,
            10770.0
        ],
        "IntDen": [
            10968.349497295798,
            10138.798821932138,
            8695.740718878827,
            7840.569530169212,
            7528.968692177854,
            7460.416507819756,
            6524.229101232387,
            7457.646722593166
        ],
        "FlagUp": 0,
        "Times": [
            -15,
            -10,
            -5,
            2,
            10,
            20,
            30,
            40
        ],
        "width": 0,
        "height": 0,
        "area": 0.692446306647462,
        "distance": 1.05424,
        "xpert": [
            [
                323.0,
                272.0
            ],
            [
                317.4,
                271.6
            ],
            [
                316.0,
                266.0
            ],
            [
                316.8,
                259.8
            ],
            [
                323.0,
                259.8
            ],
            [
                329.0,
                260.0
            ],
            [
                330.6,
                266.0
            ],
            [
                328.4,
                271.4
            ]
        ],
        "stack": 0
    },
    {
        "type": "Spine",
        "location": [
            330,
            244
        ],
        "radloc": [
            0,
            0
        ],
        "mean": [
            43.863247863247864,
            52.41025641025641,
            54.1965811965812,
            47.82905982905983,
            44.94871794871795,
            42.68376068376068,
            45.547008547008545,
            41.0
        ],
        "min": [
            8.0,
            9.0,
            12.0,
            12.0,
            12.0,
            12.0,
            14.0,
            7.0
        ],
        "max": [
            113.0,
            119.0,
            122.0,
            104.0,
            91.0,
            91.0,
            87.0,
            108.0
        ],
        "RawIntDen": [
            5132.0,
            6132.0,
            6341.0,
            5596.0,
            5259.0,
            4994.0,
            5329.0,
            4797.0
        ],
        "IntDen": [
            2577.1569543803025,
            3079.3309517264256,
            3184.285317171765,
            2810.1656891489038,
            2640.9330520432604,
            2507.8569427465377,
            2676.085231857489,
            2408.9286652693513
        ],
        "FlagUp": 0,
        "Times": [
            -15,
            -10,
            -5,
            2,
            10,
            20,
            30,
            40
        ],
        "width": 0,
        "height": 0,
        "area": 0.5021739973461229,
        "distance": 1.51547,
        "xpert": [
            [
                330.0,
                250.2
            ],
            [
                324.8,
                249.2
            ],
            [
                325.0,
                244.0
            ],
            [
                325.8,
                239.8
            ],
            [
                330.0,
                238.8
            ],
            [
                334.0,
                240.0
            ],
            [
                336.2,
                244.0
            ],
            [
                336.2,
                250.2
            ]
        ],
        "stack": 0
    },
    {
        "type": "Spine",
        "location": [
            254,
            270
        ],
        "radloc": [
            0,
            0
        ],
        "mean": [
            48.42424242424242,
            39.2020202020202,
            45.121212121212125,
            33.84848484848485,
            27.232323232323232,
            29.98989898989899,
            40.74747474747475,
            38.24242424242424
        ],
        "min": [
            13.0,
            10.0,
            12.0,
            14.0,
            10.0,
            8.0,
            11.0,
            12.0
        ],
        "max": [
            131.0,
            87.0,
            112.0,
            73.0,
            61.0,
            74.0,
            97.0,
            85.0
        ],
        "RawIntDen": [
            4794.0,
            3881.0,
            4467.0,
            3351.0,
            2696.0,
            2969.0,
            4034.0,
            3786.0
        ],
        "IntDen": [
            2156.9372130989414,
            1746.1563045550672,
            2009.8119588888135,
            1507.6964124102112,
            1212.9959796651535,
            1335.8253203359943,
            1814.9947262497142,
            1703.4134936989137
        ],
        "FlagUp": 0,
        "Times": [
            -15,
            -10,
            -5,
            2,
            10,
            20,
            30,
            40
        ],
        "width": 0,
        "height": 0,
        "area": 0.4499243248016148,
        "distance": 4.2103377213733415,
        "xpert": [
            [
                254.0,
                275.2
            ],
            [
                249.4,
                274.6
            ],
            [
                248.0,
                270.0
            ],
            [
                247.8,
                263.8
            ],
            [
                254.0,
                265.2
            ],
            [
                257.6,
                266.4
            ],
            [
                260.0,
                270.0
            ],
            [
                257.6,
                273.6
            ]
        ],
        "stack": 0
    },
    {
        "type": "Spine",
        "location": [
            249,
            236
        ],
        "radloc": [
            0,
            0
        ],
        "mean": [
            54.16546762589928,
            54.402877697841724,
            51.57553956834533,
            53.0431654676259,
            44.388489208633096,
            51.49640287769784,
            45.431654676258994,
            49.007194244604314
        ],
        "min": [
            7.0,
            13.0,
            9.0,
            15.0,
            9.0,
            13.0,
            13.0,
            12.0
        ],
        "max": [
            142.0,
            120.0,
            106.0,
            118.0,
            98.0,
            106.0,
            88.0,
            110.0
        ],
        "RawIntDen": [
            7529.0,
            7562.0,
            7169.0,
            7373.0,
            6170.0,
            7158.0,
            6315.0,
            6812.0
        ],
        "IntDen": [
            4912.031256202179,
            4933.560945597141,
            4677.161917348043,
            4810.25454269872,
            4025.399502027818,
            4669.985354216389,
            4119.999652399622,
            4444.2498229843595
        ],
        "FlagUp": 0,
        "Times": [
            -15,
            -10,
            -5,
            2,
            10,
            20,
            30,
            40
        ],
        "width": 0,
        "height": 0,
        "area": 0.6524148301503757,
        "distance": 4.539787721373342,
        "xpert": [
            [
                249.0,
                242.8
            ],
            [
                242.2,
                242.8
            ],
            [
                243.8,
                236.0
            ],
            [
                245.8,
                232.8
            ],
            [
                249.0,
                231.0
            ],
            [
                254.2,
                230.8
            ],
            [
                257.2,
                236.0
            ],
            [
                255.8,
                242.8
            ]
        ],
        "stack": 0
    },
    {
        "type": "Spine",
        "location": [
            266,
            242
        ],
        "radloc": [
            0,
            0
        ],
        "mean": [
            41.505050505050505,
            59.525252525252526,
            69.83838383838383,
            67.25252525252525,
            88.1010101010101,
            74.94949494949495,
            83.4040404040404,
            69.98989898989899
        ],
        "min": [
            10.0,
            10.0,
            13.0,
            13.0,
            21.0,
            14.0,
            12.0,
            12.0
        ],
        "max": [
            148.0,
            246.0,
            244.0,
            214.0,
            241.0,
            218.0,
            239.0,
            218.0
        ],
        "RawIntDen": [
            4109.0,
            5893.0,
            6914.0,
            6658.0,
            8722.0,
            7420.0,
            8257.0,
            6929.0
        ],
        "IntDen": [
            1765.989813628386,
            2532.727664081791,
            2971.5389562975565,
            2861.5137939006554,
            3748.5916657256707,
            3189.0105663476816,
            3548.7412730906744,
            2977.98574315675
        ],
        "FlagUp": 0,
        "Times": [
            -15,
            -10,
            -5,
            2,
            10,
            20,
            30,
            40
        ],
        "width": 0,
        "height": 0,
        "area": 0.42978579061289507,
        "distance": 3.419657721373342,
        "xpert": [
            [
                266.0,
                247.4
            ],
            [
                260.8,
                247.2
            ],
            [
                258.8,
                242.0
            ],
            [
                262.0,
                238.0
            ],
            [
                266.0,
                237.0
            ],
            [
                269.8,
                238.2
            ],
            [
                271.2,
                242.0
            ],
            [
                270.0,
                246.0
            ]
        ],
        "stack": 0
    },
    {
        "type": "Spine",
        "location": [
            232,
            254
        ],
        "radloc": [
            0,
            0
        ],
        "mean": [
            96.87022900763358,
            75.9618320610687,
            63.74809160305343,
            82.03053435114504,
            73.66412213740458,
            66.65648854961832,
            71.19083969465649,
            70.99236641221374
        ],
        "min": [
            19.0,
            15.0,
            13.0,
            15.0,
            18.0,
            18.0,
            17.0,
            18.0
        ],
        "max": [
            228.0,
            200.0,
            193.0,
            217.0,
            164.0,
            175.0,
            197.0,
            172.0
        ],
        "RawIntDen": [
            12690.0,
            9951.0,
            8351.0,
            10746.0,
            9650.0,
            8732.0,
            9326.0,
            9300.0
        ],
        "IntDen": [
            7507.795356601287,
            5887.318486488527,
            4940.709142866615,
            6357.665004100664,
            5709.2376037196545,
            5166.120492816583,
            5517.5492116362175,
            5502.166809802362
        ],
        "FlagUp": 0,
        "Times": [
            -15,
            -10,
            -5,
            2,
            10,
            20,
            30,
            40
        ],
        "width": 0,
        "height": 0,
        "area": 0.5916308397636948,
        "distance": 5.659917721373342,
        "xpert": [
            [
                232.0,
                260.4
            ],
            [
                228.2,
                257.8
            ],
            [
                226.6,
                254.0
            ],
            [
                227.2,
                249.2
            ],
            [
                232.0,
                248.8
            ],
            [
                237.0,
                249.0
            ],
            [
                243.0,
                254.0
            ],
            [
                236.6,
                258.6
            ]
        ],
        "stack": 0
    },
    {
        "type": "Spine",
        "location": [
            226,
            234
        ],
        "radloc": [
            0,
            0
        ],
        "mean": [
            28.0625,
            28.5625,
            30.569444444444443,
            26.77777777777778,
            27.979166666666668,
            32.46527777777778,
            25.243055555555557,
            26.0
        ],
        "min": [
            8.0,
            10.0,
            11.0,
            9.0,
            7.0,
            9.0,
            5.0,
            7.0
        ],
        "max": [
            83.0,
            65.0,
            95.0,
            70.0,
            80.0,
            84.0,
            75.0,
            57.0
        ],
        "RawIntDen": [
            4041.0,
            4113.0,
            4402.0,
            3856.0,
            4029.0,
            4675.0,
            3635.0,
            3744.0
        ],
        "IntDen": [
            2637.152656229041,
            2684.139785961407,
            2872.7409039149316,
            2516.421836777823,
            2629.3214679403136,
            3050.9004374834863,
            2372.197452460422,
            2443.3307460830315
        ],
        "FlagUp": 0,
        "Times": [
            -15,
            -10,
            -5,
            2,
            10,
            20,
            30,
            40
        ],
        "width": 0,
        "height": 0,
        "area": 0.6525990240606387,
        "distance": 6.055257721373342,
        "xpert": [
            [
                226.0,
                241.8
            ],
            [
                219.6,
                240.4
            ],
            [
                220.6,
                234.0
            ],
            [
                222.6,
                230.6
            ],
            [
                226.0,
                228.2
            ],
            [
                231.6,
                228.4
            ],
            [
                233.2,
                234.0
            ],
            [
                232.4,
                240.4
            ]
        ],
        "stack": 0
    },
    {
        "type": "Spine",
        "location": [
            212,
            238
        ],
        "radloc": [
            0,
            0
        ],
        "mean": [
            46.169642857142854,
            48.580357142857146,
            52.848214285714285,
            46.125,
            41.205357142857146,
            58.125,
            47.94642857142857,
            40.839285714285715
        ],
        "min": [
            9.0,
            10.0,
            11.0,
            9.0,
            7.0,
            8.0,
            9.0,
            6.0
        ],
        "max": [
            122.0,
            167.0,
            153.0,
            140.0,
            125.0,
            189.0,
            153.0,
            109.0
        ],
        "RawIntDen": [
            5171.0,
            5441.0,
            5919.0,
            5166.0,
            4615.0,
            6510.0,
            5370.0,
            4574.0
        ],
        "IntDen": [
            2691.6709223703147,
            2832.2145597789367,
            3081.028851191238,
            2689.068262418303,
            2402.2551357066336,
            3388.663257519,
            2795.256788460373,
            2380.913324100139
        ],
        "FlagUp": 0,
        "Times": [
            -15,
            -10,
            -5,
            2,
            10,
            20,
            30,
            40
        ],
        "width": 0,
        "height": 0,
        "area": 0.5205319904023041,
        "distance": 6.8708399824981825,
        "xpert": [
            [
                212.0,
                245.0
            ],
            [
                205.6,
                244.4
            ],
            [
                206.2,
                238.0
            ],
            [
                208.0,
                234.0
            ],
            [
                212.0,
                233.2
            ],
            [
                215.2,
                234.8
            ],
            [
                217.2,
                238.0
            ],
            [
                218.0,
                244.0
            ]
        ],
        "stack": 0
    },
    {
        "type": "Spine",
        "location": [
            197,
            237
        ],
        "radloc": [
            0,
            0
        ],
        "mean": [
            57.88181818181818,
            54.68181818181818,
            59.70909090909091,
            54.845454545454544,
            58.9,
            56.80909090909091,
            59.127272727272725,
            45.663636363636364
        ],
        "min": [
            11.0,
            10.0,
            14.0,
            15.0,
            15.0,
            17.0,
            19.0,
            8.0
        ],
        "max": [
            137.0,
            115.0,
            133.0,
            120.0,
            141.0,
            152.0,
            123.0,
            120.0
        ],
        "RawIntDen": [
            6367.0,
            6015.0,
            6568.0,
            6033.0,
            6479.0,
            6249.0,
            6504.0,
            5023.0
        ],
        "IntDen": [
            3306.79968625606,
            3123.983055258395,
            3411.192137479158,
            3133.3316329798663,
            3364.968614300771,
            3245.5145656375244,
            3377.9527500250374,
            2608.7725497195206
        ],
        "FlagUp": 0,
        "Times": [
            -15,
            -10,
            -5,
            2,
            10,
            20,
            30,
            40
        ],
        "width": 0,
        "height": 0,
        "area": 0.5193654289706392,
        "distance": 8.047945316247631,
        "xpert": [
            [
                197.0,
                243.0
            ],
            [
                192.4,
                241.6
            ],
            [
                189.8,
                237.0
            ],
            [
                193.0,
                233.0
            ],
            [
                197.0,
                232.0
            ],
            [
                200.2,
                233.8
            ],
            [
                202.2,
                237.0
            ],
            [
                204.2,
                244.2
            ]
        ],
        "stack": 0
    },
    {
        "type": "Spine",
        "location": [
            150,
            263
        ],
        "radloc": [
            0,
            0
        ],
        "mean": [
            66.08904109589041,
            67.75342465753425,
            71.23972602739725,
            60.19178082191781,
            55.95890410958904,
            47.76027397260274,
            58.89041095890411,
            59.157534246575345
        ],
        "min": [
            18.0,
            12.0,
            13.0,
            14.0,
            12.0,
            9.0,
            8.0,
            14.0
        ],
        "max": [
            142.0,
            156.0,
            149.0,
            127.0,
            130.0,
            105.0,
            129.0,
            122.0
        ],
        "RawIntDen": [
            9649.0,
            9892.0,
            10401.0,
            8788.0,
            8170.0,
            6973.0,
            8598.0,
            8637.0
        ],
        "IntDen": [
            6574.777190433887,
            6740.356095737591,
            7087.185983801727,
            5988.096377814592,
            5566.994470499001,
            4751.365048077054,
            5858.631390128569,
            5885.205782337805
        ],
        "FlagUp": 0,
        "Times": [
            -15,
            -10,
            -5,
            2,
            10,
            20,
            30,
            40
        ],
        "width": 0,
        "height": 0,
        "area": 0.6813946720317015,
        "distance": 11.144775316247637,
        "xpert": [
            [
                150.0,
                270.0
            ],
            [
                145.4,
                267.6
            ],
            [
                144.8,
                263.0
            ],
            [
                143.4,
                256.4
            ],
            [
                150.0,
                256.2
            ],
            [
                156.2,
                256.8
            ],
            [
                156.2,
                263.0
            ],
            [
                156.2,
                269.2
            ]
        ],
        "stack": 0
    },
    {
        "type": "Spine",
        "location": [
            128,
            264
        ],
        "radloc": [
            0,
            0
        ],
        "mean": [
            104.64473684210526,
            114.76973684210526,
            92.875,
            104.10526315789474,
            89.05263157894737,
            92.86184210526316,
            92.3092105263158,
            93.32894736842105
        ],
        "min": [
            22.0,
            20.0,
            10.0,
            22.0,
            13.0,
            19.0,
            10.0,
            15.0
        ],
        "max": [
            214.0,
            236.0,
            211.0,
            219.0,
            182.0,
            199.0,
            221.0,
            182.0
        ],
        "RawIntDen": [
            15906.0,
            17445.0,
            14117.0,
            15824.0,
            13536.0,
            14115.0,
            14031.0,
            14186.0
        ],
        "IntDen": [
            10847.053018346178,
            11896.569841886652,
            9627.049381365083,
            10791.133343537655,
            9230.838026929076,
            9625.685486857557,
            9568.401917541509,
            9674.103741874695
        ],
        "FlagUp": 0,
        "Times": [
            -15,
            -10,
            -5,
            2,
            10,
            20,
            30,
            40
        ],
        "width": 0,
        "height": 0,
        "area": 0.6819472537624908,
        "distance": 12.594355316247636,
        "xpert": [
            [
                128.0,
                272.0
            ],
            [
                123.4,
                268.6
            ],
            [
                122.6,
                264.0
            ],
            [
                122.4,
                258.4
            ],
            [
                128.0,
                256.8
            ],
            [
                135.0,
                257.0
            ],
            [
                134.8,
                264.0
            ],
            [
                133.0,
                269.0
            ]
        ],
        "stack": 0
    },
    {
        "type": "Spine",
        "location": [
            128,
            287
        ],
        "radloc": [
            0,
            0
        ],
        "mean": [
            25.274074074074075,
            30.955555555555556,
            27.548148148148147,
            26.251851851851853,
            27.97037037037037,
            24.237037037037037,
            26.48148148148148,
            26.977777777777778
        ],
        "min": [
            7.0,
            6.0,
            6.0,
            5.0,
            7.0,
            6.0,
            5.0,
            5.0
        ],
        "max": [
            79.0,
            68.0,
            91.0,
            78.0,
            83.0,
            76.0,
            65.0,
            65.0
        ],
        "RawIntDen": [
            3412.0,
            4179.0,
            3719.0,
            3544.0,
            3776.0,
            3272.0,
            3575.0,
            3642.0
        ],
        "IntDen": [
            2106.630172327998,
            2580.1897685107574,
            2296.177494398542,
            2188.12934663846,
            2331.3703196689685,
            2020.1916541199325,
            2207.2693042416745,
            2248.636309384106
        ],
        "FlagUp": 0,
        "Times": [
            -15,
            -10,
            -5,
            2,
            10,
            20,
            30,
            40
        ],
        "width": 0,
        "height": 0,
        "area": 0.6174179872004684,
        "distance": 12.594355316247636,
        "xpert": [
            [
                128.0,
                292.8
            ],
            [
                123.8,
                291.2
            ],
            [
                122.0,
                287.0
            ],
            [
                122.8,
                281.8
            ],
            [
                128.0,
                276.2
            ],
            [
                132.6,
                282.4
            ],
            [
                135.0,
                287.0
            ],
            [
                132.2,
                291.2
            ]
        ],
        "stack": 0
    },
    {
        "type": "Spine",
        "location": [
            110,
            237
        ],
        "radloc": [
            0,
            0
        ],
        "mean": [
            39.716981132075475,
            43.839622641509436,
            33.113207547169814,
            52.34905660377358,
            42.75471698113208,
            37.990566037735846,
            39.132075471698116,
            34.70754716981132
        ],
        "min": [
            7.0,
            9.0,
            9.0,
            16.0,
            19.0,
            8.0,
            12.0,
            10.0
        ],
        "max": [
            108.0,
            123.0,
            66.0,
            115.0,
            98.0,
            114.0,
            81.0,
            79.0
        ],
        "RawIntDen": [
            4210.0,
            4647.0,
            3510.0,
            5549.0,
            4532.0,
            4027.0,
            4148.0,
            3679.0
        ],
        "IntDen": [
            1937.8654491523903,
            2139.0168033755717,
            1615.6550419299026,
            2554.2079281108345,
            2086.0822364747346,
            1853.630442692797,
            1909.3268130841127,
            1693.445840245046
        ],
        "FlagUp": 0,
        "Times": [
            -15,
            -10,
            -5,
            2,
            10,
            20,
            30,
            40
        ],
        "width": 0,
        "height": 0,
        "area": 0.460300581746411,
        "distance": 13.86225291112193,
        "xpert": [
            [
                110.0,
                243.2
            ],
            [
                104.8,
                242.2
            ],
            [
                104.6,
                237.0
            ],
            [
                106.0,
                233.0
            ],
            [
                110.0,
                231.0
            ],
            [
                114.4,
                232.6
            ],
            [
                115.4,
                237.0
            ],
            [
                114.6,
                241.6
            ]
        ],
        "stack": 0
    },
    {
        "type": "Spine",
        "location": [
            99,
            231
        ],
        "radloc": [
            0,
            0
        ],
        "mean": [
            37.666666666666664,
            43.95402298850575,
            36.97701149425287,
            38.4367816091954,
            31.022988505747126,
            33.735632183908045,
            29.436781609195403,
            29.701149425287355
        ],
        "min": [
            8.0,
            11.0,
            11.0,
            8.0,
            6.0,
            9.0,
            7.0,
            10.0
        ],
        "max": [
            87.0,
            90.0,
            75.0,
            88.0,
            94.0,
            86.0,
            70.0,
            62.0
        ],
        "RawIntDen": [
            3277.0,
            3824.0,
            3217.0,
            3344.0,
            2699.0,
            2935.0,
            2561.0,
            2584.0
        ],
        "IntDen": [
            1259.720387483513,
            1469.9941293063634,
            1236.6556260404213,
            1285.4760377616317,
            1037.5298522483984,
            1128.2512472578915,
            984.4809009292878,
            993.3223928158063
        ],
        "FlagUp": 0,
        "Times": [
            -15,
            -10,
            -5,
            2,
            10,
            20,
            30,
            40
        ],
        "width": 0,
        "height": 0,
        "area": 0.3844126907181913,
        "distance": 14.614335442746691,
        "xpert": [
            [
                99.0,
                237.2
            ],
            [
                94.6,
                235.4
            ],
            [
                94.0,
                231.0
            ],
            [
                95.2,
                227.2
            ],
            [
                99.0,
                226.0
            ],
            [
                102.4,
                227.6
            ],
            [
                105.0,
                231.0
            ],
            [
                103.2,
                235.2
            ]
        ],
        "stack": 0
    },
    {
        "type": "Spine",
        "location": [
            87,
            240
        ],
        "radloc": [
            0,
            0
        ],
        "mean": [
            56.298701298701296,
            84.87012987012987,
            81.0,
            73.54545454545455,
            61.45454545454545,
            61.311688311688314,
            41.298701298701296,
            46.35064935064935
        ],
        "min": [
            13.0,
            21.0,
            13.0,
            16.0,
            14.0,
            12.0,
            9.0,
            6.0
        ],
        "max": [
            130.0,
            168.0,
            188.0,
            160.0,
            139.0,
            155.0,
            132.0,
            124.0
        ],
        "RawIntDen": [
            4335.0,
            6535.0,
            6237.0,
            5663.0,
            4732.0,
            4721.0,
            3180.0,
            3569.0
        ],
        "IntDen": [
            1444.1852469881776,
            2177.1050955173564,
            2077.8277705802225,
            1886.6023191912457,
            1576.443965109125,
            1572.779365866479,
            1059.4023265103588,
            1188.9958815457453
        ],
        "FlagUp": 0,
        "Times": [
            -15,
            -10,
            -5,
            2,
            10,
            20,
            30,
            40
        ],
        "width": 0,
        "height": 0,
        "area": 0.33314538569508134,
        "distance": 15.405015442746693,
        "xpert": [
            [
                87.0,
                244.2
            ],
            [
                82.8,
                244.2
            ],
            [
                80.8,
                240.0
            ],
            [
                84.0,
                237.0
            ],
            [
                87.0,
                235.2
            ],
            [
                90.0,
                237.0
            ],
            [
                92.6,
                240.0
            ],
            [
                91.2,
                244.2
            ]
        ],
        "stack": 0
    },
    {
        "type": "Spine",
        "location": [
            72,
            233
        ],
        "radloc": [
            0,
            0
        ],
        "mean": [
            73.0340909090909,
            103.10227272727273,
            78.23863636363636,
            82.56818181818181,
            72.42045454545455,
            79.39772727272727,
            61.46590909090909,
            48.94318181818182
        ],
        "min": [
            18.0,
            18.0,
            28.0,
            19.0,
            11.0,
            15.0,
            7.0,
            7.0
        ],
        "max": [
            155.0,
            206.0,
            152.0,
            186.0,
            152.0,
            141.0,
            165.0,
            114.0
        ],
        "RawIntDen": [
            6427.0,
            9073.0,
            6885.0,
            7266.0,
            6373.0,
            6987.0,
            5409.0,
            4307.0
        ],
        "IntDen": [
            2549.5413139963593,
            3599.1890994070277,
            2731.226380405311,
            2882.3661408896137,
            2528.1199306206313,
            2771.6889934483524,
            2145.708568135414,
            1708.5536703566702
        ],
        "FlagUp": 0,
        "Times": [
            -15,
            -10,
            -5,
            2,
            10,
            20,
            30,
            40
        ],
        "width": 0,
        "height": 0,
        "area": 0.3966922847357024,
        "distance": 16.393365442746692,
        "xpert": [
            [
                72.0,
                240.8
            ],
            [
                68.4,
                236.6
            ],
            [
                66.8,
                233.0
            ],
            [
                69.0,
                230.0
            ],
            [
                72.0,
                228.8
            ],
            [
                75.4,
                229.6
            ],
            [
                78.6,
                233.0
            ],
            [
                76.6,
                237.6
            ]
        ],
        "stack": 0
    },
    {
        "type": "Spine",
        "location": [
            56,
            233
        ],
        "radloc": [
            0,
            0
        ],
        "mean": [
            74.32203389830508,
            71.84745762711864,
            81.87288135593221,
            66.9322033898305,
            56.79661016949152,
            59.8728813559322,
            45.21186440677966,
            54.355932203389834
        ],
        "min": [
            17.0,
            16.0,
            15.0,
            11.0,
            10.0,
            10.0,
            9.0,
            9.0
        ],
        "max": [
            180.0,
            172.0,
            201.0,
            187.0,
            173.0,
            180.0,
            126.0,
            163.0
        ],
        "RawIntDen": [
            8770.0,
            8478.0,
            9661.0,
            7898.0,
            6702.0,
            7065.0,
            5335.0,
            6414.0
        ],
        "IntDen": [
            4721.219013151894,
            4564.024491847406,
            5200.8776380912705,
            4251.788798845343,
            3607.937266379018,
            3803.353743206172,
            2872.0300382172577,
            3452.896094681442
        ],
        "FlagUp": 0,
        "Times": [
            -15,
            -10,
            -5,
            2,
            10,
            20,
            30,
            40
        ],
        "width": 0,
        "height": 0,
        "area": 0.538337401727696,
        "distance": 17.447605442746692,
        "xpert": [
            [
                56.0,
                240.8
            ],
            [
                49.2,
                239.8
            ],
            [
                51.0,
                233.0
            ],
            [
                52.4,
                229.4
            ],
            [
                56.0,
                228.4
            ],
            [
                59.8,
                229.2
            ],
            [
                61.4,
                233.0
            ],
            [
                61.8,
                238.8
            ]
        ],
        "stack": 0
    },
    {
        "type": "Spine",
        "location": [
            383,
            262
        ],
        "radloc": [
            0,
            0
        ],
        "mean": [
            90.44827586206897,
            74.29310344827586,
            70.81896551724138,
            64.43103448275862,
            67.91379310344827,
            70.37931034482759,
            81.09482758620689,
            86.74137931034483
        ],
        "min": [
            20.0,
            12.0,
            16.0,
            12.0,
            16.0,
            17.0,
            13.0,
            32.0
        ],
        "max": [
            187.0,
            175.0,
            147.0,
            142.0,
            124.0,
            164.0,
            171.0,
            165.0
        ],
        "RawIntDen": [
            10492.0,
            8618.0,
            8215.0,
            7474.0,
            7878.0,
            8164.0,
            9407.0,
            10062.0
        ],
        "IntDen": [
            5521.331081001744,
            4535.153569965024,
            4323.078043311983,
            3933.132720111231,
            4145.734488765892,
            4296.23970122934,
            4950.358509243557,
            5295.047020304951
        ],
        "FlagUp": 0,
        "Times": [
            -15,
            -10,
            -5,
            2,
            10,
            20,
            30,
            40
        ],
        "width": 0,
        "height": 0,
        "area": 0.5262420016204483,
        "distance": 5.089517594874289,
        "xpert": [
            [
                383.0,
                267.8
            ],
            [
                377.4,
                267.6
            ],
            [
                376.0,
                262.0
            ],
            [
                378.2,
                257.2
            ],
            [
                383.0,
                257.2
            ],
            [
                387.8,
                257.2
            ],
            [
                389.6,
                262.0
            ],
            [
                387.4,
                266.4
            ]
        ],
        "stack": 0
    },
    {
        "type": "Spine",
        "location": [
            383,
            241
        ],
        "radloc": [
            0,
            0
        ],
        "mean": [
            56.628787878787875,
            60.88636363636363,
            64.16666666666667,
            68.4090909090909,
            58.553030303030305,
            57.32575757575758,
            65.48484848484848,
            57.234848484848484
        ],
        "min": [
            12.0,
            9.0,
            13.0,
            12.0,
            8.0,
            11.0,
            12.0,
            9.0
        ],
        "max": [
            131.0,
            151.0,
            154.0,
            159.0,
            156.0,
            131.0,
            120.0,
            138.0
        ],
        "RawIntDen": [
            7475.0,
            8037.0,
            8470.0,
            9030.0,
            7729.0,
            7567.0,
            8644.0,
            7555.0
        ],
        "IntDen": [
            4455.484914734741,
            4790.465854143561,
            5048.5561508766905,
            5382.34498729829,
            4606.881994111682,
            4510.321652146861,
            5152.269110764831,
            4503.1690342235415
        ],
        "FlagUp": 0,
        "Times": [
            -15,
            -10,
            -5,
            2,
            10,
            20,
            30,
            40
        ],
        "width": 0,
        "height": 0,
        "area": 0.5960514936099989,
        "distance": 5.089517594874289,
        "xpert": [
            [
                383.0,
                248.2
            ],
            [
                375.8,
                248.2
            ],
            [
                377.4,
                241.0
            ],
            [
                379.4,
                237.4
            ],
            [
                383.0,
                235.6
            ],
            [
                388.0,
                236.0
            ],
            [
                388.8,
                241.0
            ],
            [
                388.6,
                246.6
            ]
        ],
        "stack": 0
    },
    {
        "type": "Spine",
        "location": [
            393,
            241
        ],
        "radloc": [
            0,
            0
        ],
        "mean": [
            82.01470588235294,
            78.23529411764706,
            84.33823529411765,
            74.13970588235294,
            65.41176470588235,
            56.00735294117647,
            66.80882352941177,
            45.73529411764706
        ],
        "min": [
            16.0,
            14.0,
            19.0,
            15.0,
            10.0,
            12.0,
            16.0,
            7.0
        ],
        "max": [
            191.0,
            175.0,
            210.0,
            181.0,
            195.0,
            148.0,
            140.0,
            113.0
        ],
        "RawIntDen": [
            11154.0,
            10640.0,
            11470.0,
            10083.0,
            8896.0,
            7617.0,
            9086.0,
            6220.0
        ],
        "IntDen": [
            6642.194863100708,
            6336.108422394795,
            6830.372519254539,
            6004.4155284780745,
            5297.558320077452,
            4535.915211783942,
            5410.703113334502,
            3704.003231888686
        ],
        "FlagUp": 0,
        "Times": [
            -15,
            -10,
            -5,
            2,
            10,
            20,
            30,
            40
        ],
        "width": 0,
        "height": 0,
        "area": 0.59549891187921,
        "distance": 5.748417594874289,
        "xpert": [
            [
                393.0,
                248.2
            ],
            [
                387.4,
                246.6
            ],
            [
                387.2,
                241.0
            ],
            [
                389.4,
                237.4
            ],
            [
                393.0,
                236.2
            ],
            [
                397.2,
                236.8
            ],
            [
                400.2,
                241.0
            ],
            [
                400.2,
                248.2
            ]
        ],
        "stack": 0
    },
    {
        "type": "Spine",
        "location": [
            438,
            237
        ],
        "radloc": [
            0,
            0
        ],
        "mean": [
            45.776,
            54.88,
            63.184,
            60.368,
            62.808,
            68.36,
            61.792,
            54.856
        ],
        "min": [
            7.0,
            8.0,
            19.0,
            16.0,
            12.0,
            16.0,
            11.0,
            12.0
        ],
        "max": [
            122.0,
            147.0,
            159.0,
            145.0,
            131.0,
            168.0,
            138.0,
            124.0
        ],
        "RawIntDen": [
            5722.0,
            6860.0,
            7898.0,
            7546.0,
            7851.0,
            8545.0,
            7724.0,
            6857.0
        ],
        "IntDen": [
            3379.6905581704045,
            4051.8485195821345,
            4664.941633769636,
            4457.033371540348,
            4637.181155574248,
            5047.0911953104,
            4562.168799599476,
            4050.0765741654077
        ],
        "FlagUp": 0,
        "Times": [
            -15,
            -10,
            -5,
            2,
            10,
            20,
            30,
            40
        ],
        "width": 0,
        "height": 0,
        "area": 0.5906484722422937,
        "distance": 8.79534518974858,
        "xpert": [
            [
                438.0,
                244.8
            ],
            [
                430.4,
                244.6
            ],
            [
                432.6,
                237.0
            ],
            [
                434.0,
                233.0
            ],
            [
                438.0,
                231.8
            ],
            [
                441.6,
                233.4
            ],
            [
                444.0,
                237.0
            ],
            [
                443.4,
                242.4
            ]
        ],
        "stack": 0
    },
    {
        "type": "Spine",
        "location": [
            468,
            268
        ],
        "radloc": [
            0,
            0
        ],
        "mean": [
            49.0,
            37.833333333333336,
            45.280701754385966,
            41.675438596491226,
            39.271929824561404,
            39.18421052631579,
            42.90350877192982,
            46.35087719298246
        ],
        "min": [
            9.0,
            9.0,
            12.0,
            10.0,
            9.0,
            9.0,
            10.0,
            13.0
        ],
        "max": [
            137.0,
            132.0,
            142.0,
            122.0,
            96.0,
            102.0,
            121.0,
            134.0
        ],
        "RawIntDen": [
            5586.0,
            4313.0,
            5162.0,
            4751.0,
            4477.0,
            4467.0,
            4891.0,
            5284.0
        ],
        "IntDen": [
            3125.4770520645384,
            2413.20847217228,
            2888.2406986675883,
            2658.2781013889407,
            2504.9697032031754,
            2499.374506189097,
            2736.610859586047,
            2956.502102239352
        ],
        "FlagUp": 0,
        "Times": [
            -15,
            -10,
            -5,
            2,
            10,
            20,
            30,
            40
        ],
        "width": 0,
        "height": 0,
        "area": 0.5595197014079016,
        "distance": 11.506200505996214,
        "xpert": [
            [
                468.0,
                272.8
            ],
            [
                463.6,
                272.4
            ],
            [
                462.8,
                268.0
            ],
            [
                460.8,
                260.8
            ],
            [
                468.0,
                261.4
            ],
            [
                472.0,
                264.0
            ],
            [
                475.6,
                268.0
            ],
            [
                472.4,
                272.4
            ]
        ],
        "stack": 0
    },
    {
        "type": "Spine",
        "location": [
            472,
            252
        ],
        "radloc": [
            0,
            0
        ],
        "mean": [
            85.8,
            91.65882352941176,
            89.55882352941177,
            95.32352941176471,
            85.71764705882353,
            76.11176470588235,
            76.99411764705883,
            84.61764705882354
        ],
        "min": [
            9.0,
            11.0,
            12.0,
            10.0,
            12.0,
            11.0,
            9.0,
            8.0
        ],
        "max": [
            211.0,
            234.0,
            206.0,
            238.0,
            198.0,
            203.0,
            194.0,
            188.0
        ],
        "RawIntDen": [
            14586.0,
            15582.0,
            15225.0,
            16205.0,
            14572.0,
            12939.0,
            13089.0,
            14385.0
        ],
        "IntDen": [
            10966.914995122681,
            11715.787018648129,
            11447.366022264008,
            12184.20797312238,
            10956.38868153899,
            9728.569389955599,
            9841.351321209431,
            10815.787207242545
        ],
        "FlagUp": 0,
        "Times": [
            -15,
            -10,
            -5,
            2,
            10,
            20,
            30,
            40
        ],
        "width": 0,
        "height": 0,
        "area": 0.7518795416922173,
        "distance": 10.947105316247633,
        "xpert": [
            [
                472.0,
                261.0
            ],
            [
                464.8,
                259.2
            ],
            [
                466.2,
                252.0
            ],
            [
                467.8,
                247.8
            ],
            [
                472.0,
                246.0
            ],
            [
                477.0,
                247.0
            ],
            [
                479.6,
                252.0
            ],
            [
                478.8,
                258.8
            ]
        ],
        "stack": 0
    },
    {
        "type": "Spine",
        "location": [
            474,
            280
        ],
        "radloc": [
            0,
            0
        ],
        "mean": [
            55.79207920792079,
            56.65346534653465,
            61.59405940594059,
            56.26732673267327,
            56.35643564356435,
            53.16831683168317,
            73.95049504950495,
            67.18811881188118
        ],
        "min": [
            13.0,
            14.0,
            13.0,
            8.0,
            11.0,
            12.0,
            28.0,
            13.0
        ],
        "max": [
            123.0,
            124.0,
            131.0,
            136.0,
            131.0,
            105.0,
            145.0,
            142.0
        ],
        "RawIntDen": [
            5635.0,
            5722.0,
            6221.0,
            5683.0,
            5692.0,
            5370.0,
            7469.0,
            6786.0
        ],
        "IntDen": [
            2538.4373683100866,
            2577.6288591784055,
            2802.4168355380743,
            2560.060259823642,
            2564.1145519824336,
            2419.0609880790003,
            3364.6120148905125,
            3056.936287728882
        ],
        "FlagUp": 0,
        "Times": [
            -15,
            -10,
            -5,
            2,
            10,
            20,
            30,
            40
        ],
        "width": 0,
        "height": 0,
        "area": 0.45047690653240224,
        "distance": 12.678642034984541,
        "xpert": [
            [
                474.0,
                286.0
            ],
            [
                469.4,
                284.6
            ],
            [
                468.0,
                280.0
            ],
            [
                469.8,
                275.8
            ],
            [
                474.0,
                275.2
            ],
            [
                477.8,
                276.2
            ],
            [
                479.8,
                280.0
            ],
            [
                479.4,
                285.4
            ]
        ],
        "stack": 0
    }
]