[
    {
        "type": "Stim",
        "location": [
            202,
            240
        ],
        "radloc": [
            0,
            0
        ],
        "mean": [
            53.705882352941174,
            43.666666666666664,
            47.28431372549019,
            57.57843137254902,
            39.8235294117647,
            31.392156862745097,
            24.627450980392158,
            27.84313725490196
        ],
        "min": [
            8.0,
            4.0,
            11.0,
            15.0,
            5.0,
            7.0,
            6.0,
            5.0
        ],
        "max": [
            159.0,
            128.0,
            107.0,
            134.0,
            112.0,
            80.0,
            74.0,
            82.0
        ],
        "RawIntDen": [
            5478.0,
            4454.0,
            4823.0,
            5873.0,
            4062.0,
            3202.0,
            2512.0,
            2840.0
        ],
        "IntDen": [
            24.364726217174105,
            19.810239242660362,
            21.451455740312287,
            26.121583985663293,
            18.066724697729317,
            14.241667277727544,
            11.172725859354026,
            12.63158496837796
        ],
        "FlagUp": 0,
        "Times": [
            -15,
            -10,
            -5,
            2,
            10,
            20,
            30,
            40
        ],
        "width": 0,
        "height": 0,
        "area": 0.45366960097695486,
        "distance": 0,
        "xpert": [
            [
                202.0,
                247.0
            ],
            [
                197.2,
                244.8
            ],
            [
                196.0,
                240.0
            ],
            [
                197.4,
                235.4
            ],
            [
                202.0,
                234.8
            ],
            [
                205.0,
                237.0
            ],
            [
                206.8,
                240.0
            ],
            [
                207.2,
                245.2
            ]
        ],
        "stack": 0
    },
    {
        "type": "Spine",
        "location": [
            6,
            280
        ],
        "radloc": [
            0,
            0
        ],
        "mean": [
            79.67521367521367,
            94.94871794871794,
            86.85470085470085,
            87.77777777777777,
            80.47008547008546,
            74.13675213675214,
            63.58119658119658,
            58.572649572649574
        ],
        "min": [
            6.0,
            24.0,
            16.0,
            13.0,
            12.0,
            19.0,
            17.0,
            11.0
        ],
        "max": [
            174.0,
            218.0,
            181.0,
            189.0,
            182.0,
            145.0,
            139.0,
            132.0
        ],
        "RawIntDen": [
            9322.0,
            11109.0,
            10162.0,
            10270.0,
            9415.0,
            8674.0,
            7439.0,
            6853.0
        ],
        "IntDen": [
            41.405011010684454,
            49.34222992037048,
            45.13599247914347,
            45.61569009651677,
            41.81808395897813,
            38.52682530644464,
            33.041394218888826,
            30.438590480178135
        ],
        "FlagUp": 0,
        "Times": [
            -15,
            -10,
            -5,
            2,
            10,
            20,
            30,
            40
        ],
        "width": 0,
        "height": 0,
        "area": 0.5196724188210772,
        "distance": 13.759940378675333,
        "xpert": [
            [
                6.0,
                287.2
            ],
            [
                1.8,
                284.2
            ],
            [
                0.0,
                280.0
            ],
            [
                0.0,
                274.0
            ],
            [
                6.0,
                274.6
            ],
            [
                10.4,
                275.6
            ],
            [
                12.6,
                280.0
            ],
            [
                10.0,
                284.0
            ]
        ],
        "stack": 0
    },
    {
        "type": "Spine",
        "location": [
            19,
            236
        ],
        "radloc": [
            0,
            0
        ],
        "mean": [
            54.4485294117647,
            54.80882352941177,
            48.088235294117645,
            53.029411764705884,
            46.661764705882355,
            48.338235294117645,
            34.80882352941177,
            28.78676470588235
        ],
        "min": [
            12.0,
            12.0,
            6.0,
            9.0,
            9.0,
            13.0,
            7.0,
            5.0
        ],
        "max": [
            144.0,
            142.0,
            111.0,
            114.0,
            114.0,
            111.0,
            98.0,
            84.0
        ],
        "RawIntDen": [
            7405.0,
            7454.0,
            6540.0,
            7212.0,
            6346.0,
            6574.0,
            4734.0,
            3915.0
        ],
        "IntDen": [
            32.460813339110544,
            32.67561142872788,
            28.66896951219216,
            31.614771884087137,
            27.818544422686767,
            28.818013084579704,
            20.75212563772442,
            17.161928996977416
        ],
        "FlagUp": 0,
        "Times": [
            -15,
            -10,
            -5,
            2,
            10,
            20,
            30,
            40
        ],
        "width": 0,
        "height": 0,
        "area": 0.5961742895501734,
        "distance": 12.90337037867533,
        "xpert": [
            [
                19.0,
                243.2
            ],
            [
                15.0,
                240.0
            ],
            [
                13.6,
                236.0
            ],
            [
                14.2,
                231.2
            ],
            [
                19.0,
                230.4
            ],
            [
                24.0,
                231.0
            ],
            [
                26.8,
                236.0
            ],
            [
                25.6,
                242.6
            ]
        ],
        "stack": 0
    },
    {
        "type": "Spine",
        "location": [
            33,
            239
        ],
        "radloc": [
            0,
            0
        ],
        "mean": [
            81.6068376068376,
            87.00854700854701,
            70.82051282051282,
            74.28205128205128,
            70.68376068376068,
            72.2051282051282,
            53.1965811965812,
            45.00854700854701
        ],
        "min": [
            11.0,
            17.0,
            13.0,
            16.0,
            13.0,
            13.0,
            8.0,
            3.0
        ],
        "max": [
            217.0,
            210.0,
            172.0,
            174.0,
            181.0,
            159.0,
            143.0,
            115.0
        ],
        "RawIntDen": [
            9548.0,
            10180.0,
            8286.0,
            8691.0,
            8270.0,
            8448.0,
            6224.0,
            5266.0
        ],
        "IntDen": [
            42.98001902735721,
            45.82494697303063,
            37.29916607254732,
            39.12226072127792,
            37.227142580251794,
            38.02840393203956,
            28.017138502960965,
            23.704731901766138
        ],
        "FlagUp": 0,
        "Times": [
            -15,
            -10,
            -5,
            2,
            10,
            20,
            30,
            40
        ],
        "width": 0,
        "height": 0,
        "area": 0.5266717874110592,
        "distance": 11.980910378675324,
        "xpert": [
            [
                33.0,
                245.2
            ],
            [
                26.6,
                245.4
            ],
            [
                25.6,
                239.0
            ],
            [
                26.8,
                232.8
            ],
            [
                33.0,
                234.0
            ],
            [
                36.0,
                236.0
            ],
            [
                38.0,
                239.0
            ],
            [
                36.4,
                242.4
            ]
        ],
        "stack": 0
    },
    {
        "type": "Spine",
        "location": [
            4,
            265
        ],
        "radloc": [
            0,
            0
        ],
        "mean": [
            72.77966101694915,
            71.59322033898304,
            72.22881355932203,
            70.4322033898305,
            78.15254237288136,
            73.63559322033899,
            60.05084745762712,
            58.42372881355932
        ],
        "min": [
            13.0,
            13.0,
            14.0,
            29.0,
            22.0,
            31.0,
            16.0,
            20.0
        ],
        "max": [
            147.0,
            161.0,
            137.0,
            137.0,
            156.0,
            133.0,
            103.0,
            101.0
        ],
        "RawIntDen": [
            8588.0,
            8448.0,
            8523.0,
            8311.0,
            9222.0,
            8689.0,
            7086.0,
            6894.0
        ],
        "IntDen": [
            39.13532837598587,
            38.497351434598116,
            38.83912479605584,
            37.87304542766867,
            42.02445252484184,
            39.59558316941561,
            32.29074719052584,
            31.41580738519406
        ],
        "FlagUp": 0,
        "Times": [
            -15,
            -10,
            -5,
            2,
            10,
            20,
            30,
            40
        ],
        "width": 0,
        "height": 0,
        "area": 0.5377234220268203,
        "distance": 13.891720378675332,
        "xpert": [
            [
                4.0,
                273.2
            ],
            [
                0.0,
                269.0
            ],
            [
                0.0,
                265.0
            ],
            [
                0.0,
                261.0
            ],
            [
                4.0,
                258.2
            ],
            [
                10.8,
                258.2
            ],
            [
                10.2,
                265.0
            ],
            [
                7.6,
                268.6
            ]
        ],
        "stack": 0
    },
    {
        "type": "Spine",
        "location": [
            69,
            272
        ],
        "radloc": [
            0,
            0
        ],
        "mean": [
            41.04624277456647,
            48.67052023121387,
            57.24277456647399,
            60.4393063583815,
            60.96531791907515,
            57.028901734104046,
            51.23699421965318,
            60.74566473988439
        ],
        "min": [
            7.0,
            6.0,
            10.0,
            12.0,
            12.0,
            10.0,
            11.0,
            16.0
        ],
        "max": [
            111.0,
            112.0,
            162.0,
            161.0,
            156.0,
            143.0,
            120.0,
            160.0
        ],
        "RawIntDen": [
            7101.0,
            8420.0,
            9903.0,
            10456.0,
            10547.0,
            9866.0,
            8864.0,
            10509.0
        ],
        "IntDen": [
            31.995900399264237,
            37.939090460752695,
            44.62123667848385,
            47.11296079069242,
            47.5229913408027,
            44.454520960307136,
            39.93967907887315,
            47.351769792404994
        ],
        "FlagUp": 0,
        "Times": [
            -15,
            -10,
            -5,
            2,
            10,
            20,
            30,
            40
        ],
        "width": 0,
        "height": 0,
        "area": 0.7795086282316172,
        "distance": 9.49970025217625,
        "xpert": [
            [
                69.0,
                277.2
            ],
            [
                64.0,
                277.0
            ],
            [
                60.4,
                272.0
            ],
            [
                62.4,
                265.4
            ],
            [
                69.0,
                263.8
            ],
            [
                77.2,
                263.8
            ],
            [
                75.0,
                272.0
            ],
            [
                73.0,
                276.0
            ]
        ],
        "stack": 0
    },
    {
        "type": "Spine",
        "location": [
            89,
            271
        ],
        "radloc": [
            0,
            0
        ],
        "mean": [
            51.14545454545455,
            52.8,
            48.157575757575756,
            46.07878787878788,
            43.43636363636364,
            41.53333333333333,
            42.38181818181818,
            52.61212121212121
        ],
        "min": [
            9.0,
            14.0,
            9.0,
            11.0,
            9.0,
            8.0,
            9.0,
            8.0
        ],
        "max": [
            137.0,
            131.0,
            126.0,
            98.0,
            99.0,
            95.0,
            97.0,
            118.0
        ],
        "RawIntDen": [
            8439.0,
            8712.0,
            7946.0,
            7603.0,
            7167.0,
            6853.0,
            6993.0,
            8681.0
        ],
        "IntDen": [
            38.229124572919176,
            39.46582927826422,
            35.99580801711289,
            34.441999541166545,
            32.46689605570704,
            31.044459141866934,
            31.67866668306953,
            39.325397608426506
        ],
        "FlagUp": 0,
        "Times": [
            -15,
            -10,
            -5,
            2,
            10,
            20,
            30,
            40
        ],
        "width": 0,
        "height": 0,
        "area": 0.7474588878459134,
        "distance": 8.181900252176249,
        "xpert": [
            [
                89.0,
                278.2
            ],
            [
                83.4,
                276.6
            ],
            [
                81.8,
                271.0
            ],
            [
                83.6,
                265.6
            ],
            [
                89.0,
                263.2
            ],
            [
                96.6,
                263.4
            ],
            [
                95.6,
                271.0
            ],
            [
                93.6,
                275.6
            ]
        ],
        "stack": 0
    },
    {
        "type": "Spine",
        "location": [
            85,
            241
        ],
        "radloc": [
            0,
            0
        ],
        "mean": [
            65.584,
            64.768,
            64.664,
            59.36,
            55.008,
            46.808,
            31.44,
            27.36
        ],
        "min": [
            12.0,
            14.0,
            9.0,
            11.0,
            18.0,
            6.0,
            4.0,
            3.0
        ],
        "max": [
            171.0,
            142.0,
            150.0,
            128.0,
            114.0,
            121.0,
            83.0,
            98.0
        ],
        "RawIntDen": [
            8198.0,
            8096.0,
            8083.0,
            7420.0,
            6876.0,
            5851.0,
            3930.0,
            3420.0
        ],
        "IntDen": [
            37.54115223588255,
            37.07406300337949,
            37.01453202276636,
            33.97845201149652,
            31.487309438146916,
            26.79352058211134,
            17.99667336997053,
            15.661227207455271
        ],
        "FlagUp": 0,
        "Times": [
            -15,
            -10,
            -5,
            2,
            10,
            20,
            30,
            40
        ],
        "width": 0,
        "height": 0,
        "area": 0.5724132751262891,
        "distance": 8.445460252176247,
        "xpert": [
            [
                85.0,
                246.6
            ],
            [
                81.4,
                244.6
            ],
            [
                78.8,
                241.0
            ],
            [
                78.8,
                234.8
            ],
            [
                85.0,
                234.2
            ],
            [
                89.8,
                236.2
            ],
            [
                91.0,
                241.0
            ],
            [
                91.0,
                247.0
            ]
        ],
        "stack": 0
    },
    {
        "type": "Spine",
        "location": [
            127,
            221
        ],
        "radloc": [
            0,
            0
        ],
        "mean": [
            42.09285714285714,
            44.142857142857146,
            43.82857142857143,
            42.214285714285715,
            36.49285714285714,
            33.32857142857143,
            23.292857142857144,
            21.271428571428572
        ],
        "min": [
            8.0,
            9.0,
            10.0,
            5.0,
            5.0,
            6.0,
            4.0,
            4.0
        ],
        "max": [
            105.0,
            109.0,
            106.0,
            138.0,
            134.0,
            102.0,
            80.0,
            76.0
        ],
        "RawIntDen": [
            5893.0,
            6180.0,
            6136.0,
            5910.0,
            5109.0,
            4666.0,
            3261.0,
            2978.0
        ],
        "IntDen": [
            26.606562552777604,
            27.902351361982966,
            27.70369384419538,
            26.68331659374099,
            23.066846781289797,
            21.066726772655745,
            14.7232310342114,
            13.445501999350366
        ],
        "FlagUp": 0,
        "Times": [
            -15,
            -10,
            -5,
            2,
            10,
            20,
            30,
            40
        ],
        "width": 0,
        "height": 0,
        "area": 0.632092102051394,
        "distance": 4.2927107890759695,
        "xpert": [
            [
                127.0,
                230.6
            ],
            [
                122.0,
                226.0
            ],
            [
                119.2,
                221.0
            ],
            [
                123.0,
                217.0
            ],
            [
                127.0,
                215.8
            ],
            [
                131.8,
                216.2
            ],
            [
                133.4,
                221.0
            ],
            [
                132.6,
                226.6
            ]
        ],
        "stack": 0
    },
    {
        "type": "Spine",
        "location": [
            144,
            225
        ],
        "radloc": [
            0,
            0
        ],
        "mean": [
            36.87378640776699,
            42.85436893203884,
            36.80582524271845,
            34.077669902912625,
            33.970873786407765,
            30.97087378640777,
            21.04854368932039,
            23.067961165048544
        ],
        "min": [
            8.0,
            10.0,
            11.0,
            10.0,
            8.0,
            7.0,
            5.0,
            4.0
        ],
        "max": [
            109.0,
            104.0,
            80.0,
            70.0,
            72.0,
            72.0,
            53.0,
            62.0
        ],
        "RawIntDen": [
            3798.0,
            4414.0,
            3791.0,
            3510.0,
            3499.0,
            3190.0,
            2168.0,
            2376.0
        ],
        "IntDen": [
            16.87341040675338,
            19.610119414273147,
            16.842311440758838,
            15.593910091549333,
            15.54504028784362,
            14.172243074655945,
            9.631794039452693,
            10.555877600433393
        ],
        "FlagUp": 0,
        "Times": [
            -15,
            -10,
            -5,
            2,
            10,
            20,
            30,
            40
        ],
        "width": 0,
        "height": 0,
        "area": 0.4575990710625587,
        "distance": 3.757764699572375,
        "xpert": [
            [
                144.0,
                233.0
            ],
            [
                140.4,
                228.6
            ],
            [
                138.4,
                225.0
            ],
            [
                140.6,
                221.6
            ],
            [
                144.0,
                219.2
            ],
            [
                148.4,
                220.6
            ],
            [
                149.6,
                225.0
            ],
            [
                149.0,
                230.0
            ]
        ],
        "stack": 0
    },
    {
        "type": "Spine",
        "location": [
            161,
            245
        ],
        "radloc": [
            0,
            0
        ],
        "mean": [
            32.49,
            29.83,
            38.57,
            32.35,
            31.96,
            27.96,
            28.99,
            34.96
        ],
        "min": [
            6.0,
            5.0,
            7.0,
            6.0,
            6.0,
            7.0,
            7.0,
            9.0
        ],
        "max": [
            102.0,
            75.0,
            85.0,
            96.0,
            87.0,
            74.0,
            73.0,
            85.0
        ],
        "RawIntDen": [
            3249.0,
            2983.0,
            3857.0,
            3235.0,
            3196.0,
            2796.0,
            2899.0,
            3496.0
        ],
        "IntDen": [
            14.352730246401187,
            13.177652916286469,
            17.038621286663396,
            14.290884071131991,
            14.118598297167804,
            12.351564718047928,
            12.806575864671295,
            15.44387348150771
        ],
        "FlagUp": 0,
        "Times": [
            -15,
            -10,
            -5,
            2,
            10,
            20,
            30,
            40
        ],
        "width": 0,
        "height": 0,
        "area": 0.4417583947799688,
        "distance": 3.2101146829305156,
        "xpert": [
            [
                161.0,
                250.4
            ],
            [
                156.0,
                250.0
            ],
            [
                153.6,
                245.0
            ],
            [
                156.0,
                240.0
            ],
            [
                161.0,
                239.8
            ],
            [
                164.6,
                241.4
            ],
            [
                166.0,
                245.0
            ],
            [
                164.6,
                248.6
            ]
        ],
        "stack": 0
    },
    {
        "type": "Spine",
        "location": [
            148,
            261
        ],
        "radloc": [
            0,
            0
        ],
        "mean": [
            18.50526315789474,
            22.74736842105263,
            28.74736842105263,
            22.86315789473684,
            23.263157894736842,
            22.13684210526316,
            16.08421052631579,
            20.25263157894737
        ],
        "min": [
            5.0,
            5.0,
            9.0,
            7.0,
            7.0,
            4.0,
            4.0,
            6.0
        ],
        "max": [
            59.0,
            65.0,
            62.0,
            49.0,
            63.0,
            57.0,
            38.0,
            44.0
        ],
        "RawIntDen": [
            1758.0,
            2161.0,
            2731.0,
            2172.0,
            2210.0,
            2103.0,
            1528.0,
            1924.0
        ],
        "IntDen": [
            7.664708015982457,
            9.421748590749766,
            11.906892828013701,
            9.469707514626789,
            9.635383797111052,
            9.168874264852734,
            6.661930516735605,
            8.388451776308445
        ],
        "FlagUp": 0,
        "Times": [
            -15,
            -10,
            -5,
            2,
            10,
            20,
            30,
            40
        ],
        "width": 0,
        "height": 0,
        "area": 0.41419070621065607,
        "distance": 4.828132530802908,
        "xpert": [
            [
                148.0,
                266.2
            ],
            [
                144.2,
                264.8
            ],
            [
                143.0,
                261.0
            ],
            [
                143.0,
                256.0
            ],
            [
                148.0,
                255.4
            ],
            [
                152.0,
                257.0
            ],
            [
                154.6,
                261.0
            ],
            [
                152.0,
                265.0
            ]
        ],
        "stack": 0
    },
    {
        "type": "Spine",
        "location": [
            171,
            198
        ],
        "radloc": [
            0,
            0
        ],
        "mean": [
            41.403614457831324,
            38.28313253012048,
            51.46987951807229,
            44.24698795180723,
            32.18072289156626,
            30.174698795180724,
            20.427710843373493,
            22.373493975903614
        ],
        "min": [
            8.0,
            9.0,
            15.0,
            11.0,
            7.0,
            5.0,
            5.0,
            4.0
        ],
        "max": [
            100.0,
            92.0,
            107.0,
            102.0,
            71.0,
            68.0,
            49.0,
            60.0
        ],
        "RawIntDen": [
            6873.0,
            6355.0,
            8544.0,
            7345.0,
            5342.0,
            5009.0,
            3391.0,
            3714.0
        ],
        "IntDen": [
            32.09398576023297,
            29.67514615252154,
            39.896844803641855,
            34.298024939460376,
            24.94486715134068,
            23.38989883209762,
            15.834527238898588,
            17.342799812819038
        ],
        "FlagUp": 0,
        "Times": [
            -15,
            -10,
            -5,
            2,
            10,
            20,
            30,
            40
        ],
        "width": 0,
        "height": 0,
        "area": 0.7751493723554013,
        "distance": 1.3351591136847774,
        "xpert": [
            [
                171.0,
                206.4
            ],
            [
                166.4,
                202.6
            ],
            [
                161.6,
                198.0
            ],
            [
                166.0,
                193.0
            ],
            [
                171.0,
                193.2
            ],
            [
                175.4,
                193.6
            ],
            [
                179.0,
                198.0
            ],
            [
                179.0,
                206.0
            ]
        ],
        "stack": 0
    },
    {
        "type": "Spine",
        "location": [
            231,
            192
        ],
        "radloc": [
            0,
            0
        ],
        "mean": [
            85.1869918699187,
            85.26016260162602,
            88.21951219512195,
            83.869918699187,
            78.04065040650407,
            66.85365853658537,
            52.53658536585366,
            50.48780487804878
        ],
        "min": [
            15.0,
            17.0,
            24.0,
            21.0,
            14.0,
            12.0,
            10.0,
            9.0
        ],
        "max": [
            200.0,
            162.0,
            182.0,
            173.0,
            164.0,
            148.0,
            123.0,
            128.0
        ],
        "RawIntDen": [
            10478.0,
            10487.0,
            10851.0,
            10316.0,
            9599.0,
            8223.0,
            6462.0,
            6210.0
        ],
        "IntDen": [
            46.55497487861453,
            46.59496292727912,
            48.212257339935704,
            45.83519000265199,
            42.649475459039984,
            36.53574712987663,
            28.71141894117266,
            27.59175357856425
        ],
        "FlagUp": 0,
        "Times": [
            -15,
            -10,
            -5,
            2,
            10,
            20,
            30,
            40
        ],
        "width": 0,
        "height": 0,
        "area": 0.5465033317493403,
        "distance": 3.5875274675533837,
        "xpert": [
            [
                231.0,
                197.4
            ],
            [
                225.6,
                197.4
            ],
            [
                221.4,
                192.0
            ],
            [
                226.2,
                187.2
            ],
            [
                231.0,
                186.8
            ],
            [
                235.0,
                188.0
            ],
            [
                237.0,
                192.0
            ],
            [
                235.2,
                196.2
            ]
        ],
        "stack": 0
    },
    {
        "type": "Spine",
        "location": [
            243,
            177
        ],
        "radloc": [
            0,
            0
        ],
        "mean": [
            54.150442477876105,
            64.57522123893806,
            51.04424778761062,
            54.336283185840706,
            48.991150442477874,
            41.32743362831859,
            32.49557522123894,
            36.9646017699115
        ],
        "min": [
            15.0,
            16.0,
            12.0,
            13.0,
            14.0,
            8.0,
            8.0,
            11.0
        ],
        "max": [
            128.0,
            135.0,
            114.0,
            130.0,
            113.0,
            102.0,
            87.0,
            80.0
        ],
        "RawIntDen": [
            6119.0,
            7297.0,
            5768.0,
            6140.0,
            5536.0,
            4670.0,
            3672.0,
            4177.0
        ],
        "IntDen": [
            26.926965977377698,
            32.11081397890588,
            25.382372897126093,
            27.019377529187622,
            24.361445277130727,
            20.550568902492866,
            16.15881991647833,
            18.38109771000272
        ],
        "FlagUp": 0,
        "Times": [
            -15,
            -10,
            -5,
            2,
            10,
            20,
            30,
            40
        ],
        "width": 0,
        "height": 0,
        "area": 0.49726215973912075,
        "distance": 4.845491644487685,
        "xpert": [
            [
                243.0,
                182.8
            ],
            [
                238.2,
                181.8
            ],
            [
                235.6,
                177.0
            ],
            [
                238.0,
                172.0
            ],
            [
                243.0,
                171.6
            ],
            [
                247.6,
                172.4
            ],
            [
                249.0,
                177.0
            ],
            [
                247.0,
                181.0
            ]
        ],
        "stack": 0
    },
    {
        "type": "Spine",
        "location": [
            223,
            159
        ],
        "radloc": [
            0,
            0
        ],
        "mean": [
            29.976,
            30.488,
            33.208,
            28.864,
            34.696,
            40.416,
            29.784,
            40.048
        ],
        "min": [
            9.0,
            9.0,
            7.0,
            6.0,
            9.0,
            12.0,
            9.0,
            14.0
        ],
        "max": [
            67.0,
            58.0,
            82.0,
            60.0,
            80.0,
            92.0,
            67.0,
            115.0
        ],
        "RawIntDen": [
            3747.0,
            3811.0,
            4151.0,
            3608.0,
            4337.0,
            5052.0,
            3723.0,
            5006.0
        ],
        "IntDen": [
            18.846367245768633,
            19.16826943518128,
            20.878374816435972,
            18.147235928138038,
            21.813903054416482,
            25.410154076760907,
            18.72565392473889,
            25.178786878120572
        ],
        "FlagUp": 0,
        "Times": [
            -15,
            -10,
            -5,
            2,
            10,
            20,
            30,
            40
        ],
        "width": 0,
        "height": 0,
        "area": 0.6287152136965783,
        "distance": 4.752309112862922,
        "xpert": [
            [
                223.0,
                163.8
            ],
            [
                219.6,
                162.4
            ],
            [
                218.0,
                159.0
            ],
            [
                214.0,
                150.0
            ],
            [
                223.0,
                152.4
            ],
            [
                227.6,
                154.4
            ],
            [
                230.2,
                159.0
            ],
            [
                227.4,
                163.4
            ]
        ],
        "stack": 0
    },
    {
        "type": "Spine",
        "location": [
            234,
            148
        ],
        "radloc": [
            0,
            0
        ],
        "mean": [
            38.776,
            46.768,
            48.936,
            53.072,
            52.544,
            40.792,
            29.232,
            33.064
        ],
        "min": [
            11.0,
            10.0,
            9.0,
            15.0,
            15.0,
            10.0,
            8.0,
            10.0
        ],
        "max": [
            121.0,
            113.0,
            105.0,
            117.0,
            114.0,
            86.0,
            80.0,
            72.0
        ],
        "RawIntDen": [
            4847.0,
            5846.0,
            6117.0,
            6634.0,
            6568.0,
            5099.0,
            3654.0,
            4133.0
        ],
        "IntDen": [
            21.88639735684201,
            26.397334216649142,
            27.62102179323346,
            29.955510638599115,
            29.65749078599924,
            23.024291339496063,
            16.499462748483744,
            18.662364405988864
        ],
        "FlagUp": 0,
        "Times": [
            -15,
            -10,
            -5,
            2,
            10,
            20,
            30,
            40
        ],
        "width": 0,
        "height": 0,
        "area": 0.5644315390149064,
        "distance": 5.777316960735316,
        "xpert": [
            [
                234.0,
                153.6
            ],
            [
                229.2,
                152.8
            ],
            [
                228.8,
                148.0
            ],
            [
                229.4,
                143.4
            ],
            [
                234.0,
                140.8
            ],
            [
                238.6,
                143.4
            ],
            [
                241.4,
                148.0
            ],
            [
                240.0,
                154.0
            ]
        ],
        "stack": 0
    },
    {
        "type": "Spine",
        "location": [
            265,
            158
        ],
        "radloc": [
            0,
            0
        ],
        "mean": [
            34.99130434782609,
            36.89565217391304,
            32.07826086956522,
            39.81739130434783,
            29.434782608695652,
            21.16521739130435,
            20.42608695652174,
            18.982608695652175
        ],
        "min": [
            7.0,
            9.0,
            9.0,
            9.0,
            7.0,
            6.0,
            5.0,
            6.0
        ],
        "max": [
            94.0,
            97.0,
            87.0,
            98.0,
            72.0,
            64.0,
            46.0,
            89.0
        ],
        "RawIntDen": [
            4024.0,
            4243.0,
            3689.0,
            4579.0,
            3385.0,
            2434.0,
            2349.0,
            2183.0
        ],
        "IntDen": [
            17.621136263029122,
            18.580139454282445,
            16.154167911111937,
            20.051486816205355,
            14.82294886937216,
            10.658510353929643,
            10.286294503443193,
            9.559378842493183
        ],
        "FlagUp": 0,
        "Times": [
            -15,
            -10,
            -5,
            2,
            10,
            20,
            30,
            40
        ],
        "width": 0,
        "height": 0,
        "area": 0.5035861506581384,
        "distance": 6.755733542795329,
        "xpert": [
            [
                265.0,
                163.2
            ],
            [
                261.4,
                161.6
            ],
            [
                259.8,
                158.0
            ],
            [
                259.4,
                152.4
            ],
            [
                265.0,
                151.0
            ],
            [
                270.2,
                152.8
            ],
            [
                271.6,
                158.0
            ],
            [
                269.4,
                162.4
            ]
        ],
        "stack": 0
    },
    {
        "type": "Spine",
        "location": [
            275,
            146
        ],
        "radloc": [
            0,
            0
        ],
        "mean": [
            49.57258064516129,
            44.86290322580645,
            52.58870967741935,
            46.306451612903224,
            44.75,
            33.82258064516129,
            31.951612903225808,
            27.903225806451612
        ],
        "min": [
            10.0,
            8.0,
            13.0,
            15.0,
            16.0,
            12.0,
            10.0,
            14.0
        ],
        "max": [
            113.0,
            94.0,
            117.0,
            91.0,
            110.0,
            66.0,
            63.0,
            60.0
        ],
        "RawIntDen": [
            6147.0,
            5563.0,
            6521.0,
            5742.0,
            5549.0,
            4194.0,
            3962.0,
            3460.0
        ],
        "IntDen": [
            27.377684133413275,
            24.776648256739556,
            29.043416013337882,
            25.573883568254274,
            24.714294656956284,
            18.679356963646537,
            17.64606873866657,
            15.410246803580598
        ],
        "FlagUp": 0,
        "Times": [
            -15,
            -10,
            -5,
            2,
            10,
            20,
            30,
            40
        ],
        "width": 0,
        "height": 0,
        "area": 0.5522747409375706,
        "distance": 7.780741390667722,
        "xpert": [
            [
                275.0,
                153.2
            ],
            [
                269.2,
                151.8
            ],
            [
                269.0,
                146.0
            ],
            [
                270.4,
                141.4
            ],
            [
                275.0,
                138.8
            ],
            [
                279.2,
                141.8
            ],
            [
                280.4,
                146.0
            ],
            [
                279.8,
                150.8
            ]
        ],
        "stack": 0
    },
    {
        "type": "Spine",
        "location": [
            290,
            142
        ],
        "radloc": [
            0,
            0
        ],
        "mean": [
            71.8735632183908,
            84.5632183908046,
            76.67816091954023,
            78.86206896551724,
            86.06896551724138,
            66.83908045977012,
            38.04597701149425,
            45.747126436781606
        ],
        "min": [
            13.0,
            18.0,
            20.0,
            34.0,
            24.0,
            25.0,
            16.0,
            13.0
        ],
        "max": [
            150.0,
            183.0,
            151.0,
            173.0,
            200.0,
            115.0,
            75.0,
            98.0
        ],
        "RawIntDen": [
            6253.0,
            7357.0,
            6671.0,
            6861.0,
            7488.0,
            5815.0,
            3310.0,
            3980.0
        ],
        "IntDen": [
            28.03950868055058,
            32.99003124305303,
            29.913891317440097,
            30.76588342511715,
            33.57745738045142,
            26.075442663905587,
            14.842599349531811,
            17.846992571340365
        ],
        "FlagUp": 0,
        "Times": [
            -15,
            -10,
            -5,
            2,
            10,
            20,
            30,
            40
        ],
        "width": 0,
        "height": 0,
        "area": 0.39012270193633464,
        "distance": 8.746481517166773,
        "xpert": [
            [
                290.0,
                146.6
            ],
            [
                286.2,
                145.8
            ],
            [
                284.0,
                142.0
            ],
            [
                284.0,
                136.0
            ],
            [
                290.0,
                136.6
            ],
            [
                293.0,
                139.0
            ],
            [
                294.8,
                142.0
            ],
            [
                293.6,
                145.6
            ]
        ],
        "stack": 0
    },
    {
        "type": "Spine",
        "location": [
            281,
            83
        ],
        "radloc": [
            0,
            0
        ],
        "mean": [
            17.04,
            23.82,
            29.96,
            30.85,
            38.98,
            23.91,
            20.11,
            21.01
        ],
        "min": [
            5.0,
            6.0,
            9.0,
            6.0,
            13.0,
            7.0,
            5.0,
            6.0
        ],
        "max": [
            55.0,
            68.0,
            67.0,
            86.0,
            91.0,
            56.0,
            62.0,
            53.0
        ],
        "RawIntDen": [
            1704.0,
            2382.0,
            2996.0,
            3085.0,
            3898.0,
            2391.0,
            2011.0,
            2101.0
        ],
        "IntDen": [
            7.687634922825331,
            10.746447409724142,
            13.516522434732801,
            13.918047967673795,
            17.58591603824715,
            10.787051115302445,
            9.07267243532966,
            9.478709491112689
        ],
        "FlagUp": 0,
        "Times": [
            -15,
            -10,
            -5,
            2,
            10,
            20,
            30,
            40
        ],
        "width": 0,
        "height": 0,
        "area": 0.4511522842033645,
        "distance": 11.053434934284923,
        "xpert": [
            [
                281.0,
                90.0
            ],
            [
                276.2,
                87.8
            ],
            [
                275.8,
                83.0
            ],
            [
                277.8,
                79.8
            ],
            [
                281.0,
                77.8
            ],
            [
                284.4,
                79.6
            ],
            [
                286.4,
                83.0
            ],
            [
                287.0,
                89.0
            ]
        ],
        "stack": 0
    },
    {
        "type": "Spine",
        "location": [
            343,
            77
        ],
        "radloc": [
            0,
            0
        ],
        "mean": [
            27.58490566037736,
            32.528301886792455,
            32.179245283018865,
            31.5,
            27.5,
            28.9811320754717,
            21.330188679245282,
            17.99056603773585
        ],
        "min": [
            6.0,
            9.0,
            9.0,
            8.0,
            8.0,
            5.0,
            5.0,
            4.0
        ],
        "max": [
            57.0,
            68.0,
            66.0,
            63.0,
            63.0,
            90.0,
            51.0,
            49.0
        ],
        "RawIntDen": [
            2924.0,
            3448.0,
            3411.0,
            3339.0,
            2915.0,
            3072.0,
            2261.0,
            1907.0
        ],
        "IntDen": [
            13.071646366877005,
            15.414171228793405,
            15.24876393892526,
            14.926890293776442,
            13.031412161233401,
            13.733275526349576,
            10.107726551131636,
            8.525181129149948
        ],
        "FlagUp": 0,
        "Times": [
            -15,
            -10,
            -5,
            2,
            10,
            20,
            30,
            40
        ],
        "width": 0,
        "height": 0,
        "area": 0.4738695331357601,
        "distance": 14.31813468046499,
        "xpert": [
            [
                343.0,
                84.0
            ],
            [
                336.8,
                83.2
            ],
            [
                336.6,
                77.0
            ],
            [
                338.6,
                72.6
            ],
            [
                343.0,
                72.2
            ],
            [
                346.4,
                73.6
            ],
            [
                348.0,
                77.0
            ],
            [
                347.0,
                81.0
            ]
        ],
        "stack": 0
    }
]