[
    {
        "type": "Stim",
        "location": [
            151,
            273
        ],
        "radloc": [
            0,
            0
        ],
        "mean": [
            71.4551282051282,
            73.28846153846153,
            73.81410256410257,
            85.98076923076923,
            85.06410256410257,
            97.28846153846153,
            118.78846153846153,
            101.73076923076923
        ],
        "min": [
            20,
            20,
            20,
            27,
            18,
            40,
            53,
            31
        ],
        "max": [
            172,
            180,
            176,
            179,
            166,
            178,
            212,
            194
        ],
        "RawIntDen": [
            11147,
            11433,
            11515,
            13413,
            13270,
            15177,
            18531,
            15870
        ],
        "IntDen": [
            14435.180499932618,
            14805.54576619087,
            14911.734408964214,
            17369.61299413261,
            17184.430361003484,
            19653.96379720798,
            23997.338283327474,
            20551.387326987588
        ],
        "FlagUp": 0,
        "Times": [
            -15,
            -10,
            -5,
            2,
            10,
            20,
            30,
            40
        ],
        "width": 0,
        "height": 0,
        "area": 1.2949834484554246,
        "distance": 0,
        "xpert": [
            [
                151.0,
                282.4
            ],
            [
                141.4,
                282.6
            ],
            [
                141.0,
                273.0
            ],
            [
                147.4,
                269.4
            ],
            [
                151.0,
                266.6
            ],
            [
                159.0,
                265.0
            ],
            [
                159.0,
                273.0
            ],
            [
                155.2,
                277.2
            ],
            [
                151.0,
                282.4
            ],
            [
                151.0,
                282.4
            ]
        ],
        "stack": 0,
        "shift": [
            [
                0.0,
                0.0
            ],
            [
                0.0,
                0.0
            ],
            [
                0.0,
                0.0
            ],
            [
                0.0,
                0.0
            ],
            [
                0.0,
                0.0
            ],
            [
                0.0,
                0.0
            ],
            [
                0.0,
                0.0
            ],
            [
                0.0,
                0.0
            ],
            [
                0.0,
                0.0
            ]
        ],
        "channel": 0
    },
    {
        "type": "Stim",
        "location": [
            204,
            251
        ],
        "radloc": [
            0,
            0
        ],
        "mean": [
            96.25490196078431,
            130.88235294117646,
            136.51960784313727,
            136.92156862745097,
            115.83333333333333,
            106.65686274509804,
            121.76470588235294,
            113.0
        ],
        "min": [
            19,
            25,
            28,
            22,
            14,
            23,
            23,
            31
        ],
        "max": [
            201,
            255,
            242,
            241,
            255,
            232,
            255,
            249
        ],
        "RawIntDen": [
            9818,
            13350,
            13925,
            13966,
            11815,
            10879,
            12420,
            11526
        ],
        "IntDen": [
            7158.603413087887,
            9733.892398118078,
            10153.142445228033,
            10183.036796413266,
            8614.677054963679,
            7932.210891320343,
            9055.801017575022,
            8403.958335633632
        ],
        "FlagUp": 0,
        "Times": [
            -15,
            -10,
            -5,
            2,
            10,
            20,
            30,
            40
        ],
        "width": 0,
        "height": 0,
        "area": 0.7291305167129647,
        "distance": 0,
        "xpert": [
            [
                204.0,
                256.4
            ],
            [
                199.4,
                255.6
            ],
            [
                194.2,
                251.0
            ],
            [
                200.0,
                247.0
            ],
            [
                204.0,
                245.6
            ],
            [
                211.6,
                243.4
            ],
            [
                210.6,
                251.0
            ],
            [
                207.8,
                254.8
            ],
            [
                204.0,
                256.4
            ],
            [
                204.0,
                256.4
            ]
        ],
        "stack": 0,
        "shift": [
            [
                0.0,
                0.0
            ],
            [
                0.0,
                0.0
            ],
            [
                0.0,
                0.0
            ],
            [
                0.0,
                0.0
            ],
            [
                0.0,
                0.0
            ],
            [
                0.0,
                0.0
            ],
            [
                0.0,
                0.0
            ],
            [
                0.0,
                0.0
            ],
            [
                0.0,
                0.0
            ]
        ],
        "channel": 0
    },
    {
        "type": "Spine",
        "location": [
            188,
            235
        ],
        "radloc": [
            0,
            0
        ],
        "mean": [
            93.15079365079364,
            119.86507936507937,
            138.85714285714286,
            127.39682539682539,
            117.23809523809524,
            103.03968253968254,
            91.86507936507937,
            99.9920634920635
        ],
        "min": [
            13,
            49,
            33,
            13,
            18,
            11,
            11,
            11
        ],
        "max": [
            182,
            205,
            233,
            255,
            238,
            232,
            213,
            216
        ],
        "RawIntDen": [
            11737,
            15103,
            17496,
            16052,
            14772,
            12983,
            11575,
            12599
        ],
        "IntDen": [
            9976.17778971239,
            12837.199723781736,
            14871.194224146544,
            13643.827714106099,
            12555.857400496841,
            11035.248891866402,
            9838.481546896219,
            10708.857797783625
        ],
        "FlagUp": 0,
        "Times": [
            -15,
            -10,
            -5,
            2,
            10,
            20,
            30,
            40
        ],
        "width": 0,
        "height": 0,
        "area": 0.8499768075072327,
        "distance": -0.668473035959316,
        "xpert": [
            [
                188.0,
                241.8
            ],
            [
                180.2,
                242.8
            ],
            [
                179.8,
                235.0
            ],
            [
                184.0,
                231.0
            ],
            [
                188.0,
                228.6
            ],
            [
                193.2,
                229.8
            ],
            [
                195.0,
                235.0
            ],
            [
                193.0,
                240.0
            ],
            [
                188.0,
                241.8
            ],
            [
                188.0,
                241.8
            ]
        ],
        "stack": 0,
        "shift": [
            [
                0.0,
                0.0
            ],
            [
                0.0,
                0.0
            ],
            [
                0.0,
                0.0
            ],
            [
                0.0,
                0.0
            ],
            [
                0.0,
                0.0
            ],
            [
                0.0,
                0.0
            ],
            [
                0.0,
                0.0
            ],
            [
                0.0,
                0.0
            ],
            [
                0.0,
                0.0
            ]
        ],
        "channel": 0
    },
    {
        "type": "Spine",
        "location": [
            201,
            231
        ],
        "radloc": [
            0,
            0
        ],
        "mean": [
            30.628205128205128,
            58.53846153846154,
            69.11538461538461,
            69.1923076923077,
            66.17948717948718,
            56.64102564102564,
            60.705128205128204,
            69.07692307692308
        ],
        "min": [
            7,
            19,
            23,
            18,
            21,
            12,
            9,
            17
        ],
        "max": [
            80,
            120,
            136,
            148,
            132,
            139,
            160,
            156
        ],
        "RawIntDen": [
            2389,
            4566,
            5391,
            5397,
            5162,
            4418,
            4735,
            5388
        ],
        "IntDen": [
            1377.3481169587053,
            2632.470281303243,
            3108.1137289762996,
            3111.5729540502857,
            2976.086638652506,
            2547.1427294782584,
            2729.9051208871783,
            3106.3841164393066
        ],
        "FlagUp": 0,
        "Times": [
            -15,
            -10,
            -5,
            2,
            10,
            20,
            30,
            40
        ],
        "width": 0,
        "height": 0,
        "area": 0.5765375123309775,
        "distance": -0.2740751547835535,
        "xpert": [
            [
                201.0,
                237.2
            ],
            [
                195.0,
                237.0
            ],
            [
                196.4,
                231.0
            ],
            [
                197.6,
                227.6
            ],
            [
                201.0,
                225.0
            ],
            [
                205.0,
                227.0
            ],
            [
                206.8,
                231.0
            ],
            [
                205.6,
                235.6
            ],
            [
                201.0,
                237.2
            ],
            [
                201.0,
                237.2
            ]
        ],
        "stack": 0,
        "shift": [
            [
                0.0,
                0.0
            ],
            [
                0.0,
                0.0
            ],
            [
                0.0,
                0.0
            ],
            [
                0.0,
                0.0
            ],
            [
                0.0,
                0.0
            ],
            [
                0.0,
                0.0
            ],
            [
                0.0,
                0.0
            ],
            [
                0.0,
                0.0
            ],
            [
                0.0,
                0.0
            ]
        ],
        "channel": 0
    },
    {
        "type": "Spine",
        "location": [
            255,
            207
        ],
        "radloc": [
            0,
            0
        ],
        "mean": [
            86.45263157894736,
            130.83157894736843,
            114.98947368421052,
            104.18947368421053,
            113.13684210526316,
            140.74736842105264,
            130.7157894736842,
            98.38947368421053
        ],
        "min": [
            26,
            57,
            33,
            28,
            30,
            48,
            33,
            25
        ],
        "max": [
            188,
            224,
            218,
            212,
            201,
            255,
            233,
            223
        ],
        "RawIntDen": [
            8213,
            12429,
            10924,
            9898,
            10748,
            13371,
            12418,
            9347
        ],
        "IntDen": [
            4872.78317315343,
            7374.141246697184,
            6481.222864182158,
            5872.495780819755,
            6376.801844034221,
            7933.031024988982,
            7367.614932937939,
            5545.586791606612
        ],
        "FlagUp": 0,
        "Times": [
            -15,
            -10,
            -5,
            2,
            10,
            20,
            30,
            40
        ],
        "width": 0,
        "height": 0,
        "area": 0.5933012508405491,
        "distance": -4.447278882471913,
        "xpert": [
            [
                255.0,
                211.8
            ],
            [
                250.2,
                211.8
            ],
            [
                249.0,
                207.0
            ],
            [
                250.4,
                202.4
            ],
            [
                255.0,
                200.6
            ],
            [
                260.2,
                201.8
            ],
            [
                262.2,
                207.0
            ],
            [
                259.8,
                211.8
            ],
            [
                255.0,
                211.8
            ],
            [
                255.0,
                211.8
            ]
        ],
        "stack": 0,
        "shift": [
            [
                0.0,
                0.0
            ],
            [
                0.0,
                0.0
            ],
            [
                0.0,
                0.0
            ],
            [
                0.0,
                0.0
            ],
            [
                0.0,
                0.0
            ],
            [
                0.0,
                0.0
            ],
            [
                0.0,
                0.0
            ],
            [
                0.0,
                0.0
            ],
            [
                0.0,
                0.0
            ]
        ],
        "channel": 0
    },
    {
        "type": "Spine",
        "location": [
            317,
            198
        ],
        "radloc": [
            0,
            0
        ],
        "mean": [
            47.94444444444444,
            79.54444444444445,
            53.43333333333333,
            85.1,
            95.16666666666667,
            83.33333333333333,
            112.71111111111111,
            142.2888888888889
        ],
        "min": [
            6,
            9,
            10,
            15,
            16,
            14,
            13,
            39
        ],
        "max": [
            146,
            233,
            179,
            199,
            236,
            223,
            253,
            246
        ],
        "RawIntDen": [
            4315,
            7159,
            4809,
            7659,
            8565,
            7500,
            10144,
            12806
        ],
        "IntDen": [
            2537.8378107096464,
            4210.517007385946,
            2828.3805403714227,
            4504.58859611244,
            5037.446314884848,
            4411.073830897415,
            5966.1243920831175,
            7531.7615304629735
        ],
        "FlagUp": 0,
        "Times": [
            -15,
            -10,
            -5,
            2,
            10,
            20,
            30,
            40
        ],
        "width": 0,
        "height": 0,
        "area": 0.5881431774529887,
        "distance": -7.7268728165818965,
        "xpert": [
            [
                317.0,
                203.8
            ],
            [
                311.4,
                203.6
            ],
            [
                312.0,
                198.0
            ],
            [
                312.8,
                193.8
            ],
            [
                317.0,
                192.2
            ],
            [
                321.6,
                193.4
            ],
            [
                322.4,
                198.0
            ],
            [
                322.2,
                203.2
            ],
            [
                317.0,
                203.8
            ],
            [
                317.0,
                203.8
            ]
        ],
        "stack": 0,
        "shift": [
            [
                0.0,
                0.0
            ],
            [
                0.0,
                0.0
            ],
            [
                0.0,
                0.0
            ],
            [
                0.0,
                0.0
            ],
            [
                0.0,
                0.0
            ],
            [
                0.0,
                0.0
            ],
            [
                0.0,
                0.0
            ],
            [
                0.0,
                0.0
            ],
            [
                0.0,
                0.0
            ]
        ],
        "channel": 0
    },
    {
        "type": "Spine",
        "location": [
            338,
            188
        ],
        "radloc": [
            0,
            0
        ],
        "mean": [
            26.217391304347824,
            30.93913043478261,
            40.88695652173913,
            37.321739130434786,
            76.56521739130434,
            53.22608695652174,
            34.643478260869564,
            45.7304347826087
        ],
        "min": [
            6,
            11,
            8,
            8,
            21,
            7,
            10,
            10
        ],
        "max": [
            77,
            119,
            129,
            120,
            153,
            180,
            155,
            130
        ],
        "RawIntDen": [
            3015,
            3558,
            4702,
            4292,
            8805,
            6121,
            3984,
            5259
        ],
        "IntDen": [
            2707.4579837777865,
            3195.069819662144,
            4222.377260273019,
            3854.1988943198203,
            7906.85490784856,
            5496.633604876892,
            3577.616121847662,
            4722.561040360656
        ],
        "FlagUp": 0,
        "Times": [
            -15,
            -10,
            -5,
            2,
            10,
            20,
            30,
            40
        ],
        "width": 0,
        "height": 0,
        "area": 0.8979960145199954,
        "distance": -6.077110716740724,
        "xpert": [
            [
                338.0,
                195.8
            ],
            [
                333.0,
                193.0
            ],
            [
                330.0,
                188.0
            ],
            [
                334.4,
                184.4
            ],
            [
                338.0,
                183.8
            ],
            [
                341.8,
                184.2
            ],
            [
                350.0,
                188.0
            ],
            [
                344.0,
                194.0
            ],
            [
                338.0,
                195.8
            ],
            [
                338.0,
                195.8
            ]
        ],
        "stack": 0,
        "shift": [
            [
                0.0,
                0.0
            ],
            [
                0.0,
                0.0
            ],
            [
                0.0,
                0.0
            ],
            [
                0.0,
                0.0
            ],
            [
                0.0,
                0.0
            ],
            [
                0.0,
                0.0
            ],
            [
                0.0,
                0.0
            ],
            [
                0.0,
                0.0
            ],
            [
                0.0,
                0.0
            ]
        ],
        "channel": 0
    },
    {
        "type": "Spine",
        "location": [
            364,
            169
        ],
        "radloc": [
            0,
            0
        ],
        "mean": [
            68.01960784313725,
            70.69607843137256,
            92.94117647058823,
            99.49019607843137,
            111.58823529411765,
            63.127450980392155,
            73.66666666666667,
            75.7843137254902
        ],
        "min": [
            15,
            21,
            12,
            35,
            30,
            8,
            10,
            9
        ],
        "max": [
            152,
            138,
            202,
            219,
            227,
            153,
            207,
            192
        ],
        "RawIntDen": [
            6938,
            7211,
            9480,
            10148,
            11382,
            6439,
            7514,
            7730
        ],
        "IntDen": [
            4918.11686610033,
            5111.637463454811,
            6720.0559081336305,
            7193.57883499368,
            8068.320289702214,
            4564.392404269246,
            5326.424060518576,
            5479.539258425419
        ],
        "FlagUp": 0,
        "Times": [
            -15,
            -10,
            -5,
            2,
            10,
            20,
            30,
            40
        ],
        "width": 0,
        "height": 0,
        "area": 0.7088666569761214,
        "distance": -3.8087487694325257,
        "xpert": [
            [
                364.0,
                176.2
            ],
            [
                359.8,
                173.2
            ],
            [
                357.8,
                169.0
            ],
            [
                359.8,
                164.8
            ],
            [
                364.0,
                163.4
            ],
            [
                368.6,
                164.4
            ],
            [
                371.8,
                169.0
            ],
            [
                369.6,
                174.6
            ],
            [
                364.0,
                176.2
            ],
            [
                364.0,
                176.2
            ]
        ],
        "stack": 0,
        "shift": [
            [
                0.0,
                0.0
            ],
            [
                0.0,
                0.0
            ],
            [
                0.0,
                0.0
            ],
            [
                0.0,
                0.0
            ],
            [
                0.0,
                0.0
            ],
            [
                0.0,
                0.0
            ],
            [
                0.0,
                0.0
            ],
            [
                0.0,
                0.0
            ],
            [
                0.0,
                0.0
            ]
        ],
        "channel": 0
    },
    {
        "type": "Spine",
        "location": [
            378,
            166
        ],
        "radloc": [
            0,
            0
        ],
        "mean": [
            38.46236559139785,
            61.29032258064516,
            68.73118279569893,
            77.52688172043011,
            80.10752688172043,
            64.70967741935483,
            68.60215053763442,
            57.68817204301075
        ],
        "min": [
            8,
            12,
            19,
            12,
            12,
            15,
            11,
            10
        ],
        "max": [
            109,
            145,
            162,
            178,
            162,
            182,
            161,
            168
        ],
        "RawIntDen": [
            3577,
            5700,
            6392,
            7210,
            7450,
            6018,
            6380,
            5365
        ],
        "IntDen": [
            2277.7493288181977,
            3629.6257126820597,
            4070.275009730478,
            4591.158138322395,
            4743.984484119534,
            3832.120620863269,
            4062.633692440621,
            3416.305605006886
        ],
        "FlagUp": 0,
        "Times": [
            -15,
            -10,
            -5,
            2,
            10,
            20,
            30,
            40
        ],
        "width": 0,
        "height": 0,
        "area": 0.6367764408214139,
        "distance": -2.824785258169351,
        "xpert": [
            [
                378.0,
                171.4
            ],
            [
                371.4,
                172.6
            ],
            [
                370.2,
                166.0
            ],
            [
                373.2,
                161.2
            ],
            [
                378.0,
                160.6
            ],
            [
                383.0,
                161.0
            ],
            [
                383.8,
                166.0
            ],
            [
                381.2,
                169.2
            ],
            [
                378.0,
                171.4
            ],
            [
                378.0,
                171.4
            ]
        ],
        "stack": 0,
        "shift": [
            [
                0.0,
                0.0
            ],
            [
                0.0,
                0.0
            ],
            [
                0.0,
                0.0
            ],
            [
                0.0,
                0.0
            ],
            [
                0.0,
                0.0
            ],
            [
                0.0,
                0.0
            ],
            [
                0.0,
                0.0
            ],
            [
                0.0,
                0.0
            ],
            [
                0.0,
                0.0
            ]
        ],
        "channel": 0
    },
    {
        "type": "Stim",
        "location": [
            407,
            143
        ],
        "radloc": [
            0,
            0
        ],
        "mean": [
            39.855932203389834,
            35.855932203389834,
            49.271186440677965,
            57.63559322033898,
            47.186440677966104,
            70.99152542372882,
            52.91525423728814,
            65.11864406779661
        ],
        "min": [
            5,
            6,
            14,
            11,
            10,
            16,
            8,
            18
        ],
        "max": [
            109,
            119,
            94,
            133,
            108,
            156,
            112,
            157
        ],
        "RawIntDen": [
            4703,
            4231,
            5814,
            6801,
            5568,
            8377,
            6244,
            7684
        ],
        "IntDen": [
            3899.540877027519,
            3508.1772168197813,
            4820.737967050392,
            5639.119180239029,
            4616.76453397602,
            6945.875808390288,
            5177.276894782017,
            6371.267722534436
        ],
        "FlagUp": 0,
        "Times": [
            -15,
            -10,
            -5,
            2,
            10,
            20,
            30,
            40
        ],
        "width": 0,
        "height": 0,
        "area": 0.829160297050291,
        "distance": 0,
        "xpert": [
            [
                407.0,
                150.4
            ],
            [
                400.6,
                149.4
            ],
            [
                399.8,
                143.0
            ],
            [
                401.8,
                137.8
            ],
            [
                407.0,
                137.4
            ],
            [
                412.2,
                137.8
            ],
            [
                415.4,
                143.0
            ],
            [
                411.0,
                147.0
            ],
            [
                407.0,
                150.4
            ],
            [
                407.0,
                150.4
            ]
        ],
        "stack": 0,
        "shift": [
            [
                0.0,
                0.0
            ],
            [
                0.0,
                0.0
            ],
            [
                0.0,
                0.0
            ],
            [
                0.0,
                0.0
            ],
            [
                0.0,
                0.0
            ],
            [
                0.0,
                0.0
            ],
            [
                0.0,
                0.0
            ],
            [
                0.0,
                0.0
            ],
            [
                0.0,
                0.0
            ]
        ],
        "channel": 0
    },
    {
        "type": "Spine",
        "location": [
            419,
            133
        ],
        "radloc": [
            0,
            0
        ],
        "mean": [
            27.80808080808081,
            53.7979797979798,
            52.91919191919192,
            38.17171717171717,
            60.656565656565654,
            60.81818181818182,
            54.75757575757576,
            75.14141414141415
        ],
        "min": [
            5,
            13,
            17,
            7,
            11,
            7,
            9,
            18
        ],
        "max": [
            89,
            114,
            117,
            88,
            135,
            136,
            119,
            147
        ],
        "RawIntDen": [
            2753,
            5326,
            5239,
            3779,
            6005,
            6021,
            5421,
            7439
        ],
        "IntDen": [
            1904.5140859648477,
            3684.504911677726,
            3624.3186692226072,
            2614.296669401075,
            4154.234321183767,
            4165.303055428387,
            3750.225521255154,
            5146.269627857792
        ],
        "FlagUp": 0,
        "Times": [
            -15,
            -10,
            -5,
            2,
            10,
            20,
            30,
            40
        ],
        "width": 0,
        "height": 0,
        "area": 0.6917958902887206,
        "distance": -1.0443717703711297,
        "xpert": [
            [
                419.0,
                139.6
            ],
            [
                413.0,
                139.0
            ],
            [
                412.6,
                133.0
            ],
            [
                414.2,
                128.2
            ],
            [
                419.0,
                127.2
            ],
            [
                423.6,
                128.4
            ],
            [
                425.8,
                133.0
            ],
            [
                423.4,
                137.4
            ],
            [
                419.0,
                139.6
            ],
            [
                419.0,
                139.6
            ]
        ],
        "stack": 0,
        "shift": [
            [
                0.0,
                0.0
            ],
            [
                0.0,
                0.0
            ],
            [
                0.0,
                0.0
            ],
            [
                0.0,
                0.0
            ],
            [
                0.0,
                0.0
            ],
            [
                0.0,
                0.0
            ],
            [
                0.0,
                0.0
            ],
            [
                0.0,
                0.0
            ],
            [
                0.0,
                0.0
            ]
        ],
        "channel": 0
    },
    {
        "type": "Spine",
        "location": [
            445,
            136
        ],
        "radloc": [
            0,
            0
        ],
        "mean": [
            53.53164556962025,
            112.39240506329114,
            116.36708860759494,
            110.53164556962025,
            97.84810126582279,
            87.60759493670886,
            84.43037974683544,
            51.10126582278481
        ],
        "min": [
            6,
            19,
            33,
            22,
            15,
            15,
            9,
            7
        ],
        "max": [
            186,
            211,
            222,
            235,
            217,
            217,
            247,
            193
        ],
        "RawIntDen": [
            4229,
            8879,
            9193,
            8732,
            7730,
            6921,
            6670,
            4037
        ],
        "IntDen": [
            2310.672083138281,
            4851.373238634381,
            5022.938865048526,
            4771.054298879988,
            4223.5741789214735,
            3781.546816599679,
            3644.4035929374168,
            2205.765712846829
        ],
        "FlagUp": 0,
        "Times": [
            -15,
            -10,
            -5,
            2,
            10,
            20,
            30,
            40
        ],
        "width": 0,
        "height": 0,
        "area": 0.5463873452679785,
        "distance": -2.358744348306959,
        "xpert": [
            [
                445.0,
                141.2
            ],
            [
                439.2,
                141.8
            ],
            [
                439.4,
                136.0
            ],
            [
                441.2,
                132.2
            ],
            [
                445.0,
                129.0
            ],
            [
                448.6,
                132.4
            ],
            [
                450.8,
                136.0
            ],
            [
                449.4,
                140.4
            ],
            [
                445.0,
                141.2
            ],
            [
                445.0,
                141.2
            ]
        ],
        "stack": 0,
        "shift": [
            [
                0.0,
                0.0
            ],
            [
                0.0,
                0.0
            ],
            [
                0.0,
                0.0
            ],
            [
                0.0,
                0.0
            ],
            [
                0.0,
                0.0
            ],
            [
                0.0,
                0.0
            ],
            [
                0.0,
                0.0
            ],
            [
                0.0,
                0.0
            ],
            [
                0.0,
                0.0
            ]
        ],
        "channel": 0
    },
    {
        "type": "Spine",
        "location": [
            499,
            112
        ],
        "radloc": [
            0,
            0
        ],
        "mean": [
            82.01438848920863,
            133.49640287769785,
            126.03597122302158,
            118.3021582733813,
            132.02877697841726,
            107.23021582733813,
            104.33093525179856,
            99.82014388489209
        ],
        "min": [
            12,
            34,
            33,
            24,
            25,
            13,
            21,
            16
        ],
        "max": [
            163,
            245,
            240,
            244,
            238,
            232,
            222,
            237
        ],
        "RawIntDen": [
            11400,
            18556,
            17519,
            16444,
            18352,
            14905,
            14502,
            13875
        ],
        "IntDen": [
            10907.777792673427,
            17754.800414109483,
            16762.57536402156,
            15733.991054624721,
            17559.60860097743,
            14261.441052613809,
            13875.84153941667,
            13275.91376081963
        ],
        "FlagUp": 0,
        "Times": [
            -15,
            -10,
            -5,
            2,
            10,
            20,
            30,
            40
        ],
        "width": 0,
        "height": 0,
        "area": 0.9568226133924058,
        "distance": -3.714805326325682,
        "xpert": [
            [
                499.0,
                119.8
            ],
            [
                493.4,
                117.6
            ],
            [
                491.8,
                112.0
            ],
            [
                492.2,
                105.2
            ],
            [
                499.0,
                104.2
            ],
            [
                504.6,
                106.4
            ],
            [
                506.2,
                112.0
            ],
            [
                504.4,
                117.4
            ],
            [
                499.0,
                119.8
            ],
            [
                499.0,
                119.8
            ]
        ],
        "stack": 0,
        "shift": [
            [
                0.0,
                0.0
            ],
            [
                0.0,
                0.0
            ],
            [
                0.0,
                0.0
            ],
            [
                0.0,
                0.0
            ],
            [
                0.0,
                0.0
            ],
            [
                0.0,
                0.0
            ],
            [
                0.0,
                0.0
            ],
            [
                0.0,
                0.0
            ],
            [
                0.0,
                0.0
            ]
        ],
        "channel": 0
    },
    {
        "type": "Spine",
        "location": [
            522,
            82
        ],
        "radloc": [
            0,
            0
        ],
        "mean": [
            49.43225806451613,
            68.14838709677419,
            71.7741935483871,
            77.73548387096774,
            89.01290322580645,
            81.00645161290322,
            91.02580645161291,
            91.87741935483871
        ],
        "min": [
            7,
            10,
            17,
            12,
            21,
            14,
            12,
            16
        ],
        "max": [
            190,
            143,
            133,
            177,
            178,
            187,
            236,
            216
        ],
        "RawIntDen": [
            7662,
            10563,
            11125,
            12049,
            13797,
            12556,
            14109,
            14241
        ],
        "IntDen": [
            7889.646469726226,
            10876.838378976525,
            11455.53601875545,
            12406.98907775141,
            14206.924085462379,
            12929.052606875815,
            14528.193949538936,
            14664.115815109786
        ],
        "FlagUp": 0,
        "Times": [
            -15,
            -10,
            -5,
            2,
            10,
            20,
            30,
            40
        ],
        "width": 0,
        "height": 0,
        "area": 1.0297111028094788,
        "distance": -2.331028952826025,
        "xpert": [
            [
                522.0,
                89.4
            ],
            [
                514.8,
                89.2
            ],
            [
                511.8,
                82.0
            ],
            [
                516.0,
                76.0
            ],
            [
                522.0,
                74.0
            ],
            [
                528.2,
                75.8
            ],
            [
                528.6,
                82.0
            ],
            [
                526.6,
                86.6
            ],
            [
                522.0,
                89.4
            ],
            [
                522.0,
                89.4
            ]
        ],
        "stack": 0,
        "shift": [
            [
                0.0,
                0.0
            ],
            [
                0.0,
                0.0
            ],
            [
                0.0,
                0.0
            ],
            [
                0.0,
                0.0
            ],
            [
                0.0,
                0.0
            ],
            [
                0.0,
                0.0
            ],
            [
                0.0,
                0.0
            ],
            [
                0.0,
                0.0
            ],
            [
                0.0,
                0.0
            ]
        ],
        "channel": 0
    },
    {
        "type": "Stim",
        "location": [
            558,
            88
        ],
        "radloc": [
            0,
            0
        ],
        "mean": [
            58.926829268292686,
            64.55284552845528,
            61.292682926829265,
            61.4390243902439,
            62.71544715447155,
            63.39837398373984,
            80.55284552845528,
            76.76422764227642
        ],
        "min": [
            5,
            17,
            9,
            15,
            17,
            10,
            15,
            19
        ],
        "max": [
            134,
            130,
            132,
            159,
            142,
            131,
            164,
            165
        ],
        "RawIntDen": [
            7248,
            7940,
            7539,
            7557,
            7714,
            7798,
            9908,
            9442
        ],
        "IntDen": [
            6672.9052224303305,
            7309.998270708723,
            6940.815738397111,
            6957.387522889901,
            7101.930309854797,
            7179.265304154486,
            9121.846708587156,
            8692.82162116269
        ],
        "FlagUp": 0,
        "Times": [
            -15,
            -10,
            -5,
            2,
            10,
            20,
            30,
            40
        ],
        "width": 0,
        "height": 0,
        "area": 0.9206546940439198,
        "distance": 0,
        "xpert": [
            [
                558.0,
                96.8
            ],
            [
                551.8,
                94.2
            ],
            [
                551.6,
                88.0
            ],
            [
                552.6,
                82.6
            ],
            [
                558.0,
                81.2
            ],
            [
                562.4,
                83.6
            ],
            [
                564.6,
                88.0
            ],
            [
                563.6,
                93.6
            ],
            [
                558.0,
                96.8
            ],
            [
                558.0,
                96.8
            ]
        ],
        "stack": 0,
        "shift": [
            [
                0.0,
                0.0
            ],
            [
                0.0,
                0.0
            ],
            [
                0.0,
                0.0
            ],
            [
                0.0,
                0.0
            ],
            [
                0.0,
                0.0
            ],
            [
                0.0,
                0.0
            ],
            [
                0.0,
                0.0
            ],
            [
                0.0,
                0.0
            ],
            [
                0.0,
                0.0
            ]
        ],
        "channel": 0
    },
    {
        "type": "Spine",
        "location": [
            546,
            89
        ],
        "radloc": [
            0,
            0
        ],
        "mean": [
            60.70454545454545,
            40.375,
            43.32954545454545,
            45.73863636363637,
            48.68181818181818,
            59.77272727272727,
            58.85227272727273,
            54.75
        ],
        "min": [
            13,
            7,
            12,
            12,
            13,
            18,
            15,
            11
        ],
        "max": [
            169,
            89,
            99,
            121,
            128,
            120,
            216,
            122
        ],
        "RawIntDen": [
            5342,
            3553,
            3813,
            4025,
            4284,
            5260,
            5179,
            4818
        ],
        "IntDen": [
            3483.995002071831,
            2317.2284242533165,
            2486.7976306439336,
            2625.0617527778213,
            2793.9787699130898,
            3430.515483133252,
            3377.688153450021,
            3142.247832269203
        ],
        "FlagUp": 0,
        "Times": [
            -15,
            -10,
            -5,
            2,
            10,
            20,
            30,
            40
        ],
        "width": 0,
        "height": 0,
        "area": 0.652189255348527,
        "distance": -0.5904877789124012,
        "xpert": [
            [
                546.0,
                95.4
            ],
            [
                541.0,
                94.0
            ],
            [
                539.6,
                89.0
            ],
            [
                542.0,
                85.0
            ],
            [
                546.0,
                84.0
            ],
            [
                549.6,
                85.4
            ],
            [
                552.4,
                89.0
            ],
            [
                552.6,
                95.6
            ],
            [
                546.0,
                95.4
            ],
            [
                546.0,
                95.4
            ]
        ],
        "stack": 0,
        "shift": [
            [
                0.0,
                0.0
            ],
            [
                0.0,
                0.0
            ],
            [
                0.0,
                0.0
            ],
            [
                0.0,
                0.0
            ],
            [
                0.0,
                0.0
            ],
            [
                0.0,
                0.0
            ],
            [
                0.0,
                0.0
            ],
            [
                0.0,
                0.0
            ],
            [
                0.0,
                0.0
            ]
        ],
        "channel": 0
    },
    {
        "type": "Stim",
        "location": [
            696,
            153
        ],
        "radloc": [
            0,
            0
        ],
        "mean": [
            31.462264150943398,
            32.424528301886795,
            34.094339622641506,
            34.264150943396224,
            38.235849056603776,
            43.9622641509434,
            44.405660377358494,
            42.160377358490564
        ],
        "min": [
            8,
            6,
            4,
            8,
            7,
            9,
            13,
            15
        ],
        "max": [
            98,
            73,
            129,
            85,
            94,
            97,
            102,
            91
        ],
        "RawIntDen": [
            3335,
            3437,
            3614,
            3632,
            4053,
            4660,
            4707,
            4469
        ],
        "IntDen": [
            2742.313357666039,
            2826.1862099844607,
            2971.730277242898,
            2986.531368828502,
            3332.7124553584576,
            3831.8381549396527,
            3870.485449635396,
            3674.782127559079
        ],
        "FlagUp": 0,
        "Times": [
            -15,
            -10,
            -5,
            2,
            10,
            20,
            30,
            40
        ],
        "width": 0,
        "height": 0,
        "area": 0.8222828658668783,
        "distance": 0,
        "xpert": [
            [
                696.0,
                160.2
            ],
            [
                690.6,
                158.4
            ],
            [
                685.6,
                153.0
            ],
            [
                692.4,
                149.4
            ],
            [
                696.0,
                146.6
            ],
            [
                701.0,
                148.0
            ],
            [
                702.2,
                153.0
            ],
            [
                701.4,
                158.4
            ],
            [
                696.0,
                160.2
            ],
            [
                696.0,
                160.2
            ]
        ],
        "stack": 0,
        "shift": [
            [
                0.0,
                0.0
            ],
            [
                0.0,
                0.0
            ],
            [
                0.0,
                0.0
            ],
            [
                0.0,
                0.0
            ],
            [
                0.0,
                0.0
            ],
            [
                0.0,
                0.0
            ],
            [
                0.0,
                0.0
            ],
            [
                0.0,
                0.0
            ],
            [
                0.0,
                0.0
            ]
        ],
        "channel": 0
    },
    {
        "type": "Spine",
        "location": [
            688,
            182
        ],
        "radloc": [
            0,
            0
        ],
        "mean": [
            84.69090909090909,
            74.7090909090909,
            69.9,
            63.845454545454544,
            62.80909090909091,
            59.54545454545455,
            56.38181818181818,
            58.36363636363637
        ],
        "min": [
            17,
            22,
            16,
            19,
            14,
            12,
            15,
            14
        ],
        "max": [
            182,
            161,
            147,
            142,
            128,
            132,
            131,
            118
        ],
        "RawIntDen": [
            9316,
            8218,
            7689,
            7023,
            6909,
            6550,
            6202,
            6420
        ],
        "IntDen": [
            6933.877454228833,
            6116.638570078633,
            5722.90508217749,
            5227.202808184746,
            5142.352869393195,
            4875.14999197068,
            4616.134389343841,
            4778.391289839964
        ],
        "FlagUp": 0,
        "Times": [
            -15,
            -10,
            -5,
            2,
            10,
            20,
            30,
            40
        ],
        "width": 0,
        "height": 0,
        "area": 0.7442977086978138,
        "distance": -0.11221363099221719,
        "xpert": [
            [
                688.0,
                188.2
            ],
            [
                683.4,
                186.6
            ],
            [
                679.6,
                182.0
            ],
            [
                683.0,
                177.0
            ],
            [
                688.0,
                175.4
            ],
            [
                694.6,
                175.4
            ],
            [
                693.8,
                182.0
            ],
            [
                692.6,
                186.6
            ],
            [
                688.0,
                188.2
            ],
            [
                688.0,
                188.2
            ]
        ],
        "stack": 0,
        "shift": [
            [
                0.0,
                0.0
            ],
            [
                0.0,
                0.0
            ],
            [
                0.0,
                0.0
            ],
            [
                0.0,
                0.0
            ],
            [
                0.0,
                0.0
            ],
            [
                0.0,
                0.0
            ],
            [
                0.0,
                0.0
            ],
            [
                0.0,
                0.0
            ],
            [
                0.0,
                0.0
            ]
        ],
        "channel": 0
    },
    {
        "type": "Stim",
        "location": [
            792,
            183
        ],
        "radloc": [
            0,
            0
        ],
        "mean": [
            34.23232323232323,
            36.58585858585859,
            39.717171717171716,
            46.474747474747474,
            47.39393939393939,
            54.16161616161616,
            55.73737373737374,
            41.292929292929294
        ],
        "min": [
            5,
            1,
            5,
            5,
            5,
            9,
            7,
            4
        ],
        "max": [
            138,
            125,
            135,
            137,
            125,
            132,
            139,
            99
        ],
        "RawIntDen": [
            3389,
            3622,
            3932,
            4601,
            4692,
            5362,
            5518,
            4088
        ],
        "IntDen": [
            2321.812969004684,
            2481.441892515481,
            2693.8237220792025,
            3152.1574123312334,
            3214.501755848326,
            3673.520548776369,
            3780.396566234242,
            2800.6997395370754
        ],
        "FlagUp": 0,
        "Times": [
            -15,
            -10,
            -5,
            2,
            10,
            20,
            30,
            40
        ],
        "width": 0,
        "height": 0,
        "area": 0.6851026760120047,
        "distance": 0,
        "xpert": [
            [
                792.0,
                187.6
            ],
            [
                788.2,
                186.8
            ],
            [
                783.2,
                183.0
            ],
            [
                786.6,
                177.6
            ],
            [
                792.0,
                177.2
            ],
            [
                797.0,
                178.0
            ],
            [
                800.2,
                183.0
            ],
            [
                797.8,
                188.8
            ],
            [
                792.0,
                187.6
            ],
            [
                792.0,
                187.6
            ]
        ],
        "stack": 0,
        "shift": [
            [
                0.0,
                0.0
            ],
            [
                0.0,
                0.0
            ],
            [
                0.0,
                0.0
            ],
            [
                0.0,
                0.0
            ],
            [
                0.0,
                0.0
            ],
            [
                0.0,
                0.0
            ],
            [
                0.0,
                0.0
            ],
            [
                0.0,
                0.0
            ],
            [
                0.0,
                0.0
            ]
        ],
        "channel": 0
    },
    {
        "type": "Spine",
        "location": [
            831,
            202
        ],
        "radloc": [
            0,
            0
        ],
        "mean": [
            71.48684210526316,
            56.19736842105263,
            37.75,
            34.48684210526316,
            29.63157894736842,
            23.43421052631579,
            22.88157894736842,
            29.06578947368421
        ],
        "min": [
            20,
            10,
            4,
            4,
            2,
            1,
            3,
            7
        ],
        "max": [
            175,
            128,
            119,
            76,
            85,
            60,
            67,
            76
        ],
        "RawIntDen": [
            5433,
            4271,
            2869,
            2621,
            2252,
            1781,
            1739,
            2209
        ],
        "IntDen": [
            2998.214343645687,
            2356.961800425314,
            1583.2646699649322,
            1446.4052631502568,
            1242.7717102687443,
            982.849207810228,
            959.6714050432265,
            1219.0420550549093
        ],
        "FlagUp": 0,
        "Times": [
            -15,
            -10,
            -5,
            2,
            10,
            20,
            30,
            40
        ],
        "width": 0,
        "height": 0,
        "area": 0.5518524468333678,
        "distance": 2.597164643222935,
        "xpert": [
            [
                831.0,
                206.6
            ],
            [
                827.8,
                205.2
            ],
            [
                826.6,
                202.0
            ],
            [
                827.0,
                198.0
            ],
            [
                831.0,
                196.2
            ],
            [
                839.0,
                194.0
            ],
            [
                836.8,
                202.0
            ],
            [
                834.8,
                205.8
            ],
            [
                831.0,
                206.6
            ],
            [
                831.0,
                206.6
            ]
        ],
        "stack": 0,
        "shift": [
            [
                0.0,
                0.0
            ],
            [
                0.0,
                0.0
            ],
            [
                0.0,
                0.0
            ],
            [
                0.0,
                0.0
            ],
            [
                0.0,
                0.0
            ],
            [
                0.0,
                0.0
            ],
            [
                0.0,
                0.0
            ],
            [
                0.0,
                0.0
            ],
            [
                0.0,
                0.0
            ]
        ],
        "channel": 0
    }
]