[
    {
        "type": "Stim",
        "location": [
            192,
            240
        ],
        "radloc": [
            0,
            0
        ],
        "mean": [
            47.0,
            39.22077922077922,
            39.94805194805195,
            124.57142857142857,
            66.11688311688312,
            48.04545454545455,
            46.51298701298701,
            30.214285714285715
        ],
        "min": [
            10.0,
            10.0,
            8.0,
            33.0,
            9.0,
            6.0,
            7.0,
            5.0
        ],
        "max": [
            133.0,
            109.0,
            103.0,
            237.0,
            175.0,
            149.0,
            134.0,
            117.0
        ],
        "RawIntDen": [
            7238.0,
            6040.0,
            6152.0,
            19184.0,
            10182.0,
            7399.0,
            7163.0,
            4653.0
        ],
        "IntDen": [
            5071.920166025984,
            4232.439596960065,
            4310.921920612303,
            13442.900865576468,
            7134.884102027711,
            5184.738506276079,
            5019.3650385802885,
            3260.52010673099
        ],
        "FlagUp": 0,
        "Times": [
            -15,
            -10,
            -5,
            2,
            10,
            20,
            30,
            40
        ],
        "width": 0,
        "height": 0,
        "area": 0.7007350326092822,
        "distance": 0,
        "xpert": [
            [
                192.0,
                249.8
            ],
            [
                187.6,
                244.4
            ],
            [
                186.8,
                240.0
            ],
            [
                185.8,
                233.8
            ],
            [
                192.0,
                234.0
            ],
            [
                197.8,
                234.2
            ],
            [
                199.2,
                240.0
            ],
            [
                197.6,
                245.6
            ]
        ],
        "stack": 0
    },
    {
        "type": "Stim",
        "location": [
            233,
            238
        ],
        "radloc": [
            0,
            0
        ],
        "mean": [
            66.18181818181819,
            48.42780748663102,
            65.67379679144385,
            135.12299465240642,
            61.75935828877005,
            62.106951871657756,
            103.13903743315508,
            47.20320855614973
        ],
        "min": [
            8.0,
            7.0,
            8.0,
            19.0,
            7.0,
            6.0,
            9.0,
            7.0
        ],
        "max": [
            211.0,
            137.0,
            191.0,
            255.0,
            187.0,
            183.0,
            251.0,
            161.0
        ],
        "RawIntDen": [
            12376.0,
            9056.0,
            12281.0,
            25268.0,
            11549.0,
            11614.0,
            19287.0,
            8827.0
        ],
        "IntDen": [
            10162.38472934534,
            7436.211708868083,
            10084.376766409998,
            20748.475867897385,
            9483.304883581879,
            9536.678752958693,
            15837.25874877857,
            7248.171461371308
        ],
        "FlagUp": 0,
        "Times": [
            -15,
            -10,
            -5,
            2,
            10,
            20,
            30,
            40
        ],
        "width": 0,
        "height": 0,
        "area": 0.821136451950981,
        "distance": 0,
        "xpert": [
            [
                233.0,
                246.8
            ],
            [
                226.6,
                244.4
            ],
            [
                225.0,
                238.0
            ],
            [
                227.8,
                232.8
            ],
            [
                233.0,
                231.6
            ],
            [
                238.0,
                233.0
            ],
            [
                242.2,
                238.0
            ],
            [
                239.4,
                244.4
            ]
        ],
        "stack": 0
    },
    {
        "type": "Stim",
        "location": [
            287,
            205
        ],
        "radloc": [
            0,
            0
        ],
        "mean": [
            89.48837209302326,
            72.25,
            70.66279069767442,
            82.37209302325581,
            76.09883720930233,
            79.24418604651163,
            90.34302325581395,
            77.87209302325581
        ],
        "min": [
            14.0,
            10.0,
            17.0,
            19.0,
            15.0,
            14.0,
            12.0,
            17.0
        ],
        "max": [
            200.0,
            149.0,
            158.0,
            174.0,
            179.0,
            138.0,
            243.0,
            175.0
        ],
        "RawIntDen": [
            15392.0,
            12427.0,
            12154.0,
            14168.0,
            13089.0,
            13630.0,
            15539.0,
            13394.0
        ],
        "IntDen": [
            12196.65469241448,
            9847.182163632715,
            9630.856362500363,
            11226.754397227674,
            10371.752421323617,
            10800.442012578571,
            12313.13781610113,
            10613.43509291837
        ],
        "FlagUp": 0,
        "Times": [
            -15,
            -10,
            -5,
            2,
            10,
            20,
            30,
            40
        ],
        "width": 0,
        "height": 0,
        "area": 0.7924022019500052,
        "distance": 0,
        "xpert": [
            [
                287.0,
                212.8
            ],
            [
                279.2,
                212.8
            ],
            [
                279.2,
                205.0
            ],
            [
                282.0,
                200.0
            ],
            [
                287.0,
                196.0
            ],
            [
                292.0,
                200.0
            ],
            [
                292.4,
                205.0
            ],
            [
                292.6,
                210.6
            ]
        ],
        "stack": 0
    },
    {
        "type": "Spine",
        "location": [
            259,
            206
        ],
        "radloc": [
            0,
            0
        ],
        "mean": [
            47.00387596899225,
            128.6201550387597,
            157.9922480620155,
            190.21317829457365,
            127.9922480620155,
            78.2751937984496,
            79.12403100775194,
            74.25581395348837
        ],
        "min": [
            7.0,
            15.0,
            30.0,
            57.0,
            14.0,
            8.0,
            9.0,
            8.0
        ],
        "max": [
            184.0,
            255.0,
            255.0,
            255.0,
            255.0,
            253.0,
            219.0,
            247.0
        ],
        "RawIntDen": [
            12127.0,
            33184.0,
            40762.0,
            49075.0,
            33022.0,
            20195.0,
            20414.0,
            19158.0
        ],
        "IntDen": [
            13644.303583089204,
            37335.90913673886,
            45862.05183919206,
            55215.1561260083,
            37153.64005283843,
            22721.7540084511,
            22968.154807057228,
            21555.00684792801
        ],
        "FlagUp": 0,
        "Times": [
            -15,
            -10,
            -5,
            2,
            10,
            20,
            30,
            40
        ],
        "width": 0,
        "height": 0,
        "area": 1.1251178018544739,
        "distance": -1.79501759487429,
        "xpert": [
            [
                259.0,
                214.8
            ],
            [
                252.4,
                212.6
            ],
            [
                248.2,
                206.0
            ],
            [
                251.2,
                198.2
            ],
            [
                259.0,
                197.6
            ],
            [
                265.4,
                199.6
            ],
            [
                267.6,
                206.0
            ],
            [
                266.2,
                213.2
            ]
        ],
        "stack": 0
    },
    {
        "type": "Spine",
        "location": [
            233,
            196
        ],
        "radloc": [
            0,
            0
        ],
        "mean": [
            65.0,
            74.84049079754601,
            65.84662576687117,
            95.4601226993865,
            85.38036809815951,
            46.20858895705521,
            70.33128834355828,
            62.00613496932515
        ],
        "min": [
            9.0,
            7.0,
            9.0,
            14.0,
            11.0,
            6.0,
            9.0,
            8.0
        ],
        "max": [
            213.0,
            187.0,
            144.0,
            244.0,
            192.0,
            139.0,
            166.0,
            151.0
        ],
        "RawIntDen": [
            10595.0,
            12199.0,
            10733.0,
            15560.0,
            13917.0,
            7532.0,
            11464.0,
            10107.0
        ],
        "IntDen": [
            7828.255307696579,
            9013.391835638562,
            7930.218425437223,
            11496.710956843677,
            10282.758765192382,
            5565.117411757492,
            8470.327404193826,
            7467.690079744155
        ],
        "FlagUp": 0,
        "Times": [
            -15,
            -10,
            -5,
            2,
            10,
            20,
            30,
            40
        ],
        "width": 0,
        "height": 0,
        "area": 0.7388631720336554,
        "distance": -0.29085253162476327,
        "xpert": [
            [
                233.0,
                206.4
            ],
            [
                226.6,
                202.4
            ],
            [
                228.2,
                196.0
            ],
            [
                229.8,
                192.8
            ],
            [
                233.0,
                190.6
            ],
            [
                239.4,
                189.6
            ],
            [
                241.6,
                196.0
            ],
            [
                238.6,
                201.6
            ]
        ],
        "stack": 0
    },
    {
        "type": "Spine",
        "location": [
            208,
            204
        ],
        "radloc": [
            0,
            0
        ],
        "mean": [
            137.33333333333334,
            93.43373493975903,
            98.43775100401606,
            74.48995983935743,
            79.00803212851406,
            100.70281124497993,
            102.95180722891567,
            99.76706827309236
        ],
        "min": [
            20.0,
            10.0,
            16.0,
            10.0,
            12.0,
            12.0,
            12.0,
            15.0
        ],
        "max": [
            255.0,
            252.0,
            245.0,
            230.0,
            210.0,
            253.0,
            250.0,
            242.0
        ],
        "RawIntDen": [
            34196.0,
            23265.0,
            24511.0,
            18548.0,
            19673.0,
            25075.0,
            25635.0,
            24842.0
        ],
        "IntDen": [
            37496.13106915237,
            25510.220181419754,
            26876.467090770668,
            20337.99973887701,
            21571.569380144887,
            27494.8966709263,
            28108.940225690756,
            27239.410691890374
        ],
        "FlagUp": 0,
        "Times": [
            -15,
            -10,
            -5,
            2,
            10,
            20,
            30,
            40
        ],
        "width": 0,
        "height": 0,
        "area": 1.096506347793671,
        "distance": -1.1361175948742899,
        "xpert": [
            [
                208.0,
                215.4
            ],
            [
                200.6,
                211.4
            ],
            [
                199.4,
                204.0
            ],
            [
                200.8,
                196.8
            ],
            [
                208.0,
                196.4
            ],
            [
                213.6,
                198.4
            ],
            [
                216.2,
                204.0
            ],
            [
                215.4,
                211.4
            ]
        ],
        "stack": 0
    },
    {
        "type": "Spine",
        "location": [
            191,
            209
        ],
        "radloc": [
            0,
            0
        ],
        "mean": [
            43.324607329842934,
            38.382198952879584,
            35.424083769633505,
            30.544502617801047,
            30.43455497382199,
            30.649214659685864,
            25.780104712041886,
            27.759162303664922
        ],
        "min": [
            10.0,
            10.0,
            13.0,
            9.0,
            7.0,
            9.0,
            7.0,
            7.0
        ],
        "max": [
            171.0,
            127.0,
            80.0,
            83.0,
            76.0,
            80.0,
            80.0,
            63.0
        ],
        "RawIntDen": [
            8275.0,
            7331.0,
            6766.0,
            5834.0,
            5813.0,
            5854.0,
            4924.0,
            5302.0
        ],
        "IntDen": [
            7311.609501810971,
            6477.511692782626,
            5978.29001682816,
            5154.795146050175,
            5136.240004112045,
            5172.466709800777,
            4350.738995397852,
            4684.731550284201
        ],
        "FlagUp": 0,
        "Times": [
            -15,
            -10,
            -5,
            2,
            10,
            20,
            30,
            40
        ],
        "width": 0,
        "height": 0,
        "area": 0.8835781875300267,
        "distance": 0.5158150632495265,
        "xpert": [
            [
                191.0,
                218.4
            ],
            [
                186.6,
                213.4
            ],
            [
                182.4,
                209.0
            ],
            [
                186.6,
                204.6
            ],
            [
                191.0,
                201.6
            ],
            [
                198.8,
                201.2
            ],
            [
                200.6,
                209.0
            ],
            [
                196.8,
                214.8
            ]
        ],
        "stack": 0
    },
    {
        "type": "Spine",
        "location": [
            165,
            214
        ],
        "radloc": [
            0,
            0
        ],
        "mean": [
            54.70786516853933,
            26.02247191011236,
            23.44943820224719,
            26.415730337078653,
            19.02247191011236,
            15.44943820224719,
            19.48314606741573,
            15.640449438202246
        ],
        "min": [
            13.0,
            11.0,
            8.0,
            6.0,
            8.0,
            7.0,
            6.0,
            8.0
        ],
        "max": [
            130.0,
            53.0,
            72.0,
            76.0,
            40.0,
            32.0,
            58.0,
            34.0
        ],
        "RawIntDen": [
            4869.0,
            2316.0,
            2087.0,
            2351.0,
            1693.0,
            1375.0,
            1734.0,
            1392.0
        ],
        "IntDen": [
            1941.9578694506097,
            923.7162509031858,
            832.3816129684581,
            937.6756933822927,
            675.2381747750836,
            548.4066688220555,
            691.5906645363231,
            555.1869694547645
        ],
        "FlagUp": 0,
        "Times": [
            -15,
            -10,
            -5,
            2,
            10,
            20,
            30,
            40
        ],
        "width": 0,
        "height": 0,
        "area": 0.3988412136887676,
        "distance": 1.7790300000000001,
        "xpert": [
            [
                165.0,
                219.8
            ],
            [
                161.6,
                217.4
            ],
            [
                160.4,
                214.0
            ],
            [
                161.6,
                210.6
            ],
            [
                165.0,
                208.2
            ],
            [
                170.2,
                208.8
            ],
            [
                170.0,
                214.0
            ],
            [
                169.8,
                218.8
            ]
        ],
        "stack": 0
    },
    {
        "type": "Spine",
        "location": [
            298,
            235
        ],
        "radloc": [
            0,
            0
        ],
        "mean": [
            68.8854961832061,
            59.786259541984734,
            61.091603053435115,
            76.6793893129771,
            75.83206106870229,
            81.35114503816794,
            61.68702290076336,
            60.70229007633588
        ],
        "min": [
            15.0,
            13.0,
            11.0,
            19.0,
            14.0,
            15.0,
            17.0,
            6.0
        ],
        "max": [
            169.0,
            133.0,
            144.0,
            174.0,
            183.0,
            201.0,
            142.0,
            150.0
        ],
        "RawIntDen": [
            9024.0,
            7832.0,
            8003.0,
            10045.0,
            9934.0,
            10657.0,
            8081.0,
            7952.0
        ],
        "IntDen": [
            5189.835827150728,
            4504.299002465038,
            4602.643630838573,
            5777.0280234628835,
            5713.190282237958,
            6128.998272378692,
            4647.502584131764,
            4573.312776762255
        ],
        "FlagUp": 0,
        "Times": [
            -15,
            -10,
            -5,
            2,
            10,
            20,
            30,
            40
        ],
        "width": 0,
        "height": 0,
        "area": 0.5751147858101427,
        "distance": 0.72479,
        "xpert": [
            [
                298.0,
                240.8
            ],
            [
                293.0,
                240.0
            ],
            [
                291.4,
                235.0
            ],
            [
                292.6,
                229.6
            ],
            [
                298.0,
                227.2
            ],
            [
                303.0,
                230.0
            ],
            [
                304.0,
                235.0
            ],
            [
                302.6,
                239.6
            ]
        ],
        "stack": 0
    },
    {
        "type": "Spine",
        "location": [
            311,
            228
        ],
        "radloc": [
            0,
            0
        ],
        "mean": [
            72.93233082706767,
            64.41353383458646,
            64.29323308270676,
            55.45112781954887,
            57.015037593984964,
            83.45112781954887,
            80.16541353383458,
            88.54887218045113
        ],
        "min": [
            11.0,
            11.0,
            9.0,
            15.0,
            13.0,
            17.0,
            19.0,
            14.0
        ],
        "max": [
            171.0,
            170.0,
            178.0,
            145.0,
            152.0,
            180.0,
            177.0,
            233.0
        ],
        "RawIntDen": [
            9700.0,
            8567.0,
            8551.0,
            7375.0,
            7583.0,
            11099.0,
            10662.0,
            11777.0
        ],
        "IntDen": [
            5775.743884918491,
            5101.113181659455,
            5091.586181436909,
            4391.351665079781,
            4515.202667972878,
            6608.760966877354,
            6348.554773299067,
            7012.46760130774
        ],
        "FlagUp": 0,
        "Times": [
            -15,
            -10,
            -5,
            2,
            10,
            20,
            30,
            40
        ],
        "width": 0,
        "height": 0,
        "area": 0.5954375139091228,
        "distance": 1.58136,
        "xpert": [
            [
                311.0,
                234.0
            ],
            [
                306.0,
                233.0
            ],
            [
                302.2,
                228.0
            ],
            [
                305.8,
                222.8
            ],
            [
                311.0,
                223.0
            ],
            [
                315.6,
                223.4
            ],
            [
                318.0,
                228.0
            ],
            [
                316.2,
                233.2
            ]
        ],
        "stack": 0
    },
    {
        "type": "Spine",
        "location": [
            160,
            238
        ],
        "radloc": [
            0,
            0
        ],
        "mean": [
            122.38509316770187,
            91.38509316770187,
            85.7888198757764,
            121.04968944099379,
            90.80745341614907,
            90.4968944099379,
            66.12422360248448,
            87.34782608695652
        ],
        "min": [
            13.0,
            10.0,
            10.0,
            23.0,
            11.0,
            12.0,
            11.0,
            14.0
        ],
        "max": [
            255.0,
            237.0,
            207.0,
            245.0,
            235.0,
            206.0,
            146.0,
            213.0
        ],
        "RawIntDen": [
            19704.0,
            14713.0,
            13812.0,
            19489.0,
            14620.0,
            14570.0,
            10646.0,
            14063.0
        ],
        "IntDen": [
            13519.354109113212,
            10094.91763131256,
            9476.721424841235,
            13371.837811231597,
            10031.108255949815,
            9996.802140163392,
            7304.458173244989,
            9648.938126089073
        ],
        "FlagUp": 0,
        "Times": [
            -15,
            -10,
            -5,
            2,
            10,
            20,
            30,
            40
        ],
        "width": 0,
        "height": 0,
        "area": 0.6861223157284415,
        "distance": 2.10848,
        "xpert": [
            [
                160.0,
                244.2
            ],
            [
                154.8,
                243.2
            ],
            [
                152.4,
                238.0
            ],
            [
                154.8,
                232.8
            ],
            [
                160.0,
                232.8
            ],
            [
                165.2,
                232.8
            ],
            [
                169.2,
                238.0
            ],
            [
                166.2,
                244.2
            ]
        ],
        "stack": 0
    },
    {
        "type": "Spine",
        "location": [
            134,
            244
        ],
        "radloc": [
            0,
            0
        ],
        "mean": [
            76.9,
            68.52307692307693,
            60.9,
            62.40769230769231,
            56.66153846153846,
            63.792307692307695,
            65.72307692307692,
            111.20769230769231
        ],
        "min": [
            12.0,
            12.0,
            14.0,
            16.0,
            21.0,
            22.0,
            16.0,
            20.0
        ],
        "max": [
            194.0,
            143.0,
            156.0,
            162.0,
            128.0,
            168.0,
            169.0,
            214.0
        ],
        "RawIntDen": [
            9997.0,
            8908.0,
            7917.0,
            8113.0,
            7366.0,
            8293.0,
            8544.0,
            14457.0
        ],
        "IntDen": [
            5784.408857641015,
            5154.297699696524,
            4580.890759822338,
            4694.299195962944,
            4262.07418679441,
            4798.449800581868,
            4943.682032578256,
            8365.029394309908
        ],
        "FlagUp": 0,
        "Times": [
            -15,
            -10,
            -5,
            2,
            10,
            20,
            30,
            40
        ],
        "width": 0,
        "height": 0,
        "area": 0.578614470105133,
        "distance": 3.848912531624763,
        "xpert": [
            [
                134.0,
                249.8
            ],
            [
                130.0,
                248.0
            ],
            [
                127.6,
                244.0
            ],
            [
                129.4,
                239.4
            ],
            [
                134.0,
                236.0
            ],
            [
                139.8,
                238.2
            ],
            [
                140.2,
                244.0
            ],
            [
                139.4,
                249.4
            ]
        ],
        "stack": 0
    },
    {
        "type": "Spine",
        "location": [
            150,
            222
        ],
        "radloc": [
            0,
            0
        ],
        "mean": [
            51.505494505494504,
            64.64835164835165,
            67.08791208791209,
            57.13186813186813,
            73.43956043956044,
            64.75824175824175,
            70.24175824175825,
            97.23076923076923
        ],
        "min": [
            12.0,
            12.0,
            19.0,
            10.0,
            18.0,
            14.0,
            19.0,
            25.0
        ],
        "max": [
            152.0,
            158.0,
            136.0,
            137.0,
            162.0,
            154.0,
            161.0,
            219.0
        ],
        "RawIntDen": [
            4687.0,
            5883.0,
            6105.0,
            5199.0,
            6683.0,
            5893.0,
            6392.0,
            8848.0
        ],
        "IntDen": [
            1805.771093397366,
            2266.5567191074683,
            2352.087161337939,
            2003.0304916946673,
            2574.7745289470017,
            2270.4094417304627,
            2462.6603006178716,
            3408.888976825239
        ],
        "FlagUp": 0,
        "Times": [
            -15,
            -10,
            -5,
            2,
            10,
            20,
            30,
            40
        ],
        "width": 0,
        "height": 0,
        "area": 0.3852722622994167,
        "distance": 2.76738,
        "xpert": [
            [
                150.0,
                226.2
            ],
            [
                145.8,
                226.2
            ],
            [
                143.8,
                222.0
            ],
            [
                146.2,
                218.2
            ],
            [
                150.0,
                217.2
            ],
            [
                153.8,
                218.2
            ],
            [
                156.6,
                222.0
            ],
            [
                154.2,
                226.2
            ]
        ],
        "stack": 0
    },
    {
        "type": "Spine",
        "location": [
            150,
            274
        ],
        "radloc": [
            0,
            0
        ],
        "mean": [
            18.95,
            16.49,
            12.71,
            13.05,
            15.96,
            20.36,
            18.2,
            104.08
        ],
        "min": [
            5.0,
            5.0,
            3.0,
            3.0,
            4.0,
            2.0,
            4.0,
            38.0
        ],
        "max": [
            83.0,
            62.0,
            69.0,
            62.0,
            52.0,
            65.0,
            57.0,
            194.0
        ],
        "RawIntDen": [
            1895.0,
            1649.0,
            1271.0,
            1305.0,
            1596.0,
            2036.0,
            1820.0,
            10408.0
        ],
        "IntDen": [
            906.825300944277,
            789.1054993441229,
            608.2189749341298,
            624.489191415452,
            763.7431030644149,
            974.2988457638776,
            870.9351175295959,
            4980.600386400019
        ],
        "FlagUp": 0,
        "Times": [
            -15,
            -10,
            -5,
            2,
            10,
            20,
            30,
            40
        ],
        "width": 0,
        "height": 0,
        "area": 0.47853577886241533,
        "distance": 2.76738,
        "xpert": [
            [
                150.0,
                280.2
            ],
            [
                146.6,
                277.4
            ],
            [
                144.8,
                274.0
            ],
            [
                142.4,
                266.4
            ],
            [
                150.0,
                268.4
            ],
            [
                153.4,
                270.6
            ],
            [
                154.6,
                274.0
            ],
            [
                154.0,
                278.0
            ]
        ],
        "stack": 0
    },
    {
        "type": "Spine",
        "location": [
            126,
            218
        ],
        "radloc": [
            0,
            0
        ],
        "mean": [
            86.23478260869565,
            80.14782608695653,
            79.06086956521739,
            90.66956521739131,
            80.29565217391304,
            78.34782608695652,
            80.66956521739131,
            143.0086956521739
        ],
        "min": [
            13.0,
            13.0,
            12.0,
            13.0,
            16.0,
            9.0,
            13.0,
            29.0
        ],
        "max": [
            234.0,
            197.0,
            203.0,
            220.0,
            175.0,
            190.0,
            189.0,
            255.0
        ],
        "RawIntDen": [
            9917.0,
            9217.0,
            9092.0,
            10427.0,
            9234.0,
            9010.0,
            9277.0,
            16446.0
        ],
        "IntDen": [
            5111.578404262912,
            4750.773233043386,
            4686.343738182756,
            5374.450743294281,
            4759.535644344432,
            4644.077989554184,
            4781.699390576488,
            8476.859779823319
        ],
        "FlagUp": 0,
        "Times": [
            -15,
            -10,
            -5,
            2,
            10,
            20,
            30,
            40
        ],
        "width": 0,
        "height": 0,
        "area": 0.515435958885037,
        "distance": 4.43061759487429,
        "xpert": [
            [
                126.0,
                222.8
            ],
            [
                121.2,
                222.8
            ],
            [
                119.0,
                218.0
            ],
            [
                121.2,
                213.2
            ],
            [
                126.0,
                212.4
            ],
            [
                130.6,
                213.4
            ],
            [
                133.2,
                218.0
            ],
            [
                130.8,
                222.8
            ]
        ],
        "stack": 0
    },
    {
        "type": "Spine",
        "location": [
            107,
            212
        ],
        "radloc": [
            0,
            0
        ],
        "mean": [
            48.78260869565217,
            44.768115942028984,
            58.64492753623188,
            51.1231884057971,
            51.29710144927536,
            56.63768115942029,
            91.57971014492753,
            66.35507246376811
        ],
        "min": [
            9.0,
            8.0,
            12.0,
            10.0,
            13.0,
            14.0,
            14.0,
            7.0
        ],
        "max": [
            121.0,
            137.0,
            149.0,
            161.0,
            114.0,
            147.0,
            181.0,
            169.0
        ],
        "RawIntDen": [
            6732.0,
            6178.0,
            8093.0,
            7055.0,
            7079.0,
            7816.0,
            12638.0,
            9157.0
        ],
        "IntDen": [
            4220.9375468357375,
            3873.5817237598317,
            5074.2791988326835,
            4423.45727761826,
            4438.505183311079,
            4900.60128729473,
            7923.9763394102865,
            5741.4030178809935
        ],
        "FlagUp": 0,
        "Times": [
            -15,
            -10,
            -5,
            2,
            10,
            20,
            30,
            40
        ],
        "width": 0,
        "height": 0,
        "area": 0.6269960705341262,
        "distance": 5.709820126499054,
        "xpert": [
            [
                107.0,
                219.2
            ],
            [
                100.4,
                218.6
            ],
            [
                100.0,
                212.0
            ],
            [
                101.6,
                206.6
            ],
            [
                107.0,
                206.8
            ],
            [
                111.0,
                208.0
            ],
            [
                114.8,
                212.0
            ],
            [
                111.6,
                216.6
            ]
        ],
        "stack": 0
    },
    {
        "type": "Spine",
        "location": [
            93,
            215
        ],
        "radloc": [
            0,
            0
        ],
        "mean": [
            75.24369747899159,
            83.72268907563026,
            104.91596638655462,
            86.72268907563026,
            77.83193277310924,
            69.5126050420168,
            75.65546218487395,
            61.00840336134454
        ],
        "min": [
            13.0,
            14.0,
            23.0,
            21.0,
            17.0,
            11.0,
            13.0,
            14.0
        ],
        "max": [
            198.0,
            184.0,
            209.0,
            161.0,
            165.0,
            160.0,
            153.0,
            191.0
        ],
        "RawIntDen": [
            8954.0,
            9963.0,
            12485.0,
            10320.0,
            9262.0,
            8272.0,
            9003.0,
            7260.0
        ],
        "IntDen": [
            4919.779188843471,
            5474.1746770658365,
            6859.888672404594,
            5670.328482115772,
            5089.009922612043,
            4545.053992641634,
            4946.7022601248345,
            3989.0101531163277
        ],
        "FlagUp": 0,
        "Times": [
            -15,
            -10,
            -5,
            2,
            10,
            20,
            30,
            40
        ],
        "width": 0,
        "height": 0,
        "area": 0.5494504343135438,
        "distance": 6.632280126499053,
        "xpert": [
            [
                93.0,
                220.8
            ],
            [
                87.2,
                220.8
            ],
            [
                87.2,
                215.0
            ],
            [
                89.6,
                211.6
            ],
            [
                93.0,
                209.6
            ],
            [
                97.8,
                210.2
            ],
            [
                100.6,
                215.0
            ],
            [
                98.8,
                220.8
            ]
        ],
        "stack": 0
    },
    {
        "type": "Spine",
        "location": [
            84,
            236
        ],
        "radloc": [
            0,
            0
        ],
        "mean": [
            85.5,
            80.8529411764706,
            67.36764705882354,
            58.845588235294116,
            59.4264705882353,
            72.30882352941177,
            74.93382352941177,
            53.55882352941177
        ],
        "min": [
            13.0,
            13.0,
            16.0,
            12.0,
            14.0,
            17.0,
            18.0,
            9.0
        ],
        "max": [
            224.0,
            210.0,
            156.0,
            133.0,
            143.0,
            184.0,
            176.0,
            146.0
        ],
        "RawIntDen": [
            11628.0,
            10996.0,
            9162.0,
            8003.0,
            8082.0,
            9834.0,
            10191.0,
            7284.0
        ],
        "IntDen": [
            7269.292240285492,
            6874.1948292207835,
            5727.662152175411,
            5003.108513846301,
            5052.49569022939,
            6147.76572849738,
            6370.945753418426,
            4553.6226933470525
        ],
        "FlagUp": 0,
        "Times": [
            -15,
            -10,
            -5,
            2,
            10,
            20,
            30,
            40
        ],
        "width": 0,
        "height": 0,
        "area": 0.6251541314315009,
        "distance": 7.225290126499052,
        "xpert": [
            [
                84.0,
                240.8
            ],
            [
                80.6,
                239.4
            ],
            [
                78.6,
                236.0
            ],
            [
                78.0,
                230.0
            ],
            [
                84.0,
                229.8
            ],
            [
                89.8,
                230.2
            ],
            [
                94.4,
                236.0
            ],
            [
                88.8,
                240.8
            ]
        ],
        "stack": 0
    },
    {
        "type": "Spine",
        "location": [
            62,
            242
        ],
        "radloc": [
            0,
            0
        ],
        "mean": [
            71.47619047619048,
            64.94444444444444,
            58.25396825396825,
            67.41269841269842,
            76.16666666666667,
            103.05555555555556,
            86.46825396825396,
            65.8015873015873
        ],
        "min": [
            11.0,
            9.0,
            14.0,
            13.0,
            13.0,
            17.0,
            15.0,
            12.0
        ],
        "max": [
            177.0,
            195.0,
            149.0,
            173.0,
            154.0,
            245.0,
            236.0,
            162.0
        ],
        "RawIntDen": [
            9006.0,
            8183.0,
            7340.0,
            8494.0,
            9597.0,
            12985.0,
            10895.0,
            8291.0
        ],
        "IntDen": [
            5000.880872695581,
            4543.88276496424,
            4075.778992403461,
            4716.575853061989,
            5329.0532684054515,
            7210.352890512117,
            6049.8109158359275,
            4603.853355043201
        ],
        "FlagUp": 0,
        "Times": [
            -15,
            -10,
            -5,
            2,
            10,
            20,
            30,
            40
        ],
        "width": 0,
        "height": 0,
        "area": 0.5552832414718611,
        "distance": 8.485342862696502,
        "xpert": [
            [
                62.0,
                247.4
            ],
            [
                57.6,
                246.4
            ],
            [
                54.6,
                242.0
            ],
            [
                55.8,
                235.8
            ],
            [
                62.0,
                233.6
            ],
            [
                66.4,
                237.6
            ],
            [
                67.2,
                242.0
            ],
            [
                65.6,
                245.6
            ]
        ],
        "stack": 0
    },
    {
        "type": "Spine",
        "location": [
            25,
            209
        ],
        "radloc": [
            0,
            0
        ],
        "mean": [
            128.11111111111111,
            85.08333333333333,
            81.51851851851852,
            95.39814814814815,
            129.82407407407408,
            99.21296296296296,
            128.59259259259258,
            147.42592592592592
        ],
        "min": [
            27.0,
            8.0,
            13.0,
            19.0,
            17.0,
            13.0,
            15.0,
            45.0
        ],
        "max": [
            255.0,
            214.0,
            218.0,
            255.0,
            255.0,
            233.0,
            254.0,
            245.0
        ],
        "RawIntDen": [
            13836.0,
            9189.0,
            8804.0,
            10303.0,
            14021.0,
            10715.0,
            13888.0,
            15922.0
        ],
        "IntDen": [
            6559.007367408789,
            4356.079697825915,
            4173.569012913195,
            4884.175549755186,
            6646.7073069123035,
            5079.4856852981475,
            6583.658161215182,
            7547.883442026795
        ],
        "FlagUp": 0,
        "Times": [
            -15,
            -10,
            -5,
            2,
            10,
            20,
            30,
            40
        ],
        "width": 0,
        "height": 0,
        "area": 0.47405372704602405,
        "distance": 11.484917791276127,
        "xpert": [
            [
                25.0,
                214.8
            ],
            [
                20.2,
                213.8
            ],
            [
                18.4,
                209.0
            ],
            [
                20.8,
                204.8
            ],
            [
                25.0,
                203.8
            ],
            [
                29.4,
                204.6
            ],
            [
                31.2,
                209.0
            ],
            [
                29.8,
                213.8
            ]
        ],
        "stack": 0
    },
    {
        "type": "Spine",
        "location": [
            380,
            227
        ],
        "radloc": [
            0,
            0
        ],
        "mean": [
            106.9622641509434,
            71.82075471698113,
            67.85849056603773,
            69.4622641509434,
            55.698113207547166,
            42.83018867924528,
            63.70754716981132,
            58.10377358490566
        ],
        "min": [
            22.0,
            20.0,
            21.0,
            15.0,
            10.0,
            13.0,
            12.0,
            11.0
        ],
        "max": [
            223.0,
            143.0,
            140.0,
            188.0,
            132.0,
            103.0,
            164.0,
            159.0
        ],
        "RawIntDen": [
            11338.0,
            7613.0,
            7193.0,
            7363.0,
            5904.0,
            4540.0,
            6753.0,
            6159.0
        ],
        "IntDen": [
            5651.880970819184,
            3795.0052770194434,
            3585.6394269802777,
            3670.382747234226,
            2943.0856634076963,
            2263.14514089955,
            3366.303774558295,
            3070.2006437886184
        ],
        "FlagUp": 0,
        "Times": [
            -15,
            -10,
            -5,
            2,
            10,
            20,
            30,
            40
        ],
        "width": 0,
        "height": 0,
        "area": 0.49849011914087,
        "distance": 6.264232658123817,
        "xpert": [
            [
                380.0,
                232.6
            ],
            [
                375.6,
                231.4
            ],
            [
                373.6,
                227.0
            ],
            [
                375.6,
                222.6
            ],
            [
                380.0,
                221.8
            ],
            [
                384.8,
                222.2
            ],
            [
                385.0,
                227.0
            ],
            [
                386.2,
                233.2
            ]
        ],
        "stack": 0
    },
    {
        "type": "Spine",
        "location": [
            358,
            227
        ],
        "radloc": [
            0,
            0
        ],
        "mean": [
            94.82417582417582,
            85.15934065934066,
            94.04395604395604,
            85.35164835164835,
            90.4065934065934,
            120.46153846153847,
            95.07142857142857,
            77.85164835164835
        ],
        "min": [
            14.0,
            19.0,
            19.0,
            15.0,
            9.0,
            11.0,
            11.0,
            9.0
        ],
        "max": [
            232.0,
            219.0,
            197.0,
            221.0,
            208.0,
            252.0,
            214.0,
            184.0
        ],
        "RawIntDen": [
            17258.0,
            15499.0,
            17116.0,
            15534.0,
            16454.0,
            21924.0,
            17303.0,
            14169.0
        ],
        "IntDen": [
            13941.238349363743,
            12520.295119758293,
            13826.528890236981,
            12548.568577993763,
            13291.756623040388,
            17710.494238698033,
            13977.589938523632,
            11445.903706810457
        ],
        "FlagUp": 0,
        "Times": [
            -15,
            -10,
            -5,
            2,
            10,
            20,
            30,
            40
        ],
        "width": 0,
        "height": 0,
        "area": 0.807813092441983,
        "distance": 4.732775063249527,
        "xpert": [
            [
                358.0,
                235.8
            ],
            [
                352.0,
                233.0
            ],
            [
                349.4,
                227.0
            ],
            [
                352.2,
                221.2
            ],
            [
                358.0,
                221.2
            ],
            [
                362.8,
                222.2
            ],
            [
                366.6,
                227.0
            ],
            [
                364.4,
                233.4
            ]
        ],
        "stack": 0
    },
    {
        "type": "Spine",
        "location": [
            438,
            208
        ],
        "radloc": [
            0,
            0
        ],
        "mean": [
            27.2020202020202,
            54.62626262626262,
            44.535353535353536,
            67.62626262626263,
            66.3030303030303,
            121.14141414141415,
            74.32323232323232,
            75.73737373737374
        ],
        "min": [
            7.0,
            8.0,
            7.0,
            11.0,
            12.0,
            40.0,
            27.0,
            23.0
        ],
        "max": [
            129.0,
            161.0,
            167.0,
            147.0,
            145.0,
            240.0,
            150.0,
            126.0
        ],
        "RawIntDen": [
            2693.0,
            5408.0,
            4409.0,
            6695.0,
            6564.0,
            11993.0,
            7358.0,
            7498.0
        ],
        "IntDen": [
            1189.3246676755605,
            2388.365318525596,
            1947.1713552846438,
            2956.750334232409,
            2898.896070784396,
            5296.535736885628,
            3249.554736263191,
            3311.383720100762
        ],
        "FlagUp": 0,
        "Times": [
            -15,
            -10,
            -5,
            2,
            10,
            20,
            30,
            40
        ],
        "width": 0,
        "height": 0,
        "area": 0.4416355988397922,
        "distance": 10.113145189748579,
        "xpert": [
            [
                438.0,
                214.2
            ],
            [
                431.8,
                214.2
            ],
            [
                432.6,
                208.0
            ],
            [
                433.6,
                203.6
            ],
            [
                438.0,
                202.8
            ],
            [
                441.2,
                204.8
            ],
            [
                443.0,
                208.0
            ],
            [
                442.0,
                212.0
            ]
        ],
        "stack": 0
    },
    {
        "type": "Spine",
        "location": [
            421,
            208
        ],
        "radloc": [
            0,
            0
        ],
        "mean": [
            66.92523364485982,
            56.046728971962615,
            54.018691588785046,
            60.32710280373832,
            40.42056074766355,
            33.308411214953274,
            47.242990654205606,
            40.345794392523366
        ],
        "min": [
            17.0,
            11.0,
            15.0,
            19.0,
            9.0,
            10.0,
            11.0,
            8.0
        ],
        "max": [
            146.0,
            145.0,
            121.0,
            140.0,
            97.0,
            87.0,
            102.0,
            97.0
        ],
        "RawIntDen": [
            7161.0,
            5997.0,
            5780.0,
            6455.0,
            4325.0,
            3564.0,
            5055.0,
            4317.0
        ],
        "IntDen": [
            3548.1438708417313,
            2971.4032667836705,
            2863.8837555460423,
            3198.333848105485,
            2142.9580004734657,
            1765.896488713857,
            2504.65958205627,
            2138.9941475246133
        ],
        "FlagUp": 0,
        "Times": [
            -15,
            -10,
            -5,
            2,
            10,
            20,
            30,
            40
        ],
        "width": 0,
        "height": 0,
        "area": 0.4954816186065817,
        "distance": 8.965722658123816,
        "xpert": [
            [
                421.0,
                213.8
            ],
            [
                416.4,
                212.6
            ],
            [
                414.8,
                208.0
            ],
            [
                416.6,
                203.6
            ],
            [
                421.0,
                202.6
            ],
            [
                424.2,
                204.8
            ],
            [
                429.6,
                208.0
            ],
            [
                425.8,
                212.8
            ]
        ],
        "stack": 0
    },
    {
        "type": "Spine",
        "location": [
            489,
            219
        ],
        "radloc": [
            0,
            0
        ],
        "mean": [
            70.85826771653544,
            65.5984251968504,
            65.71653543307086,
            52.976377952755904,
            67.78740157480316,
            48.732283464566926,
            47.75590551181102,
            49.93700787401575
        ],
        "min": [
            8.0,
            8.0,
            16.0,
            11.0,
            15.0,
            10.0,
            8.0,
            11.0
        ],
        "max": [
            196.0,
            167.0,
            165.0,
            139.0,
            190.0,
            165.0,
            108.0,
            138.0
        ],
        "RawIntDen": [
            8999.0,
            8331.0,
            8346.0,
            6728.0,
            8609.0,
            6189.0,
            6065.0,
            6342.0
        ],
        "IntDen": [
            5357.789667335388,
            4960.078421888112,
            4969.009063627198,
            4005.690508037837,
            5125.592982119164,
            3684.7827815466962,
            3610.9561431702555,
            3775.8753272853687
        ],
        "FlagUp": 0,
        "Times": [
            -15,
            -10,
            -5,
            2,
            10,
            20,
            30,
            40
        ],
        "width": 0,
        "height": 0,
        "area": 0.5953761159390364,
        "distance": 13.746460505996213,
        "xpert": [
            [
                489.0,
                223.8
            ],
            [
                484.2,
                223.8
            ],
            [
                482.2,
                219.0
            ],
            [
                484.4,
                214.4
            ],
            [
                489.0,
                213.2
            ],
            [
                496.2,
                211.8
            ],
            [
                497.0,
                219.0
            ],
            [
                492.8,
                222.8
            ]
        ],
        "stack": 0
    }
]