[
    {
        "type": "Stim",
        "location": [
            113,
            248
        ],
        "radloc": [
            0,
            0
        ],
        "mean": [
            49.81521739130435,
            113.29347826086956,
            67.44565217391305,
            65.6413043478261,
            58.33695652173913,
            55.15217391304348,
            44.19565217391305,
            42.75
        ],
        "min": [
            8.0,
            16.0,
            12.0,
            10.0,
            6.0,
            8.0,
            7.0,
            7.0
        ],
        "max": [
            129.0,
            216.0,
            159.0,
            149.0,
            153.0,
            142.0,
            130.0,
            118.0
        ],
        "RawIntDen": [
            4583.0,
            10423.0,
            6205.0,
            6039.0,
            5367.0,
            5074.0,
            4066.0,
            3933.0
        ],
        "IntDen": [
            1877.4133761920023,
            4269.753353709195,
            2541.861226112017,
            2473.8597815456037,
            2198.576825228557,
            2078.550179096273,
            1665.625744620703,
            1611.1426595162875
        ],
        "FlagUp": 0,
        "Times": [
            -15,
            -10,
            -5,
            2,
            10,
            20,
            30,
            40
        ],
        "width": 0,
        "height": 0,
        "area": 0.4096472564241768,
        "distance": 0,
        "xpert": [
            [
                113.0,
                253.2
            ],
            [
                109.0,
                252.0
            ],
            [
                108.2,
                248.0
            ],
            [
                110.0,
                245.0
            ],
            [
                113.0,
                243.0
            ],
            [
                117.4,
                243.6
            ],
            [
                120.0,
                248.0
            ],
            [
                118.2,
                253.2
            ]
        ],
        "stack": 0
    },
    {
        "type": "Spine",
        "location": [
            25,
            473
        ],
        "radloc": [
            0,
            0
        ],
        "mean": [
            27.609375,
            32.390625,
            47.046875,
            47.3671875,
            44.6171875,
            48.5859375,
            68.890625,
            67.78125
        ],
        "min": [
            5.0,
            5.0,
            6.0,
            6.0,
            5.0,
            8.0,
            28.0,
            16.0
        ],
        "max": [
            80.0,
            94.0,
            129.0,
            119.0,
            124.0,
            120.0,
            137.0,
            165.0
        ],
        "RawIntDen": [
            3534.0,
            4146.0,
            6022.0,
            6063.0,
            5711.0,
            6219.0,
            8818.0,
            8676.0
        ],
        "IntDen": [
            2048.9461654510424,
            2403.7721567515623,
            3491.4413719145946,
            3515.212394207603,
            3311.1294711066507,
            3605.6582351273437,
            5112.50913609148,
            5030.1802296132555
        ],
        "FlagUp": 0,
        "Times": [
            -15,
            -10,
            -5,
            2,
            10,
            20,
            30,
            40
        ],
        "width": 0,
        "height": 0,
        "area": 0.5797810315367975,
        "distance": 21.24079670773725,
        "xpert": [
            [
                25.0,
                481.8
            ],
            [
                20.2,
                477.8
            ],
            [
                20.4,
                473.0
            ],
            [
                20.8,
                468.8
            ],
            [
                25.0,
                467.4
            ],
            [
                30.6,
                467.4
            ],
            [
                31.4,
                473.0
            ],
            [
                30.6,
                478.6
            ]
        ],
        "stack": 0
    },
    {
        "type": "Spine",
        "location": [
            9,
            400
        ],
        "radloc": [
            0,
            0
        ],
        "mean": [
            41.756521739130434,
            55.54782608695652,
            48.87826086956522,
            61.80869565217391,
            44.530434782608694,
            60.530434782608694,
            49.15652173913043,
            83.24347826086957
        ],
        "min": [
            8.0,
            10.0,
            7.0,
            9.0,
            7.0,
            7.0,
            7.0,
            14.0
        ],
        "max": [
            146.0,
            144.0,
            128.0,
            151.0,
            108.0,
            158.0,
            131.0,
            219.0
        ],
        "RawIntDen": [
            4802.0,
            6388.0,
            5621.0,
            7108.0,
            5121.0,
            6961.0,
            5653.0,
            9573.0
        ],
        "IntDen": [
            2588.339366672355,
            3443.2136347986266,
            3029.790832999856,
            3831.30283596566,
            2760.284443300527,
            3752.0679573940574,
            3047.039241940613,
            5159.969337183352
        ],
        "FlagUp": 0,
        "Times": [
            -15,
            -10,
            -5,
            2,
            10,
            20,
            30,
            40
        ],
        "width": 0,
        "height": 0,
        "area": 0.5390127793986579,
        "distance": 16.29436404961342,
        "xpert": [
            [
                9.0,
                411.0
            ],
            [
                3.6,
                405.4
            ],
            [
                2.4,
                400.0
            ],
            [
                5.2,
                396.2
            ],
            [
                9.0,
                395.0
            ],
            [
                12.4,
                396.6
            ],
            [
                13.0,
                400.0
            ],
            [
                13.2,
                404.2
            ]
        ],
        "stack": 0
    },
    {
        "type": "Spine",
        "location": [
            29,
            350
        ],
        "radloc": [
            0,
            0
        ],
        "mean": [
            47.391304347826086,
            58.666666666666664,
            79.7536231884058,
            53.94927536231884,
            78.65942028985508,
            92.97826086956522,
            75.09420289855072,
            63.23913043478261
        ],
        "min": [
            8.0,
            11.0,
            18.0,
            9.0,
            11.0,
            16.0,
            14.0,
            11.0
        ],
        "max": [
            118.0,
            133.0,
            195.0,
            139.0,
            183.0,
            188.0,
            174.0,
            133.0
        ],
        "RawIntDen": [
            6540.0,
            8096.0,
            11006.0,
            7445.0,
            10855.0,
            12831.0,
            10363.0,
            8727.0
        ],
        "IntDen": [
            4102.963557639428,
            5079.142654839267,
            6904.773228651306,
            4670.728392450389,
            6810.041195439754,
            8049.713365148547,
            6501.377881929265,
            5475.009628061053
        ],
        "FlagUp": 0,
        "Times": [
            -15,
            -10,
            -5,
            2,
            10,
            20,
            30,
            40
        ],
        "width": 0,
        "height": 0,
        "area": 0.6273644583546526,
        "distance": 12.86340139148959,
        "xpert": [
            [
                29.0,
                359.0
            ],
            [
                24.2,
                354.8
            ],
            [
                24.2,
                350.0
            ],
            [
                25.0,
                346.0
            ],
            [
                29.0,
                344.8
            ],
            [
                32.8,
                346.2
            ],
            [
                36.0,
                350.0
            ],
            [
                36.8,
                357.8
            ]
        ],
        "stack": 0
    },
    {
        "type": "Spine",
        "location": [
            41,
            280
        ],
        "radloc": [
            0,
            0
        ],
        "mean": [
            57.44859813084112,
            70.03738317757009,
            66.8177570093458,
            77.92990654205607,
            80.2803738317757,
            94.97196261682242,
            86.76168224299066,
            89.01401869158879
        ],
        "min": [
            10.0,
            12.0,
            9.0,
            13.0,
            13.0,
            21.0,
            18.0,
            17.0
        ],
        "max": [
            217.0,
            198.0,
            223.0,
            186.0,
            222.0,
            255.0,
            243.0,
            233.0
        ],
        "RawIntDen": [
            12294.0,
            14988.0,
            14299.0,
            16677.0,
            17180.0,
            20324.0,
            18567.0,
            19049.0
        ],
        "IntDen": [
            13113.603290666775,
            15987.20401175481,
            15252.270494000668,
            17788.804463840068,
            18325.337931808623,
            21678.938773345657,
            19804.804969725883,
            20318.938432073483
        ],
        "FlagUp": 0,
        "Times": [
            -15,
            -10,
            -5,
            2,
            10,
            20,
            30,
            40
        ],
        "width": 0,
        "height": 0,
        "area": 1.0666669343311188,
        "distance": 7.896298480367657,
        "xpert": [
            [
                41.0,
                288.8
            ],
            [
                33.8,
                287.2
            ],
            [
                33.8,
                280.0
            ],
            [
                34.6,
                273.6
            ],
            [
                41.0,
                265.2
            ],
            [
                47.4,
                273.6
            ],
            [
                46.0,
                280.0
            ],
            [
                46.2,
                285.2
            ]
        ],
        "stack": 0
    },
    {
        "type": "Spine",
        "location": [
            28,
            245
        ],
        "radloc": [
            0,
            0
        ],
        "mean": [
            101.0945945945946,
            104.95945945945945,
            112.16891891891892,
            125.92567567567568,
            92.31756756756756,
            76.73648648648648,
            81.39864864864865,
            86.27702702702703
        ],
        "min": [
            13.0,
            15.0,
            22.0,
            34.0,
            23.0,
            14.0,
            10.0,
            11.0
        ],
        "max": [
            242.0,
            253.0,
            244.0,
            252.0,
            204.0,
            210.0,
            235.0,
            207.0
        ],
        "RawIntDen": [
            14962.0,
            15534.0,
            16601.0,
            18637.0,
            13663.0,
            11357.0,
            12047.0,
            12769.0
        ],
        "IntDen": [
            9835.840239414361,
            10211.866213010473,
            10913.29927914168,
            12251.741380962803,
            8981.893142034382,
            7465.956262466842,
            7919.554027818795,
            8394.188211274026
        ],
        "FlagUp": 0,
        "Times": [
            -15,
            -10,
            -5,
            2,
            10,
            20,
            30,
            40
        ],
        "width": 0,
        "height": 0,
        "area": 0.657388065727467,
        "distance": 5.841032024806697,
        "xpert": [
            [
                28.0,
                252.4
            ],
            [
                22.8,
                250.2
            ],
            [
                19.4,
                245.0
            ],
            [
                21.8,
                238.8
            ],
            [
                28.0,
                237.4
            ],
            [
                32.2,
                240.8
            ],
            [
                34.6,
                245.0
            ],
            [
                32.0,
                249.0
            ]
        ],
        "stack": 0
    },
    {
        "type": "Spine",
        "location": [
            69,
            256
        ],
        "radloc": [
            0,
            0
        ],
        "mean": [
            56.03305785123967,
            52.710743801652896,
            53.47933884297521,
            54.05785123966942,
            54.40495867768595,
            53.099173553719005,
            78.66115702479338,
            51.16528925619835
        ],
        "min": [
            10.0,
            16.0,
            18.0,
            21.0,
            19.0,
            18.0,
            22.0,
            12.0
        ],
        "max": [
            118.0,
            113.0,
            108.0,
            88.0,
            95.0,
            93.0,
            185.0,
            100.0
        ],
        "RawIntDen": [
            6780.0,
            6378.0,
            6471.0,
            6541.0,
            6583.0,
            6425.0,
            9518.0,
            6191.0
        ],
        "IntDen": [
            4148.21263363455,
            3902.256663321705,
            3959.1569251104975,
            4001.9850791450726,
            4027.6819715658175,
            3931.0127096020624,
            5823.405287158355,
            3787.8443089721977
        ],
        "FlagUp": 0,
        "Times": [
            -15,
            -10,
            -5,
            2,
            10,
            20,
            30,
            40
        ],
        "width": 0,
        "height": 0,
        "area": 0.6118307719225,
        "distance": 3.0902077213733428,
        "xpert": [
            [
                69.0,
                264.2
            ],
            [
                64.2,
                260.8
            ],
            [
                64.2,
                256.0
            ],
            [
                64.2,
                251.2
            ],
            [
                69.0,
                251.4
            ],
            [
                73.2,
                251.8
            ],
            [
                80.0,
                256.0
            ],
            [
                73.4,
                260.4
            ]
        ],
        "stack": 0
    },
    {
        "type": "Spine",
        "location": [
            150,
            252
        ],
        "radloc": [
            0,
            0
        ],
        "mean": [
            59.54929577464789,
            41.859154929577464,
            46.309859154929576,
            53.66197183098591,
            92.87323943661971,
            43.309859154929576,
            38.74647887323944,
            41.098591549295776
        ],
        "min": [
            9.0,
            7.0,
            10.0,
            10.0,
            19.0,
            7.0,
            6.0,
            7.0
        ],
        "max": [
            122.0,
            111.0,
            113.0,
            110.0,
            182.0,
            136.0,
            111.0,
            132.0
        ],
        "RawIntDen": [
            4228.0,
            2972.0,
            3288.0,
            3810.0,
            6594.0,
            3075.0,
            2751.0,
            2918.0
        ],
        "IntDen": [
            1286.7906910971433,
            904.5274205157781,
            1000.7019376365674,
            1159.572500728504,
            2006.882170552167,
            935.8754435013518,
            837.2661284787704,
            888.0925346786812
        ],
        "FlagUp": 0,
        "Times": [
            -15,
            -10,
            -5,
            2,
            10,
            20,
            30,
            40
        ],
        "width": 0,
        "height": 0,
        "area": 0.30434973772401686,
        "distance": 2.492515063249526,
        "xpert": [
            [
                150.0,
                256.2
            ],
            [
                145.8,
                256.2
            ],
            [
                145.2,
                252.0
            ],
            [
                146.8,
                248.8
            ],
            [
                150.0,
                247.2
            ],
            [
                153.2,
                248.8
            ],
            [
                154.8,
                252.0
            ],
            [
                154.2,
                256.2
            ]
        ],
        "stack": 0
    },
    {
        "type": "Spine",
        "location": [
            153,
            276
        ],
        "radloc": [
            0,
            0
        ],
        "mean": [
            63.3013698630137,
            56.60958904109589,
            64.42465753424658,
            68.51369863013699,
            62.013698630136986,
            59.554794520547944,
            70.97945205479452,
            68.42465753424658
        ],
        "min": [
            15.0,
            9.0,
            11.0,
            14.0,
            7.0,
            10.0,
            11.0,
            12.0
        ],
        "max": [
            178.0,
            138.0,
            139.0,
            148.0,
            140.0,
            132.0,
            145.0,
            158.0
        ],
        "RawIntDen": [
            9242.0,
            8265.0,
            9406.0,
            10003.0,
            9054.0,
            8695.0,
            10363.0,
            9990.0
        ],
        "IntDen": [
            6282.696117888709,
            5618.533154549899,
            6394.1830431574535,
            6800.022643068681,
            6154.894032824536,
            5910.846434217952,
            7044.750040000074,
            6791.185264846158
        ],
        "FlagUp": 0,
        "Times": [
            -15,
            -10,
            -5,
            2,
            10,
            20,
            30,
            40
        ],
        "width": 0,
        "height": 0,
        "area": 0.6797983248094253,
        "distance": 2.690185063249526,
        "xpert": [
            [
                153.0,
                284.2
            ],
            [
                147.4,
                281.6
            ],
            [
                147.4,
                276.0
            ],
            [
                148.2,
                271.2
            ],
            [
                153.0,
                270.8
            ],
            [
                159.6,
                269.4
            ],
            [
                161.2,
                276.0
            ],
            [
                158.2,
                281.2
            ]
        ],
        "stack": 0
    },
    {
        "type": "Spine",
        "location": [
            196,
            249
        ],
        "radloc": [
            0,
            0
        ],
        "mean": [
            48.25925925925926,
            40.370370370370374,
            43.166666666666664,
            36.638888888888886,
            41.148148148148145,
            40.78703703703704,
            45.56481481481482,
            43.96296296296296
        ],
        "min": [
            9.0,
            8.0,
            11.0,
            8.0,
            8.0,
            8.0,
            7.0,
            8.0
        ],
        "max": [
            129.0,
            105.0,
            95.0,
            85.0,
            100.0,
            101.0,
            114.0,
            123.0
        ],
        "RawIntDen": [
            5212.0,
            4360.0,
            4662.0,
            3957.0,
            4444.0,
            4405.0,
            4921.0,
            4748.0
        ],
        "IntDen": [
            2506.288715794571,
            2096.5884115242384,
            2241.8108198454124,
            1902.7982441287638,
            2136.9813992692007,
            2118.2275121018965,
            2366.3558653923797,
            2283.1655453938265
        ],
        "FlagUp": 0,
        "Times": [
            -15,
            -10,
            -5,
            2,
            10,
            20,
            30,
            40
        ],
        "width": 0,
        "height": 0,
        "area": 0.4808689017257427,
        "distance": 6.57429328353263,
        "xpert": [
            [
                196.0,
                256.8
            ],
            [
                191.6,
                253.4
            ],
            [
                191.0,
                249.0
            ],
            [
                193.0,
                246.0
            ],
            [
                196.0,
                244.6
            ],
            [
                200.2,
                244.8
            ],
            [
                203.6,
                249.0
            ],
            [
                201.4,
                254.4
            ]
        ],
        "stack": 0
    },
    {
        "type": "Spine",
        "location": [
            218,
            240
        ],
        "radloc": [
            0,
            0
        ],
        "mean": [
            76.45652173913044,
            62.905797101449274,
            55.73913043478261,
            73.47826086956522,
            103.47101449275362,
            86.43478260869566,
            94.21014492753623,
            100.55072463768116
        ],
        "min": [
            9.0,
            9.0,
            9.0,
            13.0,
            34.0,
            12.0,
            13.0,
            16.0
        ],
        "max": [
            200.0,
            159.0,
            189.0,
            182.0,
            194.0,
            179.0,
            191.0,
            208.0
        ],
        "RawIntDen": [
            10551.0,
            8681.0,
            7692.0,
            10140.0,
            14279.0,
            11928.0,
            13001.0,
            13876.0
        ],
        "IntDen": [
            6533.811482423955,
            5375.795420237167,
            4763.347353123406,
            6279.295652713382,
            8842.412487681891,
            7386.532400943316,
            8050.998301866537,
            8592.850737381745
        ],
        "FlagUp": 0,
        "Times": [
            -15,
            -10,
            -5,
            2,
            10,
            20,
            30,
            40
        ],
        "width": 0,
        "height": 0,
        "area": 0.6192599263030949,
        "distance": 7.819103543617185,
        "xpert": [
            [
                218.0,
                246.8
            ],
            [
                212.4,
                245.6
            ],
            [
                212.0,
                240.0
            ],
            [
                214.2,
                236.2
            ],
            [
                218.0,
                234.6
            ],
            [
                223.6,
                234.4
            ],
            [
                225.8,
                240.0
            ],
            [
                224.2,
                246.2
            ]
        ],
        "stack": 0
    },
    {
        "type": "Spine",
        "location": [
            230,
            257
        ],
        "radloc": [
            0,
            0
        ],
        "mean": [
            77.90196078431373,
            92.84313725490196,
            114.60130718954248,
            88.5359477124183,
            111.84313725490196,
            109.27450980392157,
            102.50980392156863,
            104.34640522875817
        ],
        "min": [
            13.0,
            12.0,
            21.0,
            21.0,
            39.0,
            34.0,
            27.0,
            20.0
        ],
        "max": [
            153.0,
            209.0,
            222.0,
            196.0,
            196.0,
            218.0,
            187.0,
            222.0
        ],
        "RawIntDen": [
            11919.0,
            14205.0,
            17534.0,
            13546.0,
            17112.0,
            16719.0,
            15684.0,
            15965.0
        ],
        "IntDen": [
            8708.448625135654,
            10378.682164615486,
            12810.96888943104,
            9897.19314339186,
            12502.64056324535,
            12215.500676536874,
            11459.292577953487,
            11664.601250129266
        ],
        "FlagUp": 0,
        "Times": [
            -15,
            -10,
            -5,
            2,
            10,
            20,
            30,
            40
        ],
        "width": 0,
        "height": 0,
        "area": 0.7306358440419208,
        "distance": 8.637076075241948,
        "xpert": [
            [
                230.0,
                265.2
            ],
            [
                224.6,
                262.4
            ],
            [
                223.4,
                257.0
            ],
            [
                225.0,
                252.0
            ],
            [
                230.0,
                249.8
            ],
            [
                236.6,
                250.4
            ],
            [
                236.0,
                257.0
            ],
            [
                236.4,
                263.4
            ]
        ],
        "stack": 0
    },
    {
        "type": "Spine",
        "location": [
            194,
            272
        ],
        "radloc": [
            0,
            0
        ],
        "mean": [
            92.07339449541284,
            104.79816513761467,
            89.9908256880734,
            100.92660550458716,
            93.78899082568807,
            111.77981651376147,
            79.70642201834862,
            72.81651376146789
        ],
        "min": [
            37.0,
            35.0,
            36.0,
            39.0,
            22.0,
            39.0,
            29.0,
            15.0
        ],
        "max": [
            174.0,
            240.0,
            167.0,
            191.0,
            189.0,
            217.0,
            153.0,
            136.0
        ],
        "RawIntDen": [
            10036.0,
            11423.0,
            9809.0,
            11001.0,
            10223.0,
            12184.0,
            8688.0,
            7937.0
        ],
        "IntDen": [
            5407.067493933748,
            6154.337583021642,
            5284.767342367092,
            5926.977829888916,
            5507.816957999672,
            6564.339412723075,
            4680.809325159067,
            4276.195167332818
        ],
        "FlagUp": 0,
        "Times": [
            -15,
            -10,
            -5,
            2,
            10,
            20,
            30,
            40
        ],
        "width": 0,
        "height": 0,
        "area": 0.5387671875183089,
        "distance": 5.691892911121922,
        "xpert": [
            [
                194.0,
                278.0
            ],
            [
                190.2,
                275.8
            ],
            [
                185.4,
                272.0
            ],
            [
                190.4,
                268.4
            ],
            [
                194.0,
                265.2
            ],
            [
                198.0,
                268.0
            ],
            [
                200.0,
                272.0
            ],
            [
                200.0,
                278.0
            ]
        ],
        "stack": 0
    },
    {
        "type": "Spine",
        "location": [
            297,
            259
        ],
        "radloc": [
            0,
            0
        ],
        "mean": [
            45.57627118644068,
            47.33898305084746,
            74.38983050847457,
            61.82203389830509,
            75.72881355932203,
            59.80508474576271,
            62.644067796610166,
            74.22881355932203
        ],
        "min": [
            7.0,
            8.0,
            19.0,
            16.0,
            23.0,
            17.0,
            18.0,
            16.0
        ],
        "max": [
            109.0,
            90.0,
            146.0,
            130.0,
            146.0,
            98.0,
            134.0,
            167.0
        ],
        "RawIntDen": [
            5378.0,
            5586.0,
            8778.0,
            7295.0,
            8936.0,
            7057.0,
            7392.0,
            8759.0
        ],
        "IntDen": [
            2804.374018630543,
            2912.836234300895,
            4577.314082472835,
            3803.9993428616235,
            4659.703650145506,
            3679.8935383926632,
            3854.580279977124,
            4567.406476233717
        ],
        "FlagUp": 0,
        "Times": [
            -15,
            -10,
            -5,
            2,
            10,
            20,
            30,
            40
        ],
        "width": 0,
        "height": 0,
        "area": 0.5214529599536153,
        "distance": 13.078998606866719,
        "xpert": [
            [
                297.0,
                268.2
            ],
            [
                292.6,
                263.4
            ],
            [
                291.6,
                259.0
            ],
            [
                292.8,
                254.8
            ],
            [
                297.0,
                254.8
            ],
            [
                301.2,
                254.8
            ],
            [
                304.0,
                259.0
            ],
            [
                302.0,
                264.0
            ]
        ],
        "stack": 0
    },
    {
        "type": "Spine",
        "location": [
            364,
            238
        ],
        "radloc": [
            0,
            0
        ],
        "mean": [
            57.503649635036496,
            60.802919708029194,
            51.627737226277375,
            46.802919708029194,
            52.70802919708029,
            62.02189781021898,
            65.33576642335767,
            67.05839416058394
        ],
        "min": [
            10.0,
            11.0,
            11.0,
            7.0,
            14.0,
            14.0,
            11.0,
            18.0
        ],
        "max": [
            143.0,
            134.0,
            139.0,
            104.0,
            114.0,
            147.0,
            138.0,
            150.0
        ],
        "RawIntDen": [
            7878.0,
            8330.0,
            7073.0,
            6412.0,
            7221.0,
            8497.0,
            8951.0,
            9187.0
        ],
        "IntDen": [
            4751.802078828139,
            5024.436572307489,
            4266.247284025315,
            3867.5494959946723,
            4355.5169854300575,
            5125.166573216895,
            5399.007414012525,
            5541.356397333602
        ],
        "FlagUp": 0,
        "Times": [
            -15,
            -10,
            -5,
            2,
            10,
            20,
            30,
            40
        ],
        "width": 0,
        "height": 0,
        "area": 0.6031736581401548,
        "distance": 18.338893670116263,
        "xpert": [
            [
                364.0,
                245.6
            ],
            [
                359.0,
                243.0
            ],
            [
                359.0,
                238.0
            ],
            [
                360.8,
                234.8
            ],
            [
                364.0,
                233.2
            ],
            [
                368.4,
                233.6
            ],
            [
                373.8,
                238.0
            ],
            [
                370.4,
                244.4
            ]
        ],
        "stack": 0
    },
    {
        "type": "Spine",
        "location": [
            386,
            218
        ],
        "radloc": [
            0,
            0
        ],
        "mean": [
            69.83428571428571,
            62.31428571428572,
            52.06857142857143,
            62.29142857142857,
            59.16571428571429,
            64.94857142857143,
            76.02285714285715,
            71.21142857142857
        ],
        "min": [
            15.0,
            10.0,
            16.0,
            9.0,
            9.0,
            12.0,
            13.0,
            8.0
        ],
        "max": [
            188.0,
            142.0,
            105.0,
            152.0,
            145.0,
            160.0,
            188.0,
            162.0
        ],
        "RawIntDen": [
            12221.0,
            10905.0,
            9112.0,
            10901.0,
            10354.0,
            11366.0,
            13304.0,
            12462.0
        ],
        "IntDen": [
            9601.40940486259,
            8567.49607724626,
            7158.828450790272,
            8564.353483545297,
            8134.603794938815,
            8929.680001282071,
            10452.266649397912,
            9790.75067534552
        ],
        "FlagUp": 0,
        "Times": [
            -15,
            -10,
            -5,
            2,
            10,
            20,
            30,
            40
        ],
        "width": 0,
        "height": 0,
        "area": 0.7856484252403723,
        "distance": 19.770546454739137,
        "xpert": [
            [
                386.0,
                227.2
            ],
            [
                379.0,
                225.0
            ],
            [
                374.8,
                218.0
            ],
            [
                381.6,
                213.6
            ],
            [
                386.0,
                213.4
            ],
            [
                389.4,
                214.6
            ],
            [
                391.8,
                218.0
            ],
            [
                392.6,
                224.6
            ]
        ],
        "stack": 0
    },
    {
        "type": "Spine",
        "location": [
            382,
            251
        ],
        "radloc": [
            0,
            0
        ],
        "mean": [
            41.45909090909091,
            52.268181818181816,
            44.986363636363635,
            59.05909090909091,
            78.82272727272728,
            83.81818181818181,
            85.39090909090909,
            76.87272727272727
        ],
        "min": [
            7.0,
            10.0,
            9.0,
            8.0,
            13.0,
            16.0,
            19.0,
            15.0
        ],
        "max": [
            140.0,
            137.0,
            142.0,
            186.0,
            164.0,
            220.0,
            181.0,
            173.0
        ],
        "RawIntDen": [
            9121.0,
            11499.0,
            9897.0,
            12993.0,
            17341.0,
            18440.0,
            18786.0,
            16912.0
        ],
        "IntDen": [
            10257.159372748138,
            12931.375466202262,
            11129.821983564118,
            14611.47590506705,
            19501.085482164835,
            20736.982659080764,
            21126.08222524356,
            19018.647002731774
        ],
        "FlagUp": 0,
        "Times": [
            -15,
            -10,
            -5,
            2,
            10,
            20,
            30,
            40
        ],
        "width": 0,
        "height": 0,
        "area": 1.1245652201236858,
        "distance": 18.816111264990557,
        "xpert": [
            [
                382.0,
                261.0
            ],
            [
                377.8,
                255.2
            ],
            [
                375.4,
                251.0
            ],
            [
                374.0,
                243.0
            ],
            [
                382.0,
                238.6
            ],
            [
                391.6,
                241.4
            ],
            [
                387.8,
                251.0
            ],
            [
                387.2,
                256.2
            ]
        ],
        "stack": 0
    },
    {
        "type": "Spine",
        "location": [
            415,
            259
        ],
        "radloc": [
            0,
            0
        ],
        "mean": [
            45.89673913043478,
            36.32065217391305,
            40.0,
            43.15217391304348,
            46.75,
            53.85326086956522,
            50.36413043478261,
            55.32065217391305
        ],
        "min": [
            6.0,
            7.0,
            4.0,
            10.0,
            9.0,
            12.0,
            9.0,
            11.0
        ],
        "max": [
            126.0,
            123.0,
            128.0,
            132.0,
            146.0,
            217.0,
            173.0,
            150.0
        ],
        "RawIntDen": [
            8445.0,
            6683.0,
            7360.0,
            7940.0,
            8602.0,
            9909.0,
            9267.0,
            10179.0
        ],
        "IntDen": [
            7141.381173824415,
            5651.37363939237,
            6223.8680212371455,
            6714.335881606377,
            7274.145749820914,
            8379.389704135718,
            7836.492520761499,
            8607.710949480015
        ],
        "FlagUp": 0,
        "Times": [
            -15,
            -10,
            -5,
            2,
            10,
            20,
            30,
            40
        ],
        "width": 0,
        "height": 0,
        "area": 0.8456342420159165,
        "distance": 21.181528986363897,
        "xpert": [
            [
                415.0,
                266.6
            ],
            [
                409.4,
                264.6
            ],
            [
                409.8,
                259.0
            ],
            [
                410.8,
                254.8
            ],
            [
                415.0,
                250.2
            ],
            [
                423.6,
                250.4
            ],
            [
                422.8,
                259.0
            ],
            [
                421.4,
                265.4
            ]
        ],
        "stack": 0
    },
    {
        "type": "Spine",
        "location": [
            417,
            225
        ],
        "radloc": [
            0,
            0
        ],
        "mean": [
            27.014084507042252,
            27.760563380281692,
            36.19718309859155,
            9.507042253521126,
            10.633802816901408,
            10.929577464788732,
            10.295774647887324,
            10.887323943661972
        ],
        "min": [
            11.0,
            11.0,
            10.0,
            5.0,
            6.0,
            5.0,
            6.0,
            4.0
        ],
        "max": [
            64.0,
            62.0,
            66.0,
            16.0,
            67.0,
            30.0,
            19.0,
            39.0
        ],
        "RawIntDen": [
            1918.0,
            1971.0,
            2570.0,
            675.0,
            755.0,
            776.0,
            731.0,
            773.0
        ],
        "IntDen": [
            607.1772969736231,
            623.9553974635094,
            813.5795897926023,
            213.6833552957224,
            239.00878999743765,
            245.6567166066379,
            231.41115958692308,
            244.7070128053236
        ],
        "FlagUp": 0,
        "Times": [
            -15,
            -10,
            -5,
            2,
            10,
            20,
            30,
            40
        ],
        "width": 0,
        "height": 0,
        "area": 0.3165679337714406,
        "distance": 21.313308986363896,
        "xpert": [
            [
                417.0,
                229.8
            ],
            [
                414.0,
                228.0
            ],
            [
                412.6,
                225.0
            ],
            [
                414.0,
                222.0
            ],
            [
                417.0,
                220.6
            ],
            [
                420.4,
                221.6
            ],
            [
                422.2,
                225.0
            ],
            [
                422.4,
                230.4
            ]
        ],
        "stack": 0
    },
    {
        "type": "Spine",
        "location": [
            476,
            238
        ],
        "radloc": [
            0,
            0
        ],
        "mean": [
            63.12,
            72.352,
            65.056,
            61.608,
            75.152,
            60.456,
            74.952,
            92.392
        ],
        "min": [
            8.0,
            7.0,
            6.0,
            9.0,
            12.0,
            8.0,
            9.0,
            11.0
        ],
        "max": [
            156.0,
            202.0,
            160.0,
            138.0,
            146.0,
            121.0,
            141.0,
            202.0
        ],
        "RawIntDen": [
            7890.0,
            9044.0,
            8132.0,
            7701.0,
            9394.0,
            7557.0,
            9369.0,
            11549.0
        ],
        "IntDen": [
            4463.53787249143,
            5116.379786921735,
            4600.442329417023,
            4356.616623074335,
            5314.382100657097,
            4275.152813994643,
            5300.239078247428,
            6533.510632370535
        ],
        "FlagUp": 0,
        "Times": [
            -15,
            -10,
            -5,
            2,
            10,
            20,
            30,
            40
        ],
        "width": 0,
        "height": 0,
        "area": 0.5657208963867465,
        "distance": 25.062416707737242,
        "xpert": [
            [
                476.0,
                245.4
            ],
            [
                470.4,
                243.6
            ],
            [
                470.6,
                238.0
            ],
            [
                473.0,
                235.0
            ],
            [
                476.0,
                232.6
            ],
            [
                480.4,
                233.6
            ],
            [
                482.6,
                238.0
            ],
            [
                482.8,
                244.8
            ]
        ],
        "stack": 0
    }
]