[
    {
        "type": "Stim",
        "location": [
            74,
            187
        ],
        "radloc": [
            0,
            0
        ],
        "mean": [
            70.13194444444444,
            66.33333333333333,
            72.05555555555556,
            102.14583333333333,
            112.80555555555556,
            117.69444444444444,
            117.19444444444444,
            93.28472222222223
        ],
        "min": [
            15.0,
            21.0,
            19.0,
            27.0,
            40.0,
            22.0,
            28.0,
            15.0
        ],
        "max": [
            161.0,
            150.0,
            158.0,
            221.0,
            247.0,
            244.0,
            239.0,
            237.0
        ],
        "RawIntDen": [
            10099.0,
            9552.0,
            10376.0,
            14709.0,
            16244.0,
            16948.0,
            16876.0,
            13433.0
        ],
        "IntDen": [
            6646.402772980657,
            6286.408484752078,
            6828.703354039736,
            9680.358291689521,
            10690.579923190196,
            11153.899811513633,
            11106.514822935098,
            8840.590994103293
        ],
        "FlagUp": 0,
        "Times": [
            -15,
            -10,
            -5,
            2,
            10,
            20,
            30,
            40
        ],
        "width": 0,
        "height": 0,
        "area": 0.6581248413685173,
        "distance": 0,
        "xpert": [
            [
                74.0,
                192.2
            ],
            [
                69.4,
                191.6
            ],
            [
                68.8,
                187.0
            ],
            [
                69.6,
                182.6
            ],
            [
                74.0,
                176.8
            ],
            [
                80.2,
                180.8
            ],
            [
                82.8,
                187.0
            ],
            [
                78.2,
                191.2
            ]
        ],
        "stack": 0
    },
    {
        "type": "Stim",
        "location": [
            123,
            189
        ],
        "radloc": [
            0,
            0
        ],
        "mean": [
            180.48458149779736,
            181.27753303964758,
            197.77533039647577,
            210.0352422907489,
            202.52422907488986,
            199.3876651982379,
            212.5770925110132,
            205.62995594713655
        ],
        "min": [
            43.0,
            27.0,
            36.0,
            50.0,
            55.0,
            42.0,
            41.0,
            49.0
        ],
        "max": [
            255.0,
            255.0,
            255.0,
            255.0,
            255.0,
            255.0,
            255.0,
            255.0
        ],
        "RawIntDen": [
            40970.0,
            41150.0,
            44895.0,
            47678.0,
            45973.0,
            45261.0,
            48255.0,
            46678.0
        ],
        "IntDen": [
            41346.8598544659,
            41528.515572645156,
            45307.96370920788,
            48116.56295194595,
            46395.879621414715,
            45677.33033617235,
            48698.87044855388,
            47107.36451761678
        ],
        "FlagUp": 0,
        "Times": [
            -15,
            -10,
            -5,
            2,
            10,
            20,
            30,
            40
        ],
        "width": 0,
        "height": 0,
        "area": 1.0091984343291653,
        "distance": 0,
        "xpert": [
            [
                123.0,
                199.2
            ],
            [
                116.6,
                195.4
            ],
            [
                114.2,
                189.0
            ],
            [
                118.6,
                184.6
            ],
            [
                123.0,
                182.4
            ],
            [
                130.2,
                181.8
            ],
            [
                134.0,
                189.0
            ],
            [
                129.6,
                195.6
            ]
        ],
        "stack": 0
    },
    {
        "type": "Stim",
        "location": [
            144,
            160
        ],
        "radloc": [
            0,
            0
        ],
        "mean": [
            98.48598130841121,
            120.76635514018692,
            107.30373831775701,
            141.52336448598132,
            157.71495327102804,
            176.55140186915887,
            157.9626168224299,
            148.28971962616822
        ],
        "min": [
            15.0,
            23.0,
            14.0,
            22.0,
            17.0,
            36.0,
            23.0,
            16.0
        ],
        "max": [
            233.0,
            255.0,
            236.0,
            255.0,
            255.0,
            255.0,
            255.0,
            255.0
        ],
        "RawIntDen": [
            21076.0,
            25844.0,
            22963.0,
            30286.0,
            33751.0,
            37782.0,
            33804.0,
            31734.0
        ],
        "IntDen": [
            19975.842584356145,
            24494.955197860138,
            21764.342060380062,
            28705.084860021365,
            31989.213468618538,
            35809.797139976465,
            32039.446893223343,
            30077.499932243212
        ],
        "FlagUp": 0,
        "Times": [
            -15,
            -10,
            -5,
            2,
            10,
            20,
            30,
            40
        ],
        "width": 0,
        "height": 0,
        "area": 0.9478004642416088,
        "distance": 0,
        "xpert": [
            [
                144.0,
                165.8
            ],
            [
                138.8,
                165.2
            ],
            [
                134.2,
                160.0
            ],
            [
                136.0,
                152.0
            ],
            [
                144.0,
                150.4
            ],
            [
                149.6,
                154.4
            ],
            [
                152.6,
                160.0
            ],
            [
                150.2,
                166.2
            ]
        ],
        "stack": 0
    },
    {
        "type": "Stim",
        "location": [
            169,
            198
        ],
        "radloc": [
            0,
            0
        ],
        "mean": [
            80.36486486486487,
            70.30405405405405,
            74.39864864864865,
            93.29729729729729,
            129.3310810810811,
            117.5608108108108,
            109.87162162162163,
            118.52702702702703
        ],
        "min": [
            11.0,
            10.0,
            13.0,
            16.0,
            20.0,
            26.0,
            18.0,
            30.0
        ],
        "max": [
            231.0,
            200.0,
            228.0,
            248.0,
            255.0,
            255.0,
            246.0,
            255.0
        ],
        "RawIntDen": [
            11894.0,
            10405.0,
            11011.0,
            13808.0,
            19141.0,
            17399.0,
            16261.0,
            17542.0
        ],
        "IntDen": [
            8826.742743348028,
            7721.730136584516,
            8171.453198840183,
            10247.155187502067,
            14204.866558804826,
            12912.098284135896,
            12067.568837193736,
            13018.221052952002
        ],
        "FlagUp": 0,
        "Times": [
            -15,
            -10,
            -5,
            2,
            10,
            20,
            30,
            40
        ],
        "width": 0,
        "height": 0,
        "area": 0.7421172644482956,
        "distance": 0,
        "xpert": [
            [
                169.0,
                203.8
            ],
            [
                165.6,
                201.4
            ],
            [
                161.4,
                198.0
            ],
            [
                164.8,
                193.8
            ],
            [
                169.0,
                186.2
            ],
            [
                175.6,
                191.4
            ],
            [
                176.0,
                198.0
            ],
            [
                174.4,
                203.4
            ]
        ],
        "stack": 0
    },
    {
        "type": "Stim",
        "location": [
            189,
            198
        ],
        "radloc": [
            0,
            0
        ],
        "mean": [
            43.76521739130435,
            32.573913043478264,
            43.08695652173913,
            45.23478260869565,
            46.426086956521736,
            52.23478260869565,
            66.01739130434783,
            41.45217391304348
        ],
        "min": [
            11.0,
            12.0,
            14.0,
            9.0,
            13.0,
            12.0,
            17.0,
            6.0
        ],
        "max": [
            114.0,
            83.0,
            105.0,
            108.0,
            114.0,
            109.0,
            147.0,
            95.0
        ],
        "RawIntDen": [
            5033.0,
            3746.0,
            4955.0,
            5202.0,
            5339.0,
            6007.0,
            7592.0,
            4767.0
        ],
        "IntDen": [
            2509.20978561946,
            1867.5739830976547,
            2470.3227672848047,
            2593.464992011212,
            2661.7665498554134,
            2994.7989632855347,
            3785.0031179064054,
            2376.5950820679445
        ],
        "FlagUp": 0,
        "Times": [
            -15,
            -10,
            -5,
            2,
            10,
            20,
            30,
            40
        ],
        "width": 0,
        "height": 0,
        "area": 0.49855151711095963,
        "distance": 0,
        "xpert": [
            [
                189.0,
                204.4
            ],
            [
                184.2,
                202.8
            ],
            [
                183.2,
                198.0
            ],
            [
                184.8,
                193.8
            ],
            [
                189.0,
                190.6
            ],
            [
                193.0,
                194.0
            ],
            [
                195.0,
                198.0
            ],
            [
                193.8,
                202.8
            ]
        ],
        "stack": 0
    },
    {
        "type": "Stim",
        "location": [
            223,
            171
        ],
        "radloc": [
            0,
            0
        ],
        "mean": [
            68.92424242424242,
            75.65151515151516,
            81.16666666666667,
            91.82575757575758,
            118.13636363636364,
            79.20454545454545,
            77.12121212121212,
            90.46969696969697
        ],
        "min": [
            18.0,
            25.0,
            24.0,
            45.0,
            36.0,
            18.0,
            20.0,
            24.0
        ],
        "max": [
            144.0,
            126.0,
            159.0,
            156.0,
            206.0,
            155.0,
            192.0,
            218.0
        ],
        "RawIntDen": [
            9098.0,
            9986.0,
            10714.0,
            12121.0,
            15594.0,
            10455.0,
            10180.0,
            11942.0
        ],
        "IntDen": [
            5351.375851186114,
            5873.69083863976,
            6301.895017543199,
            7129.481940231577,
            9172.274678324497,
            6149.553146202553,
            5987.800194006885,
            7024.1954731660335
        ],
        "FlagUp": 0,
        "Times": [
            -15,
            -10,
            -5,
            2,
            10,
            20,
            30,
            40
        ],
        "width": 0,
        "height": 0,
        "area": 0.5881925534387903,
        "distance": 0,
        "xpert": [
            [
                223.0,
                178.2
            ],
            [
                218.4,
                175.6
            ],
            [
                217.8,
                171.0
            ],
            [
                217.6,
                165.6
            ],
            [
                223.0,
                165.8
            ],
            [
                227.0,
                167.0
            ],
            [
                229.4,
                171.0
            ],
            [
                230.2,
                178.2
            ]
        ],
        "stack": 0
    },
    {
        "type": "Spine",
        "location": [
            214,
            172
        ],
        "radloc": [
            0,
            0
        ],
        "mean": [
            79.92567567567568,
            86.22297297297297,
            92.44594594594595,
            96.25,
            83.64864864864865,
            102.01351351351352,
            126.70270270270271,
            123.32432432432432
        ],
        "min": [
            22.0,
            26.0,
            19.0,
            24.0,
            27.0,
            25.0,
            27.0,
            59.0
        ],
        "max": [
            172.0,
            165.0,
            201.0,
            198.0,
            195.0,
            170.0,
            255.0,
            249.0
        ],
        "RawIntDen": [
            11829.0,
            12761.0,
            13682.0,
            14245.0,
            12380.0,
            15098.0,
            18752.0,
            18252.0
        ],
        "IntDen": [
            7697.805557968316,
            8304.311161149182,
            8903.658436395512,
            9270.03467522687,
            8056.37271178018,
            9825.130468696056,
            12202.996857132628,
            11877.618314653622
        ],
        "FlagUp": 0,
        "Times": [
            -15,
            -10,
            -5,
            2,
            10,
            20,
            30,
            40
        ],
        "width": 0,
        "height": 0,
        "area": 0.6507570849580113,
        "distance": -0.6132585532283792,
        "xpert": [
            [
                214.0,
                178.6
            ],
            [
                208.6,
                177.4
            ],
            [
                206.2,
                172.0
            ],
            [
                207.4,
                165.4
            ],
            [
                214.0,
                164.6
            ],
            [
                218.6,
                167.4
            ],
            [
                219.2,
                172.0
            ],
            [
                219.0,
                177.0
            ]
        ],
        "stack": 0
    },
    {
        "type": "Spine",
        "location": [
            200,
            170
        ],
        "radloc": [
            0,
            0
        ],
        "mean": [
            120.11330049261083,
            141.55172413793105,
            177.33004926108376,
            177.35467980295567,
            170.4384236453202,
            175.64532019704433,
            175.20197044334975,
            183.39901477832512
        ],
        "min": [
            13.0,
            24.0,
            50.0,
            38.0,
            34.0,
            30.0,
            26.0,
            32.0
        ],
        "max": [
            255.0,
            255.0,
            255.0,
            255.0,
            255.0,
            255.0,
            255.0,
            255.0
        ],
        "RawIntDen": [
            24383.0,
            28735.0,
            35998.0,
            36003.0,
            34599.0,
            35656.0,
            35566.0,
            37230.0
        ],
        "IntDen": [
            21964.96269054985,
            25885.37927707624,
            32428.11495445243,
            32432.619109538053,
            31167.85236149507,
            32120.030746595807,
            32038.95595505459,
            33537.938767549975
        ],
        "FlagUp": 0,
        "Times": [
            -15,
            -10,
            -5,
            2,
            10,
            20,
            30,
            40
        ],
        "width": 0,
        "height": 0,
        "area": 0.90083101712463,
        "distance": -0.5341505312590457,
        "xpert": [
            [
                200.0,
                177.8
            ],
            [
                193.0,
                177.0
            ],
            [
                190.8,
                170.0
            ],
            [
                193.4,
                163.4
            ],
            [
                200.0,
                163.2
            ],
            [
                205.8,
                164.2
            ],
            [
                207.8,
                170.0
            ],
            [
                206.4,
                176.4
            ]
        ],
        "stack": 0
    },
    {
        "type": "Spine",
        "location": [
            182,
            169
        ],
        "radloc": [
            0,
            0
        ],
        "mean": [
            62.60629921259842,
            63.496062992125985,
            78.5748031496063,
            90.1732283464567,
            91.85039370078741,
            129.28346456692913,
            107.92913385826772,
            114.92913385826772
        ],
        "min": [
            13.0,
            15.0,
            17.0,
            22.0,
            16.0,
            33.0,
            19.0,
            28.0
        ],
        "max": [
            150.0,
            138.0,
            170.0,
            206.0,
            201.0,
            252.0,
            251.0,
            244.0
        ],
        "RawIntDen": [
            7951.0,
            8064.0,
            9979.0,
            11452.0,
            11665.0,
            16419.0,
            13707.0,
            14596.0
        ],
        "IntDen": [
            4422.3796818452565,
            4485.230757690875,
            5550.361821800253,
            6369.650624637388,
            6488.122121585325,
            9132.316940789493,
            7623.891120494645,
            8118.356664094247
        ],
        "FlagUp": 0,
        "Times": [
            -15,
            -10,
            -5,
            2,
            10,
            20,
            30,
            40
        ],
        "width": 0,
        "height": 0,
        "area": 0.556204211023174,
        "distance": -0.12159412726936421,
        "xpert": [
            [
                182.0,
                175.0
            ],
            [
                176.8,
                174.2
            ],
            [
                176.8,
                169.0
            ],
            [
                178.2,
                165.2
            ],
            [
                182.0,
                163.8
            ],
            [
                187.4,
                163.6
            ],
            [
                191.0,
                169.0
            ],
            [
                187.0,
                174.0
            ]
        ],
        "stack": 0
    },
    {
        "type": "Spine",
        "location": [
            216,
            200
        ],
        "radloc": [
            0,
            0
        ],
        "mean": [
            150.60504201680672,
            171.92016806722688,
            155.30672268907563,
            173.64285714285714,
            153.33193277310923,
            164.36974789915968,
            165.23529411764707,
            168.58403361344537
        ],
        "min": [
            15.0,
            27.0,
            21.0,
            38.0,
            15.0,
            28.0,
            29.0,
            32.0
        ],
        "max": [
            255.0,
            255.0,
            255.0,
            255.0,
            255.0,
            255.0,
            255.0,
            255.0
        ],
        "RawIntDen": [
            35844.0,
            40917.0,
            36963.0,
            41327.0,
            36493.0,
            39120.0,
            39326.0,
            40123.0
        ],
        "IntDen": [
            37522.767718903284,
            42833.36365233695,
            38694.17652030527,
            43262.56616223401,
            38202.16388700864,
            40952.20045651982,
            41167.848546858346,
            42002.17635268264
        ],
        "FlagUp": 0,
        "Times": [
            -15,
            -10,
            -5,
            2,
            10,
            20,
            30,
            40
        ],
        "width": 0,
        "height": 0,
        "area": 1.046835389992838,
        "distance": -0.6813801338808666,
        "xpert": [
            [
                216.0,
                207.8
            ],
            [
                209.8,
                206.2
            ],
            [
                207.0,
                200.0
            ],
            [
                210.4,
                194.4
            ],
            [
                216.0,
                192.0
            ],
            [
                224.6,
                191.4
            ],
            [
                226.8,
                200.0
            ],
            [
                222.0,
                206.0
            ]
        ],
        "stack": 0
    },
    {
        "type": "Spine",
        "location": [
            227,
            211
        ],
        "radloc": [
            0,
            0
        ],
        "mean": [
            47.50694444444444,
            71.65277777777777,
            59.84722222222222,
            73.39583333333333,
            80.33333333333333,
            70.65277777777777,
            72.61805555555556,
            71.07638888888889
        ],
        "min": [
            6.0,
            9.0,
            11.0,
            15.0,
            15.0,
            6.0,
            11.0,
            7.0
        ],
        "max": [
            140.0,
            201.0,
            146.0,
            159.0,
            173.0,
            189.0,
            191.0,
            214.0
        ],
        "RawIntDen": [
            6841.0,
            10318.0,
            8618.0,
            10569.0,
            11568.0,
            10174.0,
            10457.0,
            10235.0
        ],
        "IntDen": [
            4361.9441863367965,
            6578.941691948994,
            5494.991229038227,
            6738.983789708172,
            7375.964091148087,
            6487.124711561259,
            6667.570582739933,
            6526.019404642174
        ],
        "FlagUp": 0,
        "Times": [
            -15,
            -10,
            -5,
            2,
            10,
            20,
            30,
            40
        ],
        "width": 0,
        "height": 0,
        "area": 0.6376179193592745,
        "distance": 0.26356,
        "xpert": [
            [
                227.0,
                215.8
            ],
            [
                222.4,
                215.6
            ],
            [
                219.2,
                211.0
            ],
            [
                221.0,
                205.0
            ],
            [
                227.0,
                200.6
            ],
            [
                232.0,
                206.0
            ],
            [
                232.2,
                211.0
            ],
            [
                231.0,
                215.0
            ]
        ],
        "stack": 0
    },
    {
        "type": "Spine",
        "location": [
            142,
            196
        ],
        "radloc": [
            0,
            0
        ],
        "mean": [
            84.3076923076923,
            90.76282051282051,
            89.46153846153847,
            113.7948717948718,
            109.56410256410257,
            143.24358974358975,
            136.84615384615384,
            157.22435897435898
        ],
        "min": [
            12.0,
            16.0,
            15.0,
            30.0,
            22.0,
            34.0,
            32.0,
            51.0
        ],
        "max": [
            160.0,
            214.0,
            196.0,
            198.0,
            229.0,
            239.0,
            232.0,
            253.0
        ],
        "RawIntDen": [
            13152.0,
            14159.0,
            13956.0,
            17752.0,
            17092.0,
            22346.0,
            21348.0,
            24527.0
        ],
        "IntDen": [
            9010.15309271644,
            9700.027192805055,
            9560.956247106953,
            12161.514423806437,
            11709.362580650046,
            15308.76528359501,
            14625.056890458529,
            16802.921601661812
        ],
        "FlagUp": 0,
        "Times": [
            -15,
            -10,
            -5,
            2,
            10,
            20,
            30,
            40
        ],
        "width": 0,
        "height": 0,
        "area": 0.6850785502369556,
        "distance": -0.5980057492205432,
        "xpert": [
            [
                142.0,
                203.8
            ],
            [
                137.4,
                200.6
            ],
            [
                135.0,
                196.0
            ],
            [
                136.0,
                190.0
            ],
            [
                142.0,
                189.6
            ],
            [
                146.2,
                191.8
            ],
            [
                150.0,
                196.0
            ],
            [
                148.4,
                202.4
            ]
        ],
        "stack": 0
    },
    {
        "type": "Spine",
        "location": [
            147,
            187
        ],
        "radloc": [
            0,
            0
        ],
        "mean": [
            107.0,
            125.71764705882353,
            138.91176470588235,
            134.66470588235293,
            156.39411764705883,
            155.57647058823528,
            154.81764705882352,
            151.93529411764706
        ],
        "min": [
            20.0,
            14.0,
            32.0,
            32.0,
            31.0,
            64.0,
            40.0,
            69.0
        ],
        "max": [
            200.0,
            251.0,
            253.0,
            254.0,
            255.0,
            255.0,
            237.0,
            237.0
        ],
        "RawIntDen": [
            18190.0,
            21372.0,
            23615.0,
            22893.0,
            26587.0,
            26448.0,
            26319.0,
            25829.0
        ],
        "IntDen": [
            14037.424654894772,
            16493.00933064382,
            18223.957296610228,
            17666.78189249621,
            20517.48264429287,
            20410.21480333463,
            20310.664073236698,
            19932.525641081753
        ],
        "FlagUp": 0,
        "Times": [
            -15,
            -10,
            -5,
            2,
            10,
            20,
            30,
            40
        ],
        "width": 0,
        "height": 0,
        "area": 0.7717110860304988,
        "distance": -0.37370910263873947,
        "xpert": [
            [
                147.0,
                193.4
            ],
            [
                142.8,
                191.2
            ],
            [
                137.2,
                187.0
            ],
            [
                141.0,
                181.0
            ],
            [
                147.0,
                178.2
            ],
            [
                153.8,
                180.2
            ],
            [
                153.8,
                187.0
            ],
            [
                151.6,
                191.6
            ]
        ],
        "stack": 0
    },
    {
        "type": "Spine",
        "location": [
            99,
            204
        ],
        "radloc": [
            0,
            0
        ],
        "mean": [
            65.63934426229508,
            72.53005464480874,
            84.30054644808743,
            98.14754098360656,
            100.89071038251366,
            119.22404371584699,
            118.46448087431693,
            133.0601092896175
        ],
        "min": [
            15.0,
            9.0,
            19.0,
            23.0,
            20.0,
            26.0,
            29.0,
            47.0
        ],
        "max": [
            134.0,
            157.0,
            155.0,
            161.0,
            196.0,
            212.0,
            211.0,
            255.0
        ],
        "RawIntDen": [
            12012.0,
            13273.0,
            15427.0,
            17961.0,
            18463.0,
            21818.0,
            21679.0,
            24350.0
        ],
        "IntDen": [
            10616.49123827744,
            11730.993024113925,
            13634.749444963874,
            15874.358901989768,
            16318.038439253776,
            19283.26721917559,
            19160.41571383755,
            21521.109028642662
        ],
        "FlagUp": 0,
        "Times": [
            -15,
            -10,
            -5,
            2,
            10,
            20,
            30,
            40
        ],
        "width": 0,
        "height": 0,
        "area": 0.8838237794103763,
        "distance": -1.3111622123044282,
        "xpert": [
            [
                99.0,
                209.8
            ],
            [
                93.4,
                209.6
            ],
            [
                85.0,
                204.0
            ],
            [
                93.6,
                198.6
            ],
            [
                99.0,
                196.6
            ],
            [
                104.0,
                199.0
            ],
            [
                108.4,
                204.0
            ],
            [
                103.0,
                208.0
            ]
        ],
        "stack": 0
    },
    {
        "type": "Spine",
        "location": [
            46,
            195
        ],
        "radloc": [
            0,
            0
        ],
        "mean": [
            87.74011299435028,
            115.85310734463278,
            131.70056497175142,
            120.03954802259886,
            95.67796610169492,
            97.80225988700565,
            111.87570621468926,
            90.69491525423729
        ],
        "min": [
            11.0,
            14.0,
            20.0,
            13.0,
            9.0,
            9.0,
            12.0,
            8.0
        ],
        "max": [
            177.0,
            237.0,
            255.0,
            229.0,
            239.0,
            255.0,
            246.0,
            253.0
        ],
        "RawIntDen": [
            15530.0,
            20506.0,
            23311.0,
            21247.0,
            16935.0,
            17311.0,
            19802.0,
            16053.0
        ],
        "IntDen": [
            12144.86292593088,
            16036.224028276794,
            18229.806804016403,
            16615.70525352565,
            13243.609378663197,
            13537.651133985155,
            15485.677762993128,
            12553.862495168603
        ],
        "FlagUp": 0,
        "Times": [
            -15,
            -10,
            -5,
            2,
            10,
            20,
            30,
            40
        ],
        "width": 0,
        "height": 0,
        "area": 0.782025945005208,
        "distance": 1.8527640345078074,
        "xpert": [
            [
                46.0,
                201.4
            ],
            [
                39.6,
                201.4
            ],
            [
                38.6,
                195.0
            ],
            [
                40.2,
                189.2
            ],
            [
                46.0,
                184.2
            ],
            [
                51.0,
                190.0
            ],
            [
                53.2,
                195.0
            ],
            [
                50.8,
                199.8
            ]
        ],
        "stack": 0
    },
    {
        "type": "Spine",
        "location": [
            256,
            168
        ],
        "radloc": [
            0,
            0
        ],
        "mean": [
            142.01526717557252,
            173.5267175572519,
            147.98473282442748,
            119.48091603053435,
            129.1908396946565,
            136.77862595419847,
            129.9770992366412,
            118.41984732824427
        ],
        "min": [
            26.0,
            50.0,
            32.0,
            17.0,
            21.0,
            35.0,
            22.0,
            18.0
        ],
        "max": [
            255.0,
            255.0,
            255.0,
            255.0,
            255.0,
            255.0,
            255.0,
            252.0
        ],
        "RawIntDen": [
            18604.0,
            22732.0,
            19386.0,
            15652.0,
            16924.0,
            17918.0,
            17027.0,
            15513.0
        ],
        "IntDen": [
            11379.072937339675,
            13903.950011374194,
            11857.380561345246,
            9573.49223904755,
            10351.506686279115,
            10959.483384823281,
            10414.506283814377,
            9488.473364703848
        ],
        "FlagUp": 0,
        "Times": [
            -15,
            -10,
            -5,
            2,
            10,
            20,
            30,
            40
        ],
        "width": 0,
        "height": 0,
        "area": 0.611646578012238,
        "distance": 2.552736839378397,
        "xpert": [
            [
                256.0,
                172.4
            ],
            [
                249.0,
                175.0
            ],
            [
                247.6,
                168.0
            ],
            [
                251.0,
                163.0
            ],
            [
                256.0,
                161.4
            ],
            [
                261.0,
                163.0
            ],
            [
                263.0,
                168.0
            ],
            [
                259.0,
                171.0
            ]
        ],
        "stack": 0
    },
    {
        "type": "Spine",
        "location": [
            290,
            193
        ],
        "radloc": [
            0,
            0
        ],
        "mean": [
            114.64893617021276,
            121.68794326241135,
            136.85106382978722,
            130.84751773049646,
            139.31914893617022,
            138.7127659574468,
            163.69148936170214,
            159.9468085106383
        ],
        "min": [
            21.0,
            13.0,
            20.0,
            22.0,
            15.0,
            28.0,
            37.0,
            29.0
        ],
        "max": [
            241.0,
            228.0,
            255.0,
            248.0,
            250.0,
            255.0,
            255.0,
            255.0
        ],
        "RawIntDen": [
            32331.0,
            34316.0,
            38592.0,
            36899.0,
            39288.0,
            39117.0,
            46161.0,
            45105.0
        ],
        "IntDen": [
            40493.19346860521,
            42979.3209943601,
            48334.827946565594,
            46214.417920821,
            49206.53815206958,
            48992.36797226903,
            57814.676431421394,
            56492.08163686363
        ],
        "FlagUp": 0,
        "Times": [
            -15,
            -10,
            -5,
            2,
            10,
            20,
            30,
            40
        ],
        "width": 0,
        "height": 0,
        "area": 1.2524571918160654,
        "distance": 5.540074460877233,
        "xpert": [
            [
                290.0,
                199.0
            ],
            [
                284.6,
                198.4
            ],
            [
                278.2,
                193.0
            ],
            [
                280.8,
                183.8
            ],
            [
                290.0,
                178.6
            ],
            [
                297.0,
                186.0
            ],
            [
                297.6,
                193.0
            ],
            [
                295.0,
                198.0
            ]
        ],
        "stack": 0
    },
    {
        "type": "Spine",
        "location": [
            311,
            204
        ],
        "radloc": [
            0,
            0
        ],
        "mean": [
            86.17880794701986,
            89.19867549668874,
            84.09933774834437,
            97.23178807947019,
            104.05298013245033,
            102.94039735099338,
            102.03311258278146,
            106.98013245033113
        ],
        "min": [
            18.0,
            32.0,
            21.0,
            27.0,
            23.0,
            18.0,
            14.0,
            19.0
        ],
        "max": [
            216.0,
            210.0,
            196.0,
            224.0,
            216.0,
            228.0,
            238.0,
            231.0
        ],
        "RawIntDen": [
            13013.0,
            13469.0,
            12699.0,
            14682.0,
            15712.0,
            15544.0,
            15407.0,
            16154.0
        ],
        "IntDen": [
            8820.648503633076,
            9129.740620566658,
            8607.808756446357,
            9951.952764953572,
            10650.121362413194,
            10536.245319332402,
            10443.382117534375,
            10949.723809090043
        ],
        "FlagUp": 0,
        "Times": [
            -15,
            -10,
            -5,
            2,
            10,
            20,
            30,
            40
        ],
        "width": 0,
        "height": 0,
        "area": 0.6778335897666239,
        "distance": 6.287776863064777,
        "xpert": [
            [
                311.0,
                210.2
            ],
            [
                303.6,
                211.4
            ],
            [
                304.4,
                204.0
            ],
            [
                305.6,
                198.6
            ],
            [
                311.0,
                195.2
            ],
            [
                316.2,
                198.8
            ],
            [
                316.6,
                204.0
            ],
            [
                314.8,
                207.8
            ]
        ],
        "stack": 0
    },
    {
        "type": "Spine",
        "location": [
            328,
            151
        ],
        "radloc": [
            0,
            0
        ],
        "mean": [
            64.95454545454545,
            64.96818181818182,
            75.82727272727273,
            71.60909090909091,
            70.25909090909092,
            88.65454545454546,
            87.25,
            72.1
        ],
        "min": [
            18.0,
            16.0,
            13.0,
            16.0,
            23.0,
            12.0,
            11.0,
            13.0
        ],
        "max": [
            131.0,
            163.0,
            201.0,
            192.0,
            150.0,
            216.0,
            194.0,
            164.0
        ],
        "RawIntDen": [
            14290.0,
            14293.0,
            16682.0,
            15754.0,
            15457.0,
            19504.0,
            19195.0,
            15862.0
        ],
        "IntDen": [
            13859.924351331014,
            13862.834062531432,
            16179.934081798738,
            15279.863417135673,
            14991.802008294155,
            18917.002417659907,
            18617.30216401671,
            15384.613020350771
        ],
        "FlagUp": 0,
        "Times": [
            -15,
            -10,
            -5,
            2,
            10,
            20,
            30,
            40
        ],
        "width": 0,
        "height": 0,
        "area": 0.969903733473129,
        "distance": 8.030547174824726,
        "xpert": [
            [
                328.0,
                157.6
            ],
            [
                322.6,
                156.4
            ],
            [
                320.2,
                151.0
            ],
            [
                323.4,
                146.4
            ],
            [
                328.0,
                141.2
            ],
            [
                337.2,
                141.8
            ],
            [
                337.2,
                151.0
            ],
            [
                334.2,
                157.2
            ]
        ],
        "stack": 0
    },
    {
        "type": "Spine",
        "location": [
            349,
            146
        ],
        "radloc": [
            0,
            0
        ],
        "mean": [
            84.856,
            92.472,
            95.656,
            69.76,
            94.264,
            76.712,
            68.6,
            68.36
        ],
        "min": [
            26.0,
            28.0,
            14.0,
            14.0,
            17.0,
            15.0,
            17.0,
            13.0
        ],
        "max": [
            220.0,
            215.0,
            216.0,
            155.0,
            194.0,
            177.0,
            179.0,
            158.0
        ],
        "RawIntDen": [
            10607.0,
            11559.0,
            11957.0,
            8720.0,
            11783.0,
            9589.0,
            8575.0,
            8545.0
        ],
        "IntDen": [
            6192.06853897751,
            6747.819387389557,
            6980.160603427367,
            5090.490964446487,
            6878.584292898274,
            5597.788745192358,
            5005.844039005576,
            4988.330882017802
        ],
        "FlagUp": 0,
        "Times": [
            -15,
            -10,
            -5,
            2,
            10,
            20,
            30,
            40
        ],
        "width": 0,
        "height": 0,
        "area": 0.583771899592487,
        "distance": 8.89557444827983,
        "xpert": [
            [
                349.0,
                152.4
            ],
            [
                343.0,
                152.0
            ],
            [
                337.6,
                146.0
            ],
            [
                345.4,
                142.4
            ],
            [
                349.0,
                141.0
            ],
            [
                352.4,
                142.6
            ],
            [
                354.6,
                146.0
            ],
            [
                353.0,
                150.0
            ]
        ],
        "stack": 0
    }
]