[
    {
        "type": "Stim",
        "location": [
            193,
            124
        ],
        "radloc": [
            0,
            0
        ],
        "mean": [
            37.205714285714286,
            30.908571428571427,
            29.645714285714284,
            81.58285714285714,
            77.17714285714285,
            42.36,
            39.44,
            38.074285714285715
        ],
        "min": [
            9.0,
            6.0,
            7.0,
            40.0,
            18.0,
            10.0,
            10.0,
            8.0
        ],
        "max": [
            103.0,
            73.0,
            94.0,
            190.0,
            158.0,
            132.0,
            111.0,
            92.0
        ],
        "RawIntDen": [
            6511.0,
            5409.0,
            5188.0,
            14277.0,
            13506.0,
            7413.0,
            6902.0,
            6663.0
        ],
        "IntDen": [
            5066.585910384783,
            4209.0559344603425,
            4037.083044551721,
            11109.75995124613,
            10509.800231248177,
            5768.484311731285,
            5370.845638684652,
            5184.865907064016
        ],
        "FlagUp": 0,
        "Times": [
            -15,
            -10,
            -5,
            2,
            10,
            20,
            30,
            40
        ],
        "width": 0,
        "height": 0,
        "area": 0.7781578728896917,
        "distance": 0,
        "xpert": [
            [
                193.0,
                131.8
            ],
            [
                186.6,
                130.4
            ],
            [
                186.4,
                124.0
            ],
            [
                187.2,
                118.2
            ],
            [
                193.0,
                114.8
            ],
            [
                199.8,
                117.2
            ],
            [
                199.4,
                124.0
            ],
            [
                197.2,
                128.2
            ]
        ],
        "stack": 0
    },
    {
        "type": "Stim",
        "location": [
            233,
            130
        ],
        "radloc": [
            0,
            0
        ],
        "mean": [
            50.72289156626506,
            48.25301204819277,
            95.10843373493977,
            83.48192771084338,
            65.46987951807229,
            38.2710843373494,
            35.21084337349398,
            40.0722891566265
        ],
        "min": [
            18.0,
            12.0,
            40.0,
            34.0,
            21.0,
            12.0,
            10.0,
            17.0
        ],
        "max": [
            114.0,
            110.0,
            199.0,
            151.0,
            117.0,
            92.0,
            77.0,
            71.0
        ],
        "RawIntDen": [
            8420.0,
            8010.0,
            15788.0,
            13858.0,
            10868.0,
            6353.0,
            5845.0,
            6652.0
        ],
        "IntDen": [
            6326.689973783371,
            6018.620747031448,
            11862.919395022785,
            10412.739864214958,
            8166.088673999723,
            4773.570237938926,
            4391.864952109715,
            4998.235356960449
        ],
        "FlagUp": 0,
        "Times": [
            -15,
            -10,
            -5,
            2,
            10,
            20,
            30,
            40
        ],
        "width": 0,
        "height": 0,
        "area": 0.7513883579315167,
        "distance": 0,
        "xpert": [
            [
                233.0,
                135.8
            ],
            [
                226.8,
                136.2
            ],
            [
                225.8,
                130.0
            ],
            [
                227.0,
                124.0
            ],
            [
                233.0,
                123.8
            ],
            [
                239.0,
                124.0
            ],
            [
                241.8,
                130.0
            ],
            [
                238.8,
                135.8
            ]
        ],
        "stack": 0
    },
    {
        "type": "Stim",
        "location": [
            10,
            101
        ],
        "radloc": [
            0,
            0
        ],
        "mean": [
            29.966101694915253,
            27.9774011299435,
            30.36723163841808,
            62.28813559322034,
            38.89265536723164,
            43.5819209039548,
            39.152542372881356,
            28.983050847457626
        ],
        "min": [
            11.0,
            10.0,
            8.0,
            19.0,
            13.0,
            17.0,
            9.0,
            10.0
        ],
        "max": [
            83.0,
            82.0,
            75.0,
            122.0,
            98.0,
            101.0,
            120.0,
            108.0
        ],
        "RawIntDen": [
            5304.0,
            4952.0,
            5375.0,
            11025.0,
            6884.0,
            7714.0,
            6930.0,
            5130.0
        ],
        "IntDen": [
            4111.066616139701,
            3838.235649156071,
            4166.0978623210585,
            8545.344917598079,
            5335.705615668496,
            5979.028634408306,
            5371.35966249022,
            3976.2013085966564
        ],
        "FlagUp": 0,
        "Times": [
            -15,
            -10,
            -5,
            2,
            10,
            20,
            30,
            40
        ],
        "width": 0,
        "height": 0,
        "area": 0.7750879743853132,
        "distance": 0,
        "xpert": [
            [
                10.0,
                108.6
            ],
            [
                4.2,
                106.8
            ],
            [
                0.0,
                101.0
            ],
            [
                3.6,
                94.6
            ],
            [
                10.0,
                95.0
            ],
            [
                14.2,
                96.8
            ],
            [
                18.0,
                101.0
            ],
            [
                15.6,
                106.6
            ]
        ],
        "stack": 0
    },
    {
        "type": "Stim",
        "location": [
            50,
            105
        ],
        "radloc": [
            0,
            0
        ],
        "mean": [
            74.32960893854748,
            61.072625698324025,
            46.245810055865924,
            36.31843575418994,
            40.3072625698324,
            54.74860335195531,
            61.23463687150838,
            36.36871508379888
        ],
        "min": [
            20.0,
            12.0,
            12.0,
            7.0,
            8.0,
            15.0,
            12.0,
            9.0
        ],
        "max": [
            151.0,
            136.0,
            93.0,
            99.0,
            105.0,
            123.0,
            129.0,
            101.0
        ],
        "RawIntDen": [
            13305.0,
            10932.0,
            8278.0,
            6501.0,
            7215.0,
            9800.0,
            10961.0,
            6510.0
        ],
        "IntDen": [
            10643.389995962647,
            8745.098792624101,
            6622.0204724974665,
            5200.501943912302,
            5771.669208633634,
            7839.550692253584,
            8768.297463039953,
            5207.701531282738
        ],
        "FlagUp": 0,
        "Times": [
            -15,
            -10,
            -5,
            2,
            10,
            20,
            30,
            40
        ],
        "width": 0,
        "height": 0,
        "area": 0.7999541522707739,
        "distance": 0,
        "xpert": [
            [
                50.0,
                112.6
            ],
            [
                45.0,
                110.0
            ],
            [
                44.0,
                105.0
            ],
            [
                45.8,
                100.8
            ],
            [
                50.0,
                97.8
            ],
            [
                56.4,
                98.6
            ],
            [
                58.2,
                105.0
            ],
            [
                58.4,
                113.4
            ]
        ],
        "stack": 0
    },
    {
        "type": "Stim",
        "location": [
            101,
            114
        ],
        "radloc": [
            0,
            0
        ],
        "mean": [
            30.371951219512194,
            27.591463414634145,
            32.670731707317074,
            66.95121951219512,
            77.4451219512195,
            77.77439024390245,
            54.51829268292683,
            32.573170731707314
        ],
        "min": [
            8.0,
            7.0,
            7.0,
            19.0,
            27.0,
            25.0,
            17.0,
            8.0
        ],
        "max": [
            100.0,
            94.0,
            85.0,
            150.0,
            178.0,
            145.0,
            122.0,
            86.0
        ],
        "RawIntDen": [
            4981.0,
            4525.0,
            5358.0,
            10980.0,
            12701.0,
            12755.0,
            8941.0,
            5342.0
        ],
        "IntDen": [
            3653.0591871780925,
            3318.629355948779,
            3929.5505169444327,
            8052.718304600573,
            9314.897557990153,
            9354.50109063573,
            6557.318247853709,
            3917.8161369012987
        ],
        "FlagUp": 0,
        "Times": [
            -15,
            -10,
            -5,
            2,
            10,
            20,
            30,
            40
        ],
        "width": 0,
        "height": 0,
        "area": 0.7333987526958627,
        "distance": 0,
        "xpert": [
            [
                101.0,
                121.4
            ],
            [
                94.6,
                120.4
            ],
            [
                92.6,
                114.0
            ],
            [
                96.0,
                109.0
            ],
            [
                101.0,
                106.2
            ],
            [
                107.0,
                108.0
            ],
            [
                106.8,
                114.0
            ],
            [
                106.2,
                119.2
            ]
        ],
        "stack": 0
    },
    {
        "type": "Stim",
        "location": [
            135,
            77
        ],
        "radloc": [
            0,
            0
        ],
        "mean": [
            39.104,
            141.128,
            67.928,
            63.36,
            62.408,
            54.528,
            37.104,
            35.288
        ],
        "min": [
            10.0,
            57.0,
            17.0,
            13.0,
            18.0,
            16.0,
            10.0,
            8.0
        ],
        "max": [
            112.0,
            241.0,
            135.0,
            134.0,
            130.0,
            106.0,
            76.0,
            82.0
        ],
        "RawIntDen": [
            4888.0,
            17641.0,
            8491.0,
            7920.0,
            7801.0,
            6816.0,
            4638.0,
            4411.0
        ],
        "IntDen": [
            2773.0466867609034,
            10008.043494506772,
            4817.0907154842125,
            4493.152569383461,
            4425.6418173939865,
            3866.8343324390994,
            2631.2173758586478,
            2502.4363615593998
        ],
        "FlagUp": 0,
        "Times": [
            -15,
            -10,
            -5,
            2,
            10,
            20,
            30,
            40
        ],
        "width": 0,
        "height": 0,
        "area": 0.5673172436090228,
        "distance": 0,
        "xpert": [
            [
                135.0,
                82.8
            ],
            [
                130.2,
                81.8
            ],
            [
                127.0,
                77.0
            ],
            [
                129.6,
                71.6
            ],
            [
                135.0,
                71.0
            ],
            [
                139.4,
                72.6
            ],
            [
                142.8,
                77.0
            ],
            [
                139.0,
                81.0
            ]
        ],
        "stack": 0
    },
    {
        "type": "Stim",
        "location": [
            98,
            74
        ],
        "radloc": [
            0,
            0
        ],
        "mean": [
            23.771300448430495,
            26.968609865470853,
            24.556053811659194,
            76.79372197309416,
            93.9372197309417,
            55.71748878923767,
            62.90582959641256,
            24.47085201793722
        ],
        "min": [
            6.0,
            7.0,
            7.0,
            11.0,
            27.0,
            13.0,
            16.0,
            6.0
        ],
        "max": [
            77.0,
            97.0,
            77.0,
            190.0,
            171.0,
            145.0,
            145.0,
            100.0
        ],
        "RawIntDen": [
            5301.0,
            6014.0,
            5476.0,
            17125.0,
            20948.0,
            12425.0,
            14028.0,
            5457.0
        ],
        "IntDen": [
            5209.4830547828,
            5910.173758057679,
            5381.46183889655,
            16829.352445416986,
            20586.351826370512,
            12210.493672076265,
            13785.819334558219,
            5362.789856621343
        ],
        "FlagUp": 0,
        "Times": [
            -15,
            -10,
            -5,
            2,
            10,
            20,
            30,
            40
        ],
        "width": 0,
        "height": 0,
        "area": 0.9827359092214298,
        "distance": 0,
        "xpert": [
            [
                98.0,
                82.8
            ],
            [
                91.6,
                80.4
            ],
            [
                88.6,
                74.0
            ],
            [
                91.6,
                67.6
            ],
            [
                98.0,
                67.8
            ],
            [
                103.4,
                68.6
            ],
            [
                107.6,
                74.0
            ],
            [
                105.8,
                81.8
            ]
        ],
        "stack": 0
    },
    {
        "type": "Spine",
        "location": [
            65,
            105
        ],
        "radloc": [
            0,
            0
        ],
        "mean": [
            179.4181818181818,
            75.45454545454545,
            62.554545454545455,
            48.236363636363635,
            54.55909090909091,
            79.69545454545455,
            62.986363636363635,
            57.11818181818182
        ],
        "min": [
            72.0,
            10.0,
            9.0,
            9.0,
            6.0,
            15.0,
            9.0,
            9.0
        ],
        "max": [
            255.0,
            212.0,
            194.0,
            144.0,
            171.0,
            213.0,
            175.0,
            187.0
        ],
        "RawIntDen": [
            39472.0,
            16600.0,
            13762.0,
            10612.0,
            12003.0,
            17533.0,
            13857.0,
            12566.0
        ],
        "IntDen": [
            39447.32049179346,
            16589.621001311603,
            13753.395434942786,
            10605.364943730043,
            11995.495233659227,
            17522.037651566043,
            13848.336037058727,
            12558.14322304106
        ],
        "FlagUp": 0,
        "Times": [
            -15,
            -10,
            -5,
            2,
            10,
            20,
            30,
            40
        ],
        "width": 0,
        "height": 0,
        "area": 0.9993747591151567,
        "distance": -1.1474225316247633,
        "xpert": [
            [
                65.0,
                116.8
            ],
            [
                59.2,
                110.8
            ],
            [
                57.2,
                105.0
            ],
            [
                58.4,
                98.4
            ],
            [
                65.0,
                98.2
            ],
            [
                71.8,
                98.2
            ],
            [
                74.0,
                105.0
            ],
            [
                71.2,
                111.2
            ]
        ],
        "stack": 0
    },
    {
        "type": "Spine",
        "location": [
            118,
            85
        ],
        "radloc": [
            0,
            0
        ],
        "mean": [
            30.78787878787879,
            29.46969696969697,
            27.075757575757574,
            83.1590909090909,
            105.99242424242425,
            45.34848484848485,
            52.666666666666664,
            40.72727272727273
        ],
        "min": [
            8.0,
            12.0,
            10.0,
            26.0,
            46.0,
            17.0,
            15.0,
            11.0
        ],
        "max": [
            70.0,
            73.0,
            47.0,
            184.0,
            196.0,
            101.0,
            103.0,
            99.0
        ],
        "RawIntDen": [
            4064.0,
            3890.0,
            3574.0,
            10977.0,
            13991.0,
            5986.0,
            6952.0,
            5376.0
        ],
        "IntDen": [
            2450.299661279847,
            2345.390177750641,
            2154.8649088125426,
            6618.341383333878,
            8435.56657504093,
            3609.127404631192,
            4191.555916638164,
            3241.341284212711
        ],
        "FlagUp": 0,
        "Times": [
            -15,
            -10,
            -5,
            2,
            10,
            20,
            30,
            40
        ],
        "width": 0,
        "height": 0,
        "area": 0.6029280662598049,
        "distance": -1.12013,
        "xpert": [
            [
                118.0,
                89.8
            ],
            [
                113.2,
                89.8
            ],
            [
                108.8,
                85.0
            ],
            [
                112.6,
                79.6
            ],
            [
                118.0,
                79.2
            ],
            [
                123.0,
                80.0
            ],
            [
                125.4,
                85.0
            ],
            [
                122.6,
                89.6
            ]
        ],
        "stack": 0
    },
    {
        "type": "Spine",
        "location": [
            136,
            108
        ],
        "radloc": [
            0,
            0
        ],
        "mean": [
            59.566473988439306,
            52.42774566473989,
            43.39306358381503,
            38.005780346820806,
            48.190751445086704,
            80.0693641618497,
            56.53757225433526,
            73.84393063583815
        ],
        "min": [
            12.0,
            11.0,
            9.0,
            9.0,
            12.0,
            28.0,
            17.0,
            26.0
        ],
        "max": [
            158.0,
            159.0,
            115.0,
            126.0,
            109.0,
            140.0,
            117.0,
            147.0
        ],
        "RawIntDen": [
            10305.0,
            9070.0,
            7507.0,
            6575.0,
            8337.0,
            13852.0,
            9781.0,
            12775.0
        ],
        "IntDen": [
            7793.040808942707,
            6859.085893945692,
            5677.08465334623,
            4972.2700940124505,
            6304.76285532803,
            10475.41982391794,
            7396.771679016848,
            9660.950638936738
        ],
        "FlagUp": 0,
        "Times": [
            -15,
            -10,
            -5,
            2,
            10,
            20,
            30,
            40
        ],
        "width": 0,
        "height": 0,
        "area": 0.7562387975684335,
        "distance": -0.38403506324952646,
        "xpert": [
            [
                136.0,
                115.2
            ],
            [
                130.8,
                113.2
            ],
            [
                128.2,
                108.0
            ],
            [
                129.0,
                101.0
            ],
            [
                136.0,
                100.8
            ],
            [
                142.4,
                101.6
            ],
            [
                143.2,
                108.0
            ],
            [
                140.6,
                112.6
            ]
        ],
        "stack": 0
    },
    {
        "type": "Spine",
        "location": [
            159,
            112
        ],
        "radloc": [
            0,
            0
        ],
        "mean": [
            61.85616438356164,
            66.25342465753425,
            95.52739726027397,
            60.67123287671233,
            61.42465753424658,
            54.42465753424658,
            50.04109589041096,
            60.62328767123287
        ],
        "min": [
            22.0,
            20.0,
            26.0,
            21.0,
            18.0,
            13.0,
            12.0,
            16.0
        ],
        "max": [
            134.0,
            131.0,
            164.0,
            125.0,
            122.0,
            145.0,
            103.0,
            160.0
        ],
        "RawIntDen": [
            9031.0,
            9673.0,
            13947.0,
            8858.0,
            8968.0,
            7946.0,
            7306.0,
            8851.0
        ],
        "IntDen": [
            5793.259989008836,
            6205.093995535652,
            8946.805123098908,
            5682.282912483697,
            5752.846371545924,
            5097.247688258688,
            4686.696653714822,
            5677.792510543373
        ],
        "FlagUp": 0,
        "Times": [
            -15,
            -10,
            -5,
            2,
            10,
            20,
            30,
            40
        ],
        "width": 0,
        "height": 0,
        "area": 0.6414859914747908,
        "distance": -1.9319577142868942,
        "xpert": [
            [
                159.0,
                117.4
            ],
            [
                153.4,
                117.6
            ],
            [
                149.6,
                112.0
            ],
            [
                153.2,
                106.2
            ],
            [
                159.0,
                104.6
            ],
            [
                164.0,
                107.0
            ],
            [
                164.8,
                112.0
            ],
            [
                163.0,
                116.0
            ]
        ],
        "stack": 0
    },
    {
        "type": "Spine",
        "location": [
            210,
            119
        ],
        "radloc": [
            0,
            0
        ],
        "mean": [
            48.176,
            56.744,
            48.792,
            92.568,
            95.176,
            50.528,
            49.08,
            41.0
        ],
        "min": [
            11.0,
            14.0,
            13.0,
            20.0,
            27.0,
            13.0,
            12.0,
            11.0
        ],
        "max": [
            140.0,
            144.0,
            148.0,
            201.0,
            155.0,
            128.0,
            113.0,
            99.0
        ],
        "RawIntDen": [
            6022.0,
            7093.0,
            6099.0,
            11571.0,
            11897.0,
            6316.0,
            6135.0,
            5125.0
        ],
        "IntDen": [
            3476.282090304033,
            4094.5315288154275,
            3520.7313963407996,
            6679.5184435250685,
            6867.7064145378745,
            3645.997622444416,
            3541.5128900722752,
            2958.476538161436
        ],
        "FlagUp": 0,
        "Times": [
            -15,
            -10,
            -5,
            2,
            10,
            20,
            30,
            40
        ],
        "width": 0,
        "height": 0,
        "area": 0.577263714763207,
        "distance": -1.3962963373828383,
        "xpert": [
            [
                210.0,
                124.2
            ],
            [
                205.6,
                123.4
            ],
            [
                202.4,
                119.0
            ],
            [
                203.2,
                112.2
            ],
            [
                210.0,
                113.8
            ],
            [
                214.4,
                114.6
            ],
            [
                216.0,
                119.0
            ],
            [
                215.4,
                124.4
            ]
        ],
        "stack": 0
    },
    {
        "type": "Spine",
        "location": [
            245,
            112
        ],
        "radloc": [
            0,
            0
        ],
        "mean": [
            35.48888888888889,
            33.096296296296295,
            37.65185185185185,
            25.125925925925927,
            92.19259259259259,
            45.19259259259259,
            36.007407407407406,
            58.63703703703704
        ],
        "min": [
            12.0,
            9.0,
            11.0,
            7.0,
            24.0,
            13.0,
            10.0,
            20.0
        ],
        "max": [
            83.0,
            76.0,
            99.0,
            59.0,
            171.0,
            103.0,
            72.0,
            128.0
        ],
        "RawIntDen": [
            4791.0,
            4468.0,
            5083.0,
            3392.0,
            12446.0,
            6101.0,
            4861.0,
            7916.0
        ],
        "IntDen": [
            2868.6256435718387,
            2675.228423184925,
            3043.461520825643,
            2030.9701905647416,
            7452.079891441266,
            3652.992079196783,
            2910.538353872408,
            4739.728781990122
        ],
        "FlagUp": 0,
        "Times": [
            -15,
            -10,
            -5,
            2,
            10,
            20,
            30,
            40
        ],
        "width": 0,
        "height": 0,
        "area": 0.5987530042938507,
        "distance": 0.6346824950056986,
        "xpert": [
            [
                245.0,
                116.6
            ],
            [
                241.0,
                116.0
            ],
            [
                237.0,
                112.0
            ],
            [
                239.0,
                106.0
            ],
            [
                245.0,
                104.2
            ],
            [
                250.0,
                107.0
            ],
            [
                251.0,
                112.0
            ],
            [
                250.2,
                117.2
            ]
        ],
        "stack": 0
    },
    {
        "type": "Spine",
        "location": [
            257,
            119
        ],
        "radloc": [
            0,
            0
        ],
        "mean": [
            61.58031088082902,
            120.21761658031087,
            123.69948186528498,
            45.880829015544045,
            54.41450777202073,
            43.015544041450774,
            55.829015544041454,
            58.0880829015544
        ],
        "min": [
            11.0,
            48.0,
            29.0,
            7.0,
            13.0,
            9.0,
            10.0,
            14.0
        ],
        "max": [
            182.0,
            224.0,
            220.0,
            122.0,
            168.0,
            119.0,
            141.0,
            149.0
        ],
        "RawIntDen": [
            11885.0,
            23202.0,
            23874.0,
            8855.0,
            10502.0,
            8302.0,
            10775.0,
            11211.0
        ],
        "IntDen": [
            10218.927102366493,
            19949.4780504087,
            20527.275190736025,
            7613.6810678548845,
            9029.7999519607,
            7138.202171127188,
            9264.530040218677,
            9639.410327692955
        ],
        "FlagUp": 0,
        "Times": [
            -15,
            -10,
            -5,
            2,
            10,
            20,
            30,
            40
        ],
        "width": 0,
        "height": 0,
        "area": 0.8598171731061417,
        "distance": 1.6359450632495267,
        "xpert": [
            [
                257.0,
                129.0
            ],
            [
                248.8,
                127.2
            ],
            [
                249.6,
                119.0
            ],
            [
                252.6,
                114.6
            ],
            [
                257.0,
                113.4
            ],
            [
                262.0,
                114.0
            ],
            [
                265.6,
                119.0
            ],
            [
                263.2,
                125.2
            ]
        ],
        "stack": 0
    },
    {
        "type": "Spine",
        "location": [
            269,
            141
        ],
        "radloc": [
            0,
            0
        ],
        "mean": [
            26.387323943661972,
            32.23943661971831,
            25.119718309859156,
            42.556338028169016,
            30.176056338028168,
            26.035211267605632,
            29.866197183098592,
            89.50704225352112
        ],
        "min": [
            9.0,
            11.0,
            11.0,
            10.0,
            10.0,
            10.0,
            8.0,
            29.0
        ],
        "max": [
            87.0,
            136.0,
            88.0,
            142.0,
            105.0,
            90.0,
            85.0,
            152.0
        ],
        "RawIntDen": [
            3747.0,
            4578.0,
            3567.0,
            6043.0,
            4285.0,
            3697.0,
            4241.0,
            12710.0
        ],
        "IntDen": [
            2366.148524447393,
            2890.9068441206737,
            2252.4824624242992,
            3816.022293364183,
            2705.8837542719716,
            2334.574618329867,
            2678.098716888549,
            8026.08693507509
        ],
        "FlagUp": 0,
        "Times": [
            -15,
            -10,
            -5,
            2,
            10,
            20,
            30,
            40
        ],
        "width": 0,
        "height": 0,
        "area": 0.6314781223505185,
        "distance": 2.852990661145925,
        "xpert": [
            [
                269.0,
                146.6
            ],
            [
                262.8,
                147.2
            ],
            [
                260.8,
                141.0
            ],
            [
                263.4,
                135.4
            ],
            [
                269.0,
                133.6
            ],
            [
                273.8,
                136.2
            ],
            [
                274.8,
                141.0
            ],
            [
                273.4,
                145.4
            ]
        ],
        "stack": 0
    },
    {
        "type": "Spine",
        "location": [
            249,
            138
        ],
        "radloc": [
            0,
            0
        ],
        "mean": [
            59.04545454545455,
            71.04545454545455,
            73.8409090909091,
            76.69318181818181,
            98.42613636363636,
            60.51704545454545,
            56.02840909090909,
            53.10227272727273
        ],
        "min": [
            14.0,
            22.0,
            16.0,
            26.0,
            37.0,
            18.0,
            18.0,
            14.0
        ],
        "max": [
            165.0,
            186.0,
            186.0,
            153.0,
            174.0,
            134.0,
            137.0,
            131.0
        ],
        "RawIntDen": [
            10392.0,
            12504.0,
            12996.0,
            13498.0,
            17323.0,
            10651.0,
            9861.0,
            9346.0
        ],
        "IntDen": [
            8295.896262358836,
            9981.898274108438,
            10374.660106391017,
            10775.404902744378,
            13828.888659819297,
            8502.655031792145,
            7872.000870200201,
            7460.87822055482
        ],
        "FlagUp": 0,
        "Times": [
            -15,
            -10,
            -5,
            2,
            10,
            20,
            30,
            40
        ],
        "width": 0,
        "height": 0,
        "area": 0.79829640707841,
        "distance": 1.1088250632495267,
        "xpert": [
            [
                249.0,
                143.2
            ],
            [
                243.6,
                143.4
            ],
            [
                241.2,
                138.0
            ],
            [
                242.0,
                131.0
            ],
            [
                249.0,
                129.0
            ],
            [
                257.0,
                130.0
            ],
            [
                255.4,
                138.0
            ],
            [
                252.6,
                141.6
            ]
        ],
        "stack": 0
    },
    {
        "type": "Spine",
        "location": [
            275,
            118
        ],
        "radloc": [
            0,
            0
        ],
        "mean": [
            35.0,
            33.64150943396226,
            31.572327044025158,
            47.0377358490566,
            100.67295597484276,
            56.0188679245283,
            42.75471698113208,
            42.43396226415094
        ],
        "min": [
            7.0,
            6.0,
            6.0,
            8.0,
            40.0,
            9.0,
            7.0,
            7.0
        ],
        "max": [
            80.0,
            84.0,
            76.0,
            139.0,
            169.0,
            131.0,
            105.0,
            97.0
        ],
        "RawIntDen": [
            5565.0,
            5349.0,
            5020.0,
            7479.0,
            16007.0,
            8907.0,
            6798.0,
            6747.0
        ],
        "IntDen": [
            3937.175223859755,
            3784.35764104687,
            3551.593822780947,
            5291.308804896156,
            11324.773370767853,
            6301.602824603565,
            4809.508925749976,
            4773.426996474711
        ],
        "FlagUp": 0,
        "Times": [
            -15,
            -10,
            -5,
            2,
            10,
            20,
            30,
            40
        ],
        "width": 0,
        "height": 0,
        "area": 0.7074888093189138,
        "distance": 3.0130127846228696,
        "xpert": [
            [
                275.0,
                123.8
            ],
            [
                269.4,
                123.6
            ],
            [
                268.0,
                118.0
            ],
            [
                268.6,
                111.6
            ],
            [
                275.0,
                110.0
            ],
            [
                281.0,
                112.0
            ],
            [
                281.6,
                118.0
            ],
            [
                280.2,
                123.2
            ]
        ],
        "stack": 0
    },
    {
        "type": "Spine",
        "location": [
            286,
            122
        ],
        "radloc": [
            0,
            0
        ],
        "mean": [
            20.770833333333332,
            32.8125,
            43.0,
            41.104166666666664,
            45.802083333333336,
            40.604166666666664,
            37.4375,
            87.85416666666667
        ],
        "min": [
            6.0,
            10.0,
            15.0,
            12.0,
            12.0,
            15.0,
            11.0,
            33.0
        ],
        "max": [
            76.0,
            69.0,
            93.0,
            99.0,
            124.0,
            93.0,
            66.0,
            178.0
        ],
        "RawIntDen": [
            1994.0,
            3150.0,
            4128.0,
            3946.0,
            4397.0,
            3898.0,
            3594.0,
            8434.0
        ],
        "IntDen": [
            854.1770327779583,
            1349.3769574977775,
            1768.32637477804,
            1690.3623727892796,
            1883.5588832119772,
            1669.8004381988371,
            1539.5748524593691,
            3612.903256995637
        ],
        "FlagUp": 0,
        "Times": [
            -15,
            -10,
            -5,
            2,
            10,
            20,
            30,
            40
        ],
        "width": 0,
        "height": 0,
        "area": 0.4283736373008818,
        "distance": 3.498828706149605,
        "xpert": [
            [
                286.0,
                127.2
            ],
            [
                281.4,
                126.6
            ],
            [
                279.8,
                122.0
            ],
            [
                280.8,
                116.8
            ],
            [
                286.0,
                116.4
            ],
            [
                290.6,
                117.4
            ],
            [
                290.8,
                122.0
            ],
            [
                289.2,
                125.2
            ]
        ],
        "stack": 0
    },
    {
        "type": "Spine",
        "location": [
            364,
            159
        ],
        "radloc": [
            0,
            0
        ],
        "mean": [
            56.495327102803735,
            47.14018691588785,
            32.4392523364486,
            24.30841121495327,
            32.401869158878505,
            40.794392523364486,
            24.542056074766354,
            38.64485981308411
        ],
        "min": [
            9.0,
            10.0,
            12.0,
            7.0,
            12.0,
            13.0,
            8.0,
            7.0
        ],
        "max": [
            129.0,
            111.0,
            72.0,
            67.0,
            66.0,
            78.0,
            58.0,
            101.0
        ],
        "RawIntDen": [
            6045.0,
            5044.0,
            3471.0,
            2601.0,
            3467.0,
            4365.0,
            2626.0,
            4135.0
        ],
        "IntDen": [
            2875.67584968105,
            2399.4886659704243,
            1651.1945201394415,
            1237.3255392920448,
            1649.2916742504879,
            2076.4805763205595,
            1249.2183260980044,
            1967.0669377057304
        ],
        "FlagUp": 0,
        "Times": [
            -15,
            -10,
            -5,
            2,
            10,
            20,
            30,
            40
        ],
        "width": 0,
        "height": 0,
        "area": 0.47571147223838706,
        "distance": 9.54960265730196,
        "xpert": [
            [
                364.0,
                164.4
            ],
            [
                361.0,
                162.0
            ],
            [
                358.6,
                159.0
            ],
            [
                360.2,
                155.2
            ],
            [
                364.0,
                153.4
            ],
            [
                368.4,
                154.6
            ],
            [
                373.2,
                159.0
            ],
            [
                369.0,
                164.0
            ]
        ],
        "stack": 0
    },
    {
        "type": "Spine",
        "location": [
            391,
            169
        ],
        "radloc": [
            0,
            0
        ],
        "mean": [
            24.266666666666666,
            29.093333333333334,
            31.2,
            26.52,
            26.546666666666667,
            44.093333333333334,
            22.64,
            28.24
        ],
        "min": [
            11.0,
            14.0,
            13.0,
            12.0,
            8.0,
            18.0,
            8.0,
            8.0
        ],
        "max": [
            67.0,
            54.0,
            68.0,
            53.0,
            56.0,
            95.0,
            41.0,
            60.0
        ],
        "RawIntDen": [
            1820.0,
            2182.0,
            2340.0,
            1989.0,
            1991.0,
            3307.0,
            1698.0,
            2118.0
        ],
        "IntDen": [
            619.510430021052,
            742.7317353329316,
            796.5134100270669,
            677.0363985230068,
            677.7171792153376,
            1125.6708747690213,
            577.9828077888716,
            720.9467531783451
        ],
        "FlagUp": 0,
        "Times": [
            -15,
            -10,
            -5,
            2,
            10,
            20,
            30,
            40
        ],
        "width": 0,
        "height": 0,
        "area": 0.3403903461654132,
        "distance": 11.711765705100783,
        "xpert": [
            [
                391.0,
                173.6
            ],
            [
                386.2,
                173.8
            ],
            [
                386.0,
                169.0
            ],
            [
                387.6,
                165.6
            ],
            [
                391.0,
                164.2
            ],
            [
                395.0,
                165.0
            ],
            [
                395.4,
                169.0
            ],
            [
                395.0,
                173.0
            ]
        ],
        "stack": 0
    },
    {
        "type": "Spine",
        "location": [
            402,
            175
        ],
        "radloc": [
            0,
            0
        ],
        "mean": [
            31.965217391304346,
            48.76521739130435,
            41.55652173913043,
            33.99130434782609,
            32.66086956521739,
            35.417391304347824,
            31.069565217391304,
            33.7304347826087
        ],
        "min": [
            8.0,
            17.0,
            14.0,
            10.0,
            11.0,
            12.0,
            10.0,
            10.0
        ],
        "max": [
            93.0,
            112.0,
            82.0,
            68.0,
            73.0,
            85.0,
            68.0,
            76.0
        ],
        "RawIntDen": [
            3676.0,
            5608.0,
            4779.0,
            3909.0,
            3756.0,
            4073.0,
            3573.0,
            3879.0
        ],
        "IntDen": [
            1863.3704324735777,
            2842.704402968396,
            2422.4829425438597,
            1981.4785148365656,
            1903.922563757007,
            2064.6103839675957,
            1811.1595634461623,
            1966.2714656052797
        ],
        "FlagUp": 0,
        "Times": [
            -15,
            -10,
            -5,
            2,
            10,
            20,
            30,
            40
        ],
        "width": 0,
        "height": 0,
        "area": 0.5069016410428666,
        "distance": 12.757729261945128,
        "xpert": [
            [
                402.0,
                180.6
            ],
            [
                397.2,
                179.8
            ],
            [
                394.4,
                175.0
            ],
            [
                397.6,
                170.6
            ],
            [
                402.0,
                169.6
            ],
            [
                406.4,
                170.6
            ],
            [
                408.2,
                175.0
            ],
            [
                407.0,
                180.0
            ]
        ],
        "stack": 0
    },
    {
        "type": "Spine",
        "location": [
            454,
            217
        ],
        "radloc": [
            0,
            0
        ],
        "mean": [
            31.566265060240966,
            58.06024096385542,
            92.30722891566265,
            87.855421686747,
            54.15060240963855,
            55.31325301204819,
            37.704819277108435,
            34.92168674698795
        ],
        "min": [
            10.0,
            14.0,
            25.0,
            26.0,
            13.0,
            15.0,
            8.0,
            12.0
        ],
        "max": [
            85.0,
            151.0,
            190.0,
            166.0,
            130.0,
            134.0,
            98.0,
            108.0
        ],
        "RawIntDen": [
            5240.0,
            9638.0,
            15323.0,
            14584.0,
            8989.0,
            9182.0,
            6259.0,
            5797.0
        ],
        "IntDen": [
            3942.1008760100326,
            7250.757298279522,
            11527.635825019413,
            10971.679232009603,
            6762.508544743165,
            6907.704244947351,
            4708.704080715037,
            4361.1371714179695
        ],
        "FlagUp": 0,
        "Times": [
            -15,
            -10,
            -5,
            2,
            10,
            20,
            30,
            40
        ],
        "width": 0,
        "height": 0,
        "area": 0.7523093274828306,
        "distance": 17.133057553276206,
        "xpert": [
            [
                454.0,
                223.2
            ],
            [
                447.4,
                223.6
            ],
            [
                445.2,
                217.0
            ],
            [
                448.4,
                211.4
            ],
            [
                454.0,
                210.6
            ],
            [
                460.8,
                210.2
            ],
            [
                460.4,
                217.0
            ],
            [
                459.0,
                222.0
            ]
        ],
        "stack": 0
    }
]