[
    {
        "type": "Stim",
        "location": [
            148,
            169
        ],
        "radloc": [
            0,
            0
        ],
        "mean": [
            40.16793893129771,
            55.32824427480916,
            44.69465648854962,
            115.56488549618321,
            63.38167938931298,
            60.94656488549618,
            56.74809160305343,
            65.27480916030534
        ],
        "min": [
            5.0,
            10.0,
            6.0,
            22.0,
            11.0,
            8.0,
            6.0,
            8.0
        ],
        "max": [
            130.0,
            146.0,
            110.0,
            213.0,
            154.0,
            206.0,
            164.0,
            194.0
        ],
        "RawIntDen": [
            5262.0,
            7248.0,
            5855.0,
            15139.0,
            8303.0,
            7984.0,
            7434.0,
            8551.0
        ],
        "IntDen": [
            3041.1155043885988,
            4188.902541962859,
            3383.8333862020613,
            8749.41992036089,
            4798.6282844809075,
            4614.265713994408,
            4296.399213155614,
            4941.957179404581
        ],
        "FlagUp": 0,
        "Times": [
            -15,
            -10,
            -5,
            2,
            10,
            20,
            30,
            40
        ],
        "width": 0,
        "height": 0,
        "area": 0.5779390924341693,
        "distance": 0,
        "xpert": [
            [
                148.0,
                177.0
            ],
            [
                143.4,
                173.6
            ],
            [
                140.2,
                169.0
            ],
            [
                142.4,
                163.4
            ],
            [
                148.0,
                161.4
            ],
            [
                152.4,
                164.6
            ],
            [
                153.2,
                169.0
            ],
            [
                151.4,
                172.4
            ]
        ],
        "stack": 0
    },
    {
        "type": "Spine",
        "location": [
            115,
            163
        ],
        "radloc": [
            0,
            0
        ],
        "mean": [
            53.58620689655172,
            110.2551724137931,
            120.67586206896551,
            131.3655172413793,
            139.79310344827587,
            124.01379310344828,
            96.37241379310345,
            110.1448275862069
        ],
        "min": [
            8.0,
            17.0,
            30.0,
            30.0,
            36.0,
            25.0,
            21.0,
            14.0
        ],
        "max": [
            198.0,
            248.0,
            236.0,
            237.0,
            219.0,
            234.0,
            223.0,
            252.0
        ],
        "RawIntDen": [
            7770.0,
            15987.0,
            17498.0,
            19048.0,
            20270.0,
            17982.0,
            13974.0,
            15971.0
        ],
        "IntDen": [
            5040.639496613602,
            10371.261728746675,
            11351.494197135755,
            12357.027172650694,
            13149.776395927634,
            11665.479977877194,
            9065.366322481143,
            10360.882033515552
        ],
        "FlagUp": 0,
        "Times": [
            -15,
            -10,
            -5,
            2,
            10,
            20,
            30,
            40
        ],
        "width": 0,
        "height": 0,
        "area": 0.6487309519451225,
        "distance": 1.7564201264990533,
        "xpert": [
            [
                115.0,
                168.8
            ],
            [
                109.2,
                168.8
            ],
            [
                106.8,
                163.0
            ],
            [
                110.0,
                158.0
            ],
            [
                115.0,
                156.6
            ],
            [
                120.8,
                157.2
            ],
            [
                121.8,
                163.0
            ],
            [
                120.0,
                168.0
            ]
        ],
        "stack": 0
    },
    {
        "type": "Spine",
        "location": [
            214,
            204
        ],
        "radloc": [
            0,
            0
        ],
        "mean": [
            85.50943396226415,
            67.0251572327044,
            66.29559748427673,
            80.45283018867924,
            85.78616352201257,
            68.74213836477988,
            65.27044025157232,
            81.18867924528301
        ],
        "min": [
            18.0,
            10.0,
            14.0,
            12.0,
            12.0,
            9.0,
            9.0,
            14.0
        ],
        "max": [
            164.0,
            146.0,
            134.0,
            157.0,
            180.0,
            170.0,
            149.0,
            187.0
        ],
        "RawIntDen": [
            13596.0,
            10657.0,
            10541.0,
            12792.0,
            13640.0,
            10930.0,
            10378.0,
            12909.0
        ],
        "IntDen": [
            9888.647528323212,
            7751.053008924719,
            7666.683847900484,
            9303.881963982827,
            9920.649623884128,
            7949.611465473132,
            7548.130630254361,
            9388.978445360719
        ],
        "FlagUp": 0,
        "Times": [
            -15,
            -10,
            -5,
            2,
            10,
            20,
            30,
            40
        ],
        "width": 0,
        "height": 0,
        "area": 0.7273203536571942,
        "distance": 5.74922101199242,
        "xpert": [
            [
                214.0,
                213.4
            ],
            [
                206.8,
                211.2
            ],
            [
                207.6,
                204.0
            ],
            [
                208.0,
                198.0
            ],
            [
                214.0,
                198.0
            ],
            [
                217.6,
                200.4
            ],
            [
                219.0,
                204.0
            ],
            [
                220.4,
                210.4
            ]
        ],
        "stack": 0
    },
    {
        "type": "Spine",
        "location": [
            353,
            191
        ],
        "radloc": [
            0,
            0
        ],
        "mean": [
            56.099173553719005,
            41.01652892561984,
            32.47933884297521,
            20.272727272727273,
            41.82644628099174,
            23.917355371900825,
            19.884297520661157,
            22.421487603305785
        ],
        "min": [
            18.0,
            10.0,
            6.0,
            6.0,
            9.0,
            6.0,
            5.0,
            6.0
        ],
        "max": [
            129.0,
            85.0,
            85.0,
            67.0,
            101.0,
            84.0,
            87.0,
            71.0
        ],
        "RawIntDen": [
            6788.0,
            4963.0,
            3930.0,
            2453.0,
            5061.0,
            2894.0,
            2406.0,
            2713.0
        ],
        "IntDen": [
            3695.077686181111,
            2701.63090107791,
            2139.3128029893587,
            1335.3013500592613,
            2754.977632551945,
            1575.3616416924183,
            1309.7166931278364,
            1476.8334947862925
        ],
        "FlagUp": 0,
        "Times": [
            -15,
            -10,
            -5,
            2,
            10,
            20,
            30,
            40
        ],
        "width": 0,
        "height": 0,
        "area": 0.5443544027962745,
        "distance": 15.153563796615316,
        "xpert": [
            [
                353.0,
                197.2
            ],
            [
                346.8,
                197.2
            ],
            [
                344.2,
                191.0
            ],
            [
                348.6,
                186.6
            ],
            [
                353.0,
                186.0
            ],
            [
                358.4,
                185.6
            ],
            [
                357.4,
                191.0
            ],
            [
                356.2,
                194.2
            ]
        ],
        "stack": 0
    },
    {
        "type": "Spine",
        "location": [
            337,
            213
        ],
        "radloc": [
            0,
            0
        ],
        "mean": [
            58.372549019607845,
            63.57516339869281,
            74.10457516339869,
            87.47712418300654,
            85.06535947712419,
            71.79738562091504,
            66.03921568627452,
            64.15032679738562
        ],
        "min": [
            7.0,
            8.0,
            16.0,
            18.0,
            16.0,
            14.0,
            13.0,
            7.0
        ],
        "max": [
            157.0,
            176.0,
            173.0,
            214.0,
            219.0,
            229.0,
            171.0,
            183.0
        ],
        "RawIntDen": [
            8931.0,
            9727.0,
            11338.0,
            13384.0,
            13015.0,
            10985.0,
            10104.0,
            9815.0
        ],
        "IntDen": [
            6098.147757144716,
            6641.661990118313,
            7741.663785747038,
            9138.686550400278,
            8886.730831848447,
            7500.632976400706,
            6899.0801632728935,
            6701.74899074856
        ],
        "FlagUp": 0,
        "Times": [
            -15,
            -10,
            -5,
            2,
            10,
            20,
            30,
            40
        ],
        "width": 0,
        "height": 0,
        "area": 0.6828068253437147,
        "distance": 14.099323796615316,
        "xpert": [
            [
                337.0,
                222.8
            ],
            [
                330.8,
                219.2
            ],
            [
                330.8,
                213.0
            ],
            [
                330.8,
                206.8
            ],
            [
                337.0,
                206.8
            ],
            [
                343.0,
                207.0
            ],
            [
                341.8,
                213.0
            ],
            [
                340.4,
                216.4
            ]
        ],
        "stack": 0
    },
    {
        "type": "Spine",
        "location": [
            337,
            188
        ],
        "radloc": [
            0,
            0
        ],
        "mean": [
            32.55154639175258,
            28.216494845360824,
            31.221649484536083,
            26.1340206185567,
            30.31958762886598,
            42.31443298969072,
            28.237113402061855,
            35.06701030927835
        ],
        "min": [
            7.0,
            7.0,
            5.0,
            6.0,
            7.0,
            5.0,
            4.0,
            6.0
        ],
        "max": [
            83.0,
            86.0,
            95.0,
            77.0,
            89.0,
            103.0,
            80.0,
            103.0
        ],
        "RawIntDen": [
            6315.0,
            5474.0,
            6057.0,
            5070.0,
            5882.0,
            8209.0,
            5478.0,
            6803.0
        ],
        "IntDen": [
            5529.003862527629,
            4792.678882577394,
            5303.115818737902,
            4438.962720984177,
            5149.897184384405,
            7187.267253759194,
            4796.181022791188,
            5956.264968610525
        ],
        "FlagUp": 0,
        "Times": [
            -15,
            -10,
            -5,
            2,
            10,
            20,
            30,
            40
        ],
        "width": 0,
        "height": 0,
        "area": 0.8755350534485558,
        "distance": 14.099323796615316,
        "xpert": [
            [
                337.0,
                195.8
            ],
            [
                329.6,
                195.4
            ],
            [
                329.4,
                188.0
            ],
            [
                331.6,
                182.6
            ],
            [
                337.0,
                181.0
            ],
            [
                342.8,
                182.2
            ],
            [
                345.0,
                188.0
            ],
            [
                344.2,
                195.2
            ]
        ],
        "stack": 0
    },
    {
        "type": "Spine",
        "location": [
            292,
            190
        ],
        "radloc": [
            0,
            0
        ],
        "mean": [
            70.10625,
            55.9,
            43.075,
            49.9,
            39.75,
            61.9,
            67.8875,
            58.1125
        ],
        "min": [
            10.0,
            8.0,
            8.0,
            11.0,
            8.0,
            8.0,
            10.0,
            7.0
        ],
        "max": [
            191.0,
            229.0,
            134.0,
            166.0,
            111.0,
            227.0,
            198.0,
            200.0
        ],
        "RawIntDen": [
            11217.0,
            8944.0,
            6892.0,
            7984.0,
            6360.0,
            9904.0,
            10862.0,
            9298.0
        ],
        "IntDen": [
            8486.862798507966,
            6767.094666118859,
            5214.536721700713,
            6040.751768145457,
            4812.021699073786,
            7493.437564092261,
            8218.267247694885,
            7034.933609746551
        ],
        "FlagUp": 0,
        "Times": [
            -15,
            -10,
            -5,
            2,
            10,
            20,
            30,
            40
        ],
        "width": 0,
        "height": 0,
        "area": 0.7566071853889601,
        "distance": 11.106981264990536,
        "xpert": [
            [
                292.0,
                197.2
            ],
            [
                285.2,
                196.8
            ],
            [
                282.6,
                190.0
            ],
            [
                286.2,
                184.2
            ],
            [
                292.0,
                185.2
            ],
            [
                296.8,
                185.2
            ],
            [
                297.6,
                190.0
            ],
            [
                298.8,
                196.8
            ]
        ],
        "stack": 0
    },
    {
        "type": "Spine",
        "location": [
            276,
            184
        ],
        "radloc": [
            0,
            0
        ],
        "mean": [
            48.900826446280995,
            22.66115702479339,
            26.454545454545453,
            25.107438016528924,
            38.52066115702479,
            44.45454545454545,
            40.98347107438016,
            46.21487603305785
        ],
        "min": [
            14.0,
            6.0,
            6.0,
            6.0,
            4.0,
            6.0,
            5.0,
            6.0
        ],
        "max": [
            95.0,
            87.0,
            123.0,
            109.0,
            143.0,
            163.0,
            163.0,
            173.0
        ],
        "RawIntDen": [
            5917.0,
            2742.0,
            3201.0,
            3038.0,
            4661.0,
            5379.0,
            4959.0,
            5592.0
        ],
        "IntDen": [
            3507.5822228729394,
            1625.4504740776745,
            1897.5444812263443,
            1800.9185048315007,
            2763.0286869715687,
            3188.6572210298364,
            2939.6823125277856,
            3314.923067484448
        ],
        "FlagUp": 0,
        "Times": [
            -15,
            -10,
            -5,
            2,
            10,
            20,
            30,
            40
        ],
        "width": 0,
        "height": 0,
        "area": 0.5927974011953591,
        "distance": 10.68434873336577,
        "xpert": [
            [
                276.0,
                192.8
            ],
            [
                269.2,
                190.8
            ],
            [
                272.0,
                184.0
            ],
            [
                272.8,
                180.8
            ],
            [
                276.0,
                178.2
            ],
            [
                280.0,
                180.0
            ],
            [
                281.2,
                184.0
            ],
            [
                282.6,
                190.6
            ]
        ],
        "stack": 0
    },
    {
        "type": "Spine",
        "location": [
            243,
            182
        ],
        "radloc": [
            0,
            0
        ],
        "mean": [
            20.83529411764706,
            20.394117647058824,
            20.741176470588236,
            22.25294117647059,
            18.9,
            20.16470588235294,
            17.405882352941177,
            17.370588235294118
        ],
        "min": [
            4.0,
            7.0,
            3.0,
            7.0,
            5.0,
            5.0,
            3.0,
            5.0
        ],
        "max": [
            53.0,
            57.0,
            43.0,
            52.0,
            48.0,
            62.0,
            56.0,
            55.0
        ],
        "RawIntDen": [
            3542.0,
            3467.0,
            3526.0,
            3783.0,
            3213.0,
            3428.0,
            2959.0,
            2953.0
        ],
        "IntDen": [
            2667.7242404848803,
            2611.236573055076,
            2655.6735380998553,
            2849.2379451593174,
            2419.9316726928064,
            2581.862985991578,
            2228.6267723305364,
            2224.107758936152
        ],
        "FlagUp": 0,
        "Times": [
            -15,
            -10,
            -5,
            2,
            10,
            20,
            30,
            40
        ],
        "width": 0,
        "height": 0,
        "area": 0.7531688990640543,
        "distance": 7.687323543617181,
        "xpert": [
            [
                243.0,
                193.0
            ],
            [
                236.8,
                188.2
            ],
            [
                236.0,
                182.0
            ],
            [
                236.8,
                175.8
            ],
            [
                243.0,
                175.8
            ],
            [
                247.4,
                177.6
            ],
            [
                248.2,
                182.0
            ],
            [
                248.6,
                187.6
            ]
        ],
        "stack": 0
    },
    {
        "type": "Spine",
        "location": [
            275,
            208
        ],
        "radloc": [
            0,
            0
        ],
        "mean": [
            124.59756097560975,
            130.15853658536585,
            123.01219512195122,
            110.34146341463415,
            144.9512195121951,
            124.72560975609755,
            151.65243902439025,
            142.84756097560975
        ],
        "min": [
            13.0,
            11.0,
            11.0,
            9.0,
            9.0,
            9.0,
            15.0,
            17.0
        ],
        "max": [
            243.0,
            255.0,
            255.0,
            255.0,
            255.0,
            255.0,
            255.0,
            244.0
        ],
        "RawIntDen": [
            20434.0,
            21346.0,
            20174.0,
            18096.0,
            23772.0,
            20455.0,
            24871.0,
            23427.0
        ],
        "IntDen": [
            15814.31015229491,
            16520.12648090864,
            15613.09058492696,
            14004.881888809274,
            18397.6598287342,
            15830.562501966937,
            19248.19946157026,
            18130.656941265188
        ],
        "FlagUp": 0,
        "Times": [
            -15,
            -10,
            -5,
            2,
            10,
            20,
            30,
            40
        ],
        "width": 0,
        "height": 0,
        "area": 0.7739214129536512,
        "distance": 9.850388606866717,
        "xpert": [
            [
                275.0,
                212.8
            ],
            [
                270.2,
                212.8
            ],
            [
                267.2,
                208.0
            ],
            [
                266.2,
                199.2
            ],
            [
                275.0,
                196.2
            ],
            [
                279.0,
                204.0
            ],
            [
                280.0,
                208.0
            ],
            [
                278.4,
                211.4
            ]
        ],
        "stack": 0
    },
    {
        "type": "Spine",
        "location": [
            164,
            207
        ],
        "radloc": [
            0,
            0
        ],
        "mean": [
            24.573248407643312,
            21.089171974522294,
            21.089171974522294,
            18.37579617834395,
            30.745222929936304,
            30.840764331210192,
            43.503184713375795,
            56.452229299363054
        ],
        "min": [
            6.0,
            5.0,
            5.0,
            3.0,
            6.0,
            8.0,
            9.0,
            13.0
        ],
        "max": [
            54.0,
            53.0,
            87.0,
            45.0,
            94.0,
            98.0,
            121.0,
            172.0
        ],
        "RawIntDen": [
            3858.0,
            3311.0,
            3311.0,
            2885.0,
            4827.0,
            4842.0,
            6830.0,
            8863.0
        ],
        "IntDen": [
            2688.275860216356,
            2307.123217515903,
            2307.123217515903,
            2010.2840478808155,
            3363.4804503018013,
            3373.9325337396563,
            4759.181992036732,
            6175.787700647372
        ],
        "FlagUp": 0,
        "Times": [
            -15,
            -10,
            -5,
            2,
            10,
            20,
            30,
            40
        ],
        "width": 0,
        "height": 0,
        "area": 0.6968055625236795,
        "distance": 1.854285316247633,
        "xpert": [
            [
                164.0,
                212.4
            ],
            [
                159.2,
                211.8
            ],
            [
                157.0,
                207.0
            ],
            [
                156.2,
                199.2
            ],
            [
                164.0,
                198.0
            ],
            [
                169.2,
                201.8
            ],
            [
                170.4,
                207.0
            ],
            [
                168.0,
                211.0
            ]
        ],
        "stack": 0
    },
    {
        "type": "Spine",
        "location": [
            73,
            159
        ],
        "radloc": [
            0,
            0
        ],
        "mean": [
            38.3445945945946,
            78.89864864864865,
            122.08783783783784,
            122.35810810810811,
            145.76351351351352,
            153.33783783783784,
            147.21621621621622,
            139.15540540540542
        ],
        "min": [
            8.0,
            17.0,
            28.0,
            30.0,
            30.0,
            42.0,
            56.0,
            24.0
        ],
        "max": [
            149.0,
            217.0,
            249.0,
            250.0,
            255.0,
            255.0,
            232.0,
            255.0
        ],
        "RawIntDen": [
            5675.0,
            11677.0,
            18069.0,
            18109.0,
            21573.0,
            22694.0,
            21788.0,
            20595.0
        ],
        "IntDen": [
            3878.7615021083016,
            7981.021684602402,
            12349.839926272229,
            12377.179214392816,
            14744.761565635663,
            15510.945115215118,
            14891.710239283819,
            14076.315971087308
        ],
        "FlagUp": 0,
        "Times": [
            -15,
            -10,
            -5,
            2,
            10,
            20,
            30,
            40
        ],
        "width": 0,
        "height": 0,
        "area": 0.6834822030146787,
        "distance": 5.005700379497159,
        "xpert": [
            [
                73.0,
                163.8
            ],
            [
                68.2,
                163.8
            ],
            [
                63.6,
                159.0
            ],
            [
                65.0,
                151.0
            ],
            [
                73.0,
                151.8
            ],
            [
                77.0,
                155.0
            ],
            [
                78.8,
                159.0
            ],
            [
                77.6,
                163.6
            ]
        ],
        "stack": 0
    }
]