[
    {
        "type": "Stim",
        "location": [
            25,
            242
        ],
        "radloc": [
            0,
            0
        ],
        "mean": [
            48.14503816793893,
            57.97709923664122,
            52.13740458015267,
            63.74045801526717,
            54.13740458015267,
            47.36641221374046,
            47.54961832061068,
            62.74045801526717
        ],
        "min": [
            7.0,
            11.0,
            12.0,
            11.0,
            13.0,
            9.0,
            17.0,
            18.0
        ],
        "max": [
            145.0,
            179.0,
            148.0,
            163.0,
            129.0,
            147.0,
            123.0,
            144.0
        ],
        "RawIntDen": [
            6307.0,
            7595.0,
            6830.0,
            8350.0,
            7092.0,
            6205.0,
            6229.0,
            8219.0
        ],
        "IntDen": [
            3645.4490929796452,
            4389.913724620327,
            3947.743349461071,
            4826.304094875541,
            4099.1794779469865,
            3586.493042958411,
            3600.365054728113,
            4750.586030632583
        ],
        "FlagUp": 0,
        "Times": [
            -15,
            -10,
            -5,
            2,
            10,
            20,
            30,
            40
        ],
        "width": 0,
        "height": 0,
        "area": 0.5780004904042564,
        "distance": 0,
        "xpert": [
            [
                25.0,
                248.2
            ],
            [
                20.8,
                246.2
            ],
            [
                18.2,
                242.0
            ],
            [
                19.6,
                236.6
            ],
            [
                25.0,
                233.8
            ],
            [
                31.0,
                236.0
            ],
            [
                30.2,
                242.0
            ],
            [
                29.0,
                246.0
            ]
        ],
        "stack": 0
    },
    {
        "type": "Stim",
        "location": [
            47,
            212
        ],
        "radloc": [
            0,
            0
        ],
        "mean": [
            50.091603053435115,
            45.56488549618321,
            42.961832061068705,
            119.13740458015268,
            44.48091603053435,
            38.099236641221374,
            52.55725190839695,
            37.19847328244275
        ],
        "min": [
            8.0,
            7.0,
            7.0,
            44.0,
            9.0,
            6.0,
            7.0,
            6.0
        ],
        "max": [
            140.0,
            121.0,
            111.0,
            218.0,
            104.0,
            100.0,
            130.0,
            110.0
        ],
        "RawIntDen": [
            6562.0,
            5969.0,
            5628.0,
            15607.0,
            5827.0,
            4991.0,
            6885.0,
            4873.0
        ],
        "IntDen": [
            3790.82475063416,
            3448.2525048057455,
            3251.259021116893,
            9016.062463143453,
            3366.220027727103,
            2883.2682612641106,
            3977.4197513130434,
            2815.10042819876
        ],
        "FlagUp": 0,
        "Times": [
            -15,
            -10,
            -5,
            2,
            10,
            20,
            30,
            40
        ],
        "width": 0,
        "height": 0,
        "area": 0.577693500553819,
        "distance": 0,
        "xpert": [
            [
                47.0,
                219.6
            ],
            [
                40.6,
                218.4
            ],
            [
                40.4,
                212.0
            ],
            [
                43.0,
                208.0
            ],
            [
                47.0,
                205.8
            ],
            [
                50.6,
                208.4
            ],
            [
                53.2,
                212.0
            ],
            [
                52.4,
                217.4
            ]
        ],
        "stack": 0
    },
    {
        "type": "Stim",
        "location": [
            56,
            264
        ],
        "radloc": [
            0,
            0
        ],
        "mean": [
            36.69672131147541,
            24.65573770491803,
            25.19672131147541,
            89.82786885245902,
            30.852459016393443,
            32.84426229508197,
            32.83606557377049,
            28.762295081967213
        ],
        "min": [
            7.0,
            4.0,
            6.0,
            41.0,
            7.0,
            5.0,
            6.0,
            7.0
        ],
        "max": [
            117.0,
            85.0,
            82.0,
            177.0,
            68.0,
            92.0,
            88.0,
            86.0
        ],
        "RawIntDen": [
            4477.0,
            3008.0,
            3074.0,
            10959.0,
            3764.0,
            4007.0,
            4006.0,
            3509.0
        ],
        "IntDen": [
            2472.8088938895876,
            1661.4271058342372,
            1697.8812910021427,
            6053.051746289031,
            2078.993226848427,
            2213.210908602988,
            2212.6585724640804,
            1938.1475114269742
        ],
        "FlagUp": 0,
        "Times": [
            -15,
            -10,
            -5,
            2,
            10,
            20,
            30,
            40
        ],
        "width": 0,
        "height": 0,
        "area": 0.5523361389076586,
        "distance": 0,
        "xpert": [
            [
                56.0,
                270.0
            ],
            [
                51.0,
                269.0
            ],
            [
                47.4,
                264.0
            ],
            [
                50.4,
                258.4
            ],
            [
                56.0,
                256.0
            ],
            [
                59.4,
                260.6
            ],
            [
                60.6,
                264.0
            ],
            [
                59.8,
                267.8
            ]
        ],
        "stack": 0
    },
    {
        "type": "Spine",
        "location": [
            56,
            231
        ],
        "radloc": [
            0,
            0
        ],
        "mean": [
            87.93959731543625,
            89.41610738255034,
            87.77852348993288,
            99.39597315436242,
            74.33557046979865,
            79.65771812080537,
            74.74496644295301,
            63.0
        ],
        "min": [
            17.0,
            15.0,
            16.0,
            28.0,
            12.0,
            11.0,
            14.0,
            8.0
        ],
        "max": [
            194.0,
            180.0,
            184.0,
            209.0,
            149.0,
            170.0,
            175.0,
            132.0
        ],
        "RawIntDen": [
            13103.0,
            13323.0,
            13079.0,
            14810.0,
            11076.0,
            11869.0,
            11137.0,
            9387.0
        ],
        "IntDen": [
            9012.786635847408,
            9164.111756803404,
            8996.278440834025,
            10186.932006174166,
            7618.531998675561,
            8163.990275576042,
            7660.490327667906,
            6456.767774608838
        ],
        "FlagUp": 0,
        "Times": [
            -15,
            -10,
            -5,
            2,
            10,
            20,
            30,
            40
        ],
        "width": 0,
        "height": 0,
        "area": 0.6878414588908958,
        "distance": -0.929217868228075,
        "xpert": [
            [
                56.0,
                241.0
            ],
            [
                48.2,
                238.8
            ],
            [
                50.2,
                231.0
            ],
            [
                51.6,
                226.6
            ],
            [
                56.0,
                226.2
            ],
            [
                60.0,
                227.0
            ],
            [
                61.2,
                231.0
            ],
            [
                62.0,
                237.0
            ]
        ],
        "stack": 0
    },
    {
        "type": "Spine",
        "location": [
            13,
            239
        ],
        "radloc": [
            0,
            0
        ],
        "mean": [
            64.1655172413793,
            50.91034482758621,
            47.275862068965516,
            43.87586206896552,
            43.38620689655173,
            46.820689655172416,
            51.66206896551724,
            55.744827586206895
        ],
        "min": [
            11.0,
            11.0,
            8.0,
            9.0,
            11.0,
            10.0,
            17.0,
            14.0
        ],
        "max": [
            139.0,
            155.0,
            125.0,
            124.0,
            116.0,
            130.0,
            126.0,
            136.0
        ],
        "RawIntDen": [
            9304.0,
            7382.0,
            6855.0,
            6362.0,
            6291.0,
            6789.0,
            7491.0,
            8083.0
        ],
        "IntDen": [
            6028.937816333074,
            4783.4930094766505,
            4442.000078564405,
            4122.538949646498,
            4076.531363128909,
            4399.232462928337,
            4854.124374693794,
            5237.736927065804
        ],
        "FlagUp": 0,
        "Times": [
            -15,
            -10,
            -5,
            2,
            10,
            20,
            30,
            40
        ],
        "width": 0,
        "height": 0,
        "area": 0.6479941763040707,
        "distance": 0.79068,
        "xpert": [
            [
                13.0,
                244.6
            ],
            [
                8.6,
                243.4
            ],
            [
                7.4,
                239.0
            ],
            [
                5.8,
                231.8
            ],
            [
                13.0,
                231.8
            ],
            [
                19.4,
                232.6
            ],
            [
                19.4,
                239.0
            ],
            [
                17.6,
                243.6
            ]
        ],
        "stack": 0
    },
    {
        "type": "Spine",
        "location": [
            82,
            258
        ],
        "radloc": [
            0,
            0
        ],
        "mean": [
            80.97419354838709,
            93.33548387096774,
            89.83870967741936,
            81.59354838709677,
            77.4258064516129,
            103.89677419354838,
            105.67096774193548,
            104.21935483870968
        ],
        "min": [
            19.0,
            17.0,
            18.0,
            13.0,
            18.0,
            30.0,
            41.0,
            30.0
        ],
        "max": [
            202.0,
            209.0,
            227.0,
            193.0,
            191.0,
            216.0,
            230.0,
            212.0
        ],
        "RawIntDen": [
            12551.0,
            14467.0,
            13925.0,
            12647.0,
            12001.0,
            16104.0,
            16379.0,
            16154.0
        ],
        "IntDen": [
            9680.351599310781,
            11158.126570570399,
            10740.092105840382,
            9754.394604133811,
            9256.146884178846,
            12420.71405906309,
            12632.816416629057,
            12459.278124075083
        ],
        "FlagUp": 0,
        "Times": [
            -15,
            -10,
            -5,
            2,
            10,
            20,
            30,
            40
        ],
        "width": 0,
        "height": 0,
        "area": 0.7712813002398838,
        "distance": 1.458512240410804,
        "xpert": [
            [
                82.0,
                264.0
            ],
            [
                77.6,
                262.4
            ],
            [
                73.2,
                258.0
            ],
            [
                72.8,
                248.8
            ],
            [
                82.0,
                252.8
            ],
            [
                85.4,
                254.6
            ],
            [
                91.6,
                258.0
            ],
            [
                86.4,
                262.4
            ]
        ],
        "stack": 0
    },
    {
        "type": "Spine",
        "location": [
            95,
            233
        ],
        "radloc": [
            0,
            0
        ],
        "mean": [
            22.383333333333333,
            35.141666666666666,
            28.925,
            27.625,
            27.958333333333332,
            23.083333333333332,
            24.258333333333333,
            20.708333333333332
        ],
        "min": [
            8.0,
            7.0,
            8.0,
            7.0,
            6.0,
            5.0,
            6.0,
            6.0
        ],
        "max": [
            62.0,
            81.0,
            72.0,
            69.0,
            65.0,
            56.0,
            67.0,
            48.0
        ],
        "RawIntDen": [
            2686.0,
            4217.0,
            3471.0,
            3315.0,
            3355.0,
            2770.0,
            2911.0,
            2485.0
        ],
        "IntDen": [
            1607.7558246903186,
            2524.1646733875923,
            2077.6323408414355,
            1984.2556064215958,
            2008.1983588369392,
            1658.03560476254,
            1742.433807026626,
            1487.4434938032173
        ],
        "FlagUp": 0,
        "Times": [
            -15,
            -10,
            -5,
            2,
            10,
            20,
            30,
            40
        ],
        "width": 0,
        "height": 0,
        "area": 0.5985688103835884,
        "distance": 1.4949353366033116,
        "xpert": [
            [
                95.0,
                244.4
            ],
            [
                91.0,
                237.0
            ],
            [
                88.2,
                233.0
            ],
            [
                89.4,
                227.4
            ],
            [
                95.0,
                228.2
            ],
            [
                98.6,
                229.4
            ],
            [
                100.6,
                233.0
            ],
            [
                99.4,
                237.4
            ]
        ],
        "stack": 0
    },
    {
        "type": "Spine",
        "location": [
            142,
            253
        ],
        "radloc": [
            0,
            0
        ],
        "mean": [
            88.05785123966942,
            53.429752066115704,
            68.73553719008264,
            62.46280991735537,
            81.90082644628099,
            67.97520661157024,
            54.19834710743802,
            54.90909090909091
        ],
        "min": [
            19.0,
            11.0,
            12.0,
            10.0,
            17.0,
            14.0,
            11.0,
            10.0
        ],
        "max": [
            206.0,
            184.0,
            187.0,
            217.0,
            182.0,
            168.0,
            181.0,
            139.0
        ],
        "RawIntDen": [
            10655.0,
            6465.0,
            8317.0,
            7558.0,
            9910.0,
            8225.0,
            6558.0,
            6644.0
        ],
        "IntDen": [
            5728.13467095319,
            3475.5880476501525,
            4471.224407162616,
            4063.185531962854,
            5327.6222045186405,
            4421.765149562645,
            3525.58490587621,
            3571.8185597196616
        ],
        "FlagUp": 0,
        "Times": [
            -15,
            -10,
            -5,
            2,
            10,
            20,
            30,
            40
        ],
        "width": 0,
        "height": 0,
        "area": 0.5376006260866438,
        "distance": 5.807146952821374,
        "xpert": [
            [
                142.0,
                260.4
            ],
            [
                136.0,
                259.0
            ],
            [
                136.6,
                253.0
            ],
            [
                137.8,
                248.8
            ],
            [
                142.0,
                248.2
            ],
            [
                145.4,
                249.6
            ],
            [
                148.0,
                253.0
            ],
            [
                148.2,
                259.2
            ]
        ],
        "stack": 0
    },
    {
        "type": "Spine",
        "location": [
            172,
            269
        ],
        "radloc": [
            0,
            0
        ],
        "mean": [
            69.35483870967742,
            80.08064516129032,
            63.96774193548387,
            80.69354838709677,
            66.89516129032258,
            55.306451612903224,
            61.12903225806452,
            55.806451612903224
        ],
        "min": [
            14.0,
            17.0,
            8.0,
            20.0,
            18.0,
            14.0,
            17.0,
            13.0
        ],
        "max": [
            181.0,
            162.0,
            139.0,
            177.0,
            152.0,
            122.0,
            132.0,
            135.0
        ],
        "RawIntDen": [
            8600.0,
            9930.0,
            7932.0,
            10006.0,
            8295.0,
            6858.0,
            7580.0,
            6920.0
        ],
        "IntDen": [
            4756.955087661642,
            5492.623723311641,
            4387.461366899087,
            5534.6619310630695,
            4588.24912234341,
            3793.3951152539003,
            4192.758088892471,
            3827.689442630066
        ],
        "FlagUp": 0,
        "Times": [
            -15,
            -10,
            -5,
            2,
            10,
            20,
            30,
            40
        ],
        "width": 0,
        "height": 0,
        "area": 0.5531343125187956,
        "distance": 7.848570447424676,
        "xpert": [
            [
                172.0,
                275.0
            ],
            [
                167.4,
                273.6
            ],
            [
                163.8,
                269.0
            ],
            [
                167.4,
                264.4
            ],
            [
                172.0,
                263.8
            ],
            [
                176.2,
                264.8
            ],
            [
                179.2,
                269.0
            ],
            [
                177.4,
                274.4
            ]
        ],
        "stack": 0
    },
    {
        "type": "Spine",
        "location": [
            185,
            267
        ],
        "radloc": [
            0,
            0
        ],
        "mean": [
            51.07964601769911,
            58.61946902654867,
            47.19469026548673,
            61.769911504424776,
            53.63716814159292,
            53.530973451327434,
            101.40707964601769,
            61.442477876106196
        ],
        "min": [
            11.0,
            16.0,
            14.0,
            11.0,
            10.0,
            8.0,
            24.0,
            15.0
        ],
        "max": [
            133.0,
            132.0,
            117.0,
            145.0,
            148.0,
            148.0,
            207.0,
            138.0
        ],
        "RawIntDen": [
            5772.0,
            6624.0,
            5333.0,
            6980.0,
            6061.0,
            6049.0,
            11459.0,
            6943.0
        ],
        "IntDen": [
            2839.010946679805,
            3258.0749325722504,
            2623.084784934754,
            3433.176785832474,
            2981.158237669144,
            2975.255928008687,
            5636.21386659804,
            3414.9779977127314
        ],
        "FlagUp": 0,
        "Times": [
            -15,
            -10,
            -5,
            2,
            10,
            20,
            30,
            40
        ],
        "width": 0,
        "height": 0,
        "area": 0.4918591383714146,
        "distance": 8.705140447424675,
        "xpert": [
            [
                185.0,
                272.4
            ],
            [
                179.2,
                272.8
            ],
            [
                178.4,
                267.0
            ],
            [
                181.2,
                263.2
            ],
            [
                185.0,
                261.8
            ],
            [
                190.2,
                261.8
            ],
            [
                191.2,
                267.0
            ],
            [
                189.0,
                271.0
            ]
        ],
        "stack": 0
    },
    {
        "type": "Spine",
        "location": [
            218,
            252
        ],
        "radloc": [
            0,
            0
        ],
        "mean": [
            68.43801652892562,
            83.6694214876033,
            71.35537190082644,
            71.1900826446281,
            84.6694214876033,
            67.47933884297521,
            62.710743801652896,
            65.07438016528926
        ],
        "min": [
            19.0,
            24.0,
            16.0,
            14.0,
            18.0,
            12.0,
            13.0,
            11.0
        ],
        "max": [
            113.0,
            149.0,
            147.0,
            139.0,
            178.0,
            140.0,
            145.0,
            161.0
        ],
        "RawIntDen": [
            8281.0,
            10124.0,
            8634.0,
            8614.0,
            10245.0,
            8165.0,
            7588.0,
            7874.0
        ],
        "IntDen": [
            4555.083412453401,
            5568.852127481975,
            4749.256150600491,
            4738.254862320203,
            5635.40992157772,
            4491.275940427729,
            4173.888773541409,
            4331.207195949533
        ],
        "FlagUp": 0,
        "Times": [
            -15,
            -10,
            -5,
            2,
            10,
            20,
            30,
            40
        ],
        "width": 0,
        "height": 0,
        "area": 0.5500644140144187,
        "distance": 10.879510447424686,
        "xpert": [
            [
                218.0,
                256.8
            ],
            [
                213.6,
                256.4
            ],
            [
                209.6,
                252.0
            ],
            [
                214.0,
                248.0
            ],
            [
                218.0,
                247.2
            ],
            [
                223.4,
                246.6
            ],
            [
                226.6,
                252.0
            ],
            [
                222.4,
                256.4
            ]
        ],
        "stack": 0
    },
    {
        "type": "Spine",
        "location": [
            229,
            297
        ],
        "radloc": [
            0,
            0
        ],
        "mean": [
            18.520408163265305,
            17.010204081632654,
            23.622448979591837,
            19.29591836734694,
            15.66326530612245,
            22.683673469387756,
            31.744897959183675,
            20.5
        ],
        "min": [
            5.0,
            5.0,
            6.0,
            7.0,
            5.0,
            7.0,
            8.0,
            7.0
        ],
        "max": [
            61.0,
            47.0,
            65.0,
            61.0,
            36.0,
            48.0,
            73.0,
            45.0
        ],
        "RawIntDen": [
            1815.0,
            1667.0,
            2315.0,
            1891.0,
            1535.0,
            2223.0,
            3111.0,
            2009.0
        ],
        "IntDen": [
            827.310631822987,
            759.849489393344,
            1055.2198967879972,
            861.9528400976686,
            699.6814434425813,
            1013.2845920344354,
            1418.0514466122936,
            915.739426629411
        ],
        "FlagUp": 0,
        "Times": [
            -15,
            -10,
            -5,
            2,
            10,
            20,
            30,
            40
        ],
        "width": 0,
        "height": 0,
        "area": 0.4558185299300204,
        "distance": 12.524514596060866,
        "xpert": [
            [
                229.0,
                301.0
            ],
            [
                225.2,
                300.8
            ],
            [
                223.6,
                297.0
            ],
            [
                225.0,
                293.0
            ],
            [
                229.0,
                288.4
            ],
            [
                235.4,
                290.6
            ],
            [
                233.4,
                297.0
            ],
            [
                231.8,
                299.8
            ]
        ],
        "stack": 0
    },
    {
        "type": "Spine",
        "location": [
            264,
            289
        ],
        "radloc": [
            0,
            0
        ],
        "mean": [
            75.09734513274336,
            69.06194690265487,
            76.83185840707965,
            80.80530973451327,
            56.70796460176991,
            62.04424778761062,
            62.50442477876106,
            55.92920353982301
        ],
        "min": [
            12.0,
            12.0,
            22.0,
            18.0,
            13.0,
            15.0,
            14.0,
            16.0
        ],
        "max": [
            154.0,
            148.0,
            196.0,
            175.0,
            122.0,
            133.0,
            154.0,
            114.0
        ],
        "RawIntDen": [
            8486.0,
            7804.0,
            8682.0,
            9131.0,
            6408.0,
            7011.0,
            7063.0,
            6320.0
        ],
        "IntDen": [
            4249.98603164762,
            3908.424580600757,
            4348.147387080442,
            4573.017022740327,
            3209.2753347628973,
            3511.2717496914283,
            3537.314558275647,
            3165.202889466528
        ],
        "FlagUp": 0,
        "Times": [
            -15,
            -10,
            -5,
            2,
            10,
            20,
            30,
            40
        ],
        "width": 0,
        "height": 0,
        "area": 0.5008232420041975,
        "distance": 14.347130953420907,
        "xpert": [
            [
                264.0,
                295.2
            ],
            [
                257.8,
                295.2
            ],
            [
                258.4,
                289.0
            ],
            [
                260.6,
                285.6
            ],
            [
                264.0,
                283.8
            ],
            [
                268.2,
                284.8
            ],
            [
                271.2,
                289.0
            ],
            [
                268.6,
                293.6
            ]
        ],
        "stack": 0
    },
    {
        "type": "Spine",
        "location": [
            278,
            284
        ],
        "radloc": [
            0,
            0
        ],
        "mean": [
            55.83916083916084,
            49.86013986013986,
            72.5104895104895,
            54.48251748251748,
            49.74825174825175,
            54.85314685314685,
            55.12587412587413,
            60.14685314685315
        ],
        "min": [
            16.0,
            14.0,
            20.0,
            11.0,
            15.0,
            24.0,
            20.0,
            27.0
        ],
        "max": [
            107.0,
            128.0,
            154.0,
            117.0,
            90.0,
            109.0,
            110.0,
            122.0
        ],
        "RawIntDen": [
            7985.0,
            7130.0,
            10369.0,
            7791.0,
            7114.0,
            7844.0,
            7883.0,
            8601.0
        ],
        "IntDen": [
            5078.632253513929,
            4534.833809336796,
            6594.907681488532,
            4955.2440685193515,
            4524.657464182604,
            4988.953211842612,
            5013.758053155955,
            5470.421541950319
        ],
        "FlagUp": 0,
        "Times": [
            -15,
            -10,
            -5,
            2,
            10,
            20,
            30,
            40
        ],
        "width": 0,
        "height": 0,
        "area": 0.636021572136998,
        "distance": 15.269590953420913,
        "xpert": [
            [
                278.0,
                292.4
            ],
            [
                273.8,
                288.2
            ],
            [
                270.4,
                284.0
            ],
            [
                272.8,
                278.8
            ],
            [
                278.0,
                278.2
            ],
            [
                283.2,
                278.8
            ],
            [
                284.8,
                284.0
            ],
            [
                283.6,
                289.6
            ]
        ],
        "stack": 0
    },
    {
        "type": "Spine",
        "location": [
            327,
            243
        ],
        "radloc": [
            0,
            0
        ],
        "mean": [
            49.87786259541985,
            38.29007633587786,
            41.770992366412216,
            40.656488549618324,
            33.64885496183206,
            37.76335877862596,
            34.458015267175576,
            47.19083969465649
        ],
        "min": [
            7.0,
            10.0,
            10.0,
            10.0,
            9.0,
            10.0,
            8.0,
            11.0
        ],
        "max": [
            139.0,
            99.0,
            109.0,
            103.0,
            75.0,
            106.0,
            84.0,
            114.0
        ],
        "RawIntDen": [
            6534.0,
            5016.0,
            5472.0,
            5326.0,
            4408.0,
            4947.0,
            4514.0,
            6182.0
        ],
        "IntDen": [
            3778.6610759841715,
            2900.7903209575456,
            3164.4985319536863,
            3080.065639836501,
            2549.1793729626916,
            2860.8871048199717,
            2610.4799658696893,
            3575.0968429345194
        ],
        "FlagUp": 0,
        "Times": [
            -15,
            -10,
            -5,
            2,
            10,
            20,
            30,
            40
        ],
        "width": 0,
        "height": 0,
        "area": 0.5783074802546941,
        "distance": 19.46668411754094,
        "xpert": [
            [
                327.0,
                249.6
            ],
            [
                321.6,
                248.4
            ],
            [
                320.2,
                243.0
            ],
            [
                322.8,
                238.8
            ],
            [
                327.0,
                237.6
            ],
            [
                331.4,
                238.6
            ],
            [
                333.6,
                243.0
            ],
            [
                333.4,
                249.4
            ]
        ],
        "stack": 0
    },
    {
        "type": "Spine",
        "location": [
            347,
            265
        ],
        "radloc": [
            0,
            0
        ],
        "mean": [
            85.38970588235294,
            77.38235294117646,
            72.13970588235294,
            72.7279411764706,
            58.69117647058823,
            64.7279411764706,
            52.419117647058826,
            56.338235294117645
        ],
        "min": [
            15.0,
            13.0,
            10.0,
            13.0,
            10.0,
            17.0,
            10.0,
            11.0
        ],
        "max": [
            184.0,
            185.0,
            178.0,
            175.0,
            155.0,
            154.0,
            154.0,
            147.0
        ],
        "RawIntDen": [
            11613.0,
            10524.0,
            9811.0,
            9891.0,
            7982.0,
            8803.0,
            7129.0,
            7662.0
        ],
        "IntDen": [
            6999.664589595242,
            6343.276512606591,
            5913.520131621366,
            5961.739641409329,
            4811.101589094052,
            5305.954308293027,
            4296.961065979892,
            4618.223549942199
        ],
        "FlagUp": 0,
        "Times": [
            -15,
            -10,
            -5,
            2,
            10,
            20,
            30,
            40
        ],
        "width": 0,
        "height": 0,
        "area": 0.602743872349543,
        "distance": 20.416436649165707,
        "xpert": [
            [
                347.0,
                271.8
            ],
            [
                342.4,
                269.6
            ],
            [
                337.6,
                265.0
            ],
            [
                341.8,
                259.8
            ],
            [
                347.0,
                259.8
            ],
            [
                351.8,
                260.2
            ],
            [
                353.8,
                265.0
            ],
            [
                351.6,
                269.6
            ]
        ],
        "stack": 0
    },
    {
        "type": "Spine",
        "location": [
            361,
            264
        ],
        "radloc": [
            0,
            0
        ],
        "mean": [
            61.69465648854962,
            91.46564885496183,
            70.0,
            66.46564885496183,
            61.86259541984733,
            95.54961832061069,
            69.74809160305344,
            63.045801526717554
        ],
        "min": [
            12.0,
            19.0,
            14.0,
            9.0,
            10.0,
            20.0,
            8.0,
            8.0
        ],
        "max": [
            157.0,
            185.0,
            174.0,
            133.0,
            131.0,
            172.0,
            162.0,
            128.0
        ],
        "RawIntDen": [
            8082.0,
            11982.0,
            9170.0,
            8707.0,
            8104.0,
            12517.0,
            9137.0,
            8259.0
        ],
        "IntDen": [
            4650.0625724945485,
            6893.968045487463,
            5276.054663421803,
            5009.662808551105,
            4662.720500803739,
            7201.785847551875,
            5257.067770958016,
            4751.901359345765
        ],
        "FlagUp": 0,
        "Times": [
            -15,
            -10,
            -5,
            2,
            10,
            20,
            30,
            40
        ],
        "width": 0,
        "height": 0,
        "area": 0.575360377690491,
        "distance": 21.366189180790478,
        "xpert": [
            [
                361.0,
                270.2
            ],
            [
                355.2,
                269.8
            ],
            [
                353.2,
                264.0
            ],
            [
                355.8,
                258.8
            ],
            [
                361.0,
                258.8
            ],
            [
                365.4,
                259.6
            ],
            [
                367.2,
                264.0
            ],
            [
                366.0,
                269.0
            ]
        ],
        "stack": 0
    },
    {
        "type": "Spine",
        "location": [
            371,
            240
        ],
        "radloc": [
            0,
            0
        ],
        "mean": [
            56.82442748091603,
            75.10687022900764,
            83.16793893129771,
            77.12977099236642,
            64.6793893129771,
            54.86259541984733,
            74.82442748091603,
            68.1526717557252
        ],
        "min": [
            13.0,
            14.0,
            20.0,
            21.0,
            14.0,
            17.0,
            21.0,
            19.0
        ],
        "max": [
            159.0,
            173.0,
            168.0,
            171.0,
            125.0,
            109.0,
            142.0,
            131.0
        ],
        "RawIntDen": [
            7444.0,
            9839.0,
            10895.0,
            10104.0,
            8473.0,
            7187.0,
            9802.0,
            8928.0
        ],
        "IntDen": [
            4357.024182799764,
            5758.834085782762,
            6376.918118162739,
            5913.9404007266,
            4959.304930260935,
            4206.600322646682,
            5737.177732375509,
            5225.619546485263
        ],
        "FlagUp": 0,
        "Times": [
            -15,
            -10,
            -5,
            2,
            10,
            20,
            30,
            40
        ],
        "width": 0,
        "height": 0,
        "area": 0.5853068488446754,
        "distance": 22.778543231225726,
        "xpert": [
            [
                371.0,
                248.4
            ],
            [
                363.8,
                247.2
            ],
            [
                364.8,
                240.0
            ],
            [
                367.4,
                236.4
            ],
            [
                371.0,
                234.0
            ],
            [
                375.0,
                236.0
            ],
            [
                377.0,
                240.0
            ],
            [
                375.4,
                244.4
            ]
        ],
        "stack": 0
    },
    {
        "type": "Spine",
        "location": [
            374,
            230
        ],
        "radloc": [
            0,
            0
        ],
        "mean": [
            37.598684210526315,
            41.38157894736842,
            42.44736842105263,
            47.31578947368421,
            37.61842105263158,
            42.875,
            43.578947368421055,
            48.651315789473685
        ],
        "min": [
            8.0,
            8.0,
            11.0,
            12.0,
            9.0,
            11.0,
            7.0,
            7.0
        ],
        "max": [
            125.0,
            101.0,
            115.0,
            119.0,
            107.0,
            96.0,
            126.0,
            129.0
        ],
        "RawIntDen": [
            5715.0,
            6290.0,
            6452.0,
            7192.0,
            5718.0,
            6517.0,
            6624.0,
            7395.0
        ],
        "IntDen": [
            4343.659870844718,
            4780.686017080188,
            4903.8133834978335,
            5466.247032566092,
            4345.940007259859,
            4953.216339159235,
            5034.541204632618,
            5620.536263324005
        ],
        "FlagUp": 0,
        "Times": [
            -15,
            -10,
            -5,
            2,
            10,
            20,
            30,
            40
        ],
        "width": 0,
        "height": 0,
        "area": 0.7600454717138614,
        "distance": 23.15458449703811,
        "xpert": [
            [
                374.0,
                236.0
            ],
            [
                369.2,
                234.8
            ],
            [
                367.2,
                230.0
            ],
            [
                370.6,
                226.6
            ],
            [
                374.0,
                224.4
            ],
            [
                378.4,
                225.6
            ],
            [
                388.2,
                230.0
            ],
            [
                380.0,
                236.0
            ]
        ],
        "stack": 0
    },
    {
        "type": "Spine",
        "location": [
            411,
            227
        ],
        "radloc": [
            0,
            0
        ],
        "mean": [
            42.04545454545455,
            38.59090909090909,
            42.89772727272727,
            44.60227272727273,
            37.10227272727273,
            34.67613636363637,
            32.77840909090909,
            36.71022727272727
        ],
        "min": [
            8.0,
            9.0,
            8.0,
            10.0,
            7.0,
            6.0,
            5.0,
            6.0
        ],
        "max": [
            129.0,
            108.0,
            117.0,
            120.0,
            94.0,
            108.0,
            90.0,
            91.0
        ],
        "RawIntDen": [
            7400.0,
            6792.0,
            7550.0,
            7850.0,
            6530.0,
            6103.0,
            5769.0,
            6461.0
        ],
        "IntDen": [
            6517.578718704386,
            5982.080359113539,
            6649.691800840286,
            6913.917965112086,
            5751.322842316168,
            5375.240935169307,
            5081.069138946704,
            5690.550824533654
        ],
        "FlagUp": 0,
        "Times": [
            -15,
            -10,
            -5,
            2,
            10,
            20,
            30,
            40
        ],
        "width": 0,
        "height": 0,
        "area": 0.8807538809059982,
        "distance": 25.0154920919124,
        "xpert": [
            [
                411.0,
                234.8
            ],
            [
                401.8,
                236.2
            ],
            [
                404.2,
                227.0
            ],
            [
                406.4,
                222.4
            ],
            [
                411.0,
                221.2
            ],
            [
                415.4,
                222.6
            ],
            [
                419.2,
                227.0
            ],
            [
                418.6,
                234.6
            ]
        ],
        "stack": 0
    },
    {
        "type": "Spine",
        "location": [
            415,
            260
        ],
        "radloc": [
            0,
            0
        ],
        "mean": [
            39.02127659574468,
            43.36879432624114,
            42.843971631205676,
            42.87234042553192,
            45.91489361702128,
            41.43262411347518,
            37.97872340425532,
            35.86524822695036
        ],
        "min": [
            9.0,
            11.0,
            9.0,
            10.0,
            7.0,
            6.0,
            6.0,
            6.0
        ],
        "max": [
            109.0,
            115.0,
            109.0,
            123.0,
            119.0,
            115.0,
            97.0,
            94.0
        ],
        "RawIntDen": [
            5502.0,
            6115.0,
            6041.0,
            6045.0,
            6474.0,
            5842.0,
            5355.0,
            5057.0
        ],
        "IntDen": [
            3426.423377510661,
            3808.1750188072865,
            3762.0908076230285,
            3764.581846065421,
            4031.745719011999,
            3638.1616451140094,
            3334.8777147527426,
            3149.295350794513
        ],
        "FlagUp": 0,
        "Times": [
            -15,
            -10,
            -5,
            2,
            10,
            20,
            30,
            40
        ],
        "width": 0,
        "height": 0,
        "area": 0.6227596105980845,
        "distance": 26.101707281660985,
        "xpert": [
            [
                415.0,
                265.2
            ],
            [
                410.2,
                264.8
            ],
            [
                407.6,
                260.0
            ],
            [
                408.6,
                253.6
            ],
            [
                415.0,
                251.6
            ],
            [
                420.2,
                254.8
            ],
            [
                421.0,
                260.0
            ],
            [
                419.2,
                264.2
            ]
        ],
        "stack": 0
    },
    {
        "type": "Spine",
        "location": [
            444,
            266
        ],
        "radloc": [
            0,
            0
        ],
        "mean": [
            60.24460431654676,
            72.32374100719424,
            50.76978417266187,
            47.9568345323741,
            49.0,
            52.41726618705036,
            55.115107913669064,
            50.65467625899281
        ],
        "min": [
            12.0,
            14.0,
            11.0,
            11.0,
            7.0,
            8.0,
            9.0,
            10.0
        ],
        "max": [
            129.0,
            134.0,
            109.0,
            98.0,
            131.0,
            126.0,
            150.0,
            115.0
        ],
        "RawIntDen": [
            8374.0,
            10053.0,
            7057.0,
            6666.0,
            6811.0,
            7286.0,
            7661.0,
            7041.0
        ],
        "IntDen": [
            5145.5791879440885,
            6177.275803248379,
            4336.321032878127,
            4096.062916985346,
            4185.161195257605,
            4477.034865459831,
            4707.461447198431,
            4326.489498723947
        ],
        "FlagUp": 0,
        "Times": [
            -15,
            -10,
            -5,
            2,
            10,
            20,
            30,
            40
        ],
        "width": 0,
        "height": 0,
        "area": 0.6144708846362656,
        "distance": 27.435494876535284,
        "xpert": [
            [
                444.0,
                273.2
            ],
            [
                438.8,
                271.2
            ],
            [
                436.2,
                266.0
            ],
            [
                437.4,
                259.4
            ],
            [
                444.0,
                258.8
            ],
            [
                448.6,
                261.4
            ],
            [
                449.4,
                266.0
            ],
            [
                447.4,
                269.4
            ]
        ],
        "stack": 0
    }
]