[
    {
        "type": "Stim",
        "location": [
            143,
            351
        ],
        "radloc": [
            0,
            0
        ],
        "mean": [
            59.987096774193546,
            53.438709677419354,
            51.6258064516129,
            63.83870967741935,
            62.92903225806452,
            74.60645161290323,
            87.89677419354838,
            81.81935483870967
        ],
        "min": [
            18.0,
            11.0,
            15.0,
            17.0,
            13.0,
            10.0,
            15.0,
            12.0
        ],
        "max": [
            145.0,
            123.0,
            112.0,
            153.0,
            183.0,
            224.0,
            200.0,
            230.0
        ],
        "RawIntDen": [
            9298.0,
            8283.0,
            8002.0,
            9895.0,
            9754.0,
            11564.0,
            13624.0,
            12682.0
        ],
        "IntDen": [
            7090.879685682199,
            6316.816136427797,
            6102.518740033228,
            7546.16632499735,
            7438.636314706837,
            8818.986092194982,
            10389.991916297513,
            9671.599932654512
        ],
        "FlagUp": 0,
        "Times": [
            -15,
            -10,
            -5,
            2,
            10,
            20,
            30,
            40
        ],
        "width": 0,
        "height": 0,
        "area": 0.7626241864575392,
        "distance": 0,
        "xpert": [
            [
                143.0,
                359.2
            ],
            [
                138.0,
                356.0
            ],
            [
                136.4,
                351.0
            ],
            [
                136.2,
                344.2
            ],
            [
                143.0,
                345.0
            ],
            [
                149.2,
                344.8
            ],
            [
                149.6,
                351.0
            ],
            [
                149.6,
                357.6
            ]
        ],
        "stack": 0
    },
    {
        "type": "Spine",
        "location": [
            163,
            344
        ],
        "radloc": [
            0,
            0
        ],
        "mean": [
            138.5,
            118.27941176470588,
            121.42647058823529,
            138.7107843137255,
            123.00490196078431,
            121.87745098039215,
            119.56862745098039,
            123.66666666666667
        ],
        "min": [
            21.0,
            22.0,
            26.0,
            36.0,
            17.0,
            16.0,
            15.0,
            19.0
        ],
        "max": [
            247.0,
            238.0,
            214.0,
            252.0,
            240.0,
            250.0,
            255.0,
            255.0
        ],
        "RawIntDen": [
            28254.0,
            24129.0,
            24771.0,
            28297.0,
            25093.0,
            24863.0,
            24392.0,
            25228.0
        ],
        "IntDen": [
            28305.7239739138,
            24173.17242749933,
            24816.34772272311,
            28348.8026930643,
            25138.937201012915,
            24908.516145091624,
            24436.653895791937,
            25274.184342531935
        ],
        "FlagUp": 0,
        "Times": [
            -15,
            -10,
            -5,
            2,
            10,
            20,
            30,
            40
        ],
        "width": 0,
        "height": 0,
        "area": 1.0018306779186592,
        "distance": 1.3996775948742899,
        "xpert": [
            [
                163.0,
                350.0
            ],
            [
                157.6,
                349.4
            ],
            [
                157.0,
                344.0
            ],
            [
                154.0,
                335.0
            ],
            [
                163.0,
                331.0
            ],
            [
                171.0,
                336.0
            ],
            [
                168.6,
                344.0
            ],
            [
                167.0,
                348.0
            ]
        ],
        "stack": 0
    },
    {
        "type": "Spine",
        "location": [
            128,
            331
        ],
        "radloc": [
            0,
            0
        ],
        "mean": [
            71.36567164179104,
            53.73880597014925,
            82.52985074626865,
            88.30597014925372,
            72.73134328358209,
            57.76119402985075,
            76.78358208955224,
            60.865671641791046
        ],
        "min": [
            14.0,
            9.0,
            13.0,
            20.0,
            28.0,
            18.0,
            29.0,
            18.0
        ],
        "max": [
            166.0,
            138.0,
            193.0,
            189.0,
            154.0,
            123.0,
            155.0,
            126.0
        ],
        "RawIntDen": [
            9563.0,
            7201.0,
            11059.0,
            11833.0,
            9746.0,
            7740.0,
            10289.0,
            8156.0
        ],
        "IntDen": [
            5616.07815671595,
            4228.942675573728,
            6494.636446211617,
            6949.184652140525,
            5723.548856567359,
            4545.482059289078,
            6042.437326618259,
            4789.787038186269
        ],
        "FlagUp": 0,
        "Times": [
            -15,
            -10,
            -5,
            2,
            10,
            20,
            30,
            40
        ],
        "width": 0,
        "height": 0,
        "area": 0.5872715838874778,
        "distance": 1.0156425316247633,
        "xpert": [
            [
                128.0,
                338.8
            ],
            [
                122.8,
                336.2
            ],
            [
                122.2,
                331.0
            ],
            [
                123.6,
                326.6
            ],
            [
                128.0,
                324.8
            ],
            [
                132.6,
                326.4
            ],
            [
                135.2,
                331.0
            ],
            [
                133.6,
                336.6
            ]
        ],
        "stack": 0
    },
    {
        "type": "Spine",
        "location": [
            48,
            365
        ],
        "radloc": [
            0,
            0
        ],
        "mean": [
            85.52816901408451,
            74.52112676056338,
            68.41549295774648,
            77.27464788732394,
            67.66901408450704,
            73.9225352112676,
            77.74647887323944,
            91.46478873239437
        ],
        "min": [
            12.0,
            15.0,
            10.0,
            9.0,
            13.0,
            15.0,
            22.0,
            32.0
        ],
        "max": [
            188.0,
            171.0,
            166.0,
            197.0,
            182.0,
            179.0,
            207.0,
            186.0
        ],
        "RawIntDen": [
            12145.0,
            10582.0,
            9715.0,
            10973.0,
            9609.0,
            10497.0,
            11040.0,
            12988.0
        ],
        "IntDen": [
            7815.45475190289,
            6809.645301328645,
            6251.720289397825,
            7061.258542003327,
            6183.50800420213,
            6754.946770747191,
            7104.373854344002,
            8357.935472846006
        ],
        "FlagUp": 0,
        "Times": [
            -15,
            -10,
            -5,
            2,
            10,
            20,
            30,
            40
        ],
        "width": 0,
        "height": 0,
        "area": 0.6435121244876814,
        "distance": 6.501303543617184,
        "xpert": [
            [
                48.0,
                375.6
            ],
            [
                42.4,
                370.6
            ],
            [
                42.0,
                365.0
            ],
            [
                44.6,
                361.6
            ],
            [
                48.0,
                359.4
            ],
            [
                53.0,
                360.0
            ],
            [
                54.4,
                365.0
            ],
            [
                53.6,
                370.6
            ]
        ],
        "stack": 0
    },
    {
        "type": "Spine",
        "location": [
            60,
            360
        ],
        "radloc": [
            0,
            0
        ],
        "mean": [
            43.10989010989011,
            47.18681318681319,
            60.0,
            60.68131868131868,
            70.15384615384616,
            72.94505494505495,
            89.86813186813187,
            81.4065934065934
        ],
        "min": [
            12.0,
            8.0,
            10.0,
            13.0,
            14.0,
            10.0,
            16.0,
            23.0
        ],
        "max": [
            121.0,
            130.0,
            118.0,
            141.0,
            200.0,
            208.0,
            185.0,
            157.0
        ],
        "RawIntDen": [
            3923.0,
            4294.0,
            5460.0,
            5522.0,
            6384.0,
            6638.0,
            8178.0,
            7408.0
        ],
        "IntDen": [
            1608.491372371965,
            1760.6071763867494,
            2238.685417576072,
            2264.106387519243,
            2617.5398728581763,
            2721.6838464963303,
            3353.107938633171,
            3037.3958925647507
        ],
        "FlagUp": 0,
        "Times": [
            -15,
            -10,
            -5,
            2,
            10,
            20,
            30,
            40
        ],
        "width": 0,
        "height": 0,
        "area": 0.41001564424470177,
        "distance": 5.797552605960962,
        "xpert": [
            [
                60.0,
                367.2
            ],
            [
                55.0,
                365.0
            ],
            [
                55.6,
                360.0
            ],
            [
                57.0,
                357.0
            ],
            [
                60.0,
                355.6
            ],
            [
                63.8,
                356.2
            ],
            [
                66.4,
                360.0
            ],
            [
                64.4,
                364.4
            ]
        ],
        "stack": 0
    },
    {
        "type": "Spine",
        "location": [
            64,
            385
        ],
        "radloc": [
            0,
            0
        ],
        "mean": [
            72.31159420289855,
            90.3913043478261,
            92.09420289855072,
            97.92753623188406,
            90.89855072463769,
            79.3695652173913,
            86.77536231884058,
            54.427536231884055
        ],
        "min": [
            13.0,
            31.0,
            23.0,
            25.0,
            35.0,
            22.0,
            19.0,
            9.0
        ],
        "max": [
            146.0,
            164.0,
            202.0,
            199.0,
            165.0,
            204.0,
            238.0,
            158.0
        ],
        "RawIntDen": [
            9979.0,
            12474.0,
            12709.0,
            13514.0,
            12544.0,
            10953.0,
            11975.0,
            7511.0
        ],
        "IntDen": [
            6190.62323076165,
            7738.434129724505,
            7884.219925819202,
            8383.613823079762,
            7781.8596860080315,
            6794.85882819244,
            7428.871949931933,
            4659.562189222443
        ],
        "FlagUp": 0,
        "Times": [
            -15,
            -10,
            -5,
            2,
            10,
            20,
            30,
            40
        ],
        "width": 0,
        "height": 0,
        "area": 0.6203650897646709,
        "distance": 6.479741763943139,
        "xpert": [
            [
                64.0,
                390.8
            ],
            [
                59.2,
                389.8
            ],
            [
                55.6,
                385.0
            ],
            [
                60.0,
                381.0
            ],
            [
                64.0,
                378.8
            ],
            [
                69.8,
                379.2
            ],
            [
                72.8,
                385.0
            ],
            [
                68.4,
                389.4
            ]
        ],
        "stack": 0
    },
    {
        "type": "Spine",
        "location": [
            4,
            373
        ],
        "radloc": [
            0,
            0
        ],
        "mean": [
            40.63636363636363,
            38.18181818181818,
            69.27272727272727,
            50.6,
            56.67272727272727,
            57.99090909090909,
            40.40909090909091,
            49.09090909090909
        ],
        "min": [
            9.0,
            9.0,
            17.0,
            7.0,
            15.0,
            16.0,
            8.0,
            8.0
        ],
        "max": [
            113.0,
            115.0,
            151.0,
            112.0,
            117.0,
            145.0,
            98.0,
            138.0
        ],
        "RawIntDen": [
            4470.0,
            4200.0,
            7620.0,
            5566.0,
            6234.0,
            6379.0,
            4445.0,
            5400.0
        ],
        "IntDen": [
            2210.4116523507514,
            2076.896854557753,
            3768.0842932690666,
            2752.3828315401083,
            3082.708331265008,
            3154.410722672359,
            2198.0491710736223,
            2670.295955859968
        ],
        "FlagUp": 0,
        "Times": [
            -15,
            -10,
            -5,
            2,
            10,
            20,
            30,
            40
        ],
        "width": 0,
        "height": 0,
        "area": 0.49449925108517934,
        "distance": 10.523336581238164,
        "xpert": [
            [
                4.0,
                380.2
            ],
            [
                0.0,
                377.0
            ],
            [
                0.0,
                373.0
            ],
            [
                0.8,
                369.8
            ],
            [
                4.0,
                368.0
            ],
            [
                7.8,
                369.2
            ],
            [
                10.2,
                373.0
            ],
            [
                11.4,
                380.4
            ]
        ],
        "stack": 0
    },
    {
        "type": "Spine",
        "location": [
            19,
            402
        ],
        "radloc": [
            0,
            0
        ],
        "mean": [
            72.27906976744185,
            54.17054263565891,
            60.16279069767442,
            57.93798449612403,
            65.54263565891473,
            60.21705426356589,
            60.83720930232558,
            51.434108527131784
        ],
        "min": [
            14.0,
            14.0,
            13.0,
            10.0,
            13.0,
            11.0,
            8.0,
            9.0
        ],
        "max": [
            182.0,
            108.0,
            127.0,
            137.0,
            163.0,
            141.0,
            147.0,
            176.0
        ],
        "RawIntDen": [
            9324.0,
            6988.0,
            7761.0,
            7474.0,
            8455.0,
            7768.0,
            7848.0,
            6635.0
        ],
        "IntDen": [
            5590.787657459215,
            4190.092680215036,
            4653.59320136647,
            4481.504392090323,
            5069.724329023773,
            4657.790489397596,
            4705.7594954676015,
            3978.4294409311337
        ],
        "FlagUp": 0,
        "Times": [
            -15,
            -10,
            -5,
            2,
            10,
            20,
            30,
            40
        ],
        "width": 0,
        "height": 0,
        "area": 0.5996125758750767,
        "distance": 9.534986581238158,
        "xpert": [
            [
                19.0,
                407.2
            ],
            [
                14.6,
                406.4
            ],
            [
                8.2,
                402.0
            ],
            [
                13.6,
                396.6
            ],
            [
                19.0,
                396.4
            ],
            [
                23.2,
                397.8
            ],
            [
                25.4,
                402.0
            ],
            [
                23.6,
                406.6
            ]
        ],
        "stack": 0
    },
    {
        "type": "Spine",
        "location": [
            219,
            359
        ],
        "radloc": [
            0,
            0
        ],
        "mean": [
            65.38518518518518,
            60.05925925925926,
            94.82222222222222,
            78.63703703703703,
            114.16296296296296,
            87.52592592592593,
            72.18518518518519,
            63.94074074074074
        ],
        "min": [
            10.0,
            12.0,
            14.0,
            11.0,
            12.0,
            16.0,
            19.0,
            11.0
        ],
        "max": [
            195.0,
            126.0,
            226.0,
            197.0,
            255.0,
            200.0,
            157.0,
            147.0
        ],
        "RawIntDen": [
            8827.0,
            8108.0,
            12801.0,
            10616.0,
            15412.0,
            11816.0,
            9745.0,
            8632.0
        ],
        "IntDen": [
            5905.19487386735,
            5424.189423056131,
            8563.770202829493,
            7102.022066497766,
            10310.509051324752,
            7904.812804986587,
            6519.3297888112975,
            5774.7413788629165
        ],
        "FlagUp": 0,
        "Times": [
            -15,
            -10,
            -5,
            2,
            10,
            20,
            30,
            40
        ],
        "width": 0,
        "height": 0,
        "area": 0.6689922820740172,
        "distance": 5.198687721373342,
        "xpert": [
            [
                219.0,
                367.6
            ],
            [
                215.4,
                362.6
            ],
            [
                213.0,
                359.0
            ],
            [
                214.6,
                354.6
            ],
            [
                219.0,
                349.4
            ],
            [
                223.8,
                354.2
            ],
            [
                224.0,
                359.0
            ],
            [
                226.0,
                366.0
            ]
        ],
        "stack": 0
    },
    {
        "type": "Spine",
        "location": [
            235,
            354
        ],
        "radloc": [
            0,
            0
        ],
        "mean": [
            46.45454545454545,
            33.77272727272727,
            39.90151515151515,
            33.03030303030303,
            30.78030303030303,
            23.21969696969697,
            25.46212121212121,
            25.37121212121212
        ],
        "min": [
            12.0,
            11.0,
            9.0,
            9.0,
            7.0,
            7.0,
            7.0,
            8.0
        ],
        "max": [
            107.0,
            85.0,
            112.0,
            91.0,
            68.0,
            82.0,
            88.0,
            73.0
        ],
        "RawIntDen": [
            6132.0,
            4458.0,
            5267.0,
            4360.0,
            4063.0,
            3065.0,
            3361.0,
            3349.0
        ],
        "IntDen": [
            3594.748982404211,
            2613.4036144093234,
            3087.6619194916793,
            2555.9532882065164,
            2381.8436261429074,
            1796.7882633837094,
            1970.3116976289225,
            1963.2769638081706
        ],
        "FlagUp": 0,
        "Times": [
            -15,
            -10,
            -5,
            2,
            10,
            20,
            30,
            40
        ],
        "width": 0,
        "height": 0,
        "area": 0.58622781839599,
        "distance": 6.280220252998105,
        "xpert": [
            [
                235.0,
                359.6
            ],
            [
                231.0,
                358.0
            ],
            [
                226.0,
                354.0
            ],
            [
                228.4,
                347.4
            ],
            [
                235.0,
                348.0
            ],
            [
                239.2,
                349.8
            ],
            [
                240.4,
                354.0
            ],
            [
                240.0,
                359.0
            ]
        ],
        "stack": 0
    },
    {
        "type": "Spine",
        "location": [
            272,
            353
        ],
        "radloc": [
            0,
            0
        ],
        "mean": [
            44.347517730496456,
            48.248226950354606,
            49.47517730496454,
            47.46099290780142,
            80.05673758865248,
            128.65248226950354,
            113.81560283687944,
            86.60992907801419
        ],
        "min": [
            10.0,
            6.0,
            7.0,
            7.0,
            8.0,
            17.0,
            20.0,
            12.0
        ],
        "max": [
            138.0,
            127.0,
            143.0,
            127.0,
            204.0,
            254.0,
            251.0,
            222.0
        ],
        "RawIntDen": [
            6253.0,
            6803.0,
            6976.0,
            6692.0,
            11288.0,
            18140.0,
            16048.0,
            12212.0
        ],
        "IntDen": [
            3841.51859861666,
            4179.41004739951,
            4285.692266743934,
            4111.217409554244,
            6934.761225201481,
            11144.2743289471,
            9859.058127394876,
            7502.418859156669
        ],
        "FlagUp": 0,
        "Times": [
            -15,
            -10,
            -5,
            2,
            10,
            20,
            30,
            40
        ],
        "width": 0,
        "height": 0,
        "area": 0.6143480886960915,
        "distance": 8.881905442746685,
        "xpert": [
            [
                272.0,
                360.0
            ],
            [
                266.4,
                358.6
            ],
            [
                265.4,
                353.0
            ],
            [
                265.8,
                346.8
            ],
            [
                272.0,
                347.0
            ],
            [
                277.0,
                348.0
            ],
            [
                278.0,
                353.0
            ],
            [
                276.8,
                357.8
            ]
        ],
        "stack": 0
    },
    {
        "type": "Spine",
        "location": [
            285,
            350
        ],
        "radloc": [
            0,
            0
        ],
        "mean": [
            27.56578947368421,
            33.56578947368421,
            40.0328947368421,
            47.85526315789474,
            36.89473684210526,
            56.51315789473684,
            42.38815789473684,
            48.36184210526316
        ],
        "min": [
            10.0,
            8.0,
            9.0,
            9.0,
            9.0,
            16.0,
            12.0,
            14.0
        ],
        "max": [
            56.0,
            67.0,
            81.0,
            101.0,
            73.0,
            136.0,
            83.0,
            94.0
        ],
        "RawIntDen": [
            4190.0,
            5102.0,
            6085.0,
            7274.0,
            5608.0,
            8590.0,
            6443.0,
            7351.0
        ],
        "IntDen": [
            2894.4040724968627,
            3524.4032405439125,
            4203.448396454274,
            5024.795996024386,
            3873.9422526401922,
            5933.873742899296,
            4450.750701455199,
            5077.986715256429
        ],
        "FlagUp": 0,
        "Times": [
            -15,
            -10,
            -5,
            2,
            10,
            20,
            30,
            40
        ],
        "width": 0,
        "height": 0,
        "area": 0.6907885614550985,
        "distance": 9.738475442746687,
        "xpert": [
            [
                285.0,
                358.2
            ],
            [
                280.4,
                354.6
            ],
            [
                277.6,
                350.0
            ],
            [
                278.0,
                343.0
            ],
            [
                285.0,
                344.0
            ],
            [
                289.8,
                345.2
            ],
            [
                290.8,
                350.0
            ],
            [
                291.0,
                356.0
            ]
        ],
        "stack": 0
    },
    {
        "type": "Spine",
        "location": [
            295,
            348
        ],
        "radloc": [
            0,
            0
        ],
        "mean": [
            54.35897435897436,
            42.52136752136752,
            52.30769230769231,
            45.504273504273506,
            37.957264957264954,
            39.572649572649574,
            49.666666666666664,
            91.32478632478633
        ],
        "min": [
            11.0,
            10.0,
            9.0,
            10.0,
            9.0,
            8.0,
            15.0,
            37.0
        ],
        "max": [
            166.0,
            103.0,
            116.0,
            106.0,
            104.0,
            101.0,
            118.0,
            182.0
        ],
        "RawIntDen": [
            6360.0,
            4975.0,
            6120.0,
            5324.0,
            4441.0,
            4630.0,
            5811.0,
            10685.0
        ],
        "IntDen": [
            3364.86172043485,
            2632.1048835162546,
            3237.885806456177,
            2816.7490250935757,
            2349.583474913706,
            2449.5770071719116,
            3074.4043172086344,
            5653.073503592197
        ],
        "FlagUp": 0,
        "Times": [
            -15,
            -10,
            -5,
            2,
            10,
            20,
            30,
            40
        ],
        "width": 0,
        "height": 0,
        "area": 0.5290663082444733,
        "distance": 10.588423164120034,
        "xpert": [
            [
                295.0,
                355.6
            ],
            [
                290.6,
                352.4
            ],
            [
                289.2,
                348.0
            ],
            [
                290.8,
                343.8
            ],
            [
                295.0,
                338.8
            ],
            [
                298.8,
                344.2
            ],
            [
                300.2,
                348.0
            ],
            [
                299.4,
                352.4
            ]
        ],
        "stack": 0
    },
    {
        "type": "Spine",
        "location": [
            269,
            319
        ],
        "radloc": [
            0,
            0
        ],
        "mean": [
            27.57391304347826,
            39.834782608695654,
            63.869565217391305,
            50.46086956521739,
            59.68695652173913,
            68.31304347826087,
            55.947826086956525,
            36.88695652173913
        ],
        "min": [
            7.0,
            7.0,
            7.0,
            7.0,
            12.0,
            15.0,
            13.0,
            14.0
        ],
        "max": [
            103.0,
            118.0,
            127.0,
            121.0,
            159.0,
            168.0,
            139.0,
            86.0
        ],
        "RawIntDen": [
            3171.0,
            4581.0,
            7345.0,
            5803.0,
            6864.0,
            7856.0,
            6434.0,
            4242.0
        ],
        "IntDen": [
            1645.1555385975767,
            2376.6816532057705,
            3810.680362976727,
            3010.670952532872,
            3561.131383454357,
            4075.793727916292,
            3338.04185914122,
            2200.8040979914604
        ],
        "FlagUp": 0,
        "Times": [
            -15,
            -10,
            -5,
            2,
            10,
            20,
            30,
            40
        ],
        "width": 0,
        "height": 0,
        "area": 0.5188128472398539,
        "distance": 8.684235442746685,
        "xpert": [
            [
                269.0,
                326.8
            ],
            [
                264.6,
                323.4
            ],
            [
                263.0,
                319.0
            ],
            [
                265.2,
                315.2
            ],
            [
                269.0,
                313.6
            ],
            [
                272.6,
                315.4
            ],
            [
                274.6,
                319.0
            ],
            [
                275.6,
                325.6
            ]
        ],
        "stack": 0
    },
    {
        "type": "Spine",
        "location": [
            288,
            304
        ],
        "radloc": [
            0,
            0
        ],
        "mean": [
            51.985611510791365,
            60.381294964028775,
            75.35251798561151,
            54.70503597122302,
            60.50359712230216,
            65.8273381294964,
            77.3021582733813,
            78.61151079136691
        ],
        "min": [
            7.0,
            8.0,
            8.0,
            6.0,
            8.0,
            11.0,
            16.0,
            13.0
        ],
        "max": [
            178.0,
            173.0,
            175.0,
            145.0,
            149.0,
            152.0,
            174.0,
            200.0
        ],
        "RawIntDen": [
            7226.0,
            8393.0,
            10474.0,
            7604.0,
            8410.0,
            9150.0,
            10745.0,
            10927.0
        ],
        "IntDen": [
            4501.835593109166,
            5228.8826644015,
            6525.356490759122,
            4737.331559646015,
            5239.4737528436335,
            5700.497602677675,
            6694.190900630778,
            6807.577847481853
        ],
        "FlagUp": 0,
        "Times": [
            -15,
            -10,
            -5,
            2,
            10,
            20,
            30,
            40
        ],
        "width": 0,
        "height": 0,
        "area": 0.6230052024784344,
        "distance": 10.099900632495267,
        "xpert": [
            [
                288.0,
                314.4
            ],
            [
                282.8,
                309.2
            ],
            [
                282.8,
                304.0
            ],
            [
                283.6,
                299.6
            ],
            [
                288.0,
                298.0
            ],
            [
                293.6,
                298.4
            ],
            [
                293.4,
                304.0
            ],
            [
                293.0,
                309.0
            ]
        ],
        "stack": 0
    },
    {
        "type": "Spine",
        "location": [
            306,
            314
        ],
        "radloc": [
            0,
            0
        ],
        "mean": [
            51.47761194029851,
            68.94029850746269,
            68.57462686567165,
            90.70149253731343,
            89.66417910447761,
            78.7089552238806,
            83.0223880597015,
            70.88059701492537
        ],
        "min": [
            6.0,
            9.0,
            8.0,
            12.0,
            25.0,
            19.0,
            17.0,
            11.0
        ],
        "max": [
            158.0,
            176.0,
            171.0,
            208.0,
            192.0,
            186.0,
            189.0,
            161.0
        ],
        "RawIntDen": [
            6898.0,
            9238.0,
            9189.0,
            12154.0,
            12015.0,
            10547.0,
            11125.0,
            9498.0
        ],
        "IntDen": [
            4239.043685418617,
            5677.049226717481,
            5646.93714486977,
            7469.025362797604,
            7383.605375515322,
            6481.471984649196,
            6836.671643995668,
            5836.827620195133
        ],
        "FlagUp": 0,
        "Times": [
            -15,
            -10,
            -5,
            2,
            10,
            20,
            30,
            40
        ],
        "width": 0,
        "height": 0,
        "area": 0.6145322826063522,
        "distance": 11.340505695744797,
        "xpert": [
            [
                306.0,
                321.4
            ],
            [
                299.6,
                320.4
            ],
            [
                300.4,
                314.0
            ],
            [
                300.8,
                308.8
            ],
            [
                306.0,
                307.2
            ],
            [
                310.6,
                309.4
            ],
            [
                311.6,
                314.0
            ],
            [
                311.4,
                319.4
            ]
        ],
        "stack": 0
    },
    {
        "type": "Spine",
        "location": [
            319,
            350
        ],
        "radloc": [
            0,
            0
        ],
        "mean": [
            26.634328358208954,
            28.80597014925373,
            31.87313432835821,
            51.14179104477612,
            33.55223880597015,
            37.07462686567164,
            31.84328358208955,
            46.059701492537314
        ],
        "min": [
            9.0,
            8.0,
            8.0,
            10.0,
            10.0,
            9.0,
            7.0,
            11.0
        ],
        "max": [
            72.0,
            72.0,
            68.0,
            124.0,
            77.0,
            82.0,
            76.0,
            88.0
        ],
        "RawIntDen": [
            3569.0,
            3860.0,
            4271.0,
            6853.0,
            4496.0,
            4968.0,
            4267.0,
            6172.0
        ],
        "IntDen": [
            2371.198753078974,
            2564.535496465351,
            2837.5987319698224,
            4553.047087377475,
            2987.0859046912483,
            3300.6767736890843,
            2834.941182232553,
            4100.599244607292
        ],
        "FlagUp": 0,
        "Times": [
            -15,
            -10,
            -5,
            2,
            10,
            20,
            30,
            40
        ],
        "width": 0,
        "height": 0,
        "area": 0.6643874343174485,
        "distance": 12.965145822243848,
        "xpert": [
            [
                319.0,
                355.4
            ],
            [
                314.4,
                354.6
            ],
            [
                313.0,
                350.0
            ],
            [
                314.4,
                345.4
            ],
            [
                319.0,
                342.2
            ],
            [
                328.4,
                340.6
            ],
            [
                324.0,
                350.0
            ],
            [
                322.2,
                353.2
            ]
        ],
        "stack": 0
    },
    {
        "type": "Spine",
        "location": [
            351,
            350
        ],
        "radloc": [
            0,
            0
        ],
        "mean": [
            15.627906976744185,
            31.1046511627907,
            27.430232558139537,
            20.232558139534884,
            24.8953488372093,
            26.069767441860463,
            9.94186046511628,
            10.174418604651162
        ],
        "min": [
            7.0,
            11.0,
            10.0,
            6.0,
            7.0,
            8.0,
            5.0,
            5.0
        ],
        "max": [
            33.0,
            55.0,
            66.0,
            46.0,
            52.0,
            56.0,
            23.0,
            34.0
        ],
        "RawIntDen": [
            1344.0,
            2675.0,
            2359.0,
            1740.0,
            2141.0,
            2242.0,
            855.0,
            875.0
        ],
        "IntDen": [
            647.8556624835533,
            1289.4448639460602,
            1137.12165758832,
            838.7417058938859,
            1032.0379266200057,
            1080.7235083989035,
            412.1403209995819,
            421.78103026273
        ],
        "FlagUp": 0,
        "Times": [
            -15,
            -10,
            -5,
            2,
            10,
            20,
            30,
            40
        ],
        "width": 0,
        "height": 0,
        "area": 0.4820354631574057,
        "distance": 14.442018353868612,
        "xpert": [
            [
                351.0,
                355.4
            ],
            [
                347.4,
                353.6
            ],
            [
                346.4,
                350.0
            ],
            [
                342.6,
                341.6
            ],
            [
                351.0,
                345.2
            ],
            [
                354.2,
                346.8
            ],
            [
                355.6,
                350.0
            ],
            [
                355.0,
                354.0
            ]
        ],
        "stack": 0
    },
    {
        "type": "Spine",
        "location": [
            364,
            319
        ],
        "radloc": [
            0,
            0
        ],
        "mean": [
            60.7032967032967,
            105.23626373626374,
            116.85714285714286,
            138.8846153846154,
            139.8901098901099,
            130.0164835164835,
            144.19230769230768,
            161.54945054945054
        ],
        "min": [
            9.0,
            13.0,
            12.0,
            17.0,
            21.0,
            41.0,
            23.0,
            47.0
        ],
        "max": [
            203.0,
            248.0,
            237.0,
            255.0,
            251.0,
            238.0,
            255.0,
            255.0
        ],
        "RawIntDen": [
            11048.0,
            19153.0,
            21268.0,
            25277.0,
            25460.0,
            23663.0,
            26243.0,
            29402.0
        ],
        "IntDen": [
            9099.726836869073,
            15775.440632381731,
            17517.468353234202,
            20819.49631205101,
            20970.224951727607,
            19490.119129329552,
            21615.145852638947,
            24217.06810803987
        ],
        "FlagUp": 0,
        "Times": [
            -15,
            -10,
            -5,
            2,
            10,
            20,
            30,
            40
        ],
        "width": 0,
        "height": 0,
        "area": 0.8236537687245722,
        "distance": 15.29858835386861,
        "xpert": [
            [
                364.0,
                324.8
            ],
            [
                358.2,
                324.8
            ],
            [
                353.0,
                319.0
            ],
            [
                358.0,
                313.0
            ],
            [
                364.0,
                311.8
            ],
            [
                369.6,
                313.4
            ],
            [
                371.8,
                319.0
            ],
            [
                369.8,
                324.8
            ]
        ],
        "stack": 0
    },
    {
        "type": "Spine",
        "location": [
            419,
            349
        ],
        "radloc": [
            0,
            0
        ],
        "mean": [
            47.9448275862069,
            62.351724137931036,
            59.779310344827586,
            62.3448275862069,
            54.87586206896552,
            41.90344827586207,
            57.110344827586204,
            47.682758620689654
        ],
        "min": [
            10.0,
            15.0,
            16.0,
            13.0,
            12.0,
            11.0,
            10.0,
            12.0
        ],
        "max": [
            117.0,
            154.0,
            143.0,
            139.0,
            117.0,
            113.0,
            142.0,
            125.0
        ],
        "RawIntDen": [
            6952.0,
            9041.0,
            8668.0,
            9040.0,
            7957.0,
            6076.0,
            8281.0,
            6914.0
        ],
        "IntDen": [
            4861.692656874612,
            6322.578151726607,
            6061.7307177487255,
            6321.87882884731,
            5564.512150568367,
            4249.0858146102055,
            5791.092763460682,
            4835.118387461316
        ],
        "FlagUp": 0,
        "Times": [
            -15,
            -10,
            -5,
            2,
            10,
            20,
            30,
            40
        ],
        "width": 0,
        "height": 0,
        "area": 0.6993228792972688,
        "distance": 19.113586075241965,
        "xpert": [
            [
                419.0,
                354.4
            ],
            [
                413.8,
                354.2
            ],
            [
                413.2,
                349.0
            ],
            [
                411.0,
                341.0
            ],
            [
                419.0,
                339.8
            ],
            [
                424.6,
                343.4
            ],
            [
                424.6,
                349.0
            ],
            [
                423.0,
                353.0
            ]
        ],
        "stack": 0
    },
    {
        "type": "Spine",
        "location": [
            428,
            352
        ],
        "radloc": [
            0,
            0
        ],
        "mean": [
            46.089171974522294,
            45.81528662420382,
            40.32484076433121,
            40.35668789808917,
            36.17197452229299,
            30.235668789808916,
            29.88535031847134,
            27.14012738853503
        ],
        "min": [
            20.0,
            13.0,
            11.0,
            9.0,
            10.0,
            8.0,
            8.0,
            9.0
        ],
        "max": [
            89.0,
            114.0,
            95.0,
            106.0,
            98.0,
            82.0,
            99.0,
            72.0
        ],
        "RawIntDen": [
            7236.0,
            7193.0,
            6331.0,
            6336.0,
            5679.0,
            4747.0,
            4692.0,
            4261.0
        ],
        "IntDen": [
            5334.418468623584,
            5302.718635269408,
            4667.247557332215,
            4670.933584466422,
            4186.5896190316935,
            3499.51416121561,
            3458.9678627393387,
            3141.2323237707424
        ],
        "FlagUp": 0,
        "Times": [
            -15,
            -10,
            -5,
            2,
            10,
            20,
            30,
            40
        ],
        "width": 0,
        "height": 0,
        "area": 0.7372054268412913,
        "distance": 20.024741138491493,
        "xpert": [
            [
                428.0,
                356.4
            ],
            [
                422.8,
                357.2
            ],
            [
                422.4,
                352.0
            ],
            [
                423.8,
                347.8
            ],
            [
                428.0,
                344.2
            ],
            [
                435.8,
                344.2
            ],
            [
                439.6,
                352.0
            ],
            [
                431.4,
                355.4
            ]
        ],
        "stack": 0
    },
    {
        "type": "Spine",
        "location": [
            421,
            317
        ],
        "radloc": [
            0,
            0
        ],
        "mean": [
            15.538461538461538,
            23.417582417582416,
            48.13186813186813,
            36.21978021978022,
            57.86813186813187,
            68.4065934065934,
            126.57142857142857,
            155.27472527472528
        ],
        "min": [
            6.0,
            6.0,
            8.0,
            8.0,
            8.0,
            11.0,
            16.0,
            27.0
        ],
        "max": [
            45.0,
            114.0,
            215.0,
            154.0,
            200.0,
            213.0,
            248.0,
            252.0
        ],
        "RawIntDen": [
            1414.0,
            2131.0,
            4380.0,
            3296.0,
            5266.0,
            6225.0,
            11518.0,
            14130.0
        ],
        "IntDen": [
            571.9486152886645,
            861.9678212023651,
            1771.665441983275,
            1333.1984695837614,
            2130.043428649298,
            2517.9491726817096,
            4658.913826658302,
            5715.441254617278
        ],
        "FlagUp": 0,
        "Times": [
            -15,
            -10,
            -5,
            2,
            10,
            20,
            30,
            40
        ],
        "width": 0,
        "height": 0,
        "area": 0.4044898269368208,
        "distance": 19.245366075241964,
        "xpert": [
            [
                421.0,
                321.4
            ],
            [
                416.2,
                321.8
            ],
            [
                413.6,
                317.0
            ],
            [
                417.0,
                313.0
            ],
            [
                421.0,
                311.6
            ],
            [
                425.0,
                313.0
            ],
            [
                426.2,
                317.0
            ],
            [
                424.4,
                320.4
            ]
        ],
        "stack": 0
    },
    {
        "type": "Spine",
        "location": [
            423,
            324
        ],
        "radloc": [
            0,
            0
        ],
        "mean": [
            52.8348623853211,
            122.23853211009174,
            146.9908256880734,
            145.77981651376146,
            133.39449541284404,
            112.1651376146789,
            90.04587155963303,
            112.79816513761467
        ],
        "min": [
            8.0,
            17.0,
            39.0,
            28.0,
            30.0,
            25.0,
            19.0,
            25.0
        ],
        "max": [
            146.0,
            244.0,
            245.0,
            255.0,
            251.0,
            224.0,
            217.0,
            242.0
        ],
        "RawIntDen": [
            5759.0,
            13324.0,
            16022.0,
            15890.0,
            14540.0,
            12226.0,
            9815.0,
            12295.0
        ],
        "IntDen": [
            2922.7824598632164,
            6762.138130789634,
            8131.415275556253,
            8064.423213618078,
            7379.277125614025,
            6204.885979213003,
            4981.265817599839,
            6239.904557044321
        ],
        "FlagUp": 0,
        "Times": [
            -15,
            -10,
            -5,
            2,
            10,
            20,
            30,
            40
        ],
        "width": 0,
        "height": 0,
        "area": 0.5075156207437431,
        "distance": 19.377146075241967,
        "xpert": [
            [
                423.0,
                328.8
            ],
            [
                418.2,
                328.8
            ],
            [
                416.2,
                324.0
            ],
            [
                419.6,
                320.6
            ],
            [
                423.0,
                319.6
            ],
            [
                428.6,
                318.4
            ],
            [
                431.0,
                324.0
            ],
            [
                427.8,
                328.8
            ]
        ],
        "stack": 0
    },
    {
        "type": "Spine",
        "location": [
            438,
            330
        ],
        "radloc": [
            0,
            0
        ],
        "mean": [
            43.02985074626866,
            37.16417910447761,
            52.76119402985075,
            49.701492537313435,
            48.90298507462686,
            63.40298507462686,
            68.35074626865672,
            65.52985074626865
        ],
        "min": [
            9.0,
            7.0,
            14.0,
            10.0,
            8.0,
            17.0,
            13.0,
            12.0
        ],
        "max": [
            122.0,
            95.0,
            115.0,
            104.0,
            123.0,
            154.0,
            152.0,
            141.0
        ],
        "RawIntDen": [
            5766.0,
            4980.0,
            7070.0,
            6660.0,
            6553.0,
            8496.0,
            9159.0,
            8781.0
        ],
        "IntDen": [
            3708.3667856228103,
            3202.8558086024273,
            4547.02621823678,
            4283.337286203247,
            4214.52090637986,
            5464.149186724141,
            5890.553484134464,
            5647.44515167428
        ],
        "FlagUp": 0,
        "Times": [
            -15,
            -10,
            -5,
            2,
            10,
            20,
            30,
            40
        ],
        "width": 0,
        "height": 0,
        "area": 0.6431437366671541,
        "distance": 20.420081138491494,
        "xpert": [
            [
                438.0,
                342.2
            ],
            [
                431.4,
                336.6
            ],
            [
                432.6,
                330.0
            ],
            [
                433.2,
                325.2
            ],
            [
                438.0,
                324.8
            ],
            [
                441.2,
                326.8
            ],
            [
                443.0,
                330.0
            ],
            [
                442.2,
                334.2
            ]
        ],
        "stack": 0
    },
    {
        "type": "Spine",
        "location": [
            458,
            366
        ],
        "radloc": [
            0,
            0
        ],
        "mean": [
            53.6,
            80.22051282051282,
            78.50769230769231,
            79.45641025641025,
            66.23589743589744,
            58.266666666666666,
            64.66666666666667,
            61.0974358974359
        ],
        "min": [
            28.0,
            29.0,
            25.0,
            19.0,
            18.0,
            7.0,
            10.0,
            10.0
        ],
        "max": [
            103.0,
            161.0,
            161.0,
            164.0,
            126.0,
            129.0,
            211.0,
            146.0
        ],
        "RawIntDen": [
            10452.0,
            15643.0,
            15309.0,
            15494.0,
            12916.0,
            11362.0,
            12610.0,
            11914.0
        ],
        "IntDen": [
            9932.721447170888,
            14865.821048420801,
            14548.414909561725,
            14724.223699049537,
            12274.304459592347,
            10797.510627894722,
            11983.507218601695,
            11322.086043015115
        ],
        "FlagUp": 0,
        "Times": [
            -15,
            -10,
            -5,
            2,
            10,
            20,
            30,
            40
        ],
        "width": 0,
        "height": 0,
        "area": 0.9503177810152018,
        "distance": 22.888046707737235,
        "xpert": [
            [
                458.0,
                372.2
            ],
            [
                452.4,
                371.6
            ],
            [
                452.2,
                366.0
            ],
            [
                450.6,
                358.6
            ],
            [
                458.0,
                358.2
            ],
            [
                464.8,
                359.2
            ],
            [
                470.6,
                366.0
            ],
            [
                463.6,
                371.6
            ]
        ],
        "stack": 0
    }
]