[
    {
        "type": "Stim",
        "location": [
            181,
            262
        ],
        "radloc": [
            0,
            0
        ],
        "mean": [
            124.35714285714286,
            105.92207792207792,
            94.96103896103897,
            101.14285714285714,
            92.78571428571429,
            108.47402597402598,
            103.42857142857143,
            110.96103896103897
        ],
        "min": [
            24.0,
            10.0,
            8.0,
            16.0,
            17.0,
            23.0,
            20.0,
            22.0
        ],
        "max": [
            254.0,
            231.0,
            247.0,
            206.0,
            195.0,
            227.0,
            223.0,
            240.0
        ],
        "RawIntDen": [
            19151.0,
            16312.0,
            14624.0,
            15576.0,
            14289.0,
            16705.0,
            15928.0,
            17088.0
        ],
        "IntDen": [
            13089.367669934109,
            11148.961695575437,
            9995.24373688666,
            10645.918794156632,
            9766.277198876742,
            11417.570201360206,
            10886.5045296178,
            11679.343885114828
        ],
        "FlagUp": 0,
        "Times": [
            -15,
            -10,
            -5,
            2,
            10,
            20,
            30,
            40
        ],
        "width": 0,
        "height": 0,
        "area": 0.6834822030146785,
        "distance": 0,
        "xpert": [
            [
                181.0,
                270.4
            ],
            [
                174.6,
                268.4
            ],
            [
                171.8,
                262.0
            ],
            [
                176.4,
                257.4
            ],
            [
                181.0,
                255.4
            ],
            [
                184.6,
                258.4
            ],
            [
                186.8,
                262.0
            ],
            [
                186.6,
                267.6
            ]
        ],
        "stack": 0
    },
    {
        "type": "Stim",
        "location": [
            205,
            263
        ],
        "radloc": [
            0,
            0
        ],
        "mean": [
            110.47904191616766,
            83.9940119760479,
            89.88622754491018,
            106.86826347305389,
            120.53892215568862,
            93.79041916167665,
            101.92215568862275,
            128.83832335329342
        ],
        "min": [
            16.0,
            12.0,
            13.0,
            19.0,
            25.0,
            13.0,
            15.0,
            22.0
        ],
        "max": [
            240.0,
            216.0,
            237.0,
            215.0,
            243.0,
            251.0,
            252.0,
            255.0
        ],
        "RawIntDen": [
            18450.0,
            14027.0,
            15011.0,
            17847.0,
            20130.0,
            15663.0,
            17021.0,
            21516.0
        ],
        "IntDen": [
            13772.491799987256,
            10470.826150591936,
            11205.359046591257,
            13322.366458231574,
            15026.572354132437,
            11692.06173784284,
            12705.776852443527,
            16061.18881130221
        ],
        "FlagUp": 0,
        "Times": [
            -15,
            -10,
            -5,
            2,
            10,
            20,
            30,
            40
        ],
        "width": 0,
        "height": 0,
        "area": 0.7464765203245125,
        "distance": 0,
        "xpert": [
            [
                205.0,
                270.0
            ],
            [
                198.4,
                269.6
            ],
            [
                197.4,
                263.0
            ],
            [
                200.0,
                258.0
            ],
            [
                205.0,
                255.8
            ],
            [
                209.6,
                258.4
            ],
            [
                214.0,
                263.0
            ],
            [
                210.8,
                268.8
            ]
        ],
        "stack": 0
    },
    {
        "type": "Stim",
        "location": [
            231,
            256
        ],
        "radloc": [
            0,
            0
        ],
        "mean": [
            91.78301886792453,
            71.04716981132076,
            86.09433962264151,
            54.386792452830186,
            55.41509433962264,
            87.85849056603773,
            75.47169811320755,
            71.45283018867924
        ],
        "min": [
            22.0,
            15.0,
            19.0,
            11.0,
            10.0,
            13.0,
            15.0,
            9.0
        ],
        "max": [
            206.0,
            176.0,
            198.0,
            171.0,
            183.0,
            220.0,
            173.0,
            255.0
        ],
        "RawIntDen": [
            9729.0,
            7531.0,
            9126.0,
            5765.0,
            5874.0,
            9313.0,
            8000.0,
            7574.0
        ],
        "IntDen": [
            4524.856946187417,
            3502.589953925114,
            4244.4079032692325,
            2681.2416789773315,
            2731.936447929375,
            4331.379662847508,
            3720.7169873059242,
            3522.5888077318837
        ],
        "FlagUp": 0,
        "Times": [
            -15,
            -10,
            -5,
            2,
            10,
            20,
            30,
            40
        ],
        "width": 0,
        "height": 0,
        "area": 0.4650896234132405,
        "distance": 0,
        "xpert": [
            [
                231.0,
                261.8
            ],
            [
                227.0,
                260.0
            ],
            [
                223.8,
                256.0
            ],
            [
                226.2,
                251.2
            ],
            [
                231.0,
                251.0
            ],
            [
                236.0,
                251.0
            ],
            [
                236.4,
                256.0
            ],
            [
                235.2,
                260.2
            ]
        ],
        "stack": 0
    },
    {
        "type": "Spine",
        "location": [
            200,
            244
        ],
        "radloc": [
            0,
            0
        ],
        "mean": [
            94.51824817518248,
            83.01459854014598,
            76.9051094890511,
            58.86861313868613,
            75.41605839416059,
            69.97810218978103,
            71.47445255474453,
            81.37956204379562
        ],
        "min": [
            12.0,
            18.0,
            14.0,
            11.0,
            12.0,
            9.0,
            13.0,
            12.0
        ],
        "max": [
            199.0,
            166.0,
            173.0,
            124.0,
            171.0,
            153.0,
            167.0,
            156.0
        ],
        "RawIntDen": [
            12949.0,
            11373.0,
            10536.0,
            8065.0,
            10332.0,
            9587.0,
            9792.0,
            11149.0
        ],
        "IntDen": [
            8132.48783669569,
            7142.697055119321,
            6617.027712365881,
            5065.141277546586,
            6488.907585816655,
            6021.017907977572,
            6149.766074362823,
            7002.016131849583
        ],
        "FlagUp": 0,
        "Times": [
            -15,
            -10,
            -5,
            2,
            10,
            20,
            30,
            40
        ],
        "width": 0,
        "height": 0,
        "area": 0.6280398360256151,
        "distance": -0.32945,
        "xpert": [
            [
                200.0,
                252.0
            ],
            [
                191.8,
                252.2
            ],
            [
                193.6,
                244.0
            ],
            [
                196.8,
                240.8
            ],
            [
                200.0,
                239.4
            ],
            [
                203.4,
                240.6
            ],
            [
                204.8,
                244.0
            ],
            [
                206.4,
                250.4
            ]
        ],
        "stack": 0
    },
    {
        "type": "Spine",
        "location": [
            269,
            229
        ],
        "radloc": [
            0,
            0
        ],
        "mean": [
            113.69348659003832,
            146.9272030651341,
            137.360153256705,
            185.83141762452107,
            106.67049808429118,
            170.33716475095787,
            133.51724137931035,
            154.99233716475095
        ],
        "min": [
            11.0,
            15.0,
            13.0,
            39.0,
            16.0,
            30.0,
            15.0,
            12.0
        ],
        "max": [
            255.0,
            255.0,
            255.0,
            255.0,
            255.0,
            255.0,
            255.0,
            255.0
        ],
        "RawIntDen": [
            29674.0,
            38348.0,
            35851.0,
            48502.0,
            27841.0,
            44458.0,
            34848.0,
            40453.0
        ],
        "IntDen": [
            37176.34625013619,
            48043.35532790398,
            44915.049855551406,
            60764.54626353391,
            34879.91696266232,
            55698.11961948354,
            43658.46579917591,
            50680.553173039
        ],
        "FlagUp": 0,
        "Times": [
            -15,
            -10,
            -5,
            2,
            10,
            20,
            30,
            40
        ],
        "width": 0,
        "height": 0,
        "area": 1.2528255796365906,
        "distance": 2.5584050632495265,
        "xpert": [
            [
                269.0,
                237.8
            ],
            [
                262.0,
                236.0
            ],
            [
                259.8,
                229.0
            ],
            [
                261.0,
                221.0
            ],
            [
                269.0,
                222.2
            ],
            [
                276.4,
                221.6
            ],
            [
                282.8,
                229.0
            ],
            [
                275.4,
                235.4
            ]
        ],
        "stack": 0
    },
    {
        "type": "Spine",
        "location": [
            303,
            271
        ],
        "radloc": [
            0,
            0
        ],
        "mean": [
            56.237037037037034,
            54.01481481481481,
            60.77777777777778,
            47.266666666666666,
            78.55555555555556,
            70.94074074074074,
            88.6,
            84.46666666666667
        ],
        "min": [
            9.0,
            7.0,
            11.0,
            9.0,
            12.0,
            11.0,
            10.0,
            19.0
        ],
        "max": [
            172.0,
            166.0,
            190.0,
            163.0,
            214.0,
            170.0,
            227.0,
            181.0
        ],
        "RawIntDen": [
            7592.0,
            7292.0,
            8205.0,
            6381.0,
            10605.0,
            9577.0,
            11961.0,
            11403.0
        ],
        "IntDen": [
            4489.3306685414445,
            4311.933513567468,
            4851.812188538272,
            3773.237486296491,
            6270.989428330087,
            5663.1085106192595,
            7072.824568812463,
            6742.865860560866
        ],
        "FlagUp": 0,
        "Times": [
            -15,
            -10,
            -5,
            2,
            10,
            20,
            30,
            40
        ],
        "width": 0,
        "height": 0,
        "area": 0.5913238499132567,
        "distance": 5.484659270717346,
        "xpert": [
            [
                303.0,
                278.2
            ],
            [
                298.4,
                275.6
            ],
            [
                296.8,
                271.0
            ],
            [
                297.8,
                265.8
            ],
            [
                303.0,
                264.0
            ],
            [
                308.8,
                265.2
            ],
            [
                309.6,
                271.0
            ],
            [
                307.4,
                275.4
            ]
        ],
        "stack": 0
    },
    {
        "type": "Spine",
        "location": [
            21,
            204
        ],
        "radloc": [
            0,
            0
        ],
        "mean": [
            50.14393939393939,
            49.49242424242424,
            48.53787878787879,
            47.553030303030305,
            40.15909090909091,
            41.70454545454545,
            38.00757575757576,
            37.71212121212121
        ],
        "min": [
            10.0,
            8.0,
            8.0,
            8.0,
            6.0,
            6.0,
            6.0,
            9.0
        ],
        "max": [
            147.0,
            145.0,
            134.0,
            130.0,
            127.0,
            112.0,
            104.0,
            107.0
        ],
        "RawIntDen": [
            6619.0,
            6533.0,
            6407.0,
            6277.0,
            5301.0,
            5505.0,
            5017.0,
            4978.0
        ],
        "IntDen": [
            3853.013587974413,
            3802.9517706960023,
            3729.605387241587,
            3653.930547169571,
            3085.787132475051,
            3204.538419972676,
            2920.466712625416,
            2897.764260603811
        ],
        "FlagUp": 0,
        "Times": [
            -15,
            -10,
            -5,
            2,
            10,
            20,
            30,
            40
        ],
        "width": 0,
        "height": 0,
        "area": 0.5821141544001228,
        "distance": 11.197420758994319,
        "xpert": [
            [
                21.0,
                210.6
            ],
            [
                16.0,
                209.0
            ],
            [
                14.2,
                204.0
            ],
            [
                15.0,
                198.0
            ],
            [
                21.0,
                197.4
            ],
            [
                25.0,
                200.0
            ],
            [
                26.4,
                204.0
            ],
            [
                26.6,
                209.6
            ]
        ],
        "stack": 0
    },
    {
        "type": "Spine",
        "location": [
            97,
            257
        ],
        "radloc": [
            0,
            0
        ],
        "mean": [
            62.51724137931034,
            99.94088669950739,
            180.07881773399015,
            155.27093596059115,
            156.80295566502463,
            142.31034482758622,
            125.93596059113301,
            150.0985221674877
        ],
        "min": [
            7.0,
            7.0,
            28.0,
            28.0,
            36.0,
            46.0,
            14.0,
            14.0
        ],
        "max": [
            250.0,
            255.0,
            255.0,
            255.0,
            255.0,
            253.0,
            255.0,
            255.0
        ],
        "RawIntDen": [
            12691.0,
            20288.0,
            36556.0,
            31520.0,
            31831.0,
            28889.0,
            25565.0,
            30470.0
        ],
        "IntDen": [
            11534.521852956601,
            18439.238779669333,
            33224.80347149015,
            28647.713246016236,
            28930.37310704133,
            26256.465354192987,
            23235.367675583915,
            27693.39538724983
        ],
        "FlagUp": 0,
        "Times": [
            -15,
            -10,
            -5,
            2,
            10,
            20,
            30,
            40
        ],
        "width": 0,
        "height": 0,
        "area": 0.9088741512060988,
        "distance": 5.753100252998105,
        "xpert": [
            [
                97.0,
                267.0
            ],
            [
                90.6,
                263.4
            ],
            [
                87.2,
                257.0
            ],
            [
                91.2,
                251.2
            ],
            [
                97.0,
                251.2
            ],
            [
                102.8,
                251.2
            ],
            [
                105.6,
                257.0
            ],
            [
                103.0,
                263.0
            ]
        ],
        "stack": 0
    },
    {
        "type": "Spine",
        "location": [
            41,
            237
        ],
        "radloc": [
            0,
            0
        ],
        "mean": [
            137.34615384615384,
            174.4065934065934,
            147.15934065934067,
            157.1043956043956,
            147.9945054945055,
            122.5,
            106.67582417582418,
            85.2032967032967
        ],
        "min": [
            12.0,
            23.0,
            34.0,
            26.0,
            26.0,
            16.0,
            12.0,
            9.0
        ],
        "max": [
            255.0,
            255.0,
            255.0,
            255.0,
            255.0,
            255.0,
            248.0,
            240.0
        ],
        "RawIntDen": [
            24997.0,
            31742.0,
            26783.0,
            28593.0,
            26935.0,
            22295.0,
            19415.0,
            15507.0
        ],
        "IntDen": [
            20731.606407228013,
            26325.665102941613,
            22212.850118205697,
            23713.99855990201,
            22338.913412756992,
            18490.6654738228,
            16102.097787587785,
            12860.944135571659
        ],
        "FlagUp": 0,
        "Times": [
            -15,
            -10,
            -5,
            2,
            10,
            20,
            30,
            40
        ],
        "width": 0,
        "height": 0,
        "area": 0.8293637799427136,
        "distance": 9.87962075899432,
        "xpert": [
            [
                41.0,
                245.0
            ],
            [
                34.6,
                243.4
            ],
            [
                31.2,
                237.0
            ],
            [
                36.6,
                232.6
            ],
            [
                41.0,
                232.2
            ],
            [
                45.6,
                232.4
            ],
            [
                51.6,
                237.0
            ],
            [
                47.4,
                243.4
            ]
        ],
        "stack": 0
    },
    {
        "type": "Spine",
        "location": [
            18,
            232
        ],
        "radloc": [
            0,
            0
        ],
        "mean": [
            88.55045871559633,
            86.52752293577981,
            74.09174311926606,
            82.39449541284404,
            64.59174311926606,
            68.53211009174312,
            55.137614678899084,
            60.39449541284404
        ],
        "min": [
            8.0,
            8.0,
            7.0,
            4.0,
            6.0,
            7.0,
            7.0,
            8.0
        ],
        "max": [
            251.0,
            221.0,
            237.0,
            246.0,
            237.0,
            210.0,
            170.0,
            161.0
        ],
        "RawIntDen": [
            19304.0,
            18863.0,
            16152.0,
            17962.0,
            14081.0,
            14940.0,
            12020.0,
            13166.0
        ],
        "IntDen": [
            18531.014991804925,
            18107.673839122268,
            15505.229700975608,
            17242.7523457729,
            13517.158210713073,
            14341.761499045046,
            11538.686293073724,
            12638.797315691236
        ],
        "FlagUp": 0,
        "Times": [
            -15,
            -10,
            -5,
            2,
            10,
            20,
            30,
            40
        ],
        "width": 0,
        "height": 0,
        "area": 0.9599572623189455,
        "distance": 11.395090758994318,
        "xpert": [
            [
                18.0,
                241.4
            ],
            [
                11.8,
                238.2
            ],
            [
                9.0,
                232.0
            ],
            [
                12.2,
                226.2
            ],
            [
                18.0,
                224.8
            ],
            [
                24.2,
                225.8
            ],
            [
                27.8,
                232.0
            ],
            [
                24.6,
                238.6
            ]
        ],
        "stack": 0
    },
    {
        "type": "Spine",
        "location": [
            120,
            253
        ],
        "radloc": [
            0,
            0
        ],
        "mean": [
            11.507246376811594,
            14.579710144927537,
            21.81159420289855,
            23.985507246376812,
            36.130434782608695,
            46.20289855072464,
            48.44927536231884,
            46.10144927536232
        ],
        "min": [
            5.0,
            7.0,
            7.0,
            7.0,
            8.0,
            8.0,
            15.0,
            15.0
        ],
        "max": [
            21.0,
            54.0,
            97.0,
            65.0,
            87.0,
            113.0,
            106.0,
            103.0
        ],
        "RawIntDen": [
            794.0,
            1006.0,
            1505.0,
            1655.0,
            2493.0,
            3188.0,
            3343.0,
            3181.0
        ],
        "IntDen": [
            239.8011921993878,
            303.82871454985406,
            454.53500536533835,
            499.8374975944418,
            752.9274208477,
            962.8289681758795,
            1009.6415434792864,
            960.7148518718546
        ],
        "FlagUp": 0,
        "Times": [
            -15,
            -10,
            -5,
            2,
            10,
            20,
            30,
            40
        ],
        "width": 0,
        "height": 0,
        "area": 0.3020166148606899,
        "distance": 4.210337721373342,
        "xpert": [
            [
                120.0,
                257.8
            ],
            [
                116.8,
                256.2
            ],
            [
                114.2,
                253.0
            ],
            [
                115.8,
                248.8
            ],
            [
                120.0,
                248.8
            ],
            [
                123.6,
                249.4
            ],
            [
                124.2,
                253.0
            ],
            [
                123.4,
                256.4
            ]
        ],
        "stack": 0
    },
    {
        "type": "Spine",
        "location": [
            323,
            290
        ],
        "radloc": [
            0,
            0
        ],
        "mean": [
            51.50442477876106,
            44.72566371681416,
            57.4070796460177,
            38.150442477876105,
            38.415929203539825,
            30.504424778761063,
            41.690265486725664,
            42.36283185840708
        ],
        "min": [
            16.0,
            14.0,
            15.0,
            9.0,
            10.0,
            8.0,
            9.0,
            7.0
        ],
        "max": [
            115.0,
            121.0,
            117.0,
            80.0,
            95.0,
            82.0,
            99.0,
            111.0
        ],
        "RawIntDen": [
            5820.0,
            5054.0,
            6487.0,
            4311.0,
            4341.0,
            3447.0,
            4711.0,
            4787.0
        ],
        "IntDen": [
            3013.773391961402,
            2617.115244497066,
            3359.166321933611,
            2232.3671980662552,
            2247.9021124578085,
            1784.9616635895109,
            2439.4993899536366,
            2478.854506412239
        ],
        "FlagUp": 0,
        "Times": [
            -15,
            -10,
            -5,
            2,
            10,
            20,
            30,
            40
        ],
        "width": 0,
        "height": 0,
        "area": 0.517830479718454,
        "distance": 6.471267974371448,
        "xpert": [
            [
                323.0,
                295.8
            ],
            [
                318.6,
                294.4
            ],
            [
                317.4,
                290.0
            ],
            [
                319.4,
                286.4
            ],
            [
                323.0,
                280.4
            ],
            [
                327.8,
                285.2
            ],
            [
                329.6,
                290.0
            ],
            [
                326.6,
                293.6
            ]
        ],
        "stack": 0
    },
    {
        "type": "Spine",
        "location": [
            350,
            248
        ],
        "radloc": [
            0,
            0
        ],
        "mean": [
            88.2442748091603,
            101.79389312977099,
            86.73282442748092,
            92.74045801526718,
            98.5114503816794,
            116.54198473282443,
            125.6793893129771,
            108.77862595419847
        ],
        "min": [
            12.0,
            13.0,
            11.0,
            12.0,
            12.0,
            15.0,
            26.0,
            9.0
        ],
        "max": [
            203.0,
            248.0,
            230.0,
            219.0,
            214.0,
            245.0,
            247.0,
            255.0
        ],
        "RawIntDen": [
            11560.0,
            13335.0,
            11362.0,
            12149.0,
            12905.0,
            15267.0,
            16464.0,
            14250.0
        ],
        "IntDen": [
            6783.181425465547,
            7824.716635690577,
            6666.998906240446,
            7128.79508114022,
            7572.401063636063,
            8958.376368735511,
            9660.752507687264,
            8361.620701806578
        ],
        "FlagUp": 0,
        "Times": [
            -15,
            -10,
            -5,
            2,
            10,
            20,
            30,
            40
        ],
        "width": 0,
        "height": 0,
        "area": 0.5867804001267775,
        "distance": 8.41828517224676,
        "xpert": [
            [
                350.0,
                255.0
            ],
            [
                344.0,
                254.0
            ],
            [
                344.0,
                248.0
            ],
            [
                345.4,
                243.4
            ],
            [
                350.0,
                242.0
            ],
            [
                354.4,
                243.6
            ],
            [
                355.6,
                248.0
            ],
            [
                356.2,
                254.2
            ]
        ],
        "stack": 0
    },
    {
        "type": "Spine",
        "location": [
            402,
            266
        ],
        "radloc": [
            0,
            0
        ],
        "mean": [
            56.97674418604651,
            54.74418604651163,
            68.34108527131782,
            55.03875968992248,
            46.51162790697674,
            51.41860465116279,
            39.883720930232556,
            52.651162790697676
        ],
        "min": [
            9.0,
            12.0,
            15.0,
            10.0,
            9.0,
            10.0,
            8.0,
            12.0
        ],
        "max": [
            153.0,
            119.0,
            175.0,
            137.0,
            113.0,
            191.0,
            128.0,
            187.0
        ],
        "RawIntDen": [
            7350.0,
            7062.0,
            8816.0,
            7100.0,
            6000.0,
            6633.0,
            5145.0,
            6792.0
        ],
        "IntDen": [
            4319.60506713397,
            4150.34707266668,
            5181.1752750820515,
            4172.679724714448,
            3526.208218068547,
            3898.223185074779,
            3023.723546993779,
            3991.667702853595
        ],
        "FlagUp": 0,
        "Times": [
            -15,
            -10,
            -5,
            2,
            10,
            20,
            30,
            40
        ],
        "width": 0,
        "height": 0,
        "area": 0.5877013696780912,
        "distance": 11.731163037620977,
        "xpert": [
            [
                402.0,
                271.6
            ],
            [
                397.2,
                270.8
            ],
            [
                391.0,
                266.0
            ],
            [
                397.8,
                261.8
            ],
            [
                402.0,
                261.8
            ],
            [
                406.2,
                261.8
            ],
            [
                408.8,
                266.0
            ],
            [
                407.0,
                271.0
            ]
        ],
        "stack": 0
    },
    {
        "type": "Spine",
        "location": [
            421,
            261
        ],
        "radloc": [
            0,
            0
        ],
        "mean": [
            57.214765100671144,
            63.355704697986575,
            63.66442953020134,
            64.13422818791946,
            58.18791946308725,
            100.46979865771812,
            79.13422818791946,
            73.08724832214764
        ],
        "min": [
            10.0,
            11.0,
            15.0,
            11.0,
            7.0,
            25.0,
            16.0,
            20.0
        ],
        "max": [
            161.0,
            175.0,
            157.0,
            170.0,
            155.0,
            218.0,
            186.0,
            172.0
        ],
        "RawIntDen": [
            8525.0,
            9440.0,
            9486.0,
            9556.0,
            8670.0,
            14970.0,
            11791.0,
            10890.0
        ],
        "IntDen": [
            5577.538957881819,
            6176.183901748314,
            6206.279713133952,
            6252.077686981662,
            5672.406189423505,
            9794.223835717401,
            7714.3415662621155,
            7124.856217165163
        ],
        "FlagUp": 0,
        "Times": [
            -15,
            -10,
            -5,
            2,
            10,
            20,
            30,
            40
        ],
        "width": 0,
        "height": 0,
        "area": 0.6542567692529994,
        "distance": 13.09224316412003,
        "xpert": [
            [
                421.0,
                268.4
            ],
            [
                414.8,
                267.2
            ],
            [
                412.8,
                261.0
            ],
            [
                417.0,
                257.0
            ],
            [
                421.0,
                256.8
            ],
            [
                425.2,
                256.8
            ],
            [
                430.4,
                261.0
            ],
            [
                426.2,
                266.2
            ]
        ],
        "stack": 0
    },
    {
        "type": "Spine",
        "location": [
            439,
            263
        ],
        "radloc": [
            0,
            0
        ],
        "mean": [
            69.4,
            81.46363636363637,
            77.1,
            64.53636363636363,
            55.61818181818182,
            82.74545454545455,
            77.88181818181818,
            66.57272727272728
        ],
        "min": [
            14.0,
            13.0,
            15.0,
            13.0,
            8.0,
            16.0,
            14.0,
            10.0
        ],
        "max": [
            190.0,
            182.0,
            211.0,
            189.0,
            151.0,
            188.0,
            184.0,
            170.0
        ],
        "RawIntDen": [
            7634.0,
            8961.0,
            8481.0,
            7099.0,
            6118.0,
            9102.0,
            8567.0,
            7323.0
        ],
        "IntDen": [
            3757.664934949268,
            4410.850862205973,
            4174.581649633841,
            3494.3232084365804,
            3011.4480052422873,
            4480.254943399036,
            4216.913216886348,
            3604.582174303575
        ],
        "FlagUp": 0,
        "Times": [
            -15,
            -10,
            -5,
            2,
            10,
            20,
            30,
            40
        ],
        "width": 0,
        "height": 0,
        "area": 0.49222752619193977,
        "distance": 14.278263164120037,
        "xpert": [
            [
                439.0,
                268.2
            ],
            [
                434.8,
                267.2
            ],
            [
                430.8,
                263.0
            ],
            [
                434.2,
                258.2
            ],
            [
                439.0,
                258.2
            ],
            [
                443.4,
                258.6
            ],
            [
                445.4,
                263.0
            ],
            [
                443.6,
                267.6
            ]
        ],
        "stack": 0
    },
    {
        "type": "Spine",
        "location": [
            420,
            252
        ],
        "radloc": [
            0,
            0
        ],
        "mean": [
            129.40314136125656,
            123.55497382198953,
            113.13089005235602,
            101.42931937172774,
            114.57068062827226,
            103.0261780104712,
            106.89005235602095,
            126.1151832460733
        ],
        "min": [
            34.0,
            29.0,
            21.0,
            15.0,
            19.0,
            28.0,
            33.0,
            37.0
        ],
        "max": [
            255.0,
            255.0,
            255.0,
            221.0,
            250.0,
            236.0,
            226.0,
            252.0
        ],
        "RawIntDen": [
            24716.0,
            23599.0,
            21608.0,
            19373.0,
            21883.0,
            19678.0,
            20416.0,
            24088.0
        ],
        "IntDen": [
            22993.345289020686,
            21954.19790725033,
            20101.96654010192,
            18022.74147451844,
            20357.79960186275,
            18306.48359756227,
            18993.046505124064,
            22409.11560616323
        ],
        "FlagUp": 0,
        "Times": [
            -15,
            -10,
            -5,
            2,
            10,
            20,
            30,
            40
        ],
        "width": 0,
        "height": 0,
        "area": 0.9303020427666567,
        "distance": 13.02635316412003,
        "xpert": [
            [
                420.0,
                257.2
            ],
            [
                414.4,
                257.6
            ],
            [
                407.6,
                252.0
            ],
            [
                415.4,
                247.4
            ],
            [
                420.0,
                245.6
            ],
            [
                425.6,
                246.4
            ],
            [
                433.2,
                252.0
            ],
            [
                424.6,
                256.6
            ]
        ],
        "stack": 0
    },
    {
        "type": "Spine",
        "location": [
            487,
            237
        ],
        "radloc": [
            0,
            0
        ],
        "mean": [
            65.31976744186046,
            62.0406976744186,
            59.19186046511628,
            54.633720930232556,
            71.72093023255815,
            71.20930232558139,
            82.36627906976744,
            95.38372093023256
        ],
        "min": [
            8.0,
            9.0,
            8.0,
            7.0,
            9.0,
            8.0,
            17.0,
            19.0
        ],
        "max": [
            202.0,
            186.0,
            191.0,
            183.0,
            238.0,
            198.0,
            159.0,
            205.0
        ],
        "RawIntDen": [
            11235.0,
            10671.0,
            10181.0,
            9397.0,
            12336.0,
            12248.0,
            14167.0,
            16406.0
        ],
        "IntDen": [
            8454.264712851389,
            8029.858366785686,
            7661.136541303071,
            7071.181620530887,
            9282.760079905185,
            9216.540650022593,
            10660.575717575935,
            12345.40871197507
        ],
        "FlagUp": 0,
        "Times": [
            -15,
            -10,
            -5,
            2,
            10,
            20,
            30,
            40
        ],
        "width": 0,
        "height": 0,
        "area": 0.7524935213930921,
        "distance": 17.577445822243856,
        "xpert": [
            [
                487.0,
                244.0
            ],
            [
                482.4,
                241.6
            ],
            [
                480.8,
                237.0
            ],
            [
                481.0,
                231.0
            ],
            [
                487.0,
                228.6
            ],
            [
                493.0,
                231.0
            ],
            [
                495.0,
                237.0
            ],
            [
                493.4,
                243.4
            ]
        ],
        "stack": 0
    }
]