[
    {
        "type": "Stim",
        "location": [
            118,
            66
        ],
        "radloc": [
            0,
            0
        ],
        "mean": [
            83.40425531914893,
            79.77659574468085,
            85.67553191489361,
            81.69148936170212,
            90.57446808510639,
            80.31382978723404,
            65.79255319148936,
            56.6063829787234
        ],
        "min": [
            16.0,
            15.0,
            17.0,
            21.0,
            15.0,
            9.0,
            6.0,
            6.0
        ],
        "max": [
            201.0,
            205.0,
            197.0,
            222.0,
            218.0,
            217.0,
            173.0,
            174.0
        ],
        "RawIntDen": [
            15680.0,
            14998.0,
            16107.0,
            15358.0,
            17028.0,
            15099.0,
            12369.0,
            10642.0
        ],
        "IntDen": [
            69.4541153133258,
            66.43321565492732,
            71.34549970355476,
            68.0278254452843,
            75.42504308388469,
            66.88059229055526,
            54.788134713681565,
            47.138437191607984
        ],
        "FlagUp": 0,
        "Times": [
            -15,
            -10,
            -5,
            2,
            10,
            20,
            30,
            40
        ],
        "width": 0,
        "height": 0,
        "area": 0.8327406682975288,
        "distance": 0,
        "xpert": [
            [
                118.0,
                75.8
            ],
            [
                112.6,
                71.4
            ],
            [
                109.8,
                66.0
            ],
            [
                111.6,
                59.6
            ],
            [
                118.0,
                57.6
            ],
            [
                122.6,
                61.4
            ],
            [
                123.8,
                66.0
            ],
            [
                124.8,
                72.8
            ]
        ],
        "stack": 0
    },
    {
        "type": "Spine",
        "location": [
            16,
            104
        ],
        "radloc": [
            0,
            0
        ],
        "mean": [
            87.66842105263157,
            92.68947368421053,
            116.23684210526316,
            130.1578947368421,
            110.03684210526316,
            118.88947368421053,
            113.13157894736842,
            116.09473684210526
        ],
        "min": [
            13.0,
            22.0,
            24.0,
            35.0,
            35.0,
            51.0,
            40.0,
            32.0
        ],
        "max": [
            204.0,
            203.0,
            255.0,
            238.0,
            227.0,
            244.0,
            255.0,
            245.0
        ],
        "RawIntDen": [
            16657.0,
            17611.0,
            22085.0,
            24730.0,
            20907.0,
            22589.0,
            21495.0,
            22058.0
        ],
        "IntDen": [
            75.82019233381241,
            80.16265877353489,
            100.5276428944136,
            112.56729041335062,
            95.16556169316301,
            102.82177610785187,
            97.84205044217434,
            100.40474290083655
        ],
        "FlagUp": 0,
        "Times": [
            -15,
            -10,
            -5,
            2,
            10,
            20,
            30,
            40
        ],
        "width": 0,
        "height": 0,
        "area": 0.8648518066533205,
        "distance": 6.72078,
        "xpert": [
            [
                16.0,
                114.0
            ],
            [
                11.4,
                108.6
            ],
            [
                9.0,
                104.0
            ],
            [
                9.4,
                97.4
            ],
            [
                16.0,
                94.2
            ],
            [
                22.6,
                97.4
            ],
            [
                23.2,
                104.0
            ],
            [
                21.0,
                109.0
            ]
        ],
        "stack": 0
    },
    {
        "type": "Spine",
        "location": [
            3,
            104
        ],
        "radloc": [
            0,
            0
        ],
        "mean": [
            70.05147058823529,
            64.91176470588235,
            67.61764705882354,
            69.68382352941177,
            72.41176470588235,
            94.875,
            109.06617647058823,
            97.26470588235294
        ],
        "min": [
            17.0,
            11.0,
            9.0,
            13.0,
            17.0,
            36.0,
            49.0,
            29.0
        ],
        "max": [
            148.0,
            149.0,
            153.0,
            125.0,
            145.0,
            202.0,
            202.0,
            213.0
        ],
        "RawIntDen": [
            9527.0,
            8828.0,
            9196.0,
            9477.0,
            9848.0,
            12903.0,
            14833.0,
            13228.0
        ],
        "IntDen": [
            49.85310074802153,
            46.195357762520636,
            48.121036473056165,
            49.59145961887269,
            51.53283679715714,
            67.51910978815177,
            77.6184573732973,
            69.21977712761928
        ],
        "FlagUp": 0,
        "Times": [
            -15,
            -10,
            -5,
            2,
            10,
            20,
            30,
            40
        ],
        "width": 0,
        "height": 0,
        "area": 0.7116638712848671,
        "distance": 7.577350000000001,
        "xpert": [
            [
                3.0,
                117.0
            ],
            [
                0.0,
                107.0
            ],
            [
                0.0,
                104.0
            ],
            [
                0.0,
                101.0
            ],
            [
                3.0,
                95.4
            ],
            [
                9.6,
                97.4
            ],
            [
                9.8,
                104.0
            ],
            [
                7.6,
                108.6
            ]
        ],
        "stack": 0
    },
    {
        "type": "Spine",
        "location": [
            51,
            73
        ],
        "radloc": [
            0,
            0
        ],
        "mean": [
            111.97175141242938,
            100.14124293785311,
            97.85875706214689,
            99.57062146892656,
            81.69491525423729,
            87.05084745762711,
            90.11299435028249,
            67.53107344632768
        ],
        "min": [
            30.0,
            17.0,
            17.0,
            19.0,
            20.0,
            21.0,
            18.0,
            13.0
        ],
        "max": [
            235.0,
            229.0,
            194.0,
            210.0,
            188.0,
            187.0,
            201.0,
            179.0
        ],
        "RawIntDen": [
            19819.0,
            17725.0,
            17321.0,
            17624.0,
            14460.0,
            15408.0,
            15950.0,
            11953.0
        ],
        "IntDen": [
            89.5310184499405,
            80.0715122874613,
            78.24646907368785,
            79.61525148401795,
            65.32209126525757,
            69.60461841044872,
            72.05306747447152,
            53.996884985727775
        ],
        "FlagUp": 0,
        "Times": [
            -15,
            -10,
            -5,
            2,
            10,
            20,
            30,
            40
        ],
        "width": 0,
        "height": 0,
        "area": 0.7995857644502482,
        "distance": 4.414630000000001,
        "xpert": [
            [
                51.0,
                79.8
            ],
            [
                45.0,
                79.0
            ],
            [
                44.0,
                73.0
            ],
            [
                46.6,
                68.6
            ],
            [
                51.0,
                67.4
            ],
            [
                56.6,
                67.4
            ],
            [
                63.0,
                73.0
            ],
            [
                57.2,
                79.2
            ]
        ],
        "stack": 0
    },
    {
        "type": "Spine",
        "location": [
            58,
            104
        ],
        "radloc": [
            0,
            0
        ],
        "mean": [
            87.3623188405797,
            93.8840579710145,
            98.92753623188406,
            85.27536231884058,
            94.44927536231884,
            114.58454106280193,
            95.57971014492753,
            94.55555555555556
        ],
        "min": [
            11.0,
            11.0,
            26.0,
            13.0,
            15.0,
            33.0,
            20.0,
            14.0
        ],
        "max": [
            242.0,
            243.0,
            242.0,
            249.0,
            253.0,
            252.0,
            240.0,
            242.0
        ],
        "RawIntDen": [
            18084.0,
            19434.0,
            20478.0,
            17652.0,
            19551.0,
            23719.0,
            19785.0,
            19573.0
        ],
        "IntDen": [
            80.47949106045809,
            86.48741590737352,
            91.13354445565477,
            78.55695510944516,
            87.00810272743952,
            105.55701440295319,
            88.04947636757151,
            87.10600965087073
        ],
        "FlagUp": 0,
        "Times": [
            -15,
            -10,
            -5,
            2,
            10,
            20,
            30,
            40
        ],
        "width": 0,
        "height": 0,
        "area": 0.9212151431936975,
        "distance": 3.9534000000000002,
        "xpert": [
            [
                58.0,
                110.0
            ],
            [
                52.4,
                109.6
            ],
            [
                49.2,
                104.0
            ],
            [
                51.0,
                97.0
            ],
            [
                58.0,
                93.8
            ],
            [
                65.0,
                97.0
            ],
            [
                66.6,
                104.0
            ],
            [
                63.0,
                109.0
            ]
        ],
        "stack": 0
    },
    {
        "type": "Spine",
        "location": [
            77,
            67
        ],
        "radloc": [
            0,
            0
        ],
        "mean": [
            45.945945945945944,
            46.891891891891895,
            51.067567567567565,
            49.432432432432435,
            48.13513513513514,
            37.92567567567568,
            32.9527027027027,
            35.16216216216216
        ],
        "min": [
            12.0,
            12.0,
            13.0,
            16.0,
            11.0,
            7.0,
            7.0,
            8.0
        ],
        "max": [
            113.0,
            98.0,
            115.0,
            115.0,
            99.0,
            84.0,
            82.0,
            88.0
        ],
        "RawIntDen": [
            6800.0,
            6940.0,
            7558.0,
            7316.0,
            7124.0,
            5613.0,
            4877.0,
            5204.0
        ],
        "IntDen": [
            31.93922403954688,
            32.59679629918461,
            35.49950813101402,
            34.36284751078309,
            33.46103412613706,
            26.363950666761273,
            22.90699935895149,
            24.44290027967676
        ],
        "FlagUp": 0,
        "Times": [
            -15,
            -10,
            -5,
            2,
            10,
            20,
            30,
            40
        ],
        "width": 0,
        "height": 0,
        "area": 0.6951478173313145,
        "distance": 2.70149,
        "xpert": [
            [
                77.0,
                74.8
            ],
            [
                72.4,
                71.6
            ],
            [
                69.0,
                67.0
            ],
            [
                71.6,
                61.6
            ],
            [
                77.0,
                62.0
            ],
            [
                80.2,
                63.8
            ],
            [
                82.2,
                67.0
            ],
            [
                85.8,
                75.8
            ]
        ],
        "stack": 0
    },
    {
        "type": "Spine",
        "location": [
            96,
            109
        ],
        "radloc": [
            0,
            0
        ],
        "mean": [
            35.32142857142857,
            31.514285714285716,
            40.17142857142857,
            49.72142857142857,
            39.67857142857143,
            49.792857142857144,
            45.98571428571429,
            34.6
        ],
        "min": [
            9.0,
            12.0,
            13.0,
            14.0,
            11.0,
            10.0,
            11.0,
            8.0
        ],
        "max": [
            97.0,
            66.0,
            102.0,
            123.0,
            117.0,
            145.0,
            140.0,
            113.0
        ],
        "RawIntDen": [
            4945.0,
            4412.0,
            5624.0,
            6961.0,
            5555.0,
            6971.0,
            6438.0,
            4844.0
        ],
        "IntDen": [
            23.738196306858264,
            21.17955957651338,
            26.997697882663473,
            33.41589170718713,
            26.666467236521267,
            33.46389614865702,
            30.905259418312134,
            23.253351448012424
        ],
        "FlagUp": 0,
        "Times": [
            -15,
            -10,
            -5,
            2,
            10,
            20,
            30,
            40
        ],
        "width": 0,
        "height": 0,
        "area": 0.6720621805783937,
        "distance": 1.44958,
        "xpert": [
            [
                96.0,
                114.0
            ],
            [
                91.8,
                113.2
            ],
            [
                90.6,
                109.0
            ],
            [
                91.8,
                104.8
            ],
            [
                96.0,
                99.2
            ],
            [
                104.4,
                100.6
            ],
            [
                101.8,
                109.0
            ],
            [
                100.6,
                113.6
            ]
        ],
        "stack": 0
    },
    {
        "type": "Spine",
        "location": [
            119,
            121
        ],
        "radloc": [
            0,
            0
        ],
        "mean": [
            19.876190476190477,
            22.695238095238096,
            24.552380952380954,
            26.62857142857143,
            29.504761904761907,
            38.10476190476191,
            31.39047619047619,
            25.82857142857143
        ],
        "min": [
            5.0,
            5.0,
            5.0,
            5.0,
            7.0,
            10.0,
            7.0,
            8.0
        ],
        "max": [
            75.0,
            76.0,
            69.0,
            70.0,
            83.0,
            92.0,
            92.0,
            72.0
        ],
        "RawIntDen": [
            2087.0,
            2383.0,
            2578.0,
            2796.0,
            3098.0,
            4001.0,
            3296.0,
            2712.0
        ],
        "IntDen": [
            9.202717780018666,
            10.507942726298268,
            11.367803755097327,
            12.329084289857304,
            13.66076649856149,
            17.642584493461758,
            14.533856158572842,
            11.958682615913093
        ],
        "FlagUp": 0,
        "Times": [
            -15,
            -10,
            -5,
            2,
            10,
            20,
            30,
            40
        ],
        "width": 0,
        "height": 0,
        "area": 0.4630020924302635,
        "distance": 1.0429350632495267,
        "xpert": [
            [
                119.0,
                125.8
            ],
            [
                115.2,
                124.8
            ],
            [
                112.8,
                121.0
            ],
            [
                113.4,
                115.4
            ],
            [
                119.0,
                113.6
            ],
            [
                123.4,
                116.6
            ],
            [
                124.4,
                121.0
            ],
            [
                122.6,
                124.6
            ]
        ],
        "stack": 0
    },
    {
        "type": "Spine",
        "location": [
            135,
            71
        ],
        "radloc": [
            0,
            0
        ],
        "mean": [
            52.791469194312796,
            47.74407582938389,
            50.274881516587676,
            52.65876777251185,
            56.639810426540286,
            54.5260663507109,
            51.55450236966825,
            56.62559241706161
        ],
        "min": [
            9.0,
            10.0,
            12.0,
            13.0,
            13.0,
            11.0,
            9.0,
            7.0
        ],
        "max": [
            129.0,
            128.0,
            125.0,
            144.0,
            144.0,
            138.0,
            137.0,
            134.0
        ],
        "RawIntDen": [
            11139.0,
            10074.0,
            10608.0,
            11111.0,
            11951.0,
            11505.0,
            10878.0,
            11948.0
        ],
        "IntDen": [
            52.751979231308674,
            47.70836150248709,
            50.23727405383988,
            52.61937707505797,
            56.59744176257923,
            54.485278845157225,
            51.51593770340029,
            56.58323438869522
        ],
        "FlagUp": 0,
        "Times": [
            -15,
            -10,
            -5,
            2,
            10,
            20,
            30,
            40
        ],
        "width": 0,
        "height": 0,
        "area": 0.9992519631749825,
        "distance": 1.1747150632495267,
        "xpert": [
            [
                135.0,
                79.8
            ],
            [
                126.2,
                79.8
            ],
            [
                125.4,
                71.0
            ],
            [
                129.6,
                65.6
            ],
            [
                135.0,
                65.2
            ],
            [
                139.4,
                66.6
            ],
            [
                141.4,
                71.0
            ],
            [
                143.8,
                79.8
            ]
        ],
        "stack": 0
    },
    {
        "type": "Spine",
        "location": [
            165,
            76
        ],
        "radloc": [
            0,
            0
        ],
        "mean": [
            76.625,
            53.64375,
            58.24375,
            62.38125,
            65.99375,
            69.8375,
            65.88125,
            69.93125
        ],
        "min": [
            14.0,
            10.0,
            11.0,
            16.0,
            18.0,
            21.0,
            15.0,
            17.0
        ],
        "max": [
            212.0,
            138.0,
            134.0,
            157.0,
            162.0,
            162.0,
            159.0,
            178.0
        ],
        "RawIntDen": [
            12260.0,
            8583.0,
            9319.0,
            9981.0,
            10559.0,
            11174.0,
            10541.0,
            11189.0
        ],
        "IntDen": [
            55.067570755410316,
            38.55179117403644,
            41.857642077460746,
            44.831111232442936,
            47.42728218649083,
            50.18964401475978,
            47.3464325720049,
            50.25701869349805
        ],
        "FlagUp": 0,
        "Times": [
            -15,
            -10,
            -5,
            2,
            10,
            20,
            30,
            40
        ],
        "width": 0,
        "height": 0,
        "area": 0.7186632398748491,
        "distance": 2.9529359403463733,
        "xpert": [
            [
                165.0,
                83.0
            ],
            [
                159.4,
                81.6
            ],
            [
                155.6,
                76.0
            ],
            [
                160.4,
                71.4
            ],
            [
                165.0,
                70.6
            ],
            [
                168.4,
                72.6
            ],
            [
                173.0,
                76.0
            ],
            [
                172.4,
                83.4
            ]
        ],
        "stack": 0
    },
    {
        "type": "Spine",
        "location": [
            174,
            119
        ],
        "radloc": [
            0,
            0
        ],
        "mean": [
            42.23809523809524,
            50.44444444444444,
            59.682539682539684,
            78.55555555555556,
            67.5079365079365,
            52.714285714285715,
            54.55555555555556,
            54.11904761904762
        ],
        "min": [
            7.0,
            15.0,
            17.0,
            15.0,
            16.0,
            14.0,
            16.0,
            12.0
        ],
        "max": [
            105.0,
            125.0,
            125.0,
            184.0,
            155.0,
            128.0,
            111.0,
            127.0
        ],
        "RawIntDen": [
            5322.0,
            6356.0,
            7520.0,
            9898.0,
            8506.0,
            6642.0,
            6874.0,
            6819.0
        ],
        "IntDen": [
            24.250259762957768,
            28.961790878120926,
            34.26568083755025,
            45.10129108112664,
            38.75849484098436,
            30.264980335506483,
            31.32211304219686,
            31.071499685007332
        ],
        "FlagUp": 0,
        "Times": [
            -15,
            -10,
            -5,
            2,
            10,
            20,
            30,
            40
        ],
        "width": 0,
        "height": 0,
        "area": 0.5741324182887408,
        "distance": 3.8535951897485794,
        "xpert": [
            [
                174.0,
                126.2
            ],
            [
                169.6,
                123.4
            ],
            [
                167.4,
                119.0
            ],
            [
                168.2,
                113.2
            ],
            [
                174.0,
                110.0
            ],
            [
                177.2,
                115.8
            ],
            [
                178.6,
                119.0
            ],
            [
                179.0,
                124.0
            ]
        ],
        "stack": 0
    },
    {
        "type": "Spine",
        "location": [
            141,
            113
        ],
        "radloc": [
            0,
            0
        ],
        "mean": [
            71.58720930232558,
            68.34883720930233,
            59.80813953488372,
            57.08139534883721,
            66.86627906976744,
            67.58720930232558,
            76.26162790697674,
            59.16279069767442
        ],
        "min": [
            11.0,
            13.0,
            10.0,
            10.0,
            12.0,
            14.0,
            13.0,
            13.0
        ],
        "max": [
            179.0,
            161.0,
            160.0,
            159.0,
            171.0,
            168.0,
            200.0,
            185.0
        ],
        "RawIntDen": [
            12313.0,
            11756.0,
            10287.0,
            9818.0,
            11501.0,
            11625.0,
            13117.0,
            10176.0
        ],
        "IntDen": [
            53.71507538787246,
            51.28518039956377,
            44.87671408389865,
            42.830716328931366,
            50.17275091658582,
            50.71369701811235,
            57.22250011067352,
            44.39248007366119
        ],
        "FlagUp": 0,
        "Times": [
            -15,
            -10,
            -5,
            2,
            10,
            20,
            30,
            40
        ],
        "width": 0,
        "height": 0,
        "area": 0.7503445924400279,
        "distance": 1.9060294590001554,
        "xpert": [
            [
                141.0,
                118.2
            ],
            [
                137.0,
                117.0
            ],
            [
                132.4,
                113.0
            ],
            [
                135.2,
                107.2
            ],
            [
                141.0,
                103.0
            ],
            [
                148.0,
                106.0
            ],
            [
                148.2,
                113.0
            ],
            [
                145.4,
                117.4
            ]
        ],
        "stack": 0
    },
    {
        "type": "Spine",
        "location": [
            154,
            115
        ],
        "radloc": [
            0,
            0
        ],
        "mean": [
            62.844086021505376,
            57.876344086021504,
            66.05913978494624,
            65.18817204301075,
            68.40322580645162,
            86.98924731182795,
            104.47311827956989,
            90.51612903225806
        ],
        "min": [
            9.0,
            7.0,
            6.0,
            8.0,
            9.0,
            13.0,
            20.0,
            15.0
        ],
        "max": [
            255.0,
            244.0,
            249.0,
            247.0,
            241.0,
            252.0,
            255.0,
            242.0
        ],
        "RawIntDen": [
            11689.0,
            10765.0,
            12287.0,
            12125.0,
            12723.0,
            16180.0,
            19432.0,
            16836.0
        ],
        "IntDen": [
            53.683300951900655,
            49.439706967851016,
            56.42969619266005,
            55.68568945519681,
            58.432084695956206,
            74.30882106268736,
            89.24406742213479,
            77.32158908599533
        ],
        "FlagUp": 0,
        "Times": [
            -15,
            -10,
            -5,
            2,
            10,
            20,
            30,
            40
        ],
        "width": 0,
        "height": 0,
        "area": 0.8542299578281737,
        "distance": 3.3264751897485794,
        "xpert": [
            [
                154.0,
                121.8
            ],
            [
                149.6,
                119.4
            ],
            [
                146.8,
                115.0
            ],
            [
                147.6,
                108.6
            ],
            [
                154.0,
                102.2
            ],
            [
                161.4,
                107.6
            ],
            [
                159.4,
                115.0
            ],
            [
                158.2,
                119.2
            ]
        ],
        "stack": 0
    },
    {
        "type": "Spine",
        "location": [
            201,
            118
        ],
        "radloc": [
            0,
            0
        ],
        "mean": [
            68.84552845528455,
            56.707317073170735,
            66.53658536585365,
            62.1260162601626,
            66.53658536585365,
            84.39024390243902,
            83.26829268292683,
            79.2439024390244
        ],
        "min": [
            10.0,
            9.0,
            7.0,
            10.0,
            8.0,
            22.0,
            12.0,
            14.0
        ],
        "max": [
            167.0,
            157.0,
            144.0,
            133.0,
            161.0,
            178.0,
            229.0,
            197.0
        ],
        "RawIntDen": [
            16936.0,
            13950.0,
            16368.0,
            15283.0,
            16368.0,
            20760.0,
            20484.0,
            19494.0
        ],
        "IntDen": [
            77.86089233431153,
            64.1331747793839,
            75.24959174114377,
            70.26145592496948,
            75.24959174114377,
            95.44119773620142,
            94.17232632121146,
            89.62093972396487
        ],
        "FlagUp": 0,
        "Times": [
            -15,
            -10,
            -5,
            2,
            10,
            20,
            30,
            40
        ],
        "width": 0,
        "height": 0,
        "area": 1.1309506090127914,
        "distance": 5.873575316247631,
        "xpert": [
            [
                201.0,
                126.2
            ],
            [
                194.2,
                124.8
            ],
            [
                192.6,
                118.0
            ],
            [
                194.4,
                111.4
            ],
            [
                201.0,
                108.2
            ],
            [
                210.8,
                108.2
            ],
            [
                209.0,
                118.0
            ],
            [
                206.8,
                123.8
            ]
        ],
        "stack": 0
    },
    {
        "type": "Spine",
        "location": [
            222,
            84
        ],
        "radloc": [
            0,
            0
        ],
        "mean": [
            84.49112426035504,
            97.75739644970415,
            97.59763313609467,
            91.40828402366864,
            102.01775147928994,
            98.73372781065089,
            93.15976331360947,
            95.21301775147928
        ],
        "min": [
            12.0,
            15.0,
            20.0,
            20.0,
            26.0,
            19.0,
            14.0,
            12.0
        ],
        "max": [
            223.0,
            199.0,
            199.0,
            177.0,
            191.0,
            226.0,
            205.0,
            208.0
        ],
        "RawIntDen": [
            14279.0,
            16521.0,
            16494.0,
            15448.0,
            17241.0,
            16686.0,
            15744.0,
            16091.0
        ],
        "IntDen": [
            62.71788475681567,
            72.5654579499511,
            72.4468654092666,
            67.8525025368225,
            75.72792570153784,
            73.29019014302305,
            69.15262816803039,
            70.67676193164233
        ],
        "FlagUp": 0,
        "Times": [
            -15,
            -10,
            -5,
            2,
            10,
            20,
            30,
            40
        ],
        "width": 0,
        "height": 0,
        "area": 0.7423014583585579,
        "distance": 7.125485316247632,
        "xpert": [
            [
                222.0,
                90.2
            ],
            [
                215.8,
                90.2
            ],
            [
                212.2,
                84.0
            ],
            [
                216.4,
                78.4
            ],
            [
                222.0,
                78.2
            ],
            [
                227.0,
                79.0
            ],
            [
                229.0,
                84.0
            ],
            [
                228.2,
                90.2
            ]
        ],
        "stack": 0
    },
    {
        "type": "Spine",
        "location": [
            227,
            117
        ],
        "radloc": [
            0,
            0
        ],
        "mean": [
            50.53191489361702,
            41.815602836879435,
            49.97872340425532,
            54.12056737588652,
            92.09219858156028,
            83.91489361702128,
            93.04255319148936,
            95.0354609929078
        ],
        "min": [
            10.0,
            9.0,
            9.0,
            10.0,
            22.0,
            26.0,
            28.0,
            20.0
        ],
        "max": [
            142.0,
            137.0,
            135.0,
            143.0,
            171.0,
            246.0,
            255.0,
            251.0
        ],
        "RawIntDen": [
            7125.0,
            5896.0,
            7047.0,
            7631.0,
            12985.0,
            11832.0,
            13119.0,
            13400.0
        ],
        "IntDen": [
            31.81982458282342,
            26.33118396355465,
            31.471481240021983,
            34.07959037074042,
            57.990234695854326,
            52.84100553880234,
            58.588670695026025,
            59.84359991716966
        ],
        "FlagUp": 0,
        "Times": [
            -15,
            -10,
            -5,
            2,
            10,
            20,
            30,
            40
        ],
        "width": 0,
        "height": 0,
        "area": 0.6296975812179793,
        "distance": 7.482227847872395,
        "xpert": [
            [
                227.0,
                122.6
            ],
            [
                223.2,
                120.8
            ],
            [
                221.0,
                117.0
            ],
            [
                220.0,
                110.0
            ],
            [
                227.0,
                109.0
            ],
            [
                232.2,
                111.8
            ],
            [
                234.2,
                117.0
            ],
            [
                231.8,
                121.8
            ]
        ],
        "stack": 0
    },
    {
        "type": "Spine",
        "location": [
            242,
            84
        ],
        "radloc": [
            0,
            0
        ],
        "mean": [
            44.38931297709924,
            50.29007633587786,
            44.80916030534351,
            56.16793893129771,
            46.97709923664122,
            36.61068702290076,
            45.74809160305343,
            43.770992366412216
        ],
        "min": [
            11.0,
            14.0,
            14.0,
            16.0,
            17.0,
            8.0,
            10.0,
            10.0
        ],
        "max": [
            109.0,
            121.0,
            121.0,
            124.0,
            101.0,
            83.0,
            139.0,
            122.0
        ],
        "RawIntDen": [
            5815.0,
            6588.0,
            5870.0,
            7358.0,
            6154.0,
            4796.0,
            5993.0,
            5734.0
        ],
        "IntDen": [
            26.074032967158804,
            29.540108200798315,
            26.320648928155148,
            32.99273165474712,
            27.59408407220899,
            21.504911798881103,
            26.87217189547424,
            25.710834915509647
        ],
        "FlagUp": 0,
        "Times": [
            -15,
            -10,
            -5,
            2,
            10,
            20,
            30,
            40
        ],
        "width": 0,
        "height": 0,
        "area": 0.5873943798276532,
        "distance": 8.470577847872393,
        "xpert": [
            [
                242.0,
                90.4
            ],
            [
                235.2,
                90.8
            ],
            [
                236.0,
                84.0
            ],
            [
                237.4,
                79.4
            ],
            [
                242.0,
                78.6
            ],
            [
                245.8,
                80.2
            ],
            [
                248.0,
                84.0
            ],
            [
                248.2,
                90.2
            ]
        ],
        "stack": 0
    },
    {
        "type": "Spine",
        "location": [
            256,
            90
        ],
        "radloc": [
            0,
            0
        ],
        "mean": [
            57.14912280701754,
            58.14035087719298,
            55.48245614035088,
            86.6140350877193,
            55.280701754385966,
            68.49122807017544,
            52.62280701754386,
            49.81578947368421
        ],
        "min": [
            17.0,
            17.0,
            16.0,
            22.0,
            13.0,
            16.0,
            15.0,
            13.0
        ],
        "max": [
            148.0,
            149.0,
            136.0,
            171.0,
            158.0,
            179.0,
            118.0,
            151.0
        ],
        "RawIntDen": [
            6515.0,
            6628.0,
            6325.0,
            9874.0,
            6302.0,
            7808.0,
            5999.0,
            5679.0
        ],
        "IntDen": [
            29.376009590423198,
            29.88552441524558,
            28.519303247801492,
            44.52167593182482,
            28.415596690536763,
            35.20612170100143,
            27.049375523092674,
            25.606501682887696
        ],
        "FlagUp": 0,
        "Times": [
            -15,
            -10,
            -5,
            2,
            10,
            20,
            30,
            40
        ],
        "width": 0,
        "height": 0,
        "area": 0.514023805573023,
        "distance": 9.447622911121924,
        "xpert": [
            [
                256.0,
                94.8
            ],
            [
                251.2,
                94.8
            ],
            [
                247.4,
                90.0
            ],
            [
                251.0,
                85.0
            ],
            [
                256.0,
                84.4
            ],
            [
                259.6,
                86.4
            ],
            [
                262.2,
                90.0
            ],
            [
                260.8,
                94.8
            ]
        ],
        "stack": 0
    },
    {
        "type": "Spine",
        "location": [
            246,
            128
        ],
        "radloc": [
            0,
            0
        ],
        "mean": [
            27.58450704225352,
            43.54929577464789,
            33.86619718309859,
            26.943661971830984,
            34.478873239436616,
            33.232394366197184,
            35.070422535211264,
            28.007042253521128
        ],
        "min": [
            5.0,
            10.0,
            7.0,
            5.0,
            7.0,
            9.0,
            9.0,
            6.0
        ],
        "max": [
            68.0,
            121.0,
            100.0,
            94.0,
            80.0,
            91.0,
            95.0,
            93.0
        ],
        "RawIntDen": [
            3917.0,
            6184.0,
            4809.0,
            3826.0,
            4896.0,
            4719.0,
            4980.0,
            3977.0
        ],
        "IntDen": [
            17.070124368925285,
            26.949616823444977,
            20.95742356144031,
            16.673550123948978,
            21.336565971472606,
            20.565207275200006,
            21.70263450529689,
            17.33160189308549
        ],
        "FlagUp": 0,
        "Times": [
            -15,
            -10,
            -5,
            2,
            10,
            20,
            30,
            40
        ],
        "width": 0,
        "height": 0,
        "area": 0.6188301405124816,
        "distance": 9.184062911121924,
        "xpert": [
            [
                246.0,
                135.4
            ],
            [
                240.4,
                133.6
            ],
            [
                238.8,
                128.0
            ],
            [
                240.6,
                122.6
            ],
            [
                246.0,
                121.4
            ],
            [
                250.8,
                123.2
            ],
            [
                252.6,
                128.0
            ],
            [
                250.6,
                132.6
            ]
        ],
        "stack": 0
    },
    {
        "type": "Spine",
        "location": [
            277,
            78
        ],
        "radloc": [
            0,
            0
        ],
        "mean": [
            30.591549295774648,
            39.070422535211264,
            40.69718309859155,
            42.556338028169016,
            37.92253521126761,
            58.309859154929576,
            51.53521126760563,
            51.07746478873239
        ],
        "min": [
            7.0,
            8.0,
            9.0,
            11.0,
            8.0,
            16.0,
            6.0,
            9.0
        ],
        "max": [
            91.0,
            117.0,
            117.0,
            108.0,
            106.0,
            138.0,
            137.0,
            127.0
        ],
        "RawIntDen": [
            4344.0,
            5548.0,
            5779.0,
            6043.0,
            5385.0,
            8280.0,
            7318.0,
            7253.0
        ],
        "IntDen": [
            18.919703195027207,
            24.16356199954211,
            25.16965118878044,
            26.319467405052812,
            23.453637593283037,
            36.062417692178926,
            31.872557085913694,
            31.58945839630118
        ],
        "FlagUp": 0,
        "Times": [
            -15,
            -10,
            -5,
            2,
            10,
            20,
            30,
            40
        ],
        "width": 0,
        "height": 0,
        "area": 0.6184617526919575,
        "distance": 10.625749181849939,
        "xpert": [
            [
                277.0,
                88.2
            ],
            [
                272.0,
                83.0
            ],
            [
                269.4,
                78.0
            ],
            [
                272.2,
                73.2
            ],
            [
                277.0,
                72.8
            ],
            [
                281.0,
                74.0
            ],
            [
                283.0,
                78.0
            ],
            [
                282.0,
                83.0
            ]
        ],
        "stack": 0
    },
    {
        "type": "Spine",
        "location": [
            273,
            131
        ],
        "radloc": [
            0,
            0
        ],
        "mean": [
            21.596153846153847,
            23.66025641025641,
            28.897435897435898,
            22.166666666666668,
            30.51923076923077,
            29.82051282051282,
            36.282051282051285,
            41.94871794871795
        ],
        "min": [
            5.0,
            6.0,
            6.0,
            6.0,
            6.0,
            9.0,
            7.0,
            6.0
        ],
        "max": [
            89.0,
            72.0,
            86.0,
            64.0,
            73.0,
            73.0,
            90.0,
            113.0
        ],
        "RawIntDen": [
            3369.0,
            3691.0,
            4508.0,
            3458.0,
            4761.0,
            4652.0,
            5660.0,
            6544.0
        ],
        "IntDen": [
            16.180689975823114,
            17.727197002304276,
            21.6510983707363,
            16.608140675689025,
            22.86621103440007,
            22.34270399748564,
            27.183943384731023,
            31.429633482275584
        ],
        "FlagUp": 0,
        "Times": [
            -15,
            -10,
            -5,
            2,
            10,
            20,
            30,
            40
        ],
        "width": 0,
        "height": 0,
        "area": 0.7492394289784522,
        "distance": 10.62233797437145,
        "xpert": [
            [
                273.0,
                137.0
            ],
            [
                268.2,
                135.8
            ],
            [
                264.6,
                131.0
            ],
            [
                268.0,
                126.0
            ],
            [
                273.0,
                118.8
            ],
            [
                277.6,
                126.4
            ],
            [
                278.2,
                131.0
            ],
            [
                278.8,
                136.8
            ]
        ],
        "stack": 0
    },
    {
        "type": "Spine",
        "location": [
            313,
            123
        ],
        "radloc": [
            0,
            0
        ],
        "mean": [
            95.42066420664207,
            99.97047970479704,
            105.94464944649447,
            103.30627306273063,
            99.17712177121771,
            106.2988929889299,
            110.46125461254613,
            117.32472324723247
        ],
        "min": [
            22.0,
            25.0,
            23.0,
            30.0,
            21.0,
            28.0,
            17.0,
            17.0
        ],
        "max": [
            209.0,
            207.0,
            228.0,
            201.0,
            199.0,
            224.0,
            208.0,
            214.0
        ],
        "RawIntDen": [
            25859.0,
            27092.0,
            28711.0,
            27996.0,
            26877.0,
            28807.0,
            29935.0,
            31795.0
        ],
        "IntDen": [
            115.33894895174843,
            120.83850129551676,
            128.05973020432535,
            124.87061428721717,
            119.87953636939334,
            128.4879191945944,
            133.51913983025597,
            141.81530151671916
        ],
        "FlagUp": 0,
        "Times": [
            -15,
            -10,
            -5,
            2,
            10,
            20,
            30,
            40
        ],
        "width": 0,
        "height": 0,
        "area": 1.2087418371137253,
        "distance": 13.707863037620982,
        "xpert": [
            [
                313.0,
                131.6
            ],
            [
                306.0,
                130.0
            ],
            [
                305.2,
                123.0
            ],
            [
                305.6,
                115.6
            ],
            [
                313.0,
                113.0
            ],
            [
                322.0,
                114.0
            ],
            [
                322.8,
                123.0
            ],
            [
                319.6,
                129.6
            ]
        ],
        "stack": 0
    },
    {
        "type": "Spine",
        "location": [
            317,
            83
        ],
        "radloc": [
            0,
            0
        ],
        "mean": [
            36.528985507246375,
            36.77536231884058,
            34.54347826086956,
            46.28260869565217,
            39.97826086956522,
            43.08695652173913,
            32.14492753623188,
            34.05797101449275
        ],
        "min": [
            6.0,
            7.0,
            7.0,
            11.0,
            8.0,
            8.0,
            7.0,
            6.0
        ],
        "max": [
            91.0,
            92.0,
            98.0,
            111.0,
            91.0,
            102.0,
            82.0,
            105.0
        ],
        "RawIntDen": [
            5041.0,
            5075.0,
            4767.0,
            6387.0,
            5517.0,
            5946.0,
            4436.0,
            4700.0
        ],
        "IntDen": [
            26.610887963499554,
            26.790370246927246,
            25.164471914699934,
            33.71627483096046,
            29.123639931487215,
            31.38828403708954,
            23.417159096624484,
            24.810786238533606
        ],
        "FlagUp": 0,
        "Times": [
            -15,
            -10,
            -5,
            2,
            10,
            20,
            30,
            40
        ],
        "width": 0,
        "height": 0,
        "area": 0.7284869150888591,
        "distance": 13.548790505996218,
        "xpert": [
            [
                317.0,
                89.2
            ],
            [
                307.2,
                92.8
            ],
            [
                311.2,
                83.0
            ],
            [
                313.4,
                79.4
            ],
            [
                317.0,
                76.6
            ],
            [
                322.0,
                78.0
            ],
            [
                323.6,
                83.0
            ],
            [
                322.0,
                88.0
            ]
        ],
        "stack": 0
    },
    {
        "type": "Spine",
        "location": [
            295,
            119
        ],
        "radloc": [
            0,
            0
        ],
        "mean": [
            54.64473684210526,
            61.9671052631579,
            64.05263157894737,
            57.18421052631579,
            61.01973684210526,
            89.88815789473684,
            100.0,
            91.75657894736842
        ],
        "min": [
            12.0,
            13.0,
            12.0,
            14.0,
            13.0,
            16.0,
            14.0,
            13.0
        ],
        "max": [
            224.0,
            247.0,
            236.0,
            222.0,
            201.0,
            255.0,
            255.0,
            250.0
        ],
        "RawIntDen": [
            8306.0,
            9419.0,
            9736.0,
            8692.0,
            9275.0,
            13663.0,
            15200.0,
            13947.0
        ],
        "IntDen": [
            36.781697289844956,
            41.71042701336982,
            43.114207177212926,
            38.49103212657505,
            41.07274769604045,
            60.50425356021571,
            67.31059460698813,
            61.76189888050418
        ],
        "FlagUp": 0,
        "Times": [
            -15,
            -10,
            -5,
            2,
            10,
            20,
            30,
            40
        ],
        "width": 0,
        "height": 0,
        "area": 0.6731059460698813,
        "distance": 12.099210505996217,
        "xpert": [
            [
                295.0,
                124.2
            ],
            [
                291.2,
                122.8
            ],
            [
                288.8,
                119.0
            ],
            [
                289.8,
                113.8
            ],
            [
                295.0,
                109.2
            ],
            [
                302.4,
                111.6
            ],
            [
                301.2,
                119.0
            ],
            [
                299.8,
                123.8
            ]
        ],
        "stack": 0
    },
    {
        "type": "Spine",
        "location": [
            329,
            133
        ],
        "radloc": [
            0,
            0
        ],
        "mean": [
            33.53383458646616,
            28.06015037593985,
            34.285714285714285,
            28.827067669172934,
            28.353383458646615,
            25.62406015037594,
            34.2406015037594,
            30.338345864661655
        ],
        "min": [
            10.0,
            11.0,
            11.0,
            10.0,
            7.0,
            7.0,
            8.0,
            7.0
        ],
        "max": [
            75.0,
            68.0,
            74.0,
            77.0,
            71.0,
            105.0,
            83.0,
            66.0
        ],
        "RawIntDen": [
            4460.0,
            3732.0,
            4560.0,
            3834.0,
            3771.0,
            3408.0,
            4554.0,
            4035.0
        ],
        "IntDen": [
            22.7303594763845,
            19.020112458714564,
            23.240008791998502,
            19.539954760640846,
            19.218875691804023,
            17.368848676125197,
            23.209429833061662,
            20.564349885024992
        ],
        "FlagUp": 0,
        "Times": [
            -15,
            -10,
            -5,
            2,
            10,
            20,
            30,
            40
        ],
        "width": 0,
        "height": 0,
        "area": 0.677833589766623,
        "distance": 14.657615569245745,
        "xpert": [
            [
                329.0,
                139.0
            ],
            [
                324.0,
                138.0
            ],
            [
                322.8,
                133.0
            ],
            [
                321.8,
                125.8
            ],
            [
                329.0,
                127.2
            ],
            [
                335.4,
                126.6
            ],
            [
                336.2,
                133.0
            ],
            [
                333.8,
                137.8
            ]
        ],
        "stack": 0
    },
    {
        "type": "Spine",
        "location": [
            340,
            121
        ],
        "radloc": [
            0,
            0
        ],
        "mean": [
            89.54260089686099,
            124.24663677130044,
            95.86547085201794,
            83.69955156950672,
            91.93273542600897,
            105.0627802690583,
            94.2286995515695,
            91.96860986547085
        ],
        "min": [
            18.0,
            35.0,
            26.0,
            18.0,
            24.0,
            25.0,
            15.0,
            15.0
        ],
        "max": [
            240.0,
            244.0,
            226.0,
            227.0,
            235.0,
            250.0,
            255.0,
            232.0
        ],
        "RawIntDen": [
            19968.0,
            27707.0,
            21378.0,
            18665.0,
            20501.0,
            23429.0,
            21013.0,
            20509.0
        ],
        "IntDen": [
            88.40905935128515,
            122.67376840174566,
            94.65188655908322,
            82.63997860535542,
            90.76893658657336,
            103.73276500106469,
            93.03583554429862,
            90.80435688278781
        ],
        "FlagUp": 0,
        "Times": [
            -15,
            -10,
            -5,
            2,
            10,
            20,
            30,
            40
        ],
        "width": 0,
        "height": 0,
        "area": 0.9873407569779942,
        "distance": 15.118845569245746,
        "xpert": [
            [
                340.0,
                127.6
            ],
            [
                333.6,
                127.4
            ],
            [
                332.6,
                121.0
            ],
            [
                333.0,
                114.0
            ],
            [
                340.0,
                111.4
            ],
            [
                348.2,
                112.8
            ],
            [
                349.4,
                121.0
            ],
            [
                345.0,
                126.0
            ]
        ],
        "stack": 0
    },
    {
        "type": "Spine",
        "location": [
            353,
            91
        ],
        "radloc": [
            0,
            0
        ],
        "mean": [
            67.37068965517241,
            68.9396551724138,
            73.79310344827586,
            78.18103448275862,
            72.28448275862068,
            82.92241379310344,
            78.99137931034483,
            81.57758620689656
        ],
        "min": [
            14.0,
            13.0,
            12.0,
            15.0,
            14.0,
            19.0,
            13.0,
            16.0
        ],
        "max": [
            174.0,
            173.0,
            223.0,
            213.0,
            168.0,
            218.0,
            172.0,
            216.0
        ],
        "RawIntDen": [
            7815.0,
            7997.0,
            8560.0,
            9069.0,
            8385.0,
            9619.0,
            9163.0,
            9463.0
        ],
        "IntDen": [
            36.71903219268508,
            37.574165124107815,
            40.21943897241001,
            42.610992060839536,
            39.397195769118916,
            45.19518498546868,
            43.052654124321606,
            44.462213901392055
        ],
        "FlagUp": 0,
        "Times": [
            -15,
            -10,
            -5,
            2,
            10,
            20,
            30,
            40
        ],
        "width": 0,
        "height": 0,
        "area": 0.5450297804672385,
        "distance": 15.975415569245746,
        "xpert": [
            [
                353.0,
                97.8
            ],
            [
                346.8,
                97.2
            ],
            [
                347.6,
                91.0
            ],
            [
                350.0,
                88.0
            ],
            [
                353.0,
                86.0
            ],
            [
                356.8,
                87.2
            ],
            [
                359.2,
                91.0
            ],
            [
                359.8,
                97.8
            ]
        ],
        "stack": 0
    },
    {
        "type": "Spine",
        "location": [
            369,
            128
        ],
        "radloc": [
            0,
            0
        ],
        "mean": [
            34.66447368421053,
            40.63157894736842,
            36.91447368421053,
            34.94078947368421,
            37.58552631578947,
            39.86842105263158,
            38.98684210526316,
            39.49342105263158
        ],
        "min": [
            8.0,
            7.0,
            10.0,
            10.0,
            10.0,
            10.0,
            10.0,
            9.0
        ],
        "max": [
            91.0,
            104.0,
            78.0,
            82.0,
            85.0,
            127.0,
            85.0,
            83.0
        ],
        "RawIntDen": [
            5269.0,
            6176.0,
            5611.0,
            5311.0,
            5713.0,
            6060.0,
            5926.0,
            6003.0
        ],
        "IntDen": [
            24.49918727268851,
            28.716451052595218,
            26.089379348463698,
            24.69447401883634,
            26.563647160537,
            28.177087658472644,
            27.554029944572424,
            27.912055645843445
        ],
        "FlagUp": 0,
        "Times": [
            -15,
            -10,
            -5,
            2,
            10,
            20,
            30,
            40
        ],
        "width": 0,
        "height": 0,
        "area": 0.7067520336778617,
        "distance": 17.029655569245744,
        "xpert": [
            [
                369.0,
                133.6
            ],
            [
                365.4,
                131.6
            ],
            [
                363.6,
                128.0
            ],
            [
                360.8,
                119.8
            ],
            [
                369.0,
                117.0
            ],
            [
                374.2,
                122.8
            ],
            [
                374.4,
                128.0
            ],
            [
                373.2,
                132.2
            ]
        ],
        "stack": 0
    },
    {
        "type": "Spine",
        "location": [
            393,
            83
        ],
        "radloc": [
            0,
            0
        ],
        "mean": [
            35.73410404624278,
            35.641618497109825,
            34.26589595375722,
            37.94219653179191,
            32.53757225433526,
            40.06936416184971,
            46.716763005780344,
            54.82658959537572
        ],
        "min": [
            7.0,
            6.0,
            11.0,
            11.0,
            11.0,
            8.0,
            12.0,
            14.0
        ],
        "max": [
            96.0,
            95.0,
            91.0,
            112.0,
            74.0,
            111.0,
            124.0,
            133.0
        ],
        "RawIntDen": [
            6182.0,
            6166.0,
            5928.0,
            6564.0,
            5629.0,
            6932.0,
            8082.0,
            9485.0
        ],
        "IntDen": [
            28.1709786351651,
            28.098067658432218,
            27.01351687953068,
            29.91172820466252,
            25.650993001835058,
            31.588680669518673,
            36.82915712219416,
            43.222538394458255
        ],
        "FlagUp": 0,
        "Times": [
            -15,
            -10,
            -5,
            2,
            10,
            20,
            30,
            40
        ],
        "width": 0,
        "height": 0,
        "area": 0.7883499359242254,
        "distance": 18.611015569245748,
        "xpert": [
            [
                393.0,
                92.4
            ],
            [
                384.4,
                91.6
            ],
            [
                384.8,
                83.0
            ],
            [
                387.2,
                77.2
            ],
            [
                393.0,
                77.2
            ],
            [
                397.0,
                79.0
            ],
            [
                399.2,
                83.0
            ],
            [
                397.4,
                87.4
            ]
        ],
        "stack": 0
    },
    {
        "type": "Spine",
        "location": [
            407,
            87
        ],
        "radloc": [
            0,
            0
        ],
        "mean": [
            46.55421686746988,
            54.58433734939759,
            53.55421686746988,
            60.0,
            55.873493975903614,
            55.84939759036145,
            64.13253012048193,
            76.62048192771084
        ],
        "min": [
            12.0,
            15.0,
            13.0,
            14.0,
            13.0,
            13.0,
            17.0,
            18.0
        ],
        "max": [
            132.0,
            140.0,
            175.0,
            175.0,
            153.0,
            173.0,
            214.0,
            211.0
        ],
        "RawIntDen": [
            7728.0,
            9061.0,
            8890.0,
            9960.0,
            9275.0,
            9271.0,
            10646.0,
            12719.0
        ],
        "IntDen": [
            34.47437137543779,
            40.42084356015034,
            39.65801779601992,
            44.43125503356113,
            41.375491007658574,
            41.357647130135064,
            47.491480028844556,
            56.73906955540803
        ],
        "FlagUp": 0,
        "Times": [
            -15,
            -10,
            -5,
            2,
            10,
            20,
            30,
            40
        ],
        "width": 0,
        "height": 0,
        "area": 0.7405209172260188,
        "distance": 19.533475569245752,
        "xpert": [
            [
                407.0,
                95.8
            ],
            [
                400.4,
                93.6
            ],
            [
                399.6,
                87.0
            ],
            [
                402.6,
                82.6
            ],
            [
                407.0,
                80.8
            ],
            [
                411.0,
                83.0
            ],
            [
                413.2,
                87.0
            ],
            [
                414.6,
                94.6
            ]
        ],
        "stack": 0
    },
    {
        "type": "Spine",
        "location": [
            422,
            82
        ],
        "radloc": [
            0,
            0
        ],
        "mean": [
            39.401408450704224,
            39.767605633802816,
            55.028169014084504,
            38.67605633802817,
            40.852112676056336,
            55.894366197183096,
            43.732394366197184,
            46.33802816901409
        ],
        "min": [
            8.0,
            10.0,
            11.0,
            9.0,
            10.0,
            13.0,
            10.0,
            10.0
        ],
        "max": [
            93.0,
            95.0,
            114.0,
            87.0,
            97.0,
            110.0,
            108.0,
            105.0
        ],
        "RawIntDen": [
            5595.0,
            5647.0,
            7814.0,
            5492.0,
            5801.0,
            7937.0,
            6210.0,
            6580.0
        ],
        "IntDen": [
            28.671961327942558,
            28.93843889524426,
            40.04337905568242,
            28.144130761941113,
            29.727622459945447,
            40.67370099372298,
            31.823571018145362,
            33.719661400869
        ],
        "FlagUp": 0,
        "Times": [
            -15,
            -10,
            -5,
            2,
            10,
            20,
            30,
            40
        ],
        "width": 0,
        "height": 0,
        "area": 0.72768874147772,
        "distance": 20.521825569245753,
        "xpert": [
            [
                422.0,
                88.6
            ],
            [
                415.8,
                88.2
            ],
            [
                415.0,
                82.0
            ],
            [
                417.4,
                77.4
            ],
            [
                422.0,
                75.4
            ],
            [
                429.0,
                75.0
            ],
            [
                427.8,
                82.0
            ],
            [
                428.6,
                88.6
            ]
        ],
        "stack": 0
    },
    {
        "type": "Spine",
        "location": [
            440,
            89
        ],
        "radloc": [
            0,
            0
        ],
        "mean": [
            55.86740331491713,
            59.75690607734806,
            67.43646408839778,
            62.574585635359114,
            68.21546961325967,
            91.35911602209944,
            95.95027624309392,
            99.20441988950276
        ],
        "min": [
            11.0,
            10.0,
            10.0,
            12.0,
            10.0,
            20.0,
            25.0,
            40.0
        ],
        "max": [
            164.0,
            167.0,
            146.0,
            153.0,
            159.0,
            179.0,
            202.0,
            200.0
        ],
        "RawIntDen": [
            10112.0,
            10816.0,
            12206.0,
            11326.0,
            12347.0,
            16536.0,
            17367.0,
            17956.0
        ],
        "IntDen": [
            44.82170677434269,
            47.94220534723996,
            54.10341701815929,
            50.202793802037704,
            54.72840323801515,
            73.29625625203032,
            76.97968567543606,
            79.59044371440835
        ],
        "FlagUp": 0,
        "Times": [
            -15,
            -10,
            -5,
            2,
            10,
            20,
            30,
            40
        ],
        "width": 0,
        "height": 0,
        "area": 0.8022872751341007,
        "distance": 21.78972316412004,
        "xpert": [
            [
                440.0,
                98.0
            ],
            [
                432.8,
                96.2
            ],
            [
                429.8,
                89.0
            ],
            [
                434.4,
                83.4
            ],
            [
                440.0,
                84.0
            ],
            [
                443.4,
                85.6
            ],
            [
                446.0,
                89.0
            ],
            [
                446.6,
                95.6
            ]
        ],
        "stack": 0
    },
    {
        "type": "Spine",
        "location": [
            413,
            127
        ],
        "radloc": [
            0,
            0
        ],
        "mean": [
            35.26923076923077,
            39.61538461538461,
            34.19230769230769,
            45.92307692307692,
            30.23846153846154,
            34.253846153846155,
            25.361538461538462,
            24.884615384615383
        ],
        "min": [
            11.0,
            11.0,
            9.0,
            12.0,
            11.0,
            7.0,
            6.0,
            6.0
        ],
        "max": [
            83.0,
            90.0,
            83.0,
            107.0,
            70.0,
            84.0,
            61.0,
            75.0
        ],
        "RawIntDen": [
            4585.0,
            5150.0,
            4445.0,
            5970.0,
            3931.0,
            4453.0,
            3297.0,
            3235.0
        ],
        "IntDen": [
            22.616055631850053,
            25.402985060856658,
            21.925489047671427,
            29.447732196760047,
            19.39012316004418,
            21.964949995338777,
            16.26284305740668,
            15.957020712984715
        ],
        "FlagUp": 0,
        "Times": [
            -15,
            -10,
            -5,
            2,
            10,
            20,
            30,
            40
        ],
        "width": 0,
        "height": 0,
        "area": 0.6412403995944399,
        "distance": 19.928815569245753,
        "xpert": [
            [
                413.0,
                133.0
            ],
            [
                408.6,
                131.4
            ],
            [
                407.0,
                127.0
            ],
            [
                407.4,
                121.4
            ],
            [
                413.0,
                115.2
            ],
            [
                416.6,
                123.4
            ],
            [
                418.4,
                127.0
            ],
            [
                418.0,
                132.0
            ]
        ],
        "stack": 0
    },
    {
        "type": "Spine",
        "location": [
            395,
            126
        ],
        "radloc": [
            0,
            0
        ],
        "mean": [
            40.59134615384615,
            35.80288461538461,
            37.20673076923077,
            43.96153846153846,
            36.56730769230769,
            33.95192307692308,
            30.427884615384617,
            27.365384615384617
        ],
        "min": [
            11.0,
            9.0,
            9.0,
            12.0,
            12.0,
            10.0,
            8.0,
            6.0
        ],
        "max": [
            111.0,
            109.0,
            130.0,
            147.0,
            116.0,
            81.0,
            83.0,
            77.0
        ],
        "RawIntDen": [
            8443.0,
            7447.0,
            7739.0,
            9144.0,
            7606.0,
            7062.0,
            6329.0,
            5692.0
        ],
        "IntDen": [
            40.74291484890464,
            35.93657312327287,
            37.345661259703064,
            44.12569150519768,
            36.70385056742494,
            34.078700066678266,
            30.541502792694242,
            27.46756737178316
        ],
        "FlagUp": 0,
        "Times": [
            -15,
            -10,
            -5,
            2,
            10,
            20,
            30,
            40
        ],
        "width": 0,
        "height": 0,
        "area": 1.0037340149913734,
        "distance": 18.74279556924575,
        "xpert": [
            [
                395.0,
                132.0
            ],
            [
                389.4,
                131.6
            ],
            [
                389.0,
                126.0
            ],
            [
                388.0,
                119.0
            ],
            [
                395.0,
                114.2
            ],
            [
                405.4,
                115.6
            ],
            [
                400.8,
                126.0
            ],
            [
                399.0,
                130.0
            ]
        ],
        "stack": 0
    },
    {
        "type": "Spine",
        "location": [
            441,
            124
        ],
        "radloc": [
            0,
            0
        ],
        "mean": [
            107.57516339869281,
            100.6470588235294,
            97.31372549019608,
            80.77124183006536,
            72.3921568627451,
            81.49019607843137,
            68.93464052287581,
            67.81699346405229
        ],
        "min": [
            15.0,
            15.0,
            11.0,
            10.0,
            9.0,
            18.0,
            13.0,
            15.0
        ],
        "max": [
            254.0,
            255.0,
            238.0,
            242.0,
            216.0,
            214.0,
            177.0,
            202.0
        ],
        "RawIntDen": [
            16459.0,
            15399.0,
            14889.0,
            12358.0,
            11076.0,
            12468.0,
            10547.0,
            10376.0
        ],
        "IntDen": [
            73.44645090942845,
            68.71631919036932,
            66.44050109912389,
            55.14619602276668,
            49.42541407575366,
            55.63705874832941,
            47.064810604638296,
            46.301742185808955
        ],
        "FlagUp": 0,
        "Times": [
            -15,
            -10,
            -5,
            2,
            10,
            20,
            30,
            40
        ],
        "width": 0,
        "height": 0,
        "area": 0.6827454273736285,
        "distance": 21.85561316412004,
        "xpert": [
            [
                441.0,
                129.6
            ],
            [
                436.4,
                128.6
            ],
            [
                434.0,
                124.0
            ],
            [
                434.6,
                117.6
            ],
            [
                441.0,
                114.2
            ],
            [
                447.0,
                118.0
            ],
            [
                447.8,
                124.0
            ],
            [
                444.6,
                127.6
            ]
        ],
        "stack": 0
    },
    {
        "type": "Spine",
        "location": [
            451,
            85
        ],
        "radloc": [
            0,
            0
        ],
        "mean": [
            36.201877934272304,
            39.50704225352113,
            35.53521126760563,
            38.056338028169016,
            48.755868544600936,
            45.347417840375584,
            48.694835680751176,
            54.262910798122064
        ],
        "min": [
            9.0,
            9.0,
            6.0,
            7.0,
            16.0,
            10.0,
            10.0,
            11.0
        ],
        "max": [
            110.0,
            127.0,
            100.0,
            107.0,
            105.0,
            116.0,
            121.0,
            145.0
        ],
        "RawIntDen": [
            7711.0,
            8415.0,
            7569.0,
            8106.0,
            10385.0,
            9659.0,
            10372.0,
            11558.0
        ],
        "IntDen": [
            36.26592919100209,
            39.576941271207694,
            35.5980830043697,
            38.12367034395836,
            48.84213132519214,
            45.427650117480106,
            48.78099047712017,
            54.358917078148366
        ],
        "FlagUp": 0,
        "Times": [
            -15,
            -10,
            -5,
            2,
            10,
            20,
            30,
            40
        ],
        "width": 0,
        "height": 0,
        "area": 1.0017692799485727,
        "distance": 22.514513164120043,
        "xpert": [
            [
                451.0,
                93.0
            ],
            [
                445.8,
                90.2
            ],
            [
                445.0,
                85.0
            ],
            [
                447.2,
                81.2
            ],
            [
                451.0,
                76.6
            ],
            [
                458.8,
                77.2
            ],
            [
                459.8,
                85.0
            ],
            [
                461.0,
                95.0
            ]
        ],
        "stack": 0
    },
    {
        "type": "Spine",
        "location": [
            471,
            82
        ],
        "radloc": [
            0,
            0
        ],
        "mean": [
            80.33603238866397,
            68.81781376518218,
            68.59514170040485,
            62.311740890688256,
            87.1255060728745,
            66.7085020242915,
            61.1417004048583,
            60.22672064777328
        ],
        "min": [
            16.0,
            12.0,
            10.0,
            6.0,
            22.0,
            21.0,
            16.0,
            10.0
        ],
        "max": [
            171.0,
            147.0,
            153.0,
            162.0,
            175.0,
            144.0,
            162.0,
            165.0
        ],
        "RawIntDen": [
            19843.0,
            16998.0,
            16943.0,
            15391.0,
            21520.0,
            16477.0,
            15102.0,
            14876.0
        ],
        "IntDen": [
            91.79818639451928,
            78.63657573623134,
            78.38213335092173,
            71.20223186000332,
            99.55636603386861,
            76.22631241357125,
            69.86525278083103,
            68.8197258884679
        ],
        "FlagUp": 0,
        "Times": [
            -15,
            -10,
            -5,
            2,
            10,
            20,
            30,
            40
        ],
        "width": 0,
        "height": 0,
        "area": 1.1426776212995142,
        "distance": 23.83231316412004,
        "xpert": [
            [
                471.0,
                89.8
            ],
            [
                464.0,
                89.0
            ],
            [
                462.4,
                82.0
            ],
            [
                464.0,
                75.0
            ],
            [
                471.0,
                74.8
            ],
            [
                479.2,
                73.8
            ],
            [
                484.0,
                82.0
            ],
            [
                476.4,
                87.4
            ]
        ],
        "stack": 0
    }
]