[
    {
        "type": "Stim",
        "location": [
            363,
            107
        ],
        "radloc": [
            0,
            0
        ],
        "mean": [
            55.44444444444444,
            78.48412698412699,
            63.87301587301587,
            136.484126984127,
            92.76984126984127,
            79.51587301587301,
            73.52380952380952,
            72.16666666666667
        ],
        "min": [
            9.0,
            13.0,
            10.0,
            16.0,
            25.0,
            13.0,
            19.0,
            17.0
        ],
        "max": [
            172.0,
            226.0,
            210.0,
            252.0,
            188.0,
            182.0,
            172.0,
            133.0
        ],
        "RawIntDen": [
            6986.0,
            9889.0,
            8048.0,
            17197.0,
            11689.0,
            10019.0,
            9264.0,
            9093.0
        ],
        "IntDen": [
            3919.9567157304323,
            5548.876604903843,
            4515.861959375683,
            9649.512688293193,
            6558.885492438166,
            5621.821691225766,
            5198.179074509981,
            5102.2282301942205
        ],
        "FlagUp": 0,
        "Times": [
            -15,
            -10,
            -5,
            2,
            10,
            20,
            30,
            40
        ],
        "width": 0,
        "height": 0,
        "area": 0.5611160486301793,
        "distance": 0,
        "xpert": [
            [
                363.0,
                111.2
            ],
            [
                358.8,
                111.2
            ],
            [
                353.2,
                107.0
            ],
            [
                357.4,
                101.4
            ],
            [
                363.0,
                101.2
            ],
            [
                367.4,
                102.6
            ],
            [
                369.8,
                107.0
            ],
            [
                367.2,
                111.2
            ]
        ],
        "stack": 0
    },
    {
        "type": "Stim",
        "location": [
            398,
            105
        ],
        "radloc": [
            0,
            0
        ],
        "mean": [
            78.34756097560975,
            75.29878048780488,
            75.11585365853658,
            73.65243902439025,
            71.20121951219512,
            89.91463414634147,
            63.73780487804878,
            60.88414634146341
        ],
        "min": [
            6.0,
            12.0,
            8.0,
            8.0,
            10.0,
            15.0,
            9.0,
            9.0
        ],
        "max": [
            205.0,
            168.0,
            208.0,
            172.0,
            165.0,
            198.0,
            141.0,
            132.0
        ],
        "RawIntDen": [
            12849.0,
            12349.0,
            12319.0,
            12079.0,
            11677.0,
            14746.0,
            10453.0,
            9985.0
        ],
        "IntDen": [
            9497.597410048706,
            9128.01232910666,
            9105.837224250135,
            8928.436385397954,
            8631.28998032055,
            10899.80320714283,
            7726.54570217442,
            7380.614066412664
        ],
        "FlagUp": 0,
        "Times": [
            -15,
            -10,
            -5,
            2,
            10,
            20,
            30,
            40
        ],
        "width": 0,
        "height": 0,
        "area": 0.7391701618840926,
        "distance": 0,
        "xpert": [
            [
                398.0,
                111.2
            ],
            [
                391.4,
                111.6
            ],
            [
                390.0,
                105.0
            ],
            [
                392.0,
                99.0
            ],
            [
                398.0,
                97.2
            ],
            [
                405.0,
                98.0
            ],
            [
                403.4,
                105.0
            ],
            [
                402.0,
                109.0
            ]
        ],
        "stack": 0
    },
    {
        "type": "Stim",
        "location": [
            440,
            136
        ],
        "radloc": [
            0,
            0
        ],
        "mean": [
            37.62162162162162,
            43.61486486486486,
            46.78378378378378,
            86.51351351351352,
            119.00675675675676,
            94.75675675675676,
            75.30405405405405,
            51.567567567567565
        ],
        "min": [
            7.0,
            9.0,
            9.0,
            9.0,
            22.0,
            27.0,
            18.0,
            12.0
        ],
        "max": [
            161.0,
            108.0,
            168.0,
            173.0,
            246.0,
            170.0,
            172.0,
            126.0
        ],
        "RawIntDen": [
            5568.0,
            6455.0,
            6924.0,
            12804.0,
            17613.0,
            14024.0,
            11145.0,
            7632.0
        ],
        "IntDen": [
            3595.0407455580676,
            4167.742099960008,
            4470.5571340237175,
            8267.044128255297,
            11372.02813425184,
            9054.750613453007,
            7195.892440597102,
            4927.685159859765
        ],
        "FlagUp": 0,
        "Times": [
            -15,
            -10,
            -5,
            2,
            10,
            20,
            30,
            40
        ],
        "width": 0,
        "height": 0,
        "area": 0.6456610534407449,
        "distance": 0,
        "xpert": [
            [
                440.0,
                142.4
            ],
            [
                434.0,
                142.0
            ],
            [
                433.4,
                136.0
            ],
            [
                435.0,
                131.0
            ],
            [
                440.0,
                128.8
            ],
            [
                444.4,
                131.6
            ],
            [
                447.8,
                136.0
            ],
            [
                445.6,
                141.6
            ]
        ],
        "stack": 0
    },
    {
        "type": "Stim",
        "location": [
            435,
            167
        ],
        "radloc": [
            0,
            0
        ],
        "mean": [
            48.10382513661202,
            41.16393442622951,
            65.21311475409836,
            131.80327868852459,
            98.53005464480874,
            76.46448087431693,
            49.50819672131148,
            46.24590163934426
        ],
        "min": [
            7.0,
            5.0,
            7.0,
            34.0,
            18.0,
            7.0,
            7.0,
            9.0
        ],
        "max": [
            130.0,
            125.0,
            196.0,
            232.0,
            220.0,
            234.0,
            128.0,
            126.0
        ],
        "RawIntDen": [
            8803.0,
            7533.0,
            11934.0,
            24120.0,
            18031.0,
            13993.0,
            9060.0,
            8463.0
        ],
        "IntDen": [
            7380.8813317764625,
            6316.048968791559,
            10006.070409340033,
            20223.430389918012,
            15118.104202347085,
            11732.440358462802,
            7596.3631564119905,
            7095.808100741134
        ],
        "FlagUp": 0,
        "Times": [
            -15,
            -10,
            -5,
            2,
            10,
            20,
            30,
            40
        ],
        "width": 0,
        "height": 0,
        "area": 0.8384506795156722,
        "distance": 0,
        "xpert": [
            [
                435.0,
                173.8
            ],
            [
                430.2,
                171.8
            ],
            [
                424.2,
                167.0
            ],
            [
                428.6,
                160.6
            ],
            [
                435.0,
                157.8
            ],
            [
                440.6,
                161.4
            ],
            [
                441.0,
                167.0
            ],
            [
                441.0,
                173.0
            ]
        ],
        "stack": 0
    },
    {
        "type": "Stim",
        "location": [
            483,
            168
        ],
        "radloc": [
            0,
            0
        ],
        "mean": [
            29.16867469879518,
            27.373493975903614,
            27.69277108433735,
            52.475903614457835,
            59.13253012048193,
            58.80722891566265,
            43.433734939759034,
            43.6144578313253
        ],
        "min": [
            7.0,
            6.0,
            6.0,
            8.0,
            11.0,
            14.0,
            8.0,
            6.0
        ],
        "max": [
            84.0,
            83.0,
            78.0,
            125.0,
            141.0,
            132.0,
            126.0,
            128.0
        ],
        "RawIntDen": [
            4842.0,
            4544.0,
            4597.0,
            8711.0,
            9816.0,
            9762.0,
            7210.0,
            7240.0
        ],
        "IntDen": [
            3774.3807778974915,
            3542.0872066844695,
            3583.401163980745,
            6790.2996605256185,
            7651.656694721556,
            7609.563228797048,
            5620.257209549961,
            5643.64246839691
        ],
        "FlagUp": 0,
        "Times": [
            -15,
            -10,
            -5,
            2,
            10,
            20,
            30,
            40
        ],
        "width": 0,
        "height": 0,
        "area": 0.7795086282316174,
        "distance": 0,
        "xpert": [
            [
                483.0,
                174.8
            ],
            [
                476.8,
                174.2
            ],
            [
                476.0,
                168.0
            ],
            [
                476.6,
                161.6
            ],
            [
                483.0,
                160.2
            ],
            [
                490.8,
                160.2
            ],
            [
                489.0,
                168.0
            ],
            [
                487.2,
                172.2
            ]
        ],
        "stack": 0
    },
    {
        "type": "Spine",
        "location": [
            458,
            147
        ],
        "radloc": [
            0,
            0
        ],
        "mean": [
            22.15686274509804,
            28.69607843137255,
            52.01960784313726,
            125.3529411764706,
            132.0686274509804,
            88.55882352941177,
            57.98039215686274,
            50.254901960784316
        ],
        "min": [
            7.0,
            8.0,
            8.0,
            16.0,
            30.0,
            12.0,
            12.0,
            16.0
        ],
        "max": [
            83.0,
            110.0,
            198.0,
            249.0,
            248.0,
            237.0,
            181.0,
            135.0
        ],
        "RawIntDen": [
            2260.0,
            2927.0,
            5306.0,
            12786.0,
            13471.0,
            9033.0,
            5914.0,
            5126.0
        ],
        "IntDen": [
            1028.0684864558746,
            1331.485159228471,
            2413.6864553694118,
            5816.320207002129,
            6127.925035861543,
            4109.0896629008475,
            2690.2641720796646,
            2331.8048945012447
        ],
        "FlagUp": 0,
        "Times": [
            -15,
            -10,
            -5,
            2,
            10,
            20,
            30,
            40
        ],
        "width": 0,
        "height": 0,
        "area": 0.45489756037870555,
        "distance": -1.3417813923114348,
        "xpert": [
            [
                458.0,
                152.8
            ],
            [
                453.0,
                152.0
            ],
            [
                450.8,
                147.0
            ],
            [
                454.0,
                143.0
            ],
            [
                458.0,
                142.2
            ],
            [
                461.2,
                143.8
            ],
            [
                463.2,
                147.0
            ],
            [
                463.4,
                152.4
            ]
        ],
        "stack": 0
    },
    {
        "type": "Spine",
        "location": [
            325,
            98
        ],
        "radloc": [
            0,
            0
        ],
        "mean": [
            70.69180327868852,
            87.5672131147541,
            122.24918032786886,
            80.14098360655737,
            95.21311475409836,
            96.91803278688525,
            90.65901639344263,
            83.78032786885245
        ],
        "min": [
            9.0,
            12.0,
            10.0,
            8.0,
            18.0,
            17.0,
            20.0,
            18.0
        ],
        "max": [
            172.0,
            184.0,
            251.0,
            185.0,
            225.0,
            207.0,
            195.0,
            193.0
        ],
        "RawIntDen": [
            21561.0,
            26708.0,
            37286.0,
            24443.0,
            29040.0,
            29560.0,
            27651.0,
            25553.0
        ],
        "IntDen": [
            29113.045514207282,
            36062.85513628533,
            50345.949401360456,
            33004.506818040376,
            39211.67115312738,
            39913.808515373465,
            37336.15423743544,
            34503.30003360413
        ],
        "FlagUp": 0,
        "Times": [
            -15,
            -10,
            -5,
            2,
            10,
            20,
            30,
            40
        ],
        "width": 0,
        "height": 0,
        "area": 1.3502641581655435,
        "distance": 2.50382,
        "xpert": [
            [
                325.0,
                106.0
            ],
            [
                317.6,
                105.4
            ],
            [
                316.2,
                98.0
            ],
            [
                318.4,
                91.4
            ],
            [
                325.0,
                88.2
            ],
            [
                332.8,
                90.2
            ],
            [
                338.0,
                98.0
            ],
            [
                333.8,
                106.8
            ]
        ],
        "stack": 0
    },
    {
        "type": "Spine",
        "location": [
            310,
            70
        ],
        "radloc": [
            0,
            0
        ],
        "mean": [
            19.94904458598726,
            33.29936305732484,
            29.43949044585987,
            27.9171974522293,
            23.15286624203822,
            24.420382165605094,
            25.522292993630572,
            25.331210191082803
        ],
        "min": [
            4.0,
            5.0,
            6.0,
            6.0,
            5.0,
            7.0,
            6.0,
            6.0
        ],
        "max": [
            99.0,
            119.0,
            109.0,
            80.0,
            66.0,
            71.0,
            79.0,
            84.0
        ],
        "RawIntDen": [
            3132.0,
            5228.0,
            4622.0,
            4383.0,
            3635.0,
            3834.0,
            4007.0,
            3977.0
        ],
        "IntDen": [
            2174.12618880465,
            3629.096971606229,
            3208.4327090214215,
            3042.527166516852,
            2523.2914100590365,
            2661.4303345712096,
            2781.5209573883244,
            2760.695993894027
        ],
        "FlagUp": 0,
        "Times": [
            -15,
            -10,
            -5,
            2,
            10,
            20,
            30,
            40
        ],
        "width": 0,
        "height": 0,
        "area": 0.6941654498099138,
        "distance": 3.49217,
        "xpert": [
            [
                310.0,
                76.4
            ],
            [
                304.4,
                75.6
            ],
            [
                302.6,
                70.0
            ],
            [
                303.2,
                63.2
            ],
            [
                310.0,
                62.8
            ],
            [
                315.6,
                64.4
            ],
            [
                317.4,
                70.0
            ],
            [
                314.0,
                74.0
            ]
        ],
        "stack": 0
    },
    {
        "type": "Spine",
        "location": [
            264,
            100
        ],
        "radloc": [
            0,
            0
        ],
        "mean": [
            52.64331210191083,
            54.59235668789809,
            50.089171974522294,
            69.90445859872611,
            70.43949044585987,
            66.84713375796179,
            76.2484076433121,
            69.1592356687898
        ],
        "min": [
            9.0,
            9.0,
            11.0,
            13.0,
            12.0,
            10.0,
            12.0,
            14.0
        ],
        "max": [
            132.0,
            142.0,
            129.0,
            136.0,
            144.0,
            143.0,
            176.0,
            148.0
        ],
        "RawIntDen": [
            8265.0,
            8571.0,
            7864.0,
            10975.0,
            11059.0,
            10495.0,
            11971.0,
            10858.0
        ],
        "IntDen": [
            5632.234418564793,
            5840.75997598534,
            5358.970534494075,
            7478.980368269643,
            7536.222678149793,
            7151.881454668784,
            8157.710613991425,
            7399.250008079433
        ],
        "FlagUp": 0,
        "Times": [
            -15,
            -10,
            -5,
            2,
            10,
            20,
            30,
            40
        ],
        "width": 0,
        "height": 0,
        "area": 0.6814560700017898,
        "distance": 6.523110000000001,
        "xpert": [
            [
                264.0,
                107.8
            ],
            [
                259.4,
                104.6
            ],
            [
                257.8,
                100.0
            ],
            [
                258.0,
                94.0
            ],
            [
                264.0,
                92.6
            ],
            [
                270.2,
                93.8
            ],
            [
                270.0,
                100.0
            ],
            [
                269.6,
                105.6
            ]
        ],
        "stack": 0
    },
    {
        "type": "Spine",
        "location": [
            275,
            101
        ],
        "radloc": [
            0,
            0
        ],
        "mean": [
            31.0703125,
            36.3671875,
            39.5,
            40.0,
            51.6328125,
            72.84375,
            88.484375,
            92.1953125
        ],
        "min": [
            7.0,
            7.0,
            7.0,
            6.0,
            8.0,
            12.0,
            26.0,
            30.0
        ],
        "max": [
            164.0,
            138.0,
            123.0,
            112.0,
            156.0,
            196.0,
            184.0,
            189.0
        ],
        "RawIntDen": [
            3977.0,
            4655.0,
            5056.0,
            5120.0,
            6609.0,
            9324.0,
            11326.0,
            11801.0
        ],
        "IntDen": [
            2277.2201343583683,
            2665.4412183651507,
            2895.0528034488084,
            2931.6990414671477,
            3784.2966728625743,
            5338.898801296814,
            6485.238934307991,
            6757.222732100354
        ],
        "FlagUp": 0,
        "Times": [
            -15,
            -10,
            -5,
            2,
            10,
            20,
            30,
            40
        ],
        "width": 0,
        "height": 0,
        "area": 0.5725974690365523,
        "distance": 5.79832,
        "xpert": [
            [
                275.0,
                108.2
            ],
            [
                269.6,
                106.4
            ],
            [
                269.8,
                101.0
            ],
            [
                270.2,
                96.2
            ],
            [
                275.0,
                95.0
            ],
            [
                279.2,
                96.8
            ],
            [
                280.6,
                101.0
            ],
            [
                281.6,
                107.6
            ]
        ],
        "stack": 0
    },
    {
        "type": "Spine",
        "location": [
            232,
            105
        ],
        "radloc": [
            0,
            0
        ],
        "mean": [
            83.78048780487805,
            111.58536585365853,
            115.48780487804878,
            116.03048780487805,
            103.64024390243902,
            112.88414634146342,
            103.41463414634147,
            110.89024390243902
        ],
        "min": [
            8.0,
            8.0,
            11.0,
            14.0,
            10.0,
            15.0,
            15.0,
            13.0
        ],
        "max": [
            208.0,
            252.0,
            255.0,
            246.0,
            255.0,
            255.0,
            215.0,
            234.0
        ],
        "RawIntDen": [
            13740.0,
            18300.0,
            18940.0,
            19029.0,
            16997.0,
            18513.0,
            16960.0,
            18186.0
        ],
        "IntDen": [
            9982.414753832807,
            13295.355894842822,
            13760.330090072297,
            13824.990564096397,
            12348.697494242811,
            13450.105119192633,
            12321.816173581106,
            13212.532366317571
        ],
        "FlagUp": 0,
        "Times": [
            -15,
            -10,
            -5,
            2,
            10,
            20,
            30,
            40
        ],
        "width": 0,
        "height": 0,
        "area": 0.7265221800460558,
        "distance": 8.631590000000001,
        "xpert": [
            [
                232.0,
                110.2
            ],
            [
                226.8,
                110.2
            ],
            [
                224.8,
                105.0
            ],
            [
                227.6,
                100.6
            ],
            [
                232.0,
                99.0
            ],
            [
                239.6,
                97.4
            ],
            [
                241.8,
                105.0
            ],
            [
                237.2,
                110.2
            ]
        ],
        "stack": 0
    },
    {
        "type": "Spine",
        "location": [
            213,
            104
        ],
        "radloc": [
            0,
            0
        ],
        "mean": [
            23.01058201058201,
            39.682539682539684,
            40.06349206349206,
            34.24867724867725,
            33.61904761904762,
            43.32804232804233,
            46.06349206349206,
            53.095238095238095
        ],
        "min": [
            8.0,
            7.0,
            6.0,
            9.0,
            9.0,
            9.0,
            14.0,
            9.0
        ],
        "max": [
            76.0,
            110.0,
            98.0,
            88.0,
            90.0,
            109.0,
            106.0,
            135.0
        ],
        "RawIntDen": [
            4349.0,
            7500.0,
            7572.0,
            6473.0,
            6354.0,
            8189.0,
            8706.0,
            10035.0
        ],
        "IntDen": [
            3798.089235658979,
            6549.935448940524,
            6612.814829250354,
            5653.030954798935,
            5549.105312342413,
            7151.656185516527,
            7603.165069130161,
            8763.813630682422
        ],
        "FlagUp": 0,
        "Times": [
            -15,
            -10,
            -5,
            2,
            10,
            20,
            30,
            40
        ],
        "width": 0,
        "height": 0,
        "area": 0.8733247265254033,
        "distance": 9.883500000000002,
        "xpert": [
            [
                213.0,
                109.8
            ],
            [
                207.2,
                109.8
            ],
            [
                202.6,
                104.0
            ],
            [
                208.0,
                99.0
            ],
            [
                213.0,
                96.2
            ],
            [
                221.2,
                95.8
            ],
            [
                220.2,
                104.0
            ],
            [
                218.6,
                109.6
            ]
        ],
        "stack": 0
    },
    {
        "type": "Spine",
        "location": [
            269,
            123
        ],
        "radloc": [
            0,
            0
        ],
        "mean": [
            63.398148148148145,
            64.92592592592592,
            67.0,
            61.129629629629626,
            96.88888888888889,
            74.67592592592592,
            71.98148148148148,
            71.14814814814815
        ],
        "min": [
            15.0,
            13.0,
            28.0,
            11.0,
            31.0,
            22.0,
            18.0,
            24.0
        ],
        "max": [
            122.0,
            142.0,
            133.0,
            146.0,
            184.0,
            156.0,
            154.0,
            160.0
        ],
        "RawIntDen": [
            6847.0,
            7012.0,
            7236.0,
            6602.0,
            10464.0,
            8065.0,
            7774.0,
            7684.0
        ],
        "IntDen": [
            3217.679611704429,
            3295.2197221077054,
            3400.4862962309408,
            3102.5442962571406,
            4917.45281975685,
            3790.0666084995214,
            3653.314050151925,
            3611.019444477411
        ],
        "FlagUp": 0,
        "Times": [
            -15,
            -10,
            -5,
            2,
            10,
            20,
            30,
            40
        ],
        "width": 0,
        "height": 0,
        "area": 0.4699400630501576,
        "distance": 6.19366,
        "xpert": [
            [
                269.0,
                128.8
            ],
            [
                263.8,
                128.2
            ],
            [
                262.4,
                123.0
            ],
            [
                263.8,
                117.8
            ],
            [
                269.0,
                117.8
            ],
            [
                273.0,
                119.0
            ],
            [
                273.8,
                123.0
            ],
            [
                273.4,
                127.4
            ]
        ],
        "stack": 0
    },
    {
        "type": "Spine",
        "location": [
            258,
            127
        ],
        "radloc": [
            0,
            0
        ],
        "mean": [
            42.85314685314685,
            47.72727272727273,
            46.90909090909091,
            37.49650349650349,
            45.63636363636363,
            49.43356643356643,
            46.48251748251748,
            43.37762237762238
        ],
        "min": [
            12.0,
            10.0,
            11.0,
            9.0,
            10.0,
            12.0,
            10.0,
            9.0
        ],
        "max": [
            102.0,
            126.0,
            101.0,
            92.0,
            101.0,
            113.0,
            121.0,
            147.0
        ],
        "RawIntDen": [
            6128.0,
            6825.0,
            6708.0,
            5362.0,
            6526.0,
            7069.0,
            6647.0,
            6203.0
        ],
        "IntDen": [
            3789.1811269749137,
            4220.163379830905,
            4147.817721890947,
            3315.5334861030497,
            4035.2800317621227,
            4371.03808527834,
            4110.0990455290885,
            3835.5565487312974
        ],
        "FlagUp": 0,
        "Times": [
            -15,
            -10,
            -5,
            2,
            10,
            20,
            30,
            40
        ],
        "width": 0,
        "height": 0,
        "area": 0.618338956751781,
        "distance": 6.91845,
        "xpert": [
            [
                258.0,
                132.2
            ],
            [
                253.8,
                131.2
            ],
            [
                250.4,
                127.0
            ],
            [
                251.0,
                120.0
            ],
            [
                258.0,
                119.8
            ],
            [
                263.2,
                121.8
            ],
            [
                264.6,
                127.0
            ],
            [
                262.2,
                131.2
            ]
        ],
        "stack": 0
    },
    {
        "type": "Spine",
        "location": [
            182,
            125
        ],
        "radloc": [
            0,
            0
        ],
        "mean": [
            99.70121951219512,
            89.4939024390244,
            81.8048780487805,
            122.85365853658537,
            113.48170731707317,
            125.51829268292683,
            98.8170731707317,
            101.0548780487805
        ],
        "min": [
            20.0,
            21.0,
            16.0,
            14.0,
            17.0,
            31.0,
            29.0,
            40.0
        ],
        "max": [
            219.0,
            206.0,
            196.0,
            255.0,
            241.0,
            248.0,
            200.0,
            177.0
        ],
        "RawIntDen": [
            16351.0,
            14677.0,
            13416.0,
            20148.0,
            18611.0,
            20585.0,
            16206.0,
            16573.0
        ],
        "IntDen": [
            11608.306249529629,
            10419.858774652703,
            9524.618472490336,
            14303.966382210443,
            13212.781335086289,
            14614.21222839994,
            11505.364263951878,
            11765.913979172805
        ],
        "FlagUp": 0,
        "Times": [
            -15,
            -10,
            -5,
            2,
            10,
            20,
            30,
            40
        ],
        "width": 0,
        "height": 0,
        "area": 0.7099447281224163,
        "distance": 11.92609,
        "xpert": [
            [
                182.0,
                132.4
            ],
            [
                175.6,
                131.4
            ],
            [
                173.4,
                125.0
            ],
            [
                175.8,
                118.8
            ],
            [
                182.0,
                118.8
            ],
            [
                186.0,
                121.0
            ],
            [
                188.8,
                125.0
            ],
            [
                187.4,
                130.4
            ]
        ],
        "stack": 0
    },
    {
        "type": "Spine",
        "location": [
            202,
            124
        ],
        "radloc": [
            0,
            0
        ],
        "mean": [
            40.93055555555556,
            26.694444444444443,
            20.194444444444443,
            19.5,
            26.02777777777778,
            31.875,
            29.15277777777778,
            39.125
        ],
        "min": [
            10.0,
            9.0,
            8.0,
            8.0,
            10.0,
            12.0,
            8.0,
            12.0
        ],
        "max": [
            136.0,
            76.0,
            52.0,
            60.0,
            84.0,
            106.0,
            54.0,
            74.0
        ],
        "RawIntDen": [
            2947.0,
            1922.0,
            1454.0,
            1404.0,
            1874.0,
            2295.0,
            2099.0,
            2817.0
        ],
        "IntDen": [
            1017.7864753951632,
            663.7888041090952,
            502.1586478536027,
            484.89046876647745,
            647.211352185455,
            792.6094200990497,
            724.9181580775187,
            972.8892097686374
        ],
        "FlagUp": 0,
        "Times": [
            -15,
            -10,
            -5,
            2,
            10,
            20,
            30,
            40
        ],
        "width": 0,
        "height": 0,
        "area": 0.3453635817425053,
        "distance": 10.60829,
        "xpert": [
            [
                202.0,
                128.0
            ],
            [
                199.0,
                127.0
            ],
            [
                198.2,
                124.0
            ],
            [
                196.2,
                118.2
            ],
            [
                202.0,
                118.2
            ],
            [
                206.6,
                119.4
            ],
            [
                206.2,
                124.0
            ],
            [
                204.8,
                126.8
            ]
        ],
        "stack": 0
    },
    {
        "type": "Spine",
        "location": [
            156,
            106
        ],
        "radloc": [
            0,
            0
        ],
        "mean": [
            75.20134228187919,
            75.90604026845638,
            72.18120805369128,
            101.51006711409396,
            91.79865771812081,
            101.40268456375838,
            82.32885906040268,
            99.81879194630872
        ],
        "min": [
            10.0,
            8.0,
            10.0,
            14.0,
            10.0,
            16.0,
            9.0,
            18.0
        ],
        "max": [
            249.0,
            225.0,
            225.0,
            237.0,
            241.0,
            252.0,
            244.0,
            239.0
        ],
        "RawIntDen": [
            11205.0,
            11310.0,
            10755.0,
            15125.0,
            13678.0,
            15109.0,
            12267.0,
            14873.0
        ],
        "IntDen": [
            7703.135761343501,
            7775.32043380589,
            7393.772879361834,
            10398.030199939354,
            9403.256666100528,
            10387.030630802228,
            8433.232162820235,
            10224.78698602962
        ],
        "FlagUp": 0,
        "Times": [
            -15,
            -10,
            -5,
            2,
            10,
            20,
            30,
            40
        ],
        "width": 0,
        "height": 0,
        "area": 0.6874730710703705,
        "distance": 13.72110759487429,
        "xpert": [
            [
                156.0,
                115.2
            ],
            [
                149.2,
                112.8
            ],
            [
                150.4,
                106.0
            ],
            [
                151.6,
                101.6
            ],
            [
                156.0,
                101.2
            ],
            [
                159.2,
                102.8
            ],
            [
                161.4,
                106.0
            ],
            [
                164.0,
                114.0
            ]
        ],
        "stack": 0
    },
    {
        "type": "Spine",
        "location": [
            136,
            124
        ],
        "radloc": [
            0,
            0
        ],
        "mean": [
            37.370558375634516,
            36.786802030456855,
            33.598984771573605,
            46.08121827411168,
            41.78172588832487,
            34.253807106598984,
            50.01015228426396,
            40.736040609137056
        ],
        "min": [
            6.0,
            6.0,
            6.0,
            7.0,
            8.0,
            8.0,
            9.0,
            6.0
        ],
        "max": [
            114.0,
            118.0,
            106.0,
            111.0,
            108.0,
            74.0,
            126.0,
            113.0
        ],
        "RawIntDen": [
            7362.0,
            7247.0,
            6619.0,
            9078.0,
            8231.0,
            6748.0,
            9852.0,
            8025.0
        ],
        "IntDen": [
            6462.865514008081,
            6361.9106737322145,
            5810.609459008352,
            7969.287304559271,
            7225.732959223107,
            5923.854453752585,
            8648.757273024668,
            7044.892114902859
        ],
        "FlagUp": 0,
        "Times": [
            -15,
            -10,
            -5,
            2,
            10,
            20,
            30,
            40
        ],
        "width": 0,
        "height": 0,
        "area": 0.8778681763118827,
        "distance": 15.066200126499053,
        "xpert": [
            [
                136.0,
                130.0
            ],
            [
                129.6,
                130.4
            ],
            [
                128.0,
                124.0
            ],
            [
                129.4,
                117.4
            ],
            [
                136.0,
                116.2
            ],
            [
                143.2,
                116.8
            ],
            [
                145.4,
                124.0
            ],
            [
                141.0,
                129.0
            ]
        ],
        "stack": 0
    },
    {
        "type": "Spine",
        "location": [
            116,
            114
        ],
        "radloc": [
            0,
            0
        ],
        "mean": [
            81.98876404494382,
            84.95505617977528,
            80.30898876404494,
            58.62359550561798,
            59.62359550561798,
            62.54494382022472,
            73.98314606741573,
            61.89887640449438
        ],
        "min": [
            12.0,
            12.0,
            20.0,
            13.0,
            11.0,
            10.0,
            14.0,
            12.0
        ],
        "max": [
            187.0,
            171.0,
            155.0,
            147.0,
            161.0,
            170.0,
            181.0,
            166.0
        ],
        "RawIntDen": [
            14594.0,
            15122.0,
            14295.0,
            10435.0,
            10613.0,
            11133.0,
            13169.0,
            11018.0
        ],
        "IntDen": [
            11910.189937785071,
            12341.091697902277,
            11666.175494082334,
            8516.022475043663,
            8661.288598719539,
            9085.661544289516,
            10747.244846559654,
            8991.809835173079
        ],
        "FlagUp": 0,
        "Times": [
            -15,
            -10,
            -5,
            2,
            10,
            20,
            30,
            40
        ],
        "width": 0,
        "height": 0,
        "area": 0.8161018184038009,
        "distance": 16.091924166304633,
        "xpert": [
            [
                116.0,
                120.0
            ],
            [
                110.4,
                119.6
            ],
            [
                107.6,
                114.0
            ],
            [
                109.2,
                107.2
            ],
            [
                116.0,
                105.8
            ],
            [
                121.0,
                109.0
            ],
            [
                123.0,
                114.0
            ],
            [
                123.2,
                121.2
            ]
        ],
        "stack": 0
    },
    {
        "type": "Spine",
        "location": [
            119,
            96
        ],
        "radloc": [
            0,
            0
        ],
        "mean": [
            86.23664122137404,
            89.10687022900764,
            85.25954198473282,
            114.1526717557252,
            81.00763358778626,
            75.18320610687023,
            61.68702290076336,
            74.6030534351145
        ],
        "min": [
            21.0,
            13.0,
            12.0,
            21.0,
            14.0,
            9.0,
            14.0,
            10.0
        ],
        "max": [
            211.0,
            221.0,
            217.0,
            214.0,
            231.0,
            175.0,
            149.0,
            184.0
        ],
        "RawIntDen": [
            11297.0,
            11673.0,
            11169.0,
            14954.0,
            10612.0,
            9849.0,
            8081.0,
            9773.0
        ],
        "IntDen": [
            6977.745452876013,
            7209.9869586104005,
            6898.684514753668,
            9236.541161574567,
            6554.645901205651,
            6083.368590366987,
            4991.339382552099,
            6036.426158356844
        ],
        "FlagUp": 0,
        "Times": [
            -15,
            -10,
            -5,
            2,
            10,
            20,
            30,
            40
        ],
        "width": 0,
        "height": 0,
        "area": 0.617663579080819,
        "distance": 16.459255442746684,
        "xpert": [
            [
                119.0,
                103.2
            ],
            [
                110.6,
                104.4
            ],
            [
                113.2,
                96.0
            ],
            [
                115.6,
                92.6
            ],
            [
                119.0,
                91.0
            ],
            [
                122.4,
                92.6
            ],
            [
                125.8,
                96.0
            ],
            [
                124.4,
                101.4
            ]
        ],
        "stack": 0
    },
    {
        "type": "Spine",
        "location": [
            94,
            94
        ],
        "radloc": [
            0,
            0
        ],
        "mean": [
            104.3109756097561,
            103.07317073170732,
            106.67682926829268,
            100.42073170731707,
            104.04268292682927,
            102.38414634146342,
            94.03658536585365,
            98.64024390243902
        ],
        "min": [
            9.0,
            22.0,
            17.0,
            11.0,
            9.0,
            12.0,
            15.0,
            23.0
        ],
        "max": [
            245.0,
            223.0,
            215.0,
            208.0,
            205.0,
            209.0,
            182.0,
            211.0
        ],
        "RawIntDen": [
            17107.0,
            16904.0,
            17495.0,
            16469.0,
            17063.0,
            16791.0,
            15422.0,
            16177.0
        ],
        "IntDen": [
            13528.315756827235,
            13367.782168317504,
            13835.148428461593,
            13023.781621510943,
            13493.520299219213,
            13278.421106733273,
            12195.807891611013,
            12792.866311930447
        ],
        "FlagUp": 0,
        "Times": [
            -15,
            -10,
            -5,
            2,
            10,
            20,
            30,
            40
        ],
        "width": 0,
        "height": 0,
        "area": 0.7908058547277275,
        "distance": 18.16109050599621,
        "xpert": [
            [
                94.0,
                103.6
            ],
            [
                86.2,
                101.8
            ],
            [
                88.2,
                94.0
            ],
            [
                90.8,
                90.8
            ],
            [
                94.0,
                89.0
            ],
            [
                97.6,
                90.4
            ],
            [
                99.2,
                94.0
            ],
            [
                103.2,
                103.2
            ]
        ],
        "stack": 0
    },
    {
        "type": "Spine",
        "location": [
            62,
            83
        ],
        "radloc": [
            0,
            0
        ],
        "mean": [
            90.21232876712328,
            86.15753424657534,
            76.60958904109589,
            80.21917808219177,
            86.67808219178082,
            69.88356164383562,
            79.39041095890411,
            86.82876712328768
        ],
        "min": [
            10.0,
            8.0,
            12.0,
            14.0,
            11.0,
            10.0,
            19.0,
            24.0
        ],
        "max": [
            255.0,
            253.0,
            249.0,
            251.0,
            236.0,
            173.0,
            193.0,
            184.0
        ],
        "RawIntDen": [
            13171.0,
            12579.0,
            11185.0,
            11712.0,
            12655.0,
            10203.0,
            11591.0,
            12677.0
        ],
        "IntDen": [
            8513.705806836324,
            8131.038292019902,
            7229.95971827988,
            7570.611374205985,
            8180.164527030119,
            6595.1970501215565,
            7492.397236887088,
            8194.385279269918
        ],
        "FlagUp": 0,
        "Times": [
            -15,
            -10,
            -5,
            2,
            10,
            20,
            30,
            40
        ],
        "width": 0,
        "height": 0,
        "area": 0.6463978290817952,
        "distance": 20.296863037620973,
        "xpert": [
            [
                62.0,
                90.8
            ],
            [
                57.6,
                87.4
            ],
            [
                56.2,
                83.0
            ],
            [
                57.6,
                78.6
            ],
            [
                62.0,
                76.6
            ],
            [
                67.4,
                77.6
            ],
            [
                68.8,
                83.0
            ],
            [
                69.2,
                90.2
            ]
        ],
        "stack": 0
    },
    {
        "type": "Spine",
        "location": [
            28,
            99
        ],
        "radloc": [
            0,
            0
        ],
        "mean": [
            107.796875,
            97.2890625,
            114.28125,
            108.7890625,
            78.3671875,
            92.2109375,
            114.6328125,
            144.828125
        ],
        "min": [
            18.0,
            9.0,
            22.0,
            16.0,
            12.0,
            14.0,
            21.0,
            58.0
        ],
        "max": [
            246.0,
            232.0,
            211.0,
            242.0,
            248.0,
            247.0,
            233.0,
            240.0
        ],
        "RawIntDen": [
            13798.0,
            12453.0,
            14628.0,
            13925.0,
            10031.0,
            11803.0,
            14673.0,
            18538.0
        ],
        "IntDen": [
            7899.8527085750775,
            7129.791692990683,
            8375.057647560243,
            7972.564789600518,
            5743.109328867706,
            6757.643246797481,
            8400.821770758233,
            10613.67368543012
        ],
        "FlagUp": 0,
        "Times": [
            -15,
            -10,
            -5,
            2,
            10,
            20,
            30,
            40
        ],
        "width": 0,
        "height": 0,
        "area": 0.5725360710664645,
        "distance": 22.509966095597633,
        "xpert": [
            [
                28.0,
                107.2
            ],
            [
                23.4,
                103.6
            ],
            [
                23.0,
                99.0
            ],
            [
                24.6,
                95.6
            ],
            [
                28.0,
                93.8
            ],
            [
                32.2,
                94.8
            ],
            [
                37.0,
                99.0
            ],
            [
                34.0,
                105.0
            ]
        ],
        "stack": 0
    },
    {
        "type": "Spine",
        "location": [
            41,
            80
        ],
        "radloc": [
            0,
            0
        ],
        "mean": [
            42.61594202898551,
            31.72463768115942,
            32.971014492753625,
            34.82608695652174,
            38.15217391304348,
            34.094202898550726,
            44.630434782608695,
            49.47826086956522
        ],
        "min": [
            11.0,
            10.0,
            9.0,
            11.0,
            10.0,
            9.0,
            11.0,
            9.0
        ],
        "max": [
            90.0,
            105.0,
            77.0,
            82.0,
            85.0,
            67.0,
            106.0,
            127.0
        ],
        "RawIntDen": [
            5881.0,
            4378.0,
            4550.0,
            4806.0,
            5265.0,
            4705.0,
            6159.0,
            6828.0
        ],
        "IntDen": [
            3913.4008860763597,
            2913.257792763527,
            3027.711959130664,
            3198.062346281752,
            3503.495266994054,
            3130.8537951010494,
            4098.390759623244,
            4543.564232295423
        ],
        "FlagUp": 0,
        "Times": [
            -15,
            -10,
            -5,
            2,
            10,
            20,
            30,
            40
        ],
        "width": 0,
        "height": 0,
        "area": 0.6654311998089372,
        "distance": 21.171595004677993,
        "xpert": [
            [
                41.0,
                85.8
            ],
            [
                35.2,
                85.8
            ],
            [
                35.4,
                80.0
            ],
            [
                37.4,
                76.4
            ],
            [
                41.0,
                71.2
            ],
            [
                47.0,
                74.0
            ],
            [
                48.0,
                80.0
            ],
            [
                47.2,
                86.2
            ]
        ],
        "stack": 0
    },
    {
        "type": "Spine",
        "location": [
            3,
            118
        ],
        "radloc": [
            0,
            0
        ],
        "mean": [
            125.6304347826087,
            116.57608695652173,
            92.20652173913044,
            81.19565217391305,
            71.53260869565217,
            118.76086956521739,
            85.43478260869566,
            113.54347826086956
        ],
        "min": [
            45.0,
            18.0,
            12.0,
            10.0,
            10.0,
            12.0,
            14.0,
            24.0
        ],
        "max": [
            211.0,
            251.0,
            249.0,
            249.0,
            174.0,
            221.0,
            188.0,
            213.0
        ],
        "RawIntDen": [
            11558.0,
            10725.0,
            8483.0,
            7470.0,
            6581.0,
            10926.0,
            7860.0,
            10446.0
        ],
        "IntDen": [
            4905.725684674185,
            4552.163693383858,
            3600.559870487204,
            3170.5979290981277,
            2793.2670644437453,
            4637.476970994128,
            3336.131154312086,
            4433.743770730795
        ],
        "FlagUp": 0,
        "Times": [
            -15,
            -10,
            -5,
            2,
            10,
            20,
            30,
            40
        ],
        "width": 0,
        "height": 0,
        "area": 0.4244441672152781,
        "distance": 24.97585645473912,
        "xpert": [
            [
                3.0,
                122.8
            ],
            [
                0.0,
                121.0
            ],
            [
                0.0,
                118.0
            ],
            [
                0.0,
                115.0
            ],
            [
                3.0,
                111.2
            ],
            [
                7.4,
                113.6
            ],
            [
                11.8,
                118.0
            ],
            [
                7.8,
                122.8
            ]
        ],
        "stack": 0
    }
]