[
    {
        "type": "Stim",
        "location": [
            52,
            71
        ],
        "radloc": [
            0,
            0
        ],
        "mean": [
            32.76470588235294,
            33.13725490196079,
            33.931372549019606,
            86.04901960784314,
            46.8235294117647,
            37.09803921568628,
            44.61764705882353,
            53.68627450980392
        ],
        "min": [
            6.0,
            6.0,
            6.0,
            23.0,
            8.0,
            7.0,
            7.0,
            7.0
        ],
        "max": [
            109.0,
            87.0,
            90.0,
            157.0,
            139.0,
            88.0,
            139.0,
            157.0
        ],
        "RawIntDen": [
            3342.0,
            3380.0,
            3461.0,
            8777.0,
            4776.0,
            3784.0,
            4551.0,
            5476.0
        ],
        "IntDen": [
            1529.9116715391676,
            1547.307435608135,
            1584.3878800709333,
            4017.9637166664497,
            2186.3728735101927,
            1732.2518746571545,
            2083.371638891308,
            2506.8211589911675
        ],
        "FlagUp": 0,
        "Times": [
            -15,
            -10,
            -5,
            2,
            10,
            20,
            30,
            40
        ],
        "width": 0,
        "height": 0,
        "area": 0.45778326497282096,
        "distance": 0,
        "xpert": [
            [
                52.0,
                76.6
            ],
            [
                48.2,
                74.8
            ],
            [
                45.4,
                71.0
            ],
            [
                48.4,
                67.4
            ],
            [
                52.0,
                64.4
            ],
            [
                58.0,
                65.0
            ],
            [
                57.2,
                71.0
            ],
            [
                55.6,
                74.6
            ]
        ],
        "stack": 0
    },
    {
        "type": "Stim",
        "location": [
            74,
            70
        ],
        "radloc": [
            0,
            0
        ],
        "mean": [
            70.31443298969072,
            56.20103092783505,
            57.8041237113402,
            106.9639175257732,
            133.46391752577318,
            88.01546391752578,
            117.6701030927835,
            90.97938144329896
        ],
        "min": [
            7.0,
            8.0,
            8.0,
            15.0,
            22.0,
            9.0,
            10.0,
            10.0
        ],
        "max": [
            213.0,
            177.0,
            193.0,
            244.0,
            255.0,
            221.0,
            252.0,
            234.0
        ],
        "RawIntDen": [
            13641.0,
            10903.0,
            11214.0,
            20751.0,
            25892.0,
            17075.0,
            22828.0,
            17650.0
        ],
        "IntDen": [
            11536.134225049078,
            9220.6195627674,
            9483.630906803048,
            17549.030225349565,
            21896.75151051761,
            14440.253052761016,
            19305.540069600494,
            14926.528045752968
        ],
        "FlagUp": 0,
        "Times": [
            -15,
            -10,
            -5,
            2,
            10,
            20,
            30,
            40
        ],
        "width": 0,
        "height": 0,
        "area": 0.8456956399860038,
        "distance": 0,
        "xpert": [
            [
                74.0,
                78.4
            ],
            [
                67.8,
                76.2
            ],
            [
                67.4,
                70.0
            ],
            [
                69.0,
                65.0
            ],
            [
                74.0,
                62.4
            ],
            [
                80.4,
                63.6
            ],
            [
                83.4,
                70.0
            ],
            [
                80.4,
                76.4
            ]
        ],
        "stack": 0
    },
    {
        "type": "Stim",
        "location": [
            133,
            100
        ],
        "radloc": [
            0,
            0
        ],
        "mean": [
            50.89247311827957,
            45.88172043010753,
            50.72043010752688,
            40.0,
            97.3763440860215,
            72.35483870967742,
            77.86021505376344,
            95.3010752688172
        ],
        "min": [
            12.0,
            7.0,
            9.0,
            6.0,
            26.0,
            16.0,
            32.0,
            36.0
        ],
        "max": [
            119.0,
            118.0,
            131.0,
            108.0,
            196.0,
            139.0,
            145.0,
            198.0
        ],
        "RawIntDen": [
            4733.0,
            4267.0,
            4717.0,
            3720.0,
            9056.0,
            6729.0,
            7241.0,
            8863.0
        ],
        "IntDen": [
            1948.1595556132104,
            1756.3483675895984,
            1941.5737637497386,
            1531.196608257161,
            3727.5581947249593,
            2769.7370905813,
            2980.482430212393,
            3648.117080371833
        ],
        "FlagUp": 0,
        "Times": [
            -15,
            -10,
            -5,
            2,
            10,
            20,
            30,
            40
        ],
        "width": 0,
        "height": 0,
        "area": 0.41161199146697874,
        "distance": 0,
        "xpert": [
            [
                133.0,
                105.8
            ],
            [
                128.8,
                104.2
            ],
            [
                126.8,
                100.0
            ],
            [
                129.0,
                96.0
            ],
            [
                133.0,
                95.0
            ],
            [
                136.2,
                96.8
            ],
            [
                138.0,
                100.0
            ],
            [
                138.4,
                105.4
            ]
        ],
        "stack": 0
    },
    {
        "type": "Stim",
        "location": [
            152,
            118
        ],
        "radloc": [
            0,
            0
        ],
        "mean": [
            49.16477272727273,
            92.57386363636364,
            84.25568181818181,
            101.4715909090909,
            114.7215909090909,
            152.11363636363637,
            146.35227272727272,
            64.8409090909091
        ],
        "min": [
            5.0,
            10.0,
            9.0,
            7.0,
            10.0,
            36.0,
            11.0,
            8.0
        ],
        "max": [
            166.0,
            237.0,
            227.0,
            255.0,
            251.0,
            255.0,
            255.0,
            221.0
        ],
        "RawIntDen": [
            8653.0,
            16293.0,
            14829.0,
            17859.0,
            20191.0,
            26772.0,
            25758.0,
            11412.0
        ],
        "IntDen": [
            6770.058161941064,
            12747.550864729661,
            11602.125561472789,
            13972.780389934758,
            15797.323974084366,
            20946.261078410513,
            20152.913224925218,
            8928.68412620726
        ],
        "FlagUp": 0,
        "Times": [
            -15,
            -10,
            -5,
            2,
            10,
            20,
            30,
            40
        ],
        "width": 0,
        "height": 0,
        "area": 0.7823943328257326,
        "distance": 0,
        "xpert": [
            [
                152.0,
                127.4
            ],
            [
                145.6,
                124.4
            ],
            [
                144.8,
                118.0
            ],
            [
                146.2,
                112.2
            ],
            [
                152.0,
                109.4
            ],
            [
                157.0,
                113.0
            ],
            [
                157.8,
                118.0
            ],
            [
                157.6,
                123.6
            ]
        ],
        "stack": 0
    },
    {
        "type": "Stim",
        "location": [
            90,
            133
        ],
        "radloc": [
            0,
            0
        ],
        "mean": [
            62.33720930232558,
            51.91279069767442,
            63.69767441860465,
            78.96511627906976,
            73.12790697674419,
            71.54651162790698,
            138.91860465116278,
            69.20348837209302
        ],
        "min": [
            13.0,
            11.0,
            11.0,
            13.0,
            13.0,
            17.0,
            63.0,
            17.0
        ],
        "max": [
            164.0,
            146.0,
            178.0,
            207.0,
            156.0,
            164.0,
            255.0,
            182.0
        ],
        "RawIntDen": [
            10722.0,
            8929.0,
            10956.0,
            13582.0,
            12578.0,
            12306.0,
            23894.0,
            11903.0
        ],
        "IntDen": [
            8261.778392748702,
            6880.192060142991,
            8442.085811504829,
            10465.535733101367,
            9691.909030404138,
            9482.320919713255,
            18411.390870764546,
            9171.791476299924
        ],
        "FlagUp": 0,
        "Times": [
            -15,
            -10,
            -5,
            2,
            10,
            20,
            30,
            40
        ],
        "width": 0,
        "height": 0,
        "area": 0.7705445245988343,
        "distance": 0,
        "xpert": [
            [
                90.0,
                142.6
            ],
            [
                84.2,
                138.8
            ],
            [
                83.8,
                133.0
            ],
            [
                85.6,
                128.6
            ],
            [
                90.0,
                126.4
            ],
            [
                97.0,
                126.0
            ],
            [
                97.2,
                133.0
            ],
            [
                96.0,
                139.0
            ]
        ],
        "stack": 0
    },
    {
        "type": "Stim",
        "location": [
            180,
            150
        ],
        "radloc": [
            0,
            0
        ],
        "mean": [
            86.75496688741723,
            94.74834437086092,
            93.54304635761589,
            123.08609271523179,
            128.02649006622516,
            136.66887417218544,
            113.70860927152317,
            126.58278145695364
        ],
        "min": [
            16.0,
            18.0,
            14.0,
            23.0,
            18.0,
            32.0,
            14.0,
            18.0
        ],
        "max": [
            177.0,
            227.0,
            197.0,
            249.0,
            255.0,
            255.0,
            239.0,
            255.0
        ],
        "RawIntDen": [
            13100.0,
            14307.0,
            14125.0,
            18586.0,
            19332.0,
            20637.0,
            17170.0,
            19114.0
        ],
        "IntDen": [
            8574.785244255068,
            9364.84370149292,
            9245.713097336095,
            12165.722026696541,
            12654.026590987709,
            13508.232296617698,
            11238.85974380607,
            12511.33169150316
        ],
        "FlagUp": 0,
        "Times": [
            -15,
            -10,
            -5,
            2,
            10,
            20,
            30,
            40
        ],
        "width": 0,
        "height": 0,
        "area": 0.6545637591034403,
        "distance": 0,
        "xpert": [
            [
                180.0,
                160.0
            ],
            [
                174.6,
                155.4
            ],
            [
                172.0,
                150.0
            ],
            [
                175.2,
                145.2
            ],
            [
                180.0,
                143.0
            ],
            [
                184.0,
                146.0
            ],
            [
                185.2,
                150.0
            ],
            [
                185.0,
                155.0
            ]
        ],
        "stack": 0
    },
    {
        "type": "Stim",
        "location": [
            214,
            183
        ],
        "radloc": [
            0,
            0
        ],
        "mean": [
            83.04324324324324,
            79.30810810810812,
            84.06486486486486,
            144.12972972972972,
            126.04864864864865,
            100.35675675675675,
            106.94054054054054,
            103.52432432432433
        ],
        "min": [
            12.0,
            10.0,
            11.0,
            29.0,
            38.0,
            17.0,
            21.0,
            13.0
        ],
        "max": [
            208.0,
            202.0,
            236.0,
            255.0,
            245.0,
            241.0,
            208.0,
            237.0
        ],
        "RawIntDen": [
            15363.0,
            14672.0,
            15552.0,
            26664.0,
            23319.0,
            18566.0,
            19784.0,
            19152.0
        ],
        "IntDen": [
            12323.652893856279,
            11769.357238733277,
            12475.261980423931,
            21388.913673226834,
            18705.67349032315,
            14892.985720714423,
            15870.022056372625,
            15363.054105522064
        ],
        "FlagUp": 0,
        "Times": [
            -15,
            -10,
            -5,
            2,
            10,
            20,
            30,
            40
        ],
        "width": 0,
        "height": 0,
        "area": 0.8021644791939256,
        "distance": 0,
        "xpert": [
            [
                214.0,
                189.8
            ],
            [
                207.6,
                189.4
            ],
            [
                204.8,
                183.0
            ],
            [
                208.0,
                177.0
            ],
            [
                214.0,
                173.8
            ],
            [
                218.6,
                178.4
            ],
            [
                221.8,
                183.0
            ],
            [
                219.0,
                188.0
            ]
        ],
        "stack": 0
    },
    {
        "type": "Spine",
        "location": [
            14,
            65
        ],
        "radloc": [
            0,
            0
        ],
        "mean": [
            98.49765258215963,
            111.57276995305165,
            119.12206572769954,
            176.6056338028169,
            130.69953051643193,
            122.65258215962442,
            118.02816901408451,
            109.51643192488262
        ],
        "min": [
            8.0,
            14.0,
            12.0,
            58.0,
            18.0,
            22.0,
            26.0,
            29.0
        ],
        "max": [
            227.0,
            248.0,
            248.0,
            255.0,
            232.0,
            218.0,
            213.0,
            209.0
        ],
        "RawIntDen": [
            20980.0,
            23765.0,
            25373.0,
            37617.0,
            27839.0,
            26125.0,
            25140.0,
            23327.0
        ],
        "IntDen": [
            20018.819198682406,
            22676.22679965145,
            24210.557651485637,
            35893.609237218116,
            26563.57996530598,
            24928.105413039935,
            23988.23234770618,
            22258.293395980196
        ],
        "FlagUp": 0,
        "Times": [
            -15,
            -10,
            -5,
            2,
            10,
            20,
            30,
            40
        ],
        "width": 0,
        "height": 0,
        "area": 0.9541858531307152,
        "distance": 2.680251645309541,
        "xpert": [
            [
                14.0,
                77.8
            ],
            [
                5.8,
                73.2
            ],
            [
                6.4,
                65.0
            ],
            [
                9.6,
                60.6
            ],
            [
                14.0,
                58.2
            ],
            [
                18.4,
                60.6
            ],
            [
                21.4,
                65.0
            ],
            [
                20.6,
                71.6
            ]
        ],
        "stack": 0
    },
    {
        "type": "Spine",
        "location": [
            87,
            96
        ],
        "radloc": [
            0,
            0
        ],
        "mean": [
            51.55555555555556,
            68.92222222222222,
            69.93333333333334,
            144.1,
            34.233333333333334,
            43.6,
            67.02222222222223,
            70.38888888888889
        ],
        "min": [
            6.0,
            19.0,
            8.0,
            32.0,
            7.0,
            7.0,
            9.0,
            7.0
        ],
        "max": [
            152.0,
            141.0,
            177.0,
            243.0,
            166.0,
            181.0,
            186.0,
            208.0
        ],
        "RawIntDen": [
            4640.0,
            6203.0,
            6294.0,
            12969.0,
            3081.0,
            3924.0,
            6032.0,
            6335.0
        ],
        "IntDen": [
            1925.2635157919183,
            2573.7951699261357,
            2611.553570774641,
            5381.194512134782,
            1278.3915715851078,
            1628.1754387860965,
            2502.842570529494,
            2628.565597530561
        ],
        "FlagUp": 0,
        "Times": [
            -15,
            -10,
            -5,
            2,
            10,
            20,
            30,
            40
        ],
        "width": 0,
        "height": 0,
        "area": 0.4149274818517065,
        "distance": -1.8636506324952653,
        "xpert": [
            [
                87.0,
                101.2
            ],
            [
                84.0,
                99.0
            ],
            [
                81.6,
                96.0
            ],
            [
                81.4,
                90.4
            ],
            [
                87.0,
                90.0
            ],
            [
                91.6,
                91.4
            ],
            [
                92.4,
                96.0
            ],
            [
                90.6,
                99.6
            ]
        ],
        "stack": 0
    },
    {
        "type": "Spine",
        "location": [
            95,
            107
        ],
        "radloc": [
            0,
            0
        ],
        "mean": [
            93.49677419354839,
            94.6774193548387,
            90.36129032258064,
            136.83225806451614,
            101.79354838709678,
            122.73548387096774,
            99.90322580645162,
            88.79354838709678
        ],
        "min": [
            7.0,
            10.0,
            9.0,
            20.0,
            18.0,
            21.0,
            10.0,
            8.0
        ],
        "max": [
            234.0,
            234.0,
            255.0,
            248.0,
            245.0,
            249.0,
            235.0,
            230.0
        ],
        "RawIntDen": [
            14492.0,
            14675.0,
            14006.0,
            21209.0,
            15778.0,
            19024.0,
            15485.0,
            13763.0
        ],
        "IntDen": [
            10596.38266629812,
            10730.190148214524,
            10241.025091372581,
            15507.775322213414,
            11536.690981841824,
            13910.128611900042,
            11322.45277309042,
            10063.346303909813
        ],
        "FlagUp": 0,
        "Times": [
            -15,
            -10,
            -5,
            2,
            10,
            20,
            30,
            40
        ],
        "width": 0,
        "height": 0,
        "area": 0.7311884257727104,
        "distance": -0.9784165820600141,
        "xpert": [
            [
                95.0,
                117.6
            ],
            [
                87.0,
                115.0
            ],
            [
                84.6,
                107.0
            ],
            [
                91.8,
                103.8
            ],
            [
                95.0,
                102.0
            ],
            [
                98.6,
                103.4
            ],
            [
                99.6,
                107.0
            ],
            [
                99.2,
                111.2
            ]
        ],
        "stack": 0
    },
    {
        "type": "Spine",
        "location": [
            139,
            113
        ],
        "radloc": [
            0,
            0
        ],
        "mean": [
            88.86986301369863,
            92.86986301369863,
            91.33561643835617,
            124.83561643835617,
            157.67123287671234,
            160.65753424657535,
            146.05479452054794,
            135.5958904109589
        ],
        "min": [
            12.0,
            19.0,
            18.0,
            16.0,
            28.0,
            42.0,
            26.0,
            33.0
        ],
        "max": [
            215.0,
            245.0,
            211.0,
            255.0,
            255.0,
            255.0,
            255.0,
            255.0
        ],
        "RawIntDen": [
            12975.0,
            13559.0,
            13335.0,
            18226.0,
            23020.0,
            23456.0,
            21324.0,
            19797.0
        ],
        "IntDen": [
            8324.077378047288,
            8698.741053483098,
            8555.034438247445,
            11692.842720022341,
            14768.420905021087,
            15048.135566819054,
            13680.356532522574,
            12700.713668840246
        ],
        "FlagUp": 0,
        "Times": [
            -15,
            -10,
            -5,
            2,
            10,
            20,
            30,
            40
        ],
        "width": 0,
        "height": 0,
        "area": 0.6415473894448778,
        "distance": -0.39534,
        "xpert": [
            [
                139.0,
                119.2
            ],
            [
                133.6,
                118.4
            ],
            [
                130.8,
                113.0
            ],
            [
                133.4,
                107.4
            ],
            [
                139.0,
                106.4
            ],
            [
                143.4,
                108.6
            ],
            [
                145.8,
                113.0
            ],
            [
                144.6,
                118.6
            ]
        ],
        "stack": 0
    },
    {
        "type": "Spine",
        "location": [
            144,
            158
        ],
        "radloc": [
            0,
            0
        ],
        "mean": [
            42.37278106508876,
            45.18934911242604,
            50.02958579881657,
            75.45562130177515,
            115.75147928994083,
            85.28994082840237,
            75.96449704142012,
            64.40236686390533
        ],
        "min": [
            3.0,
            7.0,
            7.0,
            10.0,
            12.0,
            8.0,
            9.0,
            8.0
        ],
        "max": [
            167.0,
            135.0,
            159.0,
            193.0,
            223.0,
            221.0,
            208.0,
            185.0
        ],
        "RawIntDen": [
            7161.0,
            7637.0,
            8455.0,
            12752.0,
            19562.0,
            14414.0,
            12838.0,
            10884.0
        ],
        "IntDen": [
            5364.863880050908,
            5721.47262281089,
            6334.3002521757335,
            9553.518251418682,
            14655.420642585654,
            10798.652138954585,
            9617.947562085401,
            8154.053689495055
        ],
        "FlagUp": 0,
        "Times": [
            -15,
            -10,
            -5,
            2,
            10,
            20,
            30,
            40
        ],
        "width": 0,
        "height": 0,
        "area": 0.7491780310083659,
        "distance": -1.3045554427466857,
        "xpert": [
            [
                144.0,
                165.4
            ],
            [
                137.6,
                164.4
            ],
            [
                135.2,
                158.0
            ],
            [
                139.2,
                153.2
            ],
            [
                144.0,
                151.2
            ],
            [
                149.0,
                153.0
            ],
            [
                149.8,
                158.0
            ],
            [
                151.0,
                165.0
            ]
        ],
        "stack": 0
    },
    {
        "type": "Spine",
        "location": [
            193,
            140
        ],
        "radloc": [
            0,
            0
        ],
        "mean": [
            56.682464454976305,
            66.02843601895735,
            49.5781990521327,
            64.85781990521328,
            153.23222748815166,
            106.23696682464455,
            73.24170616113744,
            64.21800947867298
        ],
        "min": [
            6.0,
            8.0,
            6.0,
            6.0,
            23.0,
            16.0,
            6.0,
            9.0
        ],
        "max": [
            178.0,
            236.0,
            161.0,
            206.0,
            255.0,
            255.0,
            205.0,
            199.0
        ],
        "RawIntDen": [
            11960.0,
            13932.0,
            10461.0,
            13685.0,
            32332.0,
            22416.0,
            15454.0,
            13550.0
        ],
        "IntDen": [
            11115.397635655494,
            12948.13711203615,
            9722.255406905697,
            12718.57998695196,
            30048.748859198447,
            20833.006137195116,
            14362.655105469901,
            12593.11354206789
        ],
        "FlagUp": 0,
        "Times": [
            -15,
            -10,
            -5,
            2,
            10,
            20,
            30,
            40
        ],
        "width": 0,
        "height": 0,
        "area": 0.9293810732153424,
        "distance": -0.13977379743714488,
        "xpert": [
            [
                193.0,
                149.2
            ],
            [
                187.0,
                146.0
            ],
            [
                184.0,
                140.0
            ],
            [
                187.0,
                134.0
            ],
            [
                193.0,
                130.6
            ],
            [
                199.6,
                133.4
            ],
            [
                199.2,
                140.0
            ],
            [
                199.4,
                146.4
            ]
        ],
        "stack": 0
    },
    {
        "type": "Spine",
        "location": [
            190,
            189
        ],
        "radloc": [
            0,
            0
        ],
        "mean": [
            61.270270270270274,
            61.792792792792795,
            60.8018018018018,
            106.82882882882883,
            104.70270270270271,
            101.96396396396396,
            105.15315315315316,
            91.78378378378379
        ],
        "min": [
            10.0,
            12.0,
            8.0,
            16.0,
            18.0,
            29.0,
            22.0,
            20.0
        ],
        "max": [
            142.0,
            155.0,
            185.0,
            227.0,
            220.0,
            217.0,
            207.0,
            207.0
        ],
        "RawIntDen": [
            6801.0,
            6859.0,
            6749.0,
            11858.0,
            11622.0,
            11318.0,
            11672.0,
            10188.0
        ],
        "IntDen": [
            3448.6907635162347,
            3478.101741943516,
            3422.322300098672,
            6013.023830874211,
            5893.351573825273,
            5739.197479999521,
            5918.705865572929,
            5166.190486502484
        ],
        "FlagUp": 0,
        "Times": [
            -15,
            -10,
            -5,
            2,
            10,
            20,
            30,
            40
        ],
        "width": 0,
        "height": 0,
        "area": 0.5070858349531296,
        "distance": -0.3469751081895214,
        "xpert": [
            [
                190.0,
                196.4
            ],
            [
                185.4,
                193.6
            ],
            [
                182.6,
                189.0
            ],
            [
                185.0,
                184.0
            ],
            [
                190.0,
                184.2
            ],
            [
                193.0,
                186.0
            ],
            [
                195.4,
                189.0
            ],
            [
                195.4,
                194.4
            ]
        ],
        "stack": 0
    },
    {
        "type": "Spine",
        "location": [
            218,
            202
        ],
        "radloc": [
            0,
            0
        ],
        "mean": [
            109.2054054054054,
            91.91351351351351,
            95.68648648648649,
            176.44864864864866,
            149.75675675675674,
            144.56216216216217,
            93.27027027027027,
            100.56756756756756
        ],
        "min": [
            17.0,
            14.0,
            16.0,
            19.0,
            32.0,
            33.0,
            11.0,
            13.0
        ],
        "max": [
            224.0,
            191.0,
            210.0,
            255.0,
            255.0,
            254.0,
            247.0,
            224.0
        ],
        "RawIntDen": [
            20203.0,
            17004.0,
            17702.0,
            32643.0,
            27705.0,
            26744.0,
            17255.0,
            18605.0
        ],
        "IntDen": [
            16378.547796520235,
            13785.122344801766,
            14350.99010513296,
            26463.64083164926,
            22460.41017188502,
            21681.328627933333,
            13988.607742857826,
            15083.051118856554
        ],
        "FlagUp": 0,
        "Times": [
            -15,
            -10,
            -5,
            2,
            10,
            20,
            30,
            40
        ],
        "width": 0,
        "height": 0,
        "area": 0.8106987970360954,
        "distance": 1.4778353717439408,
        "xpert": [
            [
                218.0,
                211.2
            ],
            [
                212.8,
                207.2
            ],
            [
                211.2,
                202.0
            ],
            [
                212.0,
                196.0
            ],
            [
                218.0,
                193.4
            ],
            [
                223.8,
                196.2
            ],
            [
                226.2,
                202.0
            ],
            [
                223.6,
                207.6
            ]
        ],
        "stack": 0
    },
    {
        "type": "Spine",
        "location": [
            241,
            218
        ],
        "radloc": [
            0,
            0
        ],
        "mean": [
            110.89005235602095,
            111.05759162303664,
            132.3717277486911,
            125.47120418848168,
            140.7801047120419,
            142.6020942408377,
            132.0104712041885,
            122.97905759162303
        ],
        "min": [
            18.0,
            13.0,
            16.0,
            15.0,
            14.0,
            21.0,
            15.0,
            11.0
        ],
        "max": [
            248.0,
            253.0,
            255.0,
            255.0,
            255.0,
            255.0,
            255.0,
            255.0
        ],
        "RawIntDen": [
            21180.0,
            21212.0,
            25283.0,
            23965.0,
            26889.0,
            27237.0,
            25214.0,
            23489.0
        ],
        "IntDen": [
            17707.669440890204,
            17734.423237968036,
            21138.007859963505,
            20036.08584282029,
            22480.714050807208,
            22771.661594028636,
            21080.31998501443,
            19638.123111287536
        ],
        "FlagUp": 0,
        "Times": [
            -15,
            -10,
            -5,
            2,
            10,
            20,
            30,
            40
        ],
        "width": 0,
        "height": 0,
        "area": 0.836056158682257,
        "distance": 3.71110331558187,
        "xpert": [
            [
                241.0,
                225.6
            ],
            [
                234.6,
                224.4
            ],
            [
                232.0,
                218.0
            ],
            [
                235.0,
                212.0
            ],
            [
                241.0,
                209.0
            ],
            [
                246.0,
                213.0
            ],
            [
                248.0,
                218.0
            ],
            [
                247.0,
                224.0
            ]
        ],
        "stack": 0
    },
    {
        "type": "Spine",
        "location": [
            205,
            221
        ],
        "radloc": [
            0,
            0
        ],
        "mean": [
            86.625,
            63.6875,
            82.10714285714286,
            82.54464285714286,
            106.86607142857143,
            124.44642857142857,
            125.11607142857143,
            103.53571428571429
        ],
        "min": [
            10.0,
            13.0,
            22.0,
            12.0,
            14.0,
            18.0,
            40.0,
            32.0
        ],
        "max": [
            207.0,
            144.0,
            157.0,
            158.0,
            234.0,
            245.0,
            223.0,
            225.0
        ],
        "RawIntDen": [
            9702.0,
            7133.0,
            9196.0,
            9245.0,
            11969.0,
            13938.0,
            14013.0,
            11596.0
        ],
        "IntDen": [
            4893.53671406052,
            3597.7733850127493,
            4638.3182459802665,
            4663.0330778694615,
            6036.97597717897,
            7030.108711665176,
            7067.937535985371,
            5848.84062422653
        ],
        "FlagUp": 0,
        "Times": [
            -15,
            -10,
            -5,
            2,
            10,
            20,
            30,
            40
        ],
        "width": 0,
        "height": 0,
        "area": 0.5043843242692765,
        "distance": 2.2474753412104223,
        "xpert": [
            [
                205.0,
                227.0
            ],
            [
                200.0,
                226.0
            ],
            [
                196.4,
                221.0
            ],
            [
                200.4,
                216.4
            ],
            [
                205.0,
                215.6
            ],
            [
                208.0,
                218.0
            ],
            [
                210.4,
                221.0
            ],
            [
                210.0,
                226.0
            ]
        ],
        "stack": 0
    },
    {
        "type": "Spine",
        "location": [
            214,
            233
        ],
        "radloc": [
            0,
            0
        ],
        "mean": [
            62.9126213592233,
            53.43689320388349,
            60.99029126213592,
            62.349514563106794,
            128.11650485436894,
            96.57281553398059,
            93.32038834951456,
            72.2621359223301
        ],
        "min": [
            9.0,
            9.0,
            10.0,
            11.0,
            30.0,
            22.0,
            19.0,
            17.0
        ],
        "max": [
            155.0,
            157.0,
            163.0,
            158.0,
            238.0,
            207.0,
            190.0,
            168.0
        ],
        "RawIntDen": [
            6480.0,
            5504.0,
            6282.0,
            6422.0,
            13196.0,
            9947.0,
            9612.0,
            7443.0
        ],
        "IntDen": [
            3058.738809334716,
            2598.039877558376,
            2965.277345716155,
            3031.361208880794,
            6228.876130861251,
            4695.258477847596,
            4537.1292338464955,
            3513.301382388625
        ],
        "FlagUp": 0,
        "Times": [
            -15,
            -10,
            -5,
            2,
            10,
            20,
            30,
            40
        ],
        "width": 0,
        "height": 0,
        "area": 0.47202759403313516,
        "distance": 3.2451906574580542,
        "xpert": [
            [
                214.0,
                238.8
            ],
            [
                208.4,
                238.6
            ],
            [
                208.0,
                233.0
            ],
            [
                209.6,
                228.6
            ],
            [
                214.0,
                226.6
            ],
            [
                217.4,
                229.6
            ],
            [
                219.8,
                233.0
            ],
            [
                218.4,
                237.4
            ]
        ],
        "stack": 0
    },
    {
        "type": "Spine",
        "location": [
            244,
            298
        ],
        "radloc": [
            0,
            0
        ],
        "mean": [
            79.05882352941177,
            67.67226890756302,
            83.2016806722689,
            71.41176470588235,
            82.36134453781513,
            93.72268907563026,
            95.94117647058823,
            79.24369747899159
        ],
        "min": [
            13.0,
            16.0,
            19.0,
            10.0,
            12.0,
            25.0,
            29.0,
            19.0
        ],
        "max": [
            177.0,
            153.0,
            196.0,
            171.0,
            185.0,
            216.0,
            217.0,
            196.0
        ],
        "RawIntDen": [
            9408.0,
            8053.0,
            9901.0,
            8498.0,
            9801.0,
            11153.0,
            11417.0,
            9430.0
        ],
        "IntDen": [
            4863.08467165243,
            4162.672285375959,
            5117.921060164829,
            4392.697017400335,
            5066.230109148116,
            5765.091766894086,
            5901.55587757821,
            4874.456680876107
        ],
        "FlagUp": 0,
        "Times": [
            -15,
            -10,
            -5,
            2,
            10,
            20,
            30,
            40
        ],
        "width": 0,
        "height": 0,
        "area": 0.5169095101671376,
        "distance": 8.02204926432476,
        "xpert": [
            [
                244.0,
                304.2
            ],
            [
                239.0,
                303.0
            ],
            [
                238.4,
                298.0
            ],
            [
                240.0,
                294.0
            ],
            [
                244.0,
                292.8
            ],
            [
                248.8,
                293.2
            ],
            [
                251.6,
                298.0
            ],
            [
                249.2,
                303.2
            ]
        ],
        "stack": 0
    },
    {
        "type": "Spine",
        "location": [
            257,
            311
        ],
        "radloc": [
            0,
            0
        ],
        "mean": [
            97.70093457943925,
            82.33644859813084,
            90.83177570093459,
            74.46728971962617,
            70.59813084112149,
            78.81308411214954,
            70.51401869158879,
            66.3644859813084
        ],
        "min": [
            9.0,
            9.0,
            12.0,
            17.0,
            8.0,
            13.0,
            8.0,
            9.0
        ],
        "max": [
            240.0,
            195.0,
            211.0,
            190.0,
            175.0,
            201.0,
            174.0,
            171.0
        ],
        "RawIntDen": [
            10454.0,
            8810.0,
            9719.0,
            7968.0,
            7554.0,
            8433.0,
            7545.0,
            7101.0
        ],
        "IntDen": [
            4918.530108540008,
            4145.040200520133,
            4572.7180146260125,
            3748.8853936145765,
            3554.101438675265,
            3967.664473437716,
            3549.867004872236,
            3340.968270589496
        ],
        "FlagUp": 0,
        "Times": [
            -15,
            -10,
            -5,
            2,
            10,
            20,
            30,
            40
        ],
        "width": 0,
        "height": 0,
        "area": 0.4704926447809458,
        "distance": 9.233422175446682,
        "xpert": [
            [
                257.0,
                318.0
            ],
            [
                252.4,
                315.6
            ],
            [
                251.2,
                311.0
            ],
            [
                253.4,
                307.4
            ],
            [
                257.0,
                305.2
            ],
            [
                261.6,
                306.4
            ],
            [
                263.4,
                311.0
            ],
            [
                261.4,
                315.4
            ]
        ],
        "stack": 0
    },
    {
        "type": "Spine",
        "location": [
            300,
            317
        ],
        "radloc": [
            0,
            0
        ],
        "mean": [
            73.7890625,
            116.1875,
            114.4921875,
            78.3203125,
            75.921875,
            80.28125,
            82.46875,
            81.109375
        ],
        "min": [
            10.0,
            35.0,
            26.0,
            17.0,
            10.0,
            8.0,
            7.0,
            29.0
        ],
        "max": [
            185.0,
            206.0,
            241.0,
            196.0,
            209.0,
            203.0,
            201.0,
            165.0
        ],
        "RawIntDen": [
            9445.0,
            14872.0,
            14655.0,
            10025.0,
            9718.0,
            10276.0,
            10556.0,
            10382.0
        ],
        "IntDen": [
            5425.580209874524,
            8543.062877845836,
            8418.409526279635,
            5758.755066595247,
            5582.402168296519,
            5902.93935803818,
            6063.782392317149,
            5963.829935300932
        ],
        "FlagUp": 0,
        "Times": [
            -15,
            -10,
            -5,
            2,
            10,
            20,
            30,
            40
        ],
        "width": 0,
        "height": 0,
        "area": 0.5744394081391767,
        "distance": 11.516394200253396,
        "xpert": [
            [
                300.0,
                322.8
            ],
            [
                296.0,
                321.0
            ],
            [
                292.4,
                317.0
            ],
            [
                294.8,
                311.8
            ],
            [
                300.0,
                311.6
            ],
            [
                304.4,
                312.6
            ],
            [
                308.4,
                317.0
            ],
            [
                305.4,
                322.4
            ]
        ],
        "stack": 0
    },
    {
        "type": "Spine",
        "location": [
            295,
            343
        ],
        "radloc": [
            0,
            0
        ],
        "mean": [
            79.61363636363636,
            84.16818181818182,
            92.77272727272727,
            73.00909090909092,
            71.93636363636364,
            75.12272727272727,
            77.16818181818182,
            201.6
        ],
        "min": [
            10.0,
            12.0,
            10.0,
            10.0,
            8.0,
            10.0,
            9.0,
            70.0
        ],
        "max": [
            219.0,
            236.0,
            247.0,
            249.0,
            219.0,
            248.0,
            251.0,
            255.0
        ],
        "RawIntDen": [
            17515.0,
            18517.0,
            20410.0,
            16062.0,
            15826.0,
            16527.0,
            16977.0,
            44352.0
        ],
        "IntDen": [
            17151.322479586506,
            18132.517176962796,
            19986.211350748537,
            15728.492244768398,
            15497.392495685759,
            16183.83708935919,
            16624.493390576084,
            43431.08504793724
        ],
        "FlagUp": 0,
        "Times": [
            -15,
            -10,
            -5,
            2,
            10,
            20,
            30,
            40
        ],
        "width": 0,
        "height": 0,
        "area": 0.9792362249264349,
        "distance": 12.494810782313417,
        "xpert": [
            [
                295.0,
                352.4
            ],
            [
                288.0,
                350.0
            ],
            [
                285.8,
                343.0
            ],
            [
                288.6,
                336.6
            ],
            [
                295.0,
                333.6
            ],
            [
                300.0,
                338.0
            ],
            [
                304.4,
                343.0
            ],
            [
                300.4,
                348.4
            ]
        ],
        "stack": 0
    },
    {
        "type": "Spine",
        "location": [
            297,
            369
        ],
        "radloc": [
            0,
            0
        ],
        "mean": [
            108.68,
            174.29777777777778,
            142.51555555555555,
            121.48,
            115.68888888888888,
            129.49777777777777,
            125.93333333333334,
            128.98666666666668
        ],
        "min": [
            8.0,
            52.0,
            20.0,
            12.0,
            7.0,
            10.0,
            14.0,
            13.0
        ],
        "max": [
            255.0,
            255.0,
            255.0,
            255.0,
            255.0,
            255.0,
            255.0,
            255.0
        ],
        "RawIntDen": [
            24453.0,
            39217.0,
            32066.0,
            27333.0,
            26030.0,
            29137.0,
            28335.0,
            29022.0
        ],
        "IntDen": [
            24437.710984643025,
            39192.479928219254,
            32045.951025786744,
            27315.910290894688,
            26013.724979767634,
            29118.782356338437,
            28317.28379952808,
            29003.854259040196
        ],
        "FlagUp": 0,
        "Times": [
            -15,
            -10,
            -5,
            2,
            10,
            20,
            30,
            40
        ],
        "width": 0,
        "height": 0,
        "area": 0.9993747591151607,
        "distance": 13.799366225060108,
        "xpert": [
            [
                297.0,
                375.6
            ],
            [
                290.2,
                375.8
            ],
            [
                287.2,
                369.0
            ],
            [
                289.2,
                361.2
            ],
            [
                297.0,
                358.2
            ],
            [
                303.6,
                362.4
            ],
            [
                303.6,
                369.0
            ],
            [
                302.0,
                374.0
            ]
        ],
        "stack": 0
    },
    {
        "type": "Spine",
        "location": [
            343,
            355
        ],
        "radloc": [
            0,
            0
        ],
        "mean": [
            86.81443298969072,
            89.34020618556701,
            97.38144329896907,
            85.6082474226804,
            66.23711340206185,
            56.5360824742268,
            84.71134020618557,
            75.20618556701031
        ],
        "min": [
            12.0,
            26.0,
            18.0,
            21.0,
            17.0,
            7.0,
            19.0,
            15.0
        ],
        "max": [
            165.0,
            193.0,
            190.0,
            198.0,
            136.0,
            157.0,
            167.0,
            174.0
        ],
        "RawIntDen": [
            8421.0,
            8666.0,
            9446.0,
            8304.0,
            6425.0,
            5484.0,
            8217.0,
            7295.0
        ],
        "IntDen": [
            3671.963437974134,
            3778.795291946781,
            4118.913031125006,
            3620.9457770974004,
            2801.61086438473,
            2391.289335453052,
            3583.0095677275217,
            3180.9729580835183
        ],
        "FlagUp": 0,
        "Times": [
            -15,
            -10,
            -5,
            2,
            10,
            20,
            30,
            40
        ],
        "width": 0,
        "height": 0,
        "area": 0.4360483835618257,
        "distance": 15.367481667806802,
        "xpert": [
            [
                343.0,
                361.2
            ],
            [
                339.0,
                359.0
            ],
            [
                335.2,
                355.0
            ],
            [
                338.6,
                350.6
            ],
            [
                343.0,
                350.2
            ],
            [
                347.0,
                351.0
            ],
            [
                348.2,
                355.0
            ],
            [
                347.0,
                359.0
            ]
        ],
        "stack": 0
    },
    {
        "type": "Spine",
        "location": [
            361,
            373
        ],
        "radloc": [
            0,
            0
        ],
        "mean": [
            52.54807692307692,
            55.00961538461539,
            70.3173076923077,
            54.54807692307692,
            67.6826923076923,
            69.40384615384616,
            62.77884615384615,
            62.17307692307692
        ],
        "min": [
            16.0,
            7.0,
            18.0,
            13.0,
            16.0,
            19.0,
            8.0,
            19.0
        ],
        "max": [
            97.0,
            130.0,
            165.0,
            117.0,
            141.0,
            152.0,
            132.0,
            135.0
        ],
        "RawIntDen": [
            5465.0,
            5721.0,
            7313.0,
            5673.0,
            7039.0,
            7218.0,
            6529.0,
            6466.0
        ],
        "IntDen": [
            2523.931176907357,
            2642.161072842999,
            3377.4032381927727,
            2619.992967355066,
            3250.860302699156,
            3333.5288627479054,
            3015.324181889869,
            2986.2285434369574
        ],
        "FlagUp": 0,
        "Times": [
            -15,
            -10,
            -5,
            2,
            10,
            20,
            30,
            40
        ],
        "width": 0,
        "height": 0,
        "area": 0.4618355309986015,
        "distance": 17.06406597124017,
        "xpert": [
            [
                361.0,
                379.0
            ],
            [
                357.0,
                377.0
            ],
            [
                353.4,
                373.0
            ],
            [
                355.2,
                367.2
            ],
            [
                361.0,
                367.8
            ],
            [
                364.8,
                369.2
            ],
            [
                365.8,
                373.0
            ],
            [
                364.8,
                376.8
            ]
        ],
        "stack": 0
    },
    {
        "type": "Spine",
        "location": [
            365,
            382
        ],
        "radloc": [
            0,
            0
        ],
        "mean": [
            44.028169014084504,
            41.0,
            35.50704225352113,
            28.746478873239436,
            25.887323943661972,
            65.56338028169014,
            71.59154929577464,
            49.521126760563384
        ],
        "min": [
            18.0,
            19.0,
            9.0,
            10.0,
            9.0,
            23.0,
            13.0,
            16.0
        ],
        "max": [
            84.0,
            81.0,
            91.0,
            65.0,
            53.0,
            138.0,
            167.0,
            126.0
        ],
        "RawIntDen": [
            3126.0,
            2911.0,
            2521.0,
            2041.0,
            1838.0,
            4655.0,
            5083.0,
            3516.0
        ],
        "IntDen": [
            972.7015161740787,
            905.8010600072755,
            784.4467441698184,
            635.0875862160252,
            571.9211089980668,
            1448.472667239391,
            1581.6512497481901,
            1094.0558320115358
        ],
        "FlagUp": 0,
        "Times": [
            -15,
            -10,
            -5,
            2,
            10,
            20,
            30,
            40
        ],
        "width": 0,
        "height": 0,
        "area": 0.311164912403736,
        "distance": 17.669752426801132,
        "xpert": [
            [
                365.0,
                387.2
            ],
            [
                362.0,
                385.0
            ],
            [
                359.6,
                382.0
            ],
            [
                360.8,
                377.8
            ],
            [
                365.0,
                377.4
            ],
            [
                368.6,
                378.4
            ],
            [
                369.8,
                382.0
            ],
            [
                368.4,
                385.4
            ]
        ],
        "stack": 0
    },
    {
        "type": "Spine",
        "location": [
            358,
            404
        ],
        "radloc": [
            0,
            0
        ],
        "mean": [
            118.45833333333333,
            122.53571428571429,
            115.67857142857143,
            141.75,
            133.8452380952381,
            133.66666666666666,
            182.4047619047619,
            153.67857142857142
        ],
        "min": [
            14.0,
            19.0,
            14.0,
            16.0,
            15.0,
            11.0,
            53.0,
            28.0
        ],
        "max": [
            246.0,
            249.0,
            255.0,
            255.0,
            255.0,
            255.0,
            254.0,
            255.0
        ],
        "RawIntDen": [
            19901.0,
            20586.0,
            19434.0,
            23814.0,
            22486.0,
            22456.0,
            30644.0,
            25818.0
        ],
        "IntDen": [
            15304.059558973651,
            15830.831118086106,
            14944.932087286767,
            18313.194027305086,
            17291.949311244738,
            17268.87902398434,
            23565.529426922698,
            19854.28921629977
        ],
        "FlagUp": 0,
        "Times": [
            -15,
            -10,
            -5,
            2,
            10,
            20,
            30,
            40
        ],
        "width": 0,
        "height": 0,
        "area": 0.7690095753466485,
        "distance": 18.36862141398686,
        "xpert": [
            [
                358.0,
                409.6
            ],
            [
                353.6,
                408.4
            ],
            [
                351.8,
                404.0
            ],
            [
                352.4,
                398.4
            ],
            [
                358.0,
                393.4
            ],
            [
                363.6,
                398.4
            ],
            [
                368.6,
                404.0
            ],
            [
                362.6,
                408.6
            ]
        ],
        "stack": 0
    },
    {
        "type": "Spine",
        "location": [
            352,
            413
        ],
        "radloc": [
            0,
            0
        ],
        "mean": [
            13.0,
            13.833333333333334,
            13.43939393939394,
            13.56060606060606,
            14.303030303030303,
            27.87878787878788,
            32.65151515151515,
            38.75757575757576
        ],
        "min": [
            6.0,
            6.0,
            6.0,
            6.0,
            5.0,
            6.0,
            10.0,
            14.0
        ],
        "max": [
            22.0,
            27.0,
            27.0,
            24.0,
            28.0,
            56.0,
            107.0,
            77.0
        ],
        "RawIntDen": [
            858.0,
            913.0,
            887.0,
            895.0,
            944.0,
            1840.0,
            2155.0,
            2558.0
        ],
        "IntDen": [
            267.0848537590763,
            284.2056777179914,
            276.1121973010497,
            278.602498967801,
            293.8555966766527,
            572.7693833527976,
            670.8250114811298,
            796.2739579437261
        ],
        "FlagUp": 0,
        "Times": [
            -15,
            -10,
            -5,
            2,
            10,
            20,
            30,
            40
        ],
        "width": 0,
        "height": 0,
        "area": 0.31128770834391173,
        "distance": 18.50839521142401,
        "xpert": [
            [
                352.0,
                417.0
            ],
            [
                348.0,
                417.0
            ],
            [
                348.0,
                413.0
            ],
            [
                348.6,
                409.6
            ],
            [
                352.0,
                406.0
            ],
            [
                356.0,
                409.0
            ],
            [
                356.6,
                413.0
            ],
            [
                354.6,
                415.6
            ]
        ],
        "stack": 0
    },
    {
        "type": "Spine",
        "location": [
            369,
            420
        ],
        "radloc": [
            0,
            0
        ],
        "mean": [
            68.01739130434783,
            64.64347826086957,
            63.70434782608696,
            65.78260869565217,
            75.23478260869565,
            58.678260869565214,
            72.48695652173913,
            71.44347826086957
        ],
        "min": [
            10.0,
            8.0,
            9.0,
            11.0,
            11.0,
            6.0,
            10.0,
            11.0
        ],
        "max": [
            162.0,
            136.0,
            154.0,
            166.0,
            190.0,
            163.0,
            202.0,
            189.0
        ],
        "RawIntDen": [
            7822.0,
            7434.0,
            7326.0,
            7565.0,
            8652.0,
            6748.0,
            8336.0,
            8216.0
        ],
        "IntDen": [
            4066.3184247845406,
            3864.614059044781,
            3808.4695448697958,
            3932.715275312586,
            4497.799413351552,
            3507.9924227110814,
            4333.524723728449,
            4271.141930200688
        ],
        "FlagUp": 0,
        "Times": [
            -15,
            -10,
            -5,
            2,
            10,
            20,
            30,
            40
        ],
        "width": 0,
        "height": 0,
        "area": 0.5198566127313399,
        "distance": 19.043509008861154,
        "xpert": [
            [
                369.0,
                424.4
            ],
            [
                365.8,
                423.2
            ],
            [
                363.6,
                420.0
            ],
            [
                362.6,
                413.6
            ],
            [
                369.0,
                413.4
            ],
            [
                373.6,
                415.4
            ],
            [
                375.6,
                420.0
            ],
            [
                374.4,
                425.4
            ]
        ],
        "stack": 0
    },
    {
        "type": "Spine",
        "location": [
            401,
            434
        ],
        "radloc": [
            0,
            0
        ],
        "mean": [
            80.95652173913044,
            64.97826086956522,
            75.03260869565217,
            76.96739130434783,
            87.05434782608695,
            84.93478260869566,
            69.01086956521739,
            87.1304347826087
        ],
        "min": [
            40.0,
            17.0,
            23.0,
            17.0,
            21.0,
            20.0,
            19.0,
            27.0
        ],
        "max": [
            173.0,
            145.0,
            167.0,
            172.0,
            212.0,
            175.0,
            137.0,
            183.0
        ],
        "RawIntDen": [
            7448.0,
            5978.0,
            6903.0,
            7081.0,
            8009.0,
            7814.0,
            6349.0,
            8016.0
        ],
        "IntDen": [
            3073.9173699078824,
            2467.2231521629055,
            2848.98652047182,
            2922.4501740491028,
            3305.451693822802,
            3224.971848611734,
            2620.3412166414,
            3308.340713907302
        ],
        "FlagUp": 0,
        "Times": [
            -15,
            -10,
            -5,
            2,
            10,
            20,
            30,
            40
        ],
        "width": 0,
        "height": 0,
        "area": 0.41271715492855565,
        "distance": 22.020667362729792,
        "xpert": [
            [
                401.0,
                440.8
            ],
            [
                397.0,
                438.0
            ],
            [
                396.2,
                434.0
            ],
            [
                397.8,
                430.8
            ],
            [
                401.0,
                426.8
            ],
            [
                404.6,
                430.4
            ],
            [
                406.2,
                434.0
            ],
            [
                405.6,
                438.6
            ]
        ],
        "stack": 0
    },
    {
        "type": "Spine",
        "location": [
            423,
            420
        ],
        "radloc": [
            0,
            0
        ],
        "mean": [
            40.77777777777778,
            34.94949494949495,
            56.292929292929294,
            59.95959595959596,
            49.95959595959596,
            89.03030303030303,
            69.60606060606061,
            56.686868686868685
        ],
        "min": [
            8.0,
            6.0,
            10.0,
            10.0,
            8.0,
            25.0,
            13.0,
            10.0
        ],
        "max": [
            110.0,
            100.0,
            129.0,
            169.0,
            127.0,
            189.0,
            163.0,
            133.0
        ],
        "RawIntDen": [
            4037.0,
            3460.0,
            5573.0,
            5936.0,
            4946.0,
            8814.0,
            6891.0,
            5612.0
        ],
        "IntDen": [
            1774.207686332726,
            1520.6238778080833,
            2449.2592112787424,
            2608.792872447625,
            2173.7010692597632,
            3873.635508381632,
            3028.5026421894518,
            2466.399191404325
        ],
        "FlagUp": 0,
        "Times": [
            -15,
            -10,
            -5,
            2,
            10,
            20,
            30,
            40
        ],
        "width": 0,
        "height": 0,
        "area": 0.4394866698867293,
        "distance": 22.393397489228846,
        "xpert": [
            [
                423.0,
                425.4
            ],
            [
                418.4,
                424.6
            ],
            [
                414.6,
                420.0
            ],
            [
                418.4,
                415.4
            ],
            [
                423.0,
                414.0
            ],
            [
                426.2,
                416.8
            ],
            [
                428.0,
                420.0
            ],
            [
                426.2,
                423.2
            ]
        ],
        "stack": 0
    },
    {
        "type": "Spine",
        "location": [
            446,
            445
        ],
        "radloc": [
            0,
            0
        ],
        "mean": [
            104.51063829787235,
            66.97872340425532,
            74.09574468085107,
            63.755319148936174,
            54.787234042553195,
            61.51063829787234,
            80.34042553191489,
            67.68085106382979
        ],
        "min": [
            22.0,
            11.0,
            12.0,
            10.0,
            10.0,
            11.0,
            16.0,
            9.0
        ],
        "max": [
            204.0,
            159.0,
            161.0,
            147.0,
            132.0,
            132.0,
            203.0,
            158.0
        ],
        "RawIntDen": [
            9824.0,
            6296.0,
            6965.0,
            5993.0,
            5150.0,
            5782.0,
            7552.0,
            6362.0
        ],
        "IntDen": [
            4078.0571026855932,
            2613.543110597363,
            2891.252821682121,
            2487.764272841486,
            2137.8251301741457,
            2400.1757092557104,
            3134.9233753543976,
            2640.9404811976533
        ],
        "FlagUp": 0,
        "Times": [
            -15,
            -10,
            -5,
            2,
            10,
            20,
            30,
            40
        ],
        "width": 0,
        "height": 0,
        "area": 0.41511167576197,
        "distance": 24.66837571659842,
        "xpert": [
            [
                446.0,
                450.6
            ],
            [
                441.4,
                449.6
            ],
            [
                439.2,
                445.0
            ],
            [
                442.0,
                441.0
            ],
            [
                446.0,
                440.2
            ],
            [
                449.4,
                441.6
            ],
            [
                451.8,
                445.0
            ],
            [
                450.4,
                449.4
            ]
        ],
        "stack": 0
    },
    {
        "type": "Spine",
        "location": [
            459,
            467
        ],
        "radloc": [
            0,
            0
        ],
        "mean": [
            52.05434782608695,
            43.82608695652174,
            46.42391304347826,
            76.32608695652173,
            54.72826086956522,
            51.391304347826086,
            62.33695652173913,
            43.48913043478261
        ],
        "min": [
            12.0,
            9.0,
            15.0,
            32.0,
            17.0,
            18.0,
            15.0,
            10.0
        ],
        "max": [
            145.0,
            91.0,
            98.0,
            165.0,
            124.0,
            95.0,
            124.0,
            96.0
        ],
        "RawIntDen": [
            4789.0,
            4032.0,
            4271.0,
            7022.0,
            5035.0,
            4728.0,
            5735.0,
            4001.0
        ],
        "IntDen": [
            2074.1220346976183,
            1746.2643649824176,
            1849.7755711408495,
            3041.2371951653117,
            2180.664949823034,
            2047.7028565567634,
            2483.83584652137,
            1732.8382252714912
        ],
        "FlagUp": 0,
        "Times": [
            -15,
            -10,
            -5,
            2,
            10,
            20,
            30,
            40
        ],
        "width": 0,
        "height": 0,
        "area": 0.4331012809976234,
        "distance": 25.70000584309748,
        "xpert": [
            [
                459.0,
                471.8
            ],
            [
                455.0,
                471.0
            ],
            [
                450.0,
                467.0
            ],
            [
                454.6,
                462.6
            ],
            [
                459.0,
                462.0
            ],
            [
                462.2,
                463.8
            ],
            [
                465.0,
                467.0
            ],
            [
                462.6,
                470.6
            ]
        ],
        "stack": 0
    },
    {
        "type": "Spine",
        "location": [
            471,
            486
        ],
        "radloc": [
            0,
            0
        ],
        "mean": [
            57.04545454545455,
            58.127272727272725,
            39.7,
            43.68181818181818,
            36.68181818181818,
            35.74545454545454,
            53.58181818181818,
            45.71818181818182
        ],
        "min": [
            8.0,
            11.0,
            8.0,
            11.0,
            7.0,
            7.0,
            9.0,
            12.0
        ],
        "max": [
            145.0,
            129.0,
            116.0,
            93.0,
            89.0,
            109.0,
            120.0,
            93.0
        ],
        "RawIntDen": [
            6275.0,
            6394.0,
            4367.0,
            4805.0,
            4035.0,
            3932.0,
            5894.0,
            5029.0
        ],
        "IntDen": [
            3107.99133996939,
            3166.931733508252,
            2162.963853648817,
            2379.904125665804,
            1998.5251086496398,
            1947.509473905919,
            2919.2830211600935,
            2490.850748797779
        ],
        "FlagUp": 0,
        "Times": [
            -15,
            -10,
            -5,
            2,
            10,
            20,
            30,
            40
        ],
        "width": 0,
        "height": 0,
        "area": 0.49529742469631716,
        "distance": 28.110075209780376,
        "xpert": [
            [
                471.0,
                491.6
            ],
            [
                466.6,
                490.4
            ],
            [
                461.6,
                486.0
            ],
            [
                467.0,
                482.0
            ],
            [
                471.0,
                480.8
            ],
            [
                474.4,
                482.6
            ],
            [
                477.0,
                486.0
            ],
            [
                475.8,
                490.8
            ]
        ],
        "stack": 0
    }
]