[
    {
        "type": "Stim",
        "location": [
            370,
            208
        ],
        "radloc": [
            0,
            0
        ],
        "mean": [
            41.11842105263158,
            40.67763157894737,
            44.08552631578947,
            145.75,
            109.99342105263158,
            89.84868421052632,
            68.51315789473684,
            95.50657894736842
        ],
        "min": [
            3,
            2,
            7,
            41,
            33,
            16,
            13,
            12
        ],
        "max": [
            155,
            148,
            161,
            255,
            214,
            236,
            180,
            239
        ],
        "RawIntDen": [
            6250,
            6183,
            6701,
            22154,
            16719,
            13657,
            10414,
            14517
        ],
        "IntDen": [
            7967.381214713475,
            7881.970888091746,
            8542.3074431672,
            28241.49814892197,
            21313.063444607134,
            17409.684039894706,
            13275.56927520418,
            18505.99569503928
        ],
        "FlagUp": 0,
        "Times": [
            -15,
            -10,
            -5,
            2,
            10,
            20,
            30,
            40
        ],
        "width": 0,
        "height": 0,
        "area": 1.274780994354156,
        "distance": 0,
        "xpert": [
            [
                370.0,
                218.0
            ],
            [
                362.6,
                215.4
            ],
            [
                361.8,
                208.0
            ],
            [
                361.4,
                199.4
            ],
            [
                370.0,
                202.2
            ],
            [
                374.4,
                203.6
            ],
            [
                376.8,
                208.0
            ],
            [
                376.6,
                214.6
            ],
            [
                370.0,
                218.0
            ],
            [
                370.0,
                218.0
            ]
        ],
        "stack": 0,
        "shift": [
            [
                0.0,
                0.0
            ],
            [
                0.0,
                0.0
            ],
            [
                0.0,
                0.0
            ],
            [
                0.0,
                0.0
            ],
            [
                0.0,
                0.0
            ],
            [
                0.0,
                0.0
            ],
            [
                0.0,
                0.0
            ],
            [
                0.0,
                0.0
            ],
            [
                0.0,
                0.0
            ]
        ],
        "channel": 0
    },
    {
        "type": "Stim",
        "location": [
            205,
            224
        ],
        "radloc": [
            0,
            0
        ],
        "mean": [
            171.25730994152048,
            137.96491228070175,
            137.11111111111111,
            176.45029239766083,
            164.59649122807016,
            146.06432748538012,
            157.2514619883041,
            179.69005847953215
        ],
        "min": [
            31,
            15,
            11,
            31,
            20,
            18,
            26,
            37
        ],
        "max": [
            255,
            255,
            255,
            255,
            255,
            255,
            255,
            255
        ],
        "RawIntDen": [
            29285,
            23592,
            23446,
            30173,
            28146,
            24977,
            26890,
            30727
        ],
        "IntDen": [
            32169.145367838348,
            25915.46790227223,
            25755.089031734264,
            33144.60041604188,
            30917.970480559266,
            27436.870201553644,
            29538.272799766884,
            33753.16133575444
        ],
        "FlagUp": 0,
        "Times": [
            -15,
            -10,
            -5,
            2,
            10,
            20,
            30,
            40
        ],
        "width": 0,
        "height": 0,
        "area": 1.0984854146436178,
        "distance": 0,
        "xpert": [
            [
                205.0,
                229.0
            ],
            [
                200.0,
                229.0
            ],
            [
                195.6,
                224.0
            ],
            [
                195.4,
                214.4
            ],
            [
                205.0,
                211.2
            ],
            [
                211.8,
                217.2
            ],
            [
                211.2,
                224.0
            ],
            [
                208.4,
                227.4
            ],
            [
                205.0,
                229.0
            ],
            [
                205.0,
                229.0
            ]
        ],
        "stack": 0,
        "shift": [
            [
                0.0,
                0.0
            ],
            [
                0.0,
                0.0
            ],
            [
                0.0,
                0.0
            ],
            [
                0.0,
                0.0
            ],
            [
                0.0,
                0.0
            ],
            [
                0.0,
                0.0
            ],
            [
                0.0,
                0.0
            ],
            [
                0.0,
                0.0
            ],
            [
                0.0,
                0.0
            ]
        ],
        "channel": 0
    },
    {
        "type": "Stim",
        "location": [
            454,
            187
        ],
        "radloc": [
            0,
            0
        ],
        "mean": [
            79.58024691358025,
            90.50617283950618,
            93.69135802469135,
            48.65432098765432,
            25.604938271604937,
            39.69135802469136,
            108.25925925925925,
            39.44444444444444
        ],
        "min": [
            10,
            11,
            14,
            7,
            6,
            8,
            33,
            8
        ],
        "max": [
            205,
            213,
            249,
            186,
            95,
            201,
            198,
            157
        ],
        "RawIntDen": [
            6446,
            7331,
            7589,
            3941,
            2074,
            3215,
            8769,
            3195
        ],
        "IntDen": [
            3558.4283344684854,
            4046.9807818784466,
            4189.4062411233845,
            2175.5764917996125,
            1144.9240405969033,
            1774.7978739243222,
            4840.809504336666,
            1763.7571406495208
        ],
        "FlagUp": 0,
        "Times": [
            -15,
            -10,
            -5,
            2,
            10,
            20,
            30,
            40
        ],
        "width": 0,
        "height": 0,
        "area": 0.5520366637400691,
        "distance": 0,
        "xpert": [
            [
                454.0,
                192.2
            ],
            [
                448.8,
                192.2
            ],
            [
                448.6,
                187.0
            ],
            [
                449.2,
                182.2
            ],
            [
                454.0,
                182.0
            ],
            [
                458.4,
                182.6
            ],
            [
                459.6,
                187.0
            ],
            [
                459.2,
                192.2
            ],
            [
                454.0,
                192.2
            ],
            [
                454.0,
                192.2
            ]
        ],
        "stack": 0,
        "shift": [
            [
                0.0,
                0.0
            ],
            [
                0.0,
                0.0
            ],
            [
                0.0,
                0.0
            ],
            [
                0.0,
                0.0
            ],
            [
                0.0,
                0.0
            ],
            [
                0.0,
                0.0
            ],
            [
                0.0,
                0.0
            ],
            [
                0.0,
                0.0
            ],
            [
                0.0,
                0.0
            ]
        ],
        "channel": 0
    },
    {
        "type": "Stim",
        "location": [
            506,
            179
        ],
        "radloc": [
            0,
            0
        ],
        "mean": [
            42.92783505154639,
            36.88659793814433,
            46.28865979381443,
            55.08247422680412,
            54.30927835051546,
            78.3298969072165,
            88.63917525773196,
            51.70103092783505
        ],
        "min": [
            3,
            3,
            6,
            10,
            6,
            13,
            11,
            4
        ],
        "max": [
            190,
            144,
            158,
            121,
            178,
            239,
            191,
            169
        ],
        "RawIntDen": [
            4164,
            3578,
            4490,
            5343,
            5268,
            7598,
            8598,
            5015
        ],
        "IntDen": [
            2945.8398191191504,
            2531.271583287301,
            3176.469929837893,
            3779.928471074357,
            3726.869396522499,
            5375.237979266884,
            6082.692306624989,
            3547.883451700898
        ],
        "FlagUp": 0,
        "Times": [
            -15,
            -10,
            -5,
            2,
            10,
            20,
            30,
            40
        ],
        "width": 0,
        "height": 0,
        "area": 0.7074543273581053,
        "distance": 0,
        "xpert": [
            [
                506.0,
                186.8
            ],
            [
                502.0,
                183.0
            ],
            [
                500.8,
                179.0
            ],
            [
                502.8,
                175.8
            ],
            [
                506.0,
                174.2
            ],
            [
                509.6,
                175.4
            ],
            [
                513.2,
                179.0
            ],
            [
                513.0,
                186.0
            ],
            [
                506.0,
                186.8
            ],
            [
                506.0,
                186.8
            ]
        ],
        "stack": 0,
        "shift": [
            [
                0.0,
                0.0
            ],
            [
                0.0,
                0.0
            ],
            [
                0.0,
                0.0
            ],
            [
                0.0,
                0.0
            ],
            [
                0.0,
                0.0
            ],
            [
                0.0,
                0.0
            ],
            [
                0.0,
                0.0
            ],
            [
                0.0,
                0.0
            ],
            [
                0.0,
                0.0
            ]
        ],
        "channel": 0
    },
    {
        "type": "Stim",
        "location": [
            745,
            204
        ],
        "radloc": [
            0,
            0
        ],
        "mean": [
            47.151785714285715,
            49.232142857142854,
            70.26785714285714,
            128.66071428571428,
            92.44642857142857,
            81.72321428571429,
            70.58928571428571,
            59.49107142857143
        ],
        "min": [
            11,
            7,
            10,
            19,
            23,
            9,
            5,
            5
        ],
        "max": [
            151,
            134,
            212,
            246,
            177,
            221,
            214,
            200
        ],
        "RawIntDen": [
            5281,
            5514,
            7870,
            14410,
            10354,
            9153,
            7906,
            6663
        ],
        "IntDen": [
            4467.973398114518,
            4665.102313426141,
            6658.388684559981,
            12191.53506283473,
            8759.969052088189,
            7743.866789044156,
            6688.846371045897,
            5637.210140434962
        ],
        "FlagUp": 0,
        "Times": [
            -15,
            -10,
            -5,
            2,
            10,
            20,
            30,
            40
        ],
        "width": 0,
        "height": 0,
        "area": 0.8460468468310014,
        "distance": 0,
        "xpert": [
            [
                745.0,
                211.4
            ],
            [
                740.8,
                208.2
            ],
            [
                740.0,
                204.0
            ],
            [
                738.2,
                197.2
            ],
            [
                745.0,
                197.2
            ],
            [
                750.2,
                198.8
            ],
            [
                752.2,
                204.0
            ],
            [
                751.4,
                210.4
            ],
            [
                745.0,
                211.4
            ],
            [
                745.0,
                211.4
            ]
        ],
        "stack": 0,
        "shift": [
            [
                0.0,
                0.0
            ],
            [
                0.0,
                0.0
            ],
            [
                0.0,
                0.0
            ],
            [
                0.0,
                0.0
            ],
            [
                0.0,
                0.0
            ],
            [
                0.0,
                0.0
            ],
            [
                0.0,
                0.0
            ],
            [
                0.0,
                0.0
            ],
            [
                0.0,
                0.0
            ]
        ],
        "channel": 0
    },
    {
        "type": "Stim",
        "location": [
            828,
            211
        ],
        "radloc": [
            0,
            0
        ],
        "mean": [
            45.63565891472868,
            65.68992248062015,
            59.6124031007752,
            66.12403100775194,
            48.89147286821706,
            45.27131782945737,
            45.96124031007752,
            55.18604651162791
        ],
        "min": [
            8,
            13,
            11,
            22,
            8,
            7,
            7,
            8
        ],
        "max": [
            99,
            150,
            161,
            150,
            137,
            138,
            158,
            162
        ],
        "RawIntDen": [
            5887,
            8474,
            7690,
            8530,
            6307,
            5840,
            5929,
            7119
        ],
        "IntDen": [
            5030.92558903846,
            7241.72981850041,
            6571.737350043445,
            7289.586423390193,
            5389.850125711834,
            4990.760224220249,
            5066.818042705798,
            6083.770896613692
        ],
        "FlagUp": 0,
        "Times": [
            -15,
            -10,
            -5,
            2,
            10,
            20,
            30,
            40
        ],
        "width": 0,
        "height": 0,
        "area": 0.8545822301747003,
        "distance": 0,
        "xpert": [
            [
                828.0,
                216.4
            ],
            [
                823.2,
                215.8
            ],
            [
                822.0,
                211.0
            ],
            [
                819.6,
                202.6
            ],
            [
                828.0,
                203.0
            ],
            [
                834.4,
                204.6
            ],
            [
                835.6,
                211.0
            ],
            [
                832.6,
                215.6
            ],
            [
                828.0,
                216.4
            ],
            [
                828.0,
                216.4
            ]
        ],
        "stack": 0,
        "shift": [
            [
                0.0,
                0.0
            ],
            [
                0.0,
                0.0
            ],
            [
                0.0,
                0.0
            ],
            [
                0.0,
                0.0
            ],
            [
                0.0,
                0.0
            ],
            [
                0.0,
                0.0
            ],
            [
                0.0,
                0.0
            ],
            [
                0.0,
                0.0
            ],
            [
                0.0,
                0.0
            ]
        ],
        "channel": 0
    },
    {
        "type": "Spine",
        "location": [
            103,
            240
        ],
        "radloc": [
            0,
            0
        ],
        "mean": [
            99.17241379310344,
            89.60344827586206,
            96.30459770114942,
            88.91379310344827,
            108.45402298850574,
            104.19540229885058,
            110.0632183908046,
            162.04022988505747
        ],
        "min": [
            9,
            11,
            10,
            9,
            15,
            16,
            22,
            51
        ],
        "max": [
            255,
            234,
            236,
            232,
            235,
            221,
            205,
            255
        ],
        "RawIntDen": [
            17256,
            15591,
            16757,
            15471,
            18871,
            18130,
            19151,
            28195
        ],
        "IntDen": [
            20069.120360434285,
            18132.687502290853,
            19488.772014360067,
            17993.12477377601,
            21947.402081696535,
            21085.602233117384,
            22273.048448231166,
            32791.42608729976
        ],
        "FlagUp": 0,
        "Times": [
            -15,
            -10,
            -5,
            2,
            10,
            20,
            30,
            40
        ],
        "width": 0,
        "height": 0,
        "area": 1.1630227376236837,
        "distance": 7.1306130578519324,
        "xpert": [
            [
                103.0,
                245.2
            ],
            [
                97.8,
                245.2
            ],
            [
                94.4,
                240.0
            ],
            [
                97.6,
                234.6
            ],
            [
                103.0,
                227.8
            ],
            [
                114.6,
                228.4
            ],
            [
                109.8,
                240.0
            ],
            [
                106.6,
                243.6
            ],
            [
                103.0,
                245.2
            ],
            [
                103.0,
                245.2
            ]
        ],
        "stack": 0,
        "shift": [
            [
                0.0,
                0.0
            ],
            [
                0.0,
                0.0
            ],
            [
                0.0,
                0.0
            ],
            [
                0.0,
                0.0
            ],
            [
                0.0,
                0.0
            ],
            [
                0.0,
                0.0
            ],
            [
                0.0,
                0.0
            ],
            [
                0.0,
                0.0
            ],
            [
                0.0,
                0.0
            ]
        ],
        "channel": 0
    },
    {
        "type": "Spine",
        "location": [
            28,
            243
        ],
        "radloc": [
            0,
            0
        ],
        "mean": [
            32.83098591549296,
            56.16901408450704,
            47.478873239436616,
            72.01408450704226,
            80.52112676056338,
            72.53521126760563,
            91.45070422535211,
            107.21126760563381
        ],
        "min": [
            7,
            6,
            9,
            10,
            15,
            8,
            17,
            20
        ],
        "max": [
            125,
            238,
            186,
            199,
            170,
            180,
            189,
            206
        ],
        "RawIntDen": [
            2331,
            3988,
            3371,
            5113,
            5717,
            5150,
            6493,
            7612
        ],
        "IntDen": [
            1244.8584579821998,
            2129.770712326475,
            1800.265063002143,
            2730.571126410548,
            3053.1341931721304,
            2750.330784473758,
            3467.5529676870115,
            4065.1491128959697
        ],
        "FlagUp": 0,
        "Times": [
            -15,
            -10,
            -5,
            2,
            10,
            20,
            30,
            40
        ],
        "width": 0,
        "height": 0,
        "area": 0.5340448125191762,
        "distance": 12.127260005226443,
        "xpert": [
            [
                28.0,
                248.0
            ],
            [
                25.0,
                246.0
            ],
            [
                20.8,
                243.0
            ],
            [
                22.6,
                237.6
            ],
            [
                28.0,
                237.2
            ],
            [
                32.4,
                238.6
            ],
            [
                33.8,
                243.0
            ],
            [
                32.4,
                247.4
            ],
            [
                28.0,
                248.0
            ],
            [
                28.0,
                248.0
            ]
        ],
        "stack": 0,
        "shift": [
            [
                0.0,
                0.0
            ],
            [
                0.0,
                0.0
            ],
            [
                0.0,
                0.0
            ],
            [
                0.0,
                0.0
            ],
            [
                0.0,
                0.0
            ],
            [
                0.0,
                0.0
            ],
            [
                0.0,
                0.0
            ],
            [
                0.0,
                0.0
            ],
            [
                0.0,
                0.0
            ]
        ],
        "channel": 0
    },
    {
        "type": "Spine",
        "location": [
            90,
            220
        ],
        "radloc": [
            0,
            0
        ],
        "mean": [
            116.38848920863309,
            113.8273381294964,
            135.74100719424462,
            135.18705035971223,
            150.431654676259,
            109.41726618705036,
            84.51079136690647,
            83.99280575539568
        ],
        "min": [
            19,
            22,
            10,
            22,
            22,
            10,
            11,
            9
        ],
        "max": [
            255,
            255,
            255,
            255,
            255,
            255,
            242,
            232
        ],
        "RawIntDen": [
            16178,
            15822,
            18868,
            18791,
            20910,
            15209,
            11747,
            11675
        ],
        "IntDen": [
            17555.724817339218,
            17169.40771788485,
            20474.806271081492,
            20391.24892091861,
            22690.703790985477,
            16504.204397756967,
            12747.379121602411,
            12669.247573398157
        ],
        "FlagUp": 0,
        "Times": [
            -15,
            -10,
            -5,
            2,
            10,
            20,
            30,
            40
        ],
        "width": 0,
        "height": 0,
        "area": 1.0851603917257522,
        "distance": 7.9872365271612455,
        "xpert": [
            [
                90.0,
                229.2
            ],
            [
                81.8,
                228.2
            ],
            [
                84.2,
                220.0
            ],
            [
                85.6,
                215.6
            ],
            [
                90.0,
                215.0
            ],
            [
                93.4,
                216.6
            ],
            [
                96.0,
                220.0
            ],
            [
                99.0,
                229.0
            ],
            [
                90.0,
                229.2
            ],
            [
                90.0,
                229.2
            ]
        ],
        "stack": 0,
        "shift": [
            [
                0.0,
                0.0
            ],
            [
                0.0,
                0.0
            ],
            [
                0.0,
                0.0
            ],
            [
                0.0,
                0.0
            ],
            [
                0.0,
                0.0
            ],
            [
                0.0,
                0.0
            ],
            [
                0.0,
                0.0
            ],
            [
                0.0,
                0.0
            ],
            [
                0.0,
                0.0
            ]
        ],
        "channel": 0
    },
    {
        "type": "Spine",
        "location": [
            253,
            196
        ],
        "radloc": [
            0,
            0
        ],
        "mean": [
            122.80672268907563,
            141.0420168067227,
            146.36974789915968,
            89.57142857142857,
            77.70588235294117,
            60.11764705882353,
            88.4453781512605,
            70.0672268907563
        ],
        "min": [
            15,
            24,
            34,
            7,
            8,
            7,
            9,
            6
        ],
        "max": [
            255,
            255,
            255,
            255,
            220,
            196,
            219,
            213
        ],
        "RawIntDen": [
            14614,
            16784,
            17418,
            10659,
            9247,
            7154,
            10525,
            8338
        ],
        "IntDen": [
            13612.386923394797,
            15633.659649805548,
            16224.206612268412,
            9928.454373646171,
            8613.229908350328,
            6663.679762554152,
            9803.638454135093,
            7766.530872263981
        ],
        "FlagUp": 0,
        "Times": [
            -15,
            -10,
            -5,
            2,
            10,
            20,
            30,
            40
        ],
        "width": 0,
        "height": 0,
        "area": 0.9314620859035717,
        "distance": -3.517742483977089,
        "xpert": [
            [
                253.0,
                205.2
            ],
            [
                244.0,
                205.0
            ],
            [
                247.2,
                196.0
            ],
            [
                249.4,
                192.4
            ],
            [
                253.0,
                190.8
            ],
            [
                256.4,
                192.6
            ],
            [
                258.2,
                196.0
            ],
            [
                258.2,
                201.2
            ],
            [
                253.0,
                205.2
            ],
            [
                253.0,
                205.2
            ]
        ],
        "stack": 0,
        "shift": [
            [
                0.0,
                0.0
            ],
            [
                0.0,
                0.0
            ],
            [
                0.0,
                0.0
            ],
            [
                0.0,
                0.0
            ],
            [
                0.0,
                0.0
            ],
            [
                0.0,
                0.0
            ],
            [
                0.0,
                0.0
            ],
            [
                0.0,
                0.0
            ],
            [
                0.0,
                0.0
            ]
        ],
        "channel": 0
    },
    {
        "type": "Spine",
        "location": [
            424,
            181
        ],
        "radloc": [
            0,
            0
        ],
        "mean": [
            36.594339622641506,
            41.5,
            58.490566037735846,
            53.528301886792455,
            31.87735849056604,
            53.85849056603774,
            52.405660377358494,
            51.113207547169814
        ],
        "min": [
            6,
            5,
            10,
            11,
            5,
            11,
            7,
            5
        ],
        "max": [
            137,
            160,
            156,
            137,
            84,
            144,
            151,
            154
        ],
        "RawIntDen": [
            3879,
            4399,
            6200,
            5674,
            3379,
            5709,
            5555,
            5418
        ],
        "IntDen": [
            3276.0990998087727,
            3715.277117829026,
            5236.353291779941,
            4792.1078350902235,
            2853.812544020068,
            4821.667893995433,
            4691.603634812512,
            4575.897118526407
        ],
        "FlagUp": 0,
        "Times": [
            -15,
            -10,
            -5,
            2,
            10,
            20,
            30,
            40
        ],
        "width": 0,
        "height": 0,
        "area": 0.8445731115774099,
        "distance": -1.9768233907138009,
        "xpert": [
            [
                424.0,
                189.2
            ],
            [
                416.6,
                188.4
            ],
            [
                416.2,
                181.0
            ],
            [
                420.8,
                177.8
            ],
            [
                424.0,
                176.0
            ],
            [
                427.2,
                177.8
            ],
            [
                429.0,
                181.0
            ],
            [
                430.6,
                187.6
            ],
            [
                424.0,
                189.2
            ],
            [
                424.0,
                189.2
            ]
        ],
        "stack": 0,
        "shift": [
            [
                0.0,
                0.0
            ],
            [
                0.0,
                0.0
            ],
            [
                0.0,
                0.0
            ],
            [
                0.0,
                0.0
            ],
            [
                0.0,
                0.0
            ],
            [
                0.0,
                0.0
            ],
            [
                0.0,
                0.0
            ],
            [
                0.0,
                0.0
            ],
            [
                0.0,
                0.0
            ]
        ],
        "channel": 0
    },
    {
        "type": "Spine",
        "location": [
            371,
            185
        ],
        "radloc": [
            0,
            0
        ],
        "mean": [
            70.58558558558559,
            76.6036036036036,
            80.55855855855856,
            62.414414414414416,
            63.450450450450454,
            58.03603603603604,
            84.61261261261261,
            88.52252252252252
        ],
        "min": [
            11,
            12,
            12,
            13,
            12,
            16,
            15,
            18
        ],
        "max": [
            151,
            185,
            170,
            154,
            147,
            157,
            170,
            198
        ],
        "RawIntDen": [
            7835,
            8503,
            8942,
            6928,
            7043,
            6442,
            9392,
            9826
        ],
        "IntDen": [
            6650.9082500353015,
            7217.954416088088,
            7590.609007251521,
            5880.981794032491,
            5978.602017230201,
            5468.430242083908,
            7972.601184981691,
            8341.01141861479
        ],
        "FlagUp": 0,
        "Times": [
            -15,
            -10,
            -5,
            2,
            10,
            20,
            30,
            40
        ],
        "width": 0,
        "height": 0,
        "area": 0.8488715060670455,
        "distance": -0.8340121844417303,
        "xpert": [
            [
                371.0,
                193.8
            ],
            [
                365.2,
                190.8
            ],
            [
                366.0,
                185.0
            ],
            [
                368.0,
                182.0
            ],
            [
                371.0,
                180.2
            ],
            [
                374.8,
                181.2
            ],
            [
                378.4,
                185.0
            ],
            [
                378.2,
                192.2
            ],
            [
                371.0,
                193.8
            ],
            [
                371.0,
                193.8
            ]
        ],
        "stack": 0,
        "shift": [
            [
                0.0,
                0.0
            ],
            [
                0.0,
                0.0
            ],
            [
                0.0,
                0.0
            ],
            [
                0.0,
                0.0
            ],
            [
                0.0,
                0.0
            ],
            [
                0.0,
                0.0
            ],
            [
                0.0,
                0.0
            ],
            [
                0.0,
                0.0
            ],
            [
                0.0,
                0.0
            ]
        ],
        "channel": 0
    },
    {
        "type": "Spine",
        "location": [
            540,
            181
        ],
        "radloc": [
            0,
            0
        ],
        "mean": [
            21.704225352112676,
            28.64788732394366,
            28.6056338028169,
            23.774647887323944,
            26.070422535211268,
            51.985915492957744,
            71.45070422535211,
            43.985915492957744
        ],
        "min": [
            3,
            5,
            3,
            7,
            6,
            7,
            18,
            6
        ],
        "max": [
            94,
            127,
            129,
            115,
            101,
            224,
            141,
            155
        ],
        "RawIntDen": [
            1541,
            2034,
            2031,
            1688,
            1851,
            3691,
            5073,
            3123
        ],
        "IntDen": [
            817.6639953652282,
            1079.2528011504698,
            1077.6609828596875,
            895.6630916135659,
            982.1518854127432,
            1958.4671037592843,
            2691.764729713045,
            1657.0828407044824
        ],
        "FlagUp": 0,
        "Times": [
            -15,
            -10,
            -5,
            2,
            10,
            20,
            30,
            40
        ],
        "width": 0,
        "height": 0,
        "area": 0.530606096927468,
        "distance": -2.267694078103975,
        "xpert": [
            [
                540.0,
                187.2
            ],
            [
                535.2,
                185.8
            ],
            [
                535.2,
                181.0
            ],
            [
                537.0,
                178.0
            ],
            [
                540.0,
                176.6
            ],
            [
                543.2,
                177.8
            ],
            [
                545.6,
                181.0
            ],
            [
                546.0,
                187.0
            ],
            [
                540.0,
                187.2
            ],
            [
                540.0,
                187.2
            ]
        ],
        "stack": 0,
        "shift": [
            [
                0.0,
                0.0
            ],
            [
                0.0,
                0.0
            ],
            [
                0.0,
                0.0
            ],
            [
                0.0,
                0.0
            ],
            [
                0.0,
                0.0
            ],
            [
                0.0,
                0.0
            ],
            [
                0.0,
                0.0
            ],
            [
                0.0,
                0.0
            ],
            [
                0.0,
                0.0
            ]
        ],
        "channel": 0
    },
    {
        "type": "Spine",
        "location": [
            560,
            183
        ],
        "radloc": [
            0,
            0
        ],
        "mean": [
            64.80459770114942,
            71.13793103448276,
            89.6896551724138,
            79.40229885057471,
            106.42528735632185,
            113.06896551724138,
            131.70114942528735,
            119.73563218390805
        ],
        "min": [
            5,
            10,
            8,
            13,
            22,
            18,
            46,
            36
        ],
        "max": [
            197,
            221,
            238,
            248,
            214,
            240,
            240,
            220
        ],
        "RawIntDen": [
            5638,
            6189,
            7803,
            6908,
            9259,
            9837,
            11458,
            10417
        ],
        "IntDen": [
            3201.3573883103186,
            3514.225057866719,
            4430.683167964778,
            3922.486136652657,
            5257.426047954104,
            5585.624801136681,
            6506.057636619303,
            5914.959190143418
        ],
        "FlagUp": 0,
        "Times": [
            -15,
            -10,
            -5,
            2,
            10,
            20,
            30,
            40
        ],
        "width": 0,
        "height": 0,
        "area": 0.5678179120805815,
        "distance": -3.585576338579842,
        "xpert": [
            [
                560.0,
                188.2
            ],
            [
                555.0,
                188.0
            ],
            [
                554.0,
                183.0
            ],
            [
                556.0,
                179.0
            ],
            [
                560.0,
                177.8
            ],
            [
                564.8,
                178.2
            ],
            [
                566.6,
                183.0
            ],
            [
                565.2,
                188.2
            ],
            [
                560.0,
                188.2
            ],
            [
                560.0,
                188.2
            ]
        ],
        "stack": 0,
        "shift": [
            [
                0.0,
                0.0
            ],
            [
                0.0,
                0.0
            ],
            [
                0.0,
                0.0
            ],
            [
                0.0,
                0.0
            ],
            [
                0.0,
                0.0
            ],
            [
                0.0,
                0.0
            ],
            [
                0.0,
                0.0
            ],
            [
                0.0,
                0.0
            ],
            [
                0.0,
                0.0
            ]
        ],
        "channel": 0
    },
    {
        "type": "Spine",
        "location": [
            847,
            206
        ],
        "radloc": [
            0,
            0
        ],
        "mean": [
            110.07826086956521,
            127.50434782608696,
            143.59130434782608,
            128.49565217391304,
            97.17391304347827,
            74.78260869565217,
            46.52173913043478,
            32.85217391304348
        ],
        "min": [
            30,
            37,
            52,
            29,
            13,
            12,
            6,
            6
        ],
        "max": [
            186,
            228,
            243,
            254,
            217,
            231,
            210,
            179
        ],
        "RawIntDen": [
            12659,
            14663,
            16513,
            14777,
            11175,
            8600,
            5350,
            3778
        ],
        "IntDen": [
            9943.655768570066,
            11517.799552456187,
            12970.976199257248,
            11607.34665393474,
            8777.972447568567,
            6755.307655399523,
            4202.429762370633,
            2967.622363034814
        ],
        "FlagUp": 0,
        "Times": [
            -15,
            -10,
            -5,
            2,
            10,
            20,
            30,
            40
        ],
        "width": 0,
        "height": 0,
        "area": 0.7855008901627353,
        "distance": 1.2519881474520738,
        "xpert": [
            [
                847.0,
                212.8
            ],
            [
                842.4,
                210.6
            ],
            [
                841.0,
                206.0
            ],
            [
                841.0,
                200.0
            ],
            [
                847.0,
                199.8
            ],
            [
                853.2,
                199.8
            ],
            [
                854.0,
                206.0
            ],
            [
                852.4,
                211.4
            ],
            [
                847.0,
                212.8
            ],
            [
                847.0,
                212.8
            ]
        ],
        "stack": 0,
        "shift": [
            [
                0.0,
                0.0
            ],
            [
                0.0,
                0.0
            ],
            [
                0.0,
                0.0
            ],
            [
                0.0,
                0.0
            ],
            [
                0.0,
                0.0
            ],
            [
                0.0,
                0.0
            ],
            [
                0.0,
                0.0
            ],
            [
                0.0,
                0.0
            ],
            [
                0.0,
                0.0
            ]
        ],
        "channel": 0
    },
    {
        "type": "Spine",
        "location": [
            969,
            195
        ],
        "radloc": [
            0,
            0
        ],
        "mean": [
            61.050561797752806,
            69.2247191011236,
            86.73033707865169,
            88.63483146067416,
            83.50561797752809,
            85.8314606741573,
            114.01123595505618,
            120.62921348314607
        ],
        "min": [
            3,
            3,
            5,
            3,
            7,
            18,
            24,
            24
        ],
        "max": [
            212,
            233,
            255,
            239,
            245,
            221,
            205,
            232
        ],
        "RawIntDen": [
            10867,
            12322,
            15438,
            15777,
            14864,
            15278,
            20294,
            21472
        ],
        "IntDen": [
            21055.160450691143,
            23874.26953836535,
            29911.619309631904,
            30568.442664079706,
            28799.47593071438,
            29601.61418658869,
            39320.27479399338,
            41602.68751239903
        ],
        "FlagUp": 0,
        "Times": [
            -15,
            -10,
            -5,
            2,
            10,
            20,
            30,
            40
        ],
        "width": 0,
        "height": 0,
        "area": 1.937532019020074,
        "distance": 9.372952642239866,
        "xpert": [
            [
                969.0,
                210.8
            ],
            [
                959.8,
                204.2
            ],
            [
                963.6,
                195.0
            ],
            [
                964.4,
                190.4
            ],
            [
                969.0,
                188.4
            ],
            [
                973.4,
                190.6
            ],
            [
                978.6,
                195.0
            ],
            [
                976.0,
                202.0
            ],
            [
                969.0,
                210.8
            ],
            [
                969.0,
                210.8
            ]
        ],
        "stack": 0,
        "shift": [
            [
                0.0,
                0.0
            ],
            [
                0.0,
                0.0
            ],
            [
                0.0,
                0.0
            ],
            [
                0.0,
                0.0
            ],
            [
                0.0,
                0.0
            ],
            [
                0.0,
                0.0
            ],
            [
                0.0,
                0.0
            ],
            [
                0.0,
                0.0
            ],
            [
                0.0,
                0.0
            ]
        ],
        "channel": 0
    }
]