[
    {
        "type": "Stim",
        "location": [
            481,
            248
        ],
        "radloc": [
            0,
            0
        ],
        "mean": [
            64.83333333333333,
            61.57971014492754,
            69.67391304347827,
            70.6231884057971,
            72.4927536231884,
            55.833333333333336,
            75.3695652173913,
            64.20289855072464
        ],
        "min": [
            12,
            10,
            13,
            17,
            24,
            15,
            14,
            12
        ],
        "max": [
            161,
            147,
            179,
            165,
            176,
            143,
            185,
            143
        ],
        "RawIntDen": [
            8947,
            8498,
            9615,
            9746,
            10004,
            7705,
            10401,
            8860
        ],
        "IntDen": [
            5361.048753305452,
            5092.007634468508,
            5761.314827655295,
            5839.810120678992,
            5994.403903885966,
            4616.841471355595,
            6232.286585797475,
            5308.918291526356
        ],
        "FlagUp": 0,
        "Times": [
            -15,
            -10,
            -5,
            2,
            10,
            20,
            30,
            40
        ],
        "width": 0,
        "height": 0,
        "area": [
            0.5992007101045549,
            0.5992007101045549,
            0.5992007101045549,
            0.5992007101045549,
            0.5992007101045549,
            0.5992007101045549,
            0.5992007101045549,
            0.5992007101045549
        ],
        "distance": 0,
        "xpert": [
            [
                481.0,
                257.4
            ],
            [
                475.4,
                253.6
            ],
            [
                474.0,
                248.0
            ],
            [
                475.6,
                242.6
            ],
            [
                481.0,
                240.6
            ],
            [
                486.0,
                243.0
            ],
            [
                486.0,
                248.0
            ],
            [
                484.4,
                251.4
            ]
        ],
        "stack": 0,
        "shift": [
            [
                0,
                0
            ],
            [
                1,
                0
            ],
            [
                0,
                0
            ],
            [
                0,
                0
            ],
            [
                -1,
                0
            ],
            [
                -1,
                0
            ],
            [
                -2,
                0
            ],
            [
                -2,
                0
            ]
        ],
        "channel": 0
    },
    {
        "type": "Stim",
        "location": [
            330,
            236
        ],
        "radloc": [
            0,
            0
        ],
        "mean": [
            72.04430379746836,
            67.70886075949367,
            73.65189873417721,
            128.79113924050634,
            94.69620253164557,
            79.25949367088607,
            81.25949367088607,
            91.75316455696202
        ],
        "min": [
            15,
            13,
            20,
            36,
            25,
            19,
            19,
            19
        ],
        "max": [
            162,
            179,
            174,
            243,
            222,
            147,
            165,
            184
        ],
        "RawIntDen": [
            11383,
            10698,
            11637,
            20349,
            14962,
            12523,
            12839,
            14497
        ],
        "IntDen": [
            7809.209173427415,
            7339.27081940846,
            7983.4636871804305,
            13960.25630063028,
            10264.551318002372,
            8591.296361137796,
            8808.085441239971,
            9945.542070383664
        ],
        "FlagUp": 0,
        "Times": [
            -15,
            -10,
            -5,
            2,
            10,
            20,
            30,
            40
        ],
        "width": 0,
        "height": 0,
        "area": [
            0.6860413927284034,
            0.6860413927284034,
            0.6860413927284034,
            0.6860413927284034,
            0.6860413927284034,
            0.6860413927284034,
            0.6860413927284034,
            0.6860413927284034
        ],
        "distance": 0,
        "xpert": [
            [
                330.0,
                242.8
            ],
            [
                324.0,
                242.0
            ],
            [
                322.0,
                236.0
            ],
            [
                324.8,
                230.8
            ],
            [
                330.0,
                230.4
            ],
            [
                334.8,
                231.2
            ],
            [
                337.6,
                236.0
            ],
            [
                336.6,
                242.6
            ]
        ],
        "stack": 0,
        "shift": [
            [
                0,
                0
            ],
            [
                1,
                0
            ],
            [
                1,
                0
            ],
            [
                1,
                0
            ],
            [
                3,
                0
            ],
            [
                1,
                0
            ],
            [
                1,
                0
            ],
            [
                1,
                0
            ]
        ],
        "channel": 0
    },
    {
        "type": "Stim",
        "location": [
            344,
            273
        ],
        "radloc": [
            0,
            0
        ],
        "mean": [
            54.83888888888889,
            48.66111111111111,
            71.57777777777778,
            91.37222222222222,
            65.82222222222222,
            78.21666666666667,
            84.91111111111111,
            87.48333333333333
        ],
        "min": [
            11,
            12,
            12,
            15,
            8,
            25,
            14,
            9
        ],
        "max": [
            132,
            110,
            165,
            183,
            174,
            162,
            191,
            166
        ],
        "RawIntDen": [
            9871,
            8759,
            12884,
            16447,
            11848,
            14079,
            15284,
            15747
        ],
        "IntDen": [
            7714.83940362008,
            6845.737851920603,
            10069.69819433098,
            12854.41836402993,
            9259.995669546217,
            11003.66973595047,
            11945.456939006108,
            12307.322063499685
        ],
        "FlagUp": 0,
        "Times": [
            -15,
            -10,
            -5,
            2,
            10,
            20,
            30,
            40
        ],
        "width": 0,
        "height": 0,
        "area": [
            0.7815661436146368,
            0.7815661436146368,
            0.7815661436146368,
            0.7815661436146368,
            0.7815661436146368,
            0.7815661436146368,
            0.7815661436146368,
            0.7815661436146368
        ],
        "distance": 0,
        "xpert": [
            [
                344.0,
                281.0
            ],
            [
                337.8,
                279.2
            ],
            [
                337.0,
                273.0
            ],
            [
                337.6,
                266.6
            ],
            [
                344.0,
                263.4
            ],
            [
                349.4,
                267.6
            ],
            [
                351.6,
                273.0
            ],
            [
                348.6,
                277.6
            ]
        ],
        "stack": 0,
        "shift": [
            [
                0,
                0
            ],
            [
                0,
                0
            ],
            [
                0,
                0
            ],
            [
                0,
                0
            ],
            [
                1,
                0
            ],
            [
                2,
                0
            ],
            [
                2,
                0
            ],
            [
                2,
                0
            ]
        ],
        "channel": 0
    },
    {
        "type": "Stim",
        "location": [
            372,
            250
        ],
        "radloc": [
            0,
            0
        ],
        "mean": [
            55.46456692913386,
            59.20472440944882,
            59.70866141732284,
            110.10236220472441,
            90.2992125984252,
            89.89763779527559,
            96.85039370078741,
            103.51968503937007
        ],
        "min": [
            13,
            12,
            12,
            12,
            28,
            21,
            26,
            39
        ],
        "max": [
            130,
            120,
            129,
            231,
            174,
            161,
            188,
            191
        ],
        "RawIntDen": [
            7044,
            7519,
            7583,
            13983,
            11468,
            11417,
            12300,
            13147
        ],
        "IntDen": [
            3884.3316293551707,
            4146.264838319354,
            4181.556891737686,
            7710.76223357089,
            6323.894821897373,
            6295.771466829639,
            6782.69151633569,
            7249.759785793927
        ],
        "FlagUp": 0,
        "Times": [
            -15,
            -10,
            -5,
            2,
            10,
            20,
            30,
            40
        ],
        "width": 0,
        "height": 0,
        "area": [
            0.5514383346614382,
            0.5514383346614382,
            0.5514383346614382,
            0.5514383346614382,
            0.5514383346614382,
            0.5514383346614382,
            0.5514383346614382,
            0.5514383346614382
        ],
        "distance": 0,
        "xpert": [
            [
                372.0,
                256.4
            ],
            [
                368.2,
                253.8
            ],
            [
                364.6,
                250.0
            ],
            [
                367.0,
                245.0
            ],
            [
                372.0,
                242.0
            ],
            [
                377.0,
                245.0
            ],
            [
                377.8,
                250.0
            ],
            [
                376.6,
                254.6
            ]
        ],
        "stack": 0,
        "shift": [
            [
                0,
                0
            ],
            [
                0,
                0
            ],
            [
                -1,
                0
            ],
            [
                -1,
                0
            ],
            [
                -1,
                0
            ],
            [
                0,
                0
            ],
            [
                0,
                0
            ],
            [
                0,
                0
            ]
        ],
        "channel": 0
    },
    {
        "type": "Stim",
        "location": [
            427,
            255
        ],
        "radloc": [
            0,
            0
        ],
        "mean": [
            75.78873239436619,
            91.0,
            82.96244131455398,
            98.7699530516432,
            88.82159624413146,
            87.84037558685446,
            74.3755868544601,
            82.68544600938966
        ],
        "min": [
            18,
            28,
            21,
            25,
            19,
            16,
            9,
            18
        ],
        "max": [
            178,
            192,
            192,
            185,
            184,
            180,
            153,
            140
        ],
        "RawIntDen": [
            16143,
            19383,
            17671,
            21038,
            18919,
            18710,
            15842,
            17612
        ],
        "IntDen": [
            14929.90633670578,
            17926.430931324296,
            16343.08213318019,
            19457.063093081597,
            17497.299014070286,
            17304.004680651993,
            14651.52550245264,
            16288.515790253496
        ],
        "FlagUp": 0,
        "Times": [
            -15,
            -10,
            -5,
            2,
            10,
            20,
            30,
            40
        ],
        "width": 0,
        "height": 0,
        "area": [
            0.9248532699439869,
            0.9248532699439869,
            0.9248532699439869,
            0.9248532699439869,
            0.9248532699439869,
            0.9248532699439869,
            0.9248532699439869,
            0.9248532699439869
        ],
        "distance": 0,
        "xpert": [
            [
                427.0,
                261.4
            ],
            [
                418.2,
                263.8
            ],
            [
                417.2,
                255.0
            ],
            [
                421.0,
                249.0
            ],
            [
                427.0,
                246.8
            ],
            [
                432.8,
                249.2
            ],
            [
                436.2,
                255.0
            ],
            [
                432.6,
                260.6
            ]
        ],
        "stack": 0,
        "shift": [
            [
                0,
                0
            ],
            [
                0,
                0
            ],
            [
                -1,
                0
            ],
            [
                -1,
                0
            ],
            [
                0,
                0
            ],
            [
                0,
                0
            ],
            [
                -1,
                0
            ],
            [
                -1,
                0
            ]
        ],
        "channel": 0
    },
    {
        "type": "Stim",
        "location": [
            406,
            280
        ],
        "radloc": [
            0,
            0
        ],
        "mean": [
            83.75483870967741,
            71.2258064516129,
            85.27741935483871,
            116.09677419354838,
            102.76774193548387,
            130.56774193548387,
            118.4258064516129,
            103.7741935483871
        ],
        "min": [
            11,
            11,
            12,
            42,
            43,
            61,
            43,
            32
        ],
        "max": [
            207,
            181,
            200,
            192,
            163,
            190,
            194,
            170
        ],
        "RawIntDen": [
            12982,
            11040,
            13218,
            17995,
            15929,
            20238,
            18356,
            16085
        ],
        "IntDen": [
            8737.084499126713,
            7430.08880529648,
            8895.916107645731,
            12110.910149575197,
            10720.460559743446,
            13620.483445796212,
            12353.868669386067,
            10825.450945035678
        ],
        "FlagUp": 0,
        "Times": [
            -15,
            -10,
            -5,
            2,
            10,
            20,
            30,
            40
        ],
        "width": 0,
        "height": 0,
        "area": [
            0.6730152903348261,
            0.6730152903348261,
            0.6730152903348261,
            0.6730152903348261,
            0.6730152903348261,
            0.6730152903348261,
            0.6730152903348261,
            0.6730152903348261
        ],
        "distance": 0,
        "xpert": [
            [
                406.0,
                285.8
            ],
            [
                402.4,
                283.6
            ],
            [
                400.2,
                280.0
            ],
            [
                398.8,
                272.8
            ],
            [
                406.0,
                271.4
            ],
            [
                410.6,
                275.4
            ],
            [
                414.6,
                280.0
            ],
            [
                412.2,
                286.2
            ]
        ],
        "stack": 0,
        "shift": [
            [
                0,
                0
            ],
            [
                0,
                0
            ],
            [
                -1,
                0
            ],
            [
                -1,
                0
            ],
            [
                -2,
                0
            ],
            [
                -2,
                0
            ],
            [
                -2,
                0
            ],
            [
                -2,
                0
            ]
        ],
        "channel": 0
    },
    {
        "type": "Stim",
        "location": [
            434,
            290
        ],
        "radloc": [
            0,
            0
        ],
        "mean": [
            59.412121212121214,
            50.8,
            47.95151515151515,
            89.82424242424243,
            68.44242424242424,
            65.0,
            69.04848484848485,
            73.93333333333334
        ],
        "min": [
            15,
            10,
            12,
            25,
            16,
            10,
            16,
            14
        ],
        "max": [
            162,
            123,
            117,
            166,
            174,
            167,
            160,
            195
        ],
        "RawIntDen": [
            9803,
            8382,
            7912,
            14821,
            11293,
            10725,
            11393,
            12199
        ],
        "IntDen": [
            7023.218497033094,
            6005.163464463061,
            5668.438717589089,
            10618.292496636488,
            8090.707588186752,
            7683.772149411398,
            8162.351151351427,
            8739.798270458708
        ],
        "FlagUp": 0,
        "Times": [
            -15,
            -10,
            -5,
            2,
            10,
            20,
            30,
            40
        ],
        "width": 0,
        "height": 0,
        "area": [
            0.7164356316467504,
            0.7164356316467504,
            0.7164356316467504,
            0.7164356316467504,
            0.7164356316467504,
            0.7164356316467504,
            0.7164356316467504,
            0.7164356316467504
        ],
        "distance": 0,
        "xpert": [
            [
                434.0,
                296.0
            ],
            [
                429.4,
                294.6
            ],
            [
                428.0,
                290.0
            ],
            [
                425.0,
                281.0
            ],
            [
                434.0,
                282.2
            ],
            [
                439.6,
                284.4
            ],
            [
                441.0,
                290.0
            ],
            [
                440.0,
                296.0
            ]
        ],
        "stack": 0,
        "shift": [
            [
                0,
                0
            ],
            [
                -1,
                0
            ],
            [
                -2,
                0
            ],
            [
                -2,
                0
            ],
            [
                -3,
                0
            ],
            [
                -3,
                0
            ],
            [
                -3,
                0
            ],
            [
                -3,
                0
            ]
        ],
        "channel": 0
    },
    {
        "type": "Spine",
        "location": [
            348,
            237
        ],
        "radloc": [
            0,
            0
        ],
        "mean": [
            62.12637362637363,
            75.68681318681318,
            62.9010989010989,
            85.04945054945055,
            77.50549450549451,
            82.98351648351648,
            84.14835164835165,
            90.05494505494505
        ],
        "min": [
            10,
            11,
            12,
            16,
            13,
            9,
            18,
            21
        ],
        "max": [
            160,
            171,
            142,
            194,
            168,
            214,
            204,
            201
        ],
        "RawIntDen": [
            11307,
            13775,
            11448,
            15479,
            14106,
            15103,
            15315,
            16390
        ],
        "IntDen": [
            8935.359145693483,
            10885.696668605973,
            9046.784425568143,
            12232.283029644417,
            11147.269488737267,
            11935.148949978658,
            12102.681994896586,
            12952.200972664385
        ],
        "FlagUp": 0,
        "Times": [
            -15,
            -10,
            -5,
            2,
            10,
            20,
            30,
            40
        ],
        "width": 0,
        "height": 0,
        "area": [
            0.7902502118770216,
            0.7902502118770216,
            0.7902502118770216,
            0.7902502118770216,
            0.7902502118770216,
            0.7902502118770216,
            0.7902502118770216,
            0.7902502118770216
        ],
        "distance": -0.07811733635008761,
        "xpert": [
            [
                348.0,
                246.0
            ],
            [
                339.6,
                245.4
            ],
            [
                341.2,
                237.0
            ],
            [
                343.0,
                232.0
            ],
            [
                348.0,
                229.0
            ],
            [
                354.0,
                231.0
            ],
            [
                354.2,
                237.0
            ],
            [
                352.6,
                241.6
            ]
        ],
        "stack": 0,
        "shift": [
            [
                0,
                0
            ],
            [
                0,
                0
            ],
            [
                -1,
                0
            ],
            [
                -1,
                0
            ],
            [
                -1,
                0
            ],
            [
                -2,
                0
            ],
            [
                -1,
                0
            ],
            [
                -1,
                0
            ]
        ],
        "channel": 0
    },
    {
        "type": "Spine",
        "location": [
            285,
            222
        ],
        "radloc": [
            0,
            0
        ],
        "mean": [
            68.17791411042944,
            76.1042944785276,
            65.95092024539878,
            49.98159509202454,
            69.59509202453988,
            63.61349693251534,
            71.52760736196319,
            51.13496932515337
        ],
        "min": [
            14,
            17,
            8,
            8,
            10,
            10,
            7,
            6
        ],
        "max": [
            157,
            174,
            189,
            127,
            144,
            169,
            163,
            124
        ],
        "RawIntDen": [
            11113,
            12405,
            10750,
            8147,
            11344,
            10369,
            11659,
            8335
        ],
        "IntDen": [
            7865.243123890454,
            8779.658143783054,
            7608.329306381929,
            5766.051986892426,
            8028.733735032242,
            7338.675960732486,
            8251.675477498318,
            5899.109280808687
        ],
        "FlagUp": 0,
        "Times": [
            -15,
            -10,
            -5,
            2,
            10,
            20,
            30,
            40
        ],
        "width": 0,
        "height": 0,
        "area": [
            0.7077515633843655,
            0.7077515633843655,
            0.7077515633843655,
            0.7077515633843655,
            0.7077515633843655,
            0.7077515633843655,
            0.7077515633843655,
            0.7077515633843655
        ],
        "distance": 2.9652350860706918,
        "xpert": [
            [
                285.0,
                233.4
            ],
            [
                279.8,
                227.2
            ],
            [
                279.2,
                222.0
            ],
            [
                280.2,
                217.2
            ],
            [
                285.0,
                214.0
            ],
            [
                292.6,
                214.4
            ],
            [
                290.6,
                222.0
            ],
            [
                290.8,
                227.8
            ]
        ],
        "stack": 0,
        "shift": [
            [
                0,
                0
            ],
            [
                0,
                0
            ],
            [
                1,
                0
            ],
            [
                1,
                0
            ],
            [
                0,
                0
            ],
            [
                1,
                0
            ],
            [
                1,
                0
            ],
            [
                1,
                0
            ]
        ],
        "channel": 0
    },
    {
        "type": "Spine",
        "location": [
            275,
            244
        ],
        "radloc": [
            0,
            0
        ],
        "mean": [
            112.25210084033614,
            83.03361344537815,
            93.21008403361344,
            83.31932773109244,
            86.6890756302521,
            77.7983193277311,
            94.57142857142857,
            93.0672268907563
        ],
        "min": [
            43,
            28,
            17,
            20,
            19,
            23,
            29,
            29
        ],
        "max": [
            210,
            190,
            229,
            212,
            206,
            193,
            235,
            218
        ],
        "RawIntDen": [
            13358,
            9881,
            11092,
            9915,
            10316,
            9258,
            11254,
            11075
        ],
        "IntDen": [
            6902.106139011744,
            5105.533070787172,
            5731.259267399181,
            5123.100940881976,
            5330.298467588347,
            4783.627686402959,
            5814.965001380308,
            5722.475332351779
        ],
        "FlagUp": 0,
        "Times": [
            -15,
            -10,
            -5,
            2,
            10,
            20,
            30,
            40
        ],
        "width": 0,
        "height": 0,
        "area": [
            0.5167020616118988,
            0.5167020616118988,
            0.5167020616118988,
            0.5167020616118988,
            0.5167020616118988,
            0.5167020616118988,
            0.5167020616118988,
            0.5167020616118988
        ],
        "distance": 3.6241762163086233,
        "xpert": [
            [
                275.0,
                250.2
            ],
            [
                269.2,
                249.8
            ],
            [
                268.6,
                244.0
            ],
            [
                270.4,
                239.4
            ],
            [
                275.0,
                238.6
            ],
            [
                279.6,
                239.4
            ],
            [
                280.4,
                244.0
            ],
            [
                280.0,
                249.0
            ]
        ],
        "stack": 0,
        "shift": [
            [
                0,
                0
            ],
            [
                0,
                -5
            ],
            [
                1,
                -5
            ],
            [
                2,
                -5
            ],
            [
                1,
                -5
            ],
            [
                1,
                -6
            ],
            [
                1,
                -6
            ],
            [
                3,
                -6
            ]
        ],
        "channel": 0
    },
    {
        "type": "Spine",
        "location": [
            261,
            239
        ],
        "radloc": [
            0,
            0
        ],
        "mean": [
            44.93150684931507,
            42.26712328767123,
            35.56164383561644,
            39.602739726027394,
            48.23972602739726,
            12.363013698630137,
            11.705479452054794,
            12.657534246575343
        ],
        "min": [
            11,
            13,
            10,
            9,
            12,
            6,
            4,
            6
        ],
        "max": [
            103,
            98,
            94,
            84,
            130,
            29,
            22,
            29
        ],
        "RawIntDen": [
            6560,
            6171,
            5192,
            5782,
            7043,
            1805,
            1709,
            1848
        ],
        "IntDen": [
            4158.626609490859,
            3912.0251230439158,
            3291.4008165360574,
            3665.423636596973,
            4464.818172354286,
            1144.25625459314,
            1083.398304210347,
            1171.5155448687663
        ],
        "FlagUp": 0,
        "Times": [
            -15,
            -10,
            -5,
            2,
            10,
            20,
            30,
            40
        ],
        "width": 0,
        "height": 0,
        "area": [
            0.6339369831540943,
            0.6339369831540943,
            0.6339369831540943,
            0.6339369831540943,
            0.6339369831540943,
            0.6339369831540943,
            0.6339369831540943,
            0.6339369831540943
        ],
        "distance": 4.333529322494027,
        "xpert": [
            [
                261.0,
                245.4
            ],
            [
                255.4,
                244.6
            ],
            [
                253.6,
                239.0
            ],
            [
                257.2,
                235.2
            ],
            [
                261.0,
                234.0
            ],
            [
                267.0,
                233.0
            ],
            [
                268.8,
                239.0
            ],
            [
                267.2,
                245.2
            ]
        ],
        "stack": 0,
        "shift": [
            [
                0,
                0
            ],
            [
                0,
                0
            ],
            [
                1,
                0
            ],
            [
                1,
                0
            ],
            [
                0,
                0
            ],
            [
                0,
                -23
            ],
            [
                0,
                -23
            ],
            [
                2,
                -23
            ]
        ],
        "channel": 0
    },
    {
        "type": "Spine",
        "location": [
            283,
            279
        ],
        "radloc": [
            0,
            0
        ],
        "mean": [
            48.19375,
            53.09375,
            50.56875,
            47.98125,
            68.66875,
            71.5375,
            53.65625,
            66.1375
        ],
        "min": [
            7,
            10,
            12,
            10,
            14,
            12,
            11,
            13
        ],
        "max": [
            108,
            160,
            121,
            121,
            143,
            163,
            110,
            125
        ],
        "RawIntDen": [
            7711,
            8495,
            8091,
            7677,
            10987,
            11446,
            8585,
            10582
        ],
        "IntDen": [
            5357.028029699968,
            5901.692791116746,
            5621.0237048764675,
            5333.407364026281,
            7632.9486399057905,
            7951.8276265005625,
            5964.2180826059175,
            7351.584828204521
        ],
        "FlagUp": 0,
        "Times": [
            -15,
            -10,
            -5,
            2,
            10,
            20,
            30,
            40
        ],
        "width": 0,
        "height": 0,
        "area": [
            0.6947254609907882,
            0.6947254609907882,
            0.6947254609907882,
            0.6947254609907882,
            0.6947254609907882,
            0.6947254609907882,
            0.6947254609907882,
            0.6947254609907882
        ],
        "distance": 3.097023312118278,
        "xpert": [
            [
                283.0,
                285.6
            ],
            [
                278.0,
                284.0
            ],
            [
                277.0,
                279.0
            ],
            [
                277.6,
                273.6
            ],
            [
                283.0,
                268.8
            ],
            [
                289.2,
                272.8
            ],
            [
                289.2,
                279.0
            ],
            [
                288.4,
                284.4
            ]
        ],
        "stack": 0,
        "shift": [
            [
                0,
                0
            ],
            [
                0,
                0
            ],
            [
                -1,
                0
            ],
            [
                -1,
                0
            ],
            [
                -2,
                0
            ],
            [
                -2,
                0
            ],
            [
                -2,
                0
            ],
            [
                -2,
                0
            ]
        ],
        "channel": 0
    },
    {
        "type": "Spine",
        "location": [
            149,
            288
        ],
        "radloc": [
            0,
            0
        ],
        "mean": [
            30.01840490797546,
            38.54601226993865,
            38.171779141104295,
            32.190184049079754,
            30.25153374233129,
            31.539877300613497,
            33.736196319018404,
            50.09815950920245
        ],
        "min": [
            8,
            8,
            5,
            6,
            9,
            8,
            7,
            9
        ],
        "max": [
            63,
            102,
            94,
            84,
            86,
            78,
            93,
            118
        ],
        "RawIntDen": [
            4893,
            6283,
            6222,
            5247,
            4931,
            5141,
            5499,
            8166
        ],
        "IntDen": [
            3463.0283996397006,
            4446.803072743968,
            4403.630227377523,
            3713.572453077766,
            3489.9229590483064,
            3638.550787359023,
            3891.925847050626,
            5779.499266596729
        ],
        "FlagUp": 0,
        "Times": [
            -15,
            -10,
            -5,
            2,
            10,
            20,
            30,
            40
        ],
        "width": 0,
        "height": 0,
        "area": [
            0.7077515633843655,
            0.7077515633843655,
            0.7077515633843655,
            0.7077515633843655,
            0.7077515633843655,
            0.7077515633843655,
            0.7077515633843655,
            0.7077515633843655
        ],
        "distance": 12.790884085891747,
        "xpert": [
            [
                149.0,
                301.0
            ],
            [
                144.0,
                293.0
            ],
            [
                143.8,
                288.0
            ],
            [
                143.4,
                282.4
            ],
            [
                149.0,
                278.4
            ],
            [
                153.0,
                284.0
            ],
            [
                155.2,
                288.0
            ],
            [
                153.6,
                292.6
            ]
        ],
        "stack": 0,
        "shift": [
            [
                0,
                0
            ],
            [
                0,
                0
            ],
            [
                2,
                0
            ],
            [
                2,
                0
            ],
            [
                0,
                0
            ],
            [
                -1,
                0
            ],
            [
                -2,
                0
            ],
            [
                -3,
                0
            ]
        ],
        "channel": 0
    },
    {
        "type": "Spine",
        "location": [
            107,
            287
        ],
        "radloc": [
            0,
            0
        ],
        "mean": [
            54.30327868852459,
            62.032786885245905,
            57.5655737704918,
            51.5655737704918,
            57.09016393442623,
            75.55737704918033,
            61.97540983606557,
            70.68032786885246
        ],
        "min": [
            14,
            15,
            14,
            11,
            15,
            12,
            11,
            16
        ],
        "max": [
            105,
            148,
            114,
            111,
            125,
            141,
            129,
            126
        ],
        "RawIntDen": [
            6625,
            7568,
            7023,
            6291,
            6965,
            9218,
            7561,
            8623
        ],
        "IntDen": [
            3509.4490865362786,
            4008.9827451934425,
            3720.2808958104583,
            3332.51987975845,
            3689.5566622981405,
            4883.034215802478,
            4005.2746480454043,
            4567.84595821922
        ],
        "FlagUp": 0,
        "Times": [
            -15,
            -10,
            -5,
            2,
            10,
            20,
            30,
            40
        ],
        "width": 0,
        "height": 0,
        "area": [
            0.5297281640054761,
            0.5297281640054761,
            0.5297281640054761,
            0.5297281640054761,
            0.5297281640054761,
            0.5297281640054761,
            0.5297281640054761,
            0.5297281640054761
        ],
        "distance": 15.721895994684358,
        "xpert": [
            [
                107.0,
                293.8
            ],
            [
                102.4,
                291.6
            ],
            [
                99.4,
                287.0
            ],
            [
                102.0,
                282.0
            ],
            [
                107.0,
                281.0
            ],
            [
                111.0,
                283.0
            ],
            [
                112.8,
                287.0
            ],
            [
                112.2,
                292.2
            ]
        ],
        "stack": 0,
        "shift": [
            [
                0,
                0
            ],
            [
                0,
                0
            ],
            [
                0,
                0
            ],
            [
                0,
                0
            ],
            [
                0,
                0
            ],
            [
                -1,
                0
            ],
            [
                -3,
                0
            ],
            [
                -4,
                0
            ]
        ],
        "channel": 0
    },
    {
        "type": "Spine",
        "location": [
            99,
            252
        ],
        "radloc": [
            0,
            0
        ],
        "mean": [
            49.43333333333333,
            42.46666666666667,
            56.422222222222224,
            42.78888888888889,
            53.22222222222222,
            34.32222222222222,
            33.77777777777778,
            38.46666666666667
        ],
        "min": [
            16,
            11,
            14,
            10,
            20,
            10,
            9,
            8
        ],
        "max": [
            106,
            92,
            127,
            97,
            122,
            80,
            93,
            95
        ],
        "RawIntDen": [
            4449,
            3822,
            5078,
            3851,
            4790,
            3089,
            3040,
            3462
        ],
        "IntDen": [
            1738.5938864707596,
            1493.5729004475709,
            1984.3964386375628,
            1504.9056095299832,
            1871.8509139570551,
            1207.1289088128065,
            1187.980538294248,
            1352.8909945969363
        ],
        "FlagUp": 0,
        "Times": [
            -15,
            -10,
            -5,
            2,
            10,
            20,
            30,
            40
        ],
        "width": 0,
        "height": 0,
        "area": [
            0.3907830718073184,
            0.3907830718073184,
            0.3907830718073184,
            0.3907830718073184,
            0.3907830718073184,
            0.3907830718073184,
            0.3907830718073184,
            0.3907830718073184
        ],
        "distance": 15.95848446146124,
        "xpert": [
            [
                99.0,
                257.4
            ],
            [
                94.6,
                256.4
            ],
            [
                93.6,
                252.0
            ],
            [
                95.4,
                248.4
            ],
            [
                99.0,
                247.0
            ],
            [
                102.6,
                248.4
            ],
            [
                104.8,
                252.0
            ],
            [
                104.6,
                257.6
            ]
        ],
        "stack": 0,
        "shift": [
            [
                0,
                0
            ],
            [
                0,
                0
            ],
            [
                2,
                0
            ],
            [
                1,
                0
            ],
            [
                1,
                0
            ],
            [
                0,
                0
            ],
            [
                -2,
                0
            ],
            [
                -3,
                0
            ]
        ],
        "channel": 0
    },
    {
        "type": "Spine",
        "location": [
            111,
            258
        ],
        "radloc": [
            0,
            0
        ],
        "mean": [
            46.50387596899225,
            38.2093023255814,
            32.82945736434109,
            37.42635658914729,
            36.29457364341085,
            24.62015503875969,
            22.813953488372093,
            32.44961240310077
        ],
        "min": [
            17,
            12,
            7,
            8,
            8,
            7,
            8,
            7
        ],
        "max": [
            100,
            168,
            108,
            142,
            100,
            106,
            86,
            108
        ],
        "RawIntDen": [
            5999,
            4929,
            4235,
            4828,
            4682,
            3176,
            2943,
            4186
        ],
        "IntDen": [
            3360.1742951400142,
            2760.8433240115237,
            2372.1183763823906,
            2704.2709613162174,
            2622.4930904893395,
            1778.948751686062,
            1648.4402318048112,
            2344.672378639123
        ],
        "FlagUp": 0,
        "Times": [
            -15,
            -10,
            -5,
            2,
            10,
            20,
            30,
            40
        ],
        "width": 0,
        "height": 0,
        "area": [
            0.560122402923823,
            0.560122402923823,
            0.560122402923823,
            0.560122402923823,
            0.560122402923823,
            0.560122402923823,
            0.560122402923823,
            0.560122402923823
        ],
        "distance": 15.14046086988072,
        "xpert": [
            [
                111.0,
                265.4
            ],
            [
                104.6,
                264.4
            ],
            [
                104.2,
                258.0
            ],
            [
                107.0,
                254.0
            ],
            [
                111.0,
                252.8
            ],
            [
                114.8,
                254.2
            ],
            [
                118.8,
                258.0
            ],
            [
                115.8,
                262.8
            ]
        ],
        "stack": 0,
        "shift": [
            [
                0,
                0
            ],
            [
                -2,
                0
            ],
            [
                -4,
                0
            ],
            [
                -5,
                0
            ],
            [
                -4,
                0
            ],
            [
                -5,
                0
            ],
            [
                -6,
                0
            ],
            [
                -7,
                0
            ]
        ],
        "channel": 0
    },
    {
        "type": "Spine",
        "location": [
            33,
            248
        ],
        "radloc": [
            0,
            0
        ],
        "mean": [
            61.22834645669291,
            53.30708661417323,
            47.83464566929134,
            57.55905511811024,
            43.881889763779526,
            40.960629921259844,
            39.85826771653543,
            42.41732283464567
        ],
        "min": [
            8,
            9,
            7,
            8,
            7,
            9,
            7,
            8
        ],
        "max": [
            165,
            138,
            143,
            176,
            150,
            106,
            136,
            150
        ],
        "RawIntDen": [
            7776,
            6770,
            6075,
            7310,
            5573,
            5202,
            5062,
            5387
        ],
        "IntDen": [
            4287.984490327343,
            3733.237525657936,
            3349.987883068237,
            4031.014226375113,
            3073.165839068195,
            2868.5822169088015,
            2791.3808500562,
            2970.5983088211674
        ],
        "FlagUp": 0,
        "Times": [
            -15,
            -10,
            -5,
            2,
            10,
            20,
            30,
            40
        ],
        "width": 0,
        "height": 0,
        "area": [
            0.5514383346614382,
            0.5514383346614382,
            0.5514383346614382,
            0.5514383346614382,
            0.5514383346614382,
            0.5514383346614382,
            0.5514383346614382,
            0.5514383346614382
        ],
        "distance": 21.47041053343757,
        "xpert": [
            [
                33.0,
                256.4
            ],
            [
                28.6,
                252.4
            ],
            [
                24.6,
                248.0
            ],
            [
                28.2,
                243.2
            ],
            [
                33.0,
                242.6
            ],
            [
                37.6,
                243.4
            ],
            [
                38.2,
                248.0
            ],
            [
                37.8,
                252.8
            ]
        ],
        "stack": 0,
        "shift": [
            [
                0,
                0
            ],
            [
                0,
                0
            ],
            [
                -2,
                0
            ],
            [
                -2,
                0
            ],
            [
                -4,
                0
            ],
            [
                -5,
                0
            ],
            [
                -5,
                0
            ],
            [
                -7,
                0
            ]
        ],
        "channel": 0
    },
    {
        "type": "Spine",
        "location": [
            125,
            259
        ],
        "radloc": [
            0,
            0
        ],
        "mean": [
            119.13533834586467,
            115.28571428571429,
            122.26315789473684,
            103.1203007518797,
            69.7593984962406,
            76.93233082706767,
            81.50375939849624,
            79.42105263157895
        ],
        "min": [
            26,
            30,
            24,
            19,
            9,
            11,
            12,
            17
        ],
        "max": [
            223,
            248,
            252,
            232,
            197,
            214,
            218,
            198
        ],
        "RawIntDen": [
            15845,
            15333,
            16261,
            13715,
            9278,
            10232,
            10840,
            10563
        ],
        "IntDen": [
            9150.337597562951,
            8854.662441365272,
            9390.573661973567,
            7920.282748537449,
            5357.957225004044,
            5908.883199638,
            6259.997447622745,
            6100.032568195485
        ],
        "FlagUp": 0,
        "Times": [
            -15,
            -10,
            -5,
            2,
            10,
            20,
            30,
            40
        ],
        "width": 0,
        "height": 0,
        "area": [
            0.5774905394485927,
            0.5774905394485927,
            0.5774905394485927,
            0.5774905394485927,
            0.5774905394485927,
            0.5774905394485927,
            0.5774905394485927,
            0.5774905394485927
        ],
        "distance": 14.136060581662612,
        "xpert": [
            [
                125.0,
                265.2
            ],
            [
                120.4,
                263.6
            ],
            [
                117.8,
                259.0
            ],
            [
                119.6,
                253.6
            ],
            [
                125.0,
                252.4
            ],
            [
                128.8,
                255.2
            ],
            [
                131.0,
                259.0
            ],
            [
                131.2,
                265.2
            ]
        ],
        "stack": 0,
        "shift": [
            [
                0,
                0
            ],
            [
                0,
                0
            ],
            [
                0,
                0
            ],
            [
                0,
                0
            ],
            [
                -3,
                0
            ],
            [
                -3,
                0
            ],
            [
                -4,
                0
            ],
            [
                -5,
                0
            ]
        ],
        "channel": 0
    }
]