[
    {
        "type": "Stim",
        "location": [
            172,
            232
        ],
        "radloc": [
            0,
            0
        ],
        "mean": [
            43.603960396039604,
            40.26732673267327,
            47.93069306930693,
            167.03960396039605,
            105.49009900990099,
            69.05940594059406,
            81.96534653465346,
            84.8069306930693
        ],
        "min": [
            7.0,
            7.0,
            7.0,
            34.0,
            11.0,
            8.0,
            9.0,
            9.0
        ],
        "max": [
            138.0,
            128.0,
            151.0,
            255.0,
            255.0,
            198.0,
            246.0,
            251.0
        ],
        "RawIntDen": [
            8808.0,
            8134.0,
            9682.0,
            33742.0,
            21309.0,
            13950.0,
            16557.0,
            17131.0
        ],
        "IntDen": [
            7749.568283212054,
            7156.560900958997,
            8518.542247736048,
            29687.322094929736,
            18748.359508056954,
            12273.669113397837,
            14567.393513299497,
            15072.417604417085
        ],
        "FlagUp": 0,
        "Times": [
            -15,
            -10,
            -5,
            2,
            10,
            20,
            30,
            40
        ],
        "width": 0,
        "height": 0,
        "area": 0.8798329113546837,
        "distance": 0,
        "xpert": [
            [
                172.0,
                238.2
            ],
            [
                165.8,
                238.2
            ],
            [
                163.6,
                232.0
            ],
            [
                164.8,
                224.8
            ],
            [
                172.0,
                224.0
            ],
            [
                178.4,
                225.6
            ],
            [
                179.8,
                232.0
            ],
            [
                178.2,
                238.2
            ]
        ],
        "stack": 0
    },
    {
        "type": "Spine",
        "location": [
            35,
            278
        ],
        "radloc": [
            0,
            0
        ],
        "mean": [
            41.992805755395686,
            32.014388489208635,
            29.39568345323741,
            40.30935251798561,
            34.26618705035971,
            33.54676258992806,
            32.31654676258993,
            27.8705035971223
        ],
        "min": [
            7.0,
            7.0,
            6.0,
            9.0,
            9.0,
            7.0,
            7.0,
            5.0
        ],
        "max": [
            95.0,
            77.0,
            63.0,
            117.0,
            89.0,
            93.0,
            73.0,
            82.0
        ],
        "RawIntDen": [
            5837.0,
            4450.0,
            4086.0,
            5603.0,
            4763.0,
            4663.0,
            4492.0,
            3874.0
        ],
        "IntDen": [
            3890.214372458585,
            2965.8135955868943,
            2723.2167082175397,
            3734.2592305782855,
            3174.4202597259277,
            3107.772763195885,
            2993.8055441295123,
            2581.9240155738494
        ],
        "FlagUp": 0,
        "Times": [
            -15,
            -10,
            -5,
            2,
            10,
            20,
            30,
            40
        ],
        "width": 0,
        "height": 0,
        "area": 0.6664749653004257,
        "distance": 8.087480374813744,
        "xpert": [
            [
                35.0,
                283.8
            ],
            [
                31.0,
                282.0
            ],
            [
                29.2,
                278.0
            ],
            [
                29.8,
                272.8
            ],
            [
                35.0,
                265.0
            ],
            [
                39.8,
                273.2
            ],
            [
                40.2,
                278.0
            ],
            [
                39.4,
                282.4
            ]
        ],
        "stack": 0
    },
    {
        "type": "Spine",
        "location": [
            22,
            256
        ],
        "radloc": [
            0,
            0
        ],
        "mean": [
            38.690265486725664,
            42.15929203539823,
            21.238938053097346,
            21.743362831858406,
            22.5929203539823,
            20.008849557522122,
            23.716814159292035,
            19.504424778761063
        ],
        "min": [
            9.0,
            11.0,
            7.0,
            6.0,
            8.0,
            6.0,
            7.0,
            6.0
        ],
        "max": [
            108.0,
            95.0,
            58.0,
            51.0,
            56.0,
            51.0,
            56.0,
            46.0
        ],
        "RawIntDen": [
            4372.0,
            4764.0,
            2400.0,
            2457.0,
            2553.0,
            2261.0,
            2680.0,
            2204.0
        ],
        "IntDen": [
            2178.861937033445,
            2374.221927728118,
            1196.0815756816717,
            1224.4885131041112,
            1272.331776131378,
            1126.8085177567748,
            1335.6244261778666,
            1098.401580334335
        ],
        "FlagUp": 0,
        "Times": [
            -15,
            -10,
            -5,
            2,
            10,
            20,
            30,
            40
        ],
        "width": 0,
        "height": 0,
        "area": 0.4983673232006965,
        "distance": 9.365646154169163,
        "xpert": [
            [
                22.0,
                261.2
            ],
            [
                18.2,
                259.8
            ],
            [
                16.8,
                256.0
            ],
            [
                18.2,
                252.2
            ],
            [
                22.0,
                251.2
            ],
            [
                27.6,
                250.4
            ],
            [
                31.0,
                256.0
            ],
            [
                26.8,
                260.8
            ]
        ],
        "stack": 0
    },
    {
        "type": "Spine",
        "location": [
            66,
            252
        ],
        "radloc": [
            0,
            0
        ],
        "mean": [
            82.39855072463769,
            81.55797101449275,
            86.76086956521739,
            86.5072463768116,
            81.6376811594203,
            92.94927536231884,
            106.21014492753623,
            91.5
        ],
        "min": [
            7.0,
            9.0,
            11.0,
            13.0,
            14.0,
            28.0,
            17.0,
            12.0
        ],
        "max": [
            248.0,
            201.0,
            195.0,
            208.0,
            161.0,
            178.0,
            222.0,
            217.0
        ],
        "RawIntDen": [
            11371.0,
            11255.0,
            11973.0,
            11938.0,
            11266.0,
            12827.0,
            14657.0,
            12627.0
        ],
        "IntDen": [
            7685.304747064561,
            7606.903959916597,
            8092.1777976083,
            8068.522387692967,
            7614.33851731856,
            8669.369799542443,
            9906.209803687034,
            8534.196028597678
        ],
        "FlagUp": 0,
        "Times": [
            -15,
            -10,
            -5,
            2,
            10,
            20,
            30,
            40
        ],
        "width": 0,
        "height": 0,
        "area": 0.6758688547238203,
        "distance": 7.093510126499052,
        "xpert": [
            [
                66.0,
                257.4
            ],
            [
                61.6,
                256.4
            ],
            [
                60.0,
                252.0
            ],
            [
                59.6,
                245.6
            ],
            [
                66.0,
                244.8
            ],
            [
                72.6,
                245.4
            ],
            [
                71.8,
                252.0
            ],
            [
                72.4,
                258.4
            ]
        ],
        "stack": 0
    },
    {
        "type": "Spine",
        "location": [
            102,
            266
        ],
        "radloc": [
            0,
            0
        ],
        "mean": [
            137.80566801619435,
            171.26315789473685,
            153.47368421052633,
            173.87854251012146,
            165.40485829959513,
            153.9757085020243,
            145.51821862348177,
            141.03643724696357
        ],
        "min": [
            13.0,
            25.0,
            12.0,
            17.0,
            26.0,
            18.0,
            17.0,
            25.0
        ],
        "max": [
            255.0,
            255.0,
            255.0,
            255.0,
            255.0,
            255.0,
            255.0,
            255.0
        ],
        "RawIntDen": [
            34038.0,
            42302.0,
            37908.0,
            42948.0,
            40855.0,
            38032.0,
            35943.0,
            34836.0
        ],
        "IntDen": [
            36808.77649616429,
            45745.48631942952,
            40993.80396664304,
            46444.072300289794,
            44180.69697840038,
            41127.89787008991,
            38868.8481579891,
            37671.73564899169
        ],
        "FlagUp": 0,
        "Times": [
            -15,
            -10,
            -5,
            2,
            10,
            20,
            30,
            40
        ],
        "width": 0,
        "height": 0,
        "area": 1.0814024471521326,
        "distance": 4.721470126499053,
        "xpert": [
            [
                102.0,
                275.2
            ],
            [
                95.4,
                272.6
            ],
            [
                93.0,
                266.0
            ],
            [
                95.0,
                259.0
            ],
            [
                102.0,
                257.4
            ],
            [
                109.4,
                258.6
            ],
            [
                111.4,
                266.0
            ],
            [
                108.4,
                272.4
            ]
        ],
        "stack": 0
    },
    {
        "type": "Spine",
        "location": [
            118,
            230
        ],
        "radloc": [
            0,
            0
        ],
        "mean": [
            120.5979381443299,
            128.840206185567,
            160.29381443298968,
            138.36082474226805,
            148.28865979381445,
            143.12886597938143,
            154.81443298969072,
            144.01546391752578
        ],
        "min": [
            11.0,
            13.0,
            36.0,
            9.0,
            17.0,
            11.0,
            21.0,
            21.0
        ],
        "max": [
            255.0,
            255.0,
            255.0,
            255.0,
            255.0,
            255.0,
            255.0,
            255.0
        ],
        "RawIntDen": [
            23396.0,
            24995.0,
            31097.0,
            26842.0,
            28768.0,
            27767.0,
            30034.0,
            27939.0
        ],
        "IntDen": [
            20150.757787787334,
            21527.961656084135,
            26783.557656301193,
            23118.76562402922,
            24777.611559200977,
            23915.459544088346,
            25868.005616276492,
            24063.601548683124
        ],
        "FlagUp": 0,
        "Times": [
            -15,
            -10,
            -5,
            2,
            10,
            20,
            30,
            40
        ],
        "width": 0,
        "height": 0,
        "area": 0.8612907243882431,
        "distance": 3.6672301264990534,
        "xpert": [
            [
                118.0,
                235.2
            ],
            [
                112.8,
                235.2
            ],
            [
                109.0,
                230.0
            ],
            [
                109.6,
                221.6
            ],
            [
                118.0,
                222.2
            ],
            [
                123.4,
                224.6
            ],
            [
                127.2,
                230.0
            ],
            [
                123.2,
                235.2
            ]
        ],
        "stack": 0
    },
    {
        "type": "Spine",
        "location": [
            188,
            265
        ],
        "radloc": [
            0,
            0
        ],
        "mean": [
            42.962025316455694,
            77.9873417721519,
            64.9113924050633,
            88.34810126582279,
            79.85443037974683,
            89.90506329113924,
            76.08227848101266,
            61.59493670886076
        ],
        "min": [
            7.0,
            11.0,
            9.0,
            8.0,
            9.0,
            17.0,
            10.0,
            8.0
        ],
        "max": [
            134.0,
            196.0,
            222.0,
            164.0,
            196.0,
            193.0,
            172.0,
            179.0
        ],
        "RawIntDen": [
            6788.0,
            12322.0,
            10256.0,
            13959.0,
            12617.0,
            14205.0,
            12021.0,
            9732.0
        ],
        "IntDen": [
            4676.152903107624,
            8488.443734839739,
            7065.206861265733,
            9616.148847153703,
            8691.664876032542,
            9785.614612351768,
            8281.089282300642,
            6704.231003689364
        ],
        "FlagUp": 0,
        "Times": [
            -15,
            -10,
            -5,
            2,
            10,
            20,
            30,
            40
        ],
        "width": 0,
        "height": 0,
        "area": 0.6888852243823843,
        "distance": 1.05424,
        "xpert": [
            [
                188.0,
                272.8
            ],
            [
                182.0,
                271.0
            ],
            [
                180.0,
                265.0
            ],
            [
                183.0,
                260.0
            ],
            [
                188.0,
                257.4
            ],
            [
                191.8,
                261.2
            ],
            [
                194.2,
                265.0
            ],
            [
                194.2,
                271.2
            ]
        ],
        "stack": 0
    },
    {
        "type": "Spine",
        "location": [
            158,
            260
        ],
        "radloc": [
            0,
            0
        ],
        "mean": [
            84.0,
            50.18571428571428,
            55.06428571428572,
            59.285714285714285,
            62.9,
            57.77142857142857,
            61.5,
            46.207142857142856
        ],
        "min": [
            18.0,
            15.0,
            10.0,
            12.0,
            21.0,
            15.0,
            14.0,
            11.0
        ],
        "max": [
            183.0,
            108.0,
            142.0,
            139.0,
            150.0,
            153.0,
            150.0,
            104.0
        ],
        "RawIntDen": [
            11760.0,
            7026.0,
            7709.0,
            8300.0,
            8806.0,
            8088.0,
            8610.0,
            6469.0
        ],
        "IntDen": [
            8591.555485804765,
            5133.016058100704,
            5631.998404767766,
            6063.76790239622,
            6433.438572108568,
            5908.8861198289915,
            6290.245980678488,
            4726.086091638693
        ],
        "FlagUp": 0,
        "Times": [
            -15,
            -10,
            -5,
            2,
            10,
            20,
            30,
            40
        ],
        "width": 0,
        "height": 0,
        "area": 0.7305744460718337,
        "distance": 0.9224600000000001,
        "xpert": [
            [
                158.0,
                265.4
            ],
            [
                154.6,
                263.4
            ],
            [
                152.2,
                260.0
            ],
            [
                148.8,
                250.8
            ],
            [
                158.0,
                254.0
            ],
            [
                161.4,
                256.6
            ],
            [
                163.8,
                260.0
            ],
            [
                166.0,
                268.0
            ]
        ],
        "stack": 0
    },
    {
        "type": "Spine",
        "location": [
            198,
            249
        ],
        "radloc": [
            0,
            0
        ],
        "mean": [
            95.08333333333333,
            116.95454545454545,
            129.84848484848484,
            107.68181818181819,
            126.43181818181819,
            153.0909090909091,
            126.28030303030303,
            109.67424242424242
        ],
        "min": [
            16.0,
            18.0,
            28.0,
            20.0,
            25.0,
            23.0,
            11.0,
            23.0
        ],
        "max": [
            242.0,
            255.0,
            255.0,
            254.0,
            250.0,
            255.0,
            255.0,
            255.0
        ],
        "RawIntDen": [
            12551.0,
            15438.0,
            17140.0,
            14214.0,
            16689.0,
            20208.0,
            16669.0,
            14477.0
        ],
        "IntDen": [
            7413.999581035588,
            9119.37897633873,
            10124.767175440202,
            8396.350095198777,
            9858.357023974419,
            11937.065057251786,
            9846.54282657017,
            8551.706791064633
        ],
        "FlagUp": 0,
        "Times": [
            -15,
            -10,
            -5,
            2,
            10,
            20,
            30,
            40
        ],
        "width": 0,
        "height": 0,
        "area": 0.5907098702123805,
        "distance": 1.7404325316247633,
        "xpert": [
            [
                198.0,
                254.8
            ],
            [
                192.8,
                254.2
            ],
            [
                189.6,
                249.0
            ],
            [
                193.8,
                244.8
            ],
            [
                198.0,
                244.8
            ],
            [
                202.2,
                244.8
            ],
            [
                207.4,
                249.0
            ],
            [
                203.0,
                254.0
            ]
        ],
        "stack": 0
    },
    {
        "type": "Spine",
        "location": [
            234,
            237
        ],
        "radloc": [
            0,
            0
        ],
        "mean": [
            58.324561403508774,
            65.56140350877193,
            70.37719298245614,
            79.69298245614036,
            68.66666666666667,
            79.24561403508773,
            80.19298245614036,
            69.8859649122807
        ],
        "min": [
            13.0,
            17.0,
            18.0,
            13.0,
            14.0,
            24.0,
            23.0,
            15.0
        ],
        "max": [
            141.0,
            149.0,
            155.0,
            184.0,
            160.0,
            153.0,
            147.0,
            175.0
        ],
        "RawIntDen": [
            6649.0,
            7474.0,
            8023.0,
            9085.0,
            7828.0,
            9034.0,
            9142.0,
            7967.0
        ],
        "IntDen": [
            3393.6584121714045,
            3814.739505575136,
            4094.9498331856184,
            4636.996040694422,
            3995.4215747447365,
            4610.965573102191,
            4666.088916238679,
            4066.3673589666987
        ],
        "FlagUp": 0,
        "Times": [
            -15,
            -10,
            -5,
            2,
            10,
            20,
            30,
            40
        ],
        "width": 0,
        "height": 0,
        "area": 0.510401325337856,
        "distance": 4.4945679743714475,
        "xpert": [
            [
                234.0,
                242.4
            ],
            [
                228.0,
                243.0
            ],
            [
                226.8,
                237.0
            ],
            [
                229.8,
                232.8
            ],
            [
                234.0,
                232.8
            ],
            [
                238.2,
                232.8
            ],
            [
                241.0,
                237.0
            ],
            [
                238.6,
                241.6
            ]
        ],
        "stack": 0
    },
    {
        "type": "Spine",
        "location": [
            286,
            255
        ],
        "radloc": [
            0,
            0
        ],
        "mean": [
            142.1679389312977,
            104.50381679389314,
            109.97709923664122,
            93.06106870229007,
            113.03053435114504,
            112.5114503816794,
            88.12977099236642,
            112.85496183206106
        ],
        "min": [
            51.0,
            26.0,
            31.0,
            16.0,
            34.0,
            19.0,
            22.0,
            12.0
        ],
        "max": [
            241.0,
            204.0,
            203.0,
            200.0,
            200.0,
            234.0,
            184.0,
            233.0
        ],
        "RawIntDen": [
            18624.0,
            13690.0,
            14407.0,
            12191.0,
            14807.0,
            14739.0,
            11545.0,
            14784.0
        ],
        "IntDen": [
            11143.171621404319,
            8191.044861309339,
            8620.04260897616,
            7294.158356772984,
            8859.371896377457,
            8818.685917519237,
            6907.6415576198915,
            8845.610462351882
        ],
        "FlagUp": 0,
        "Times": [
            -15,
            -10,
            -5,
            2,
            10,
            20,
            30,
            40
        ],
        "width": 0,
        "height": 0,
        "area": 0.5983232185032388,
        "distance": 8.748185822243842,
        "xpert": [
            [
                286.0,
                261.0
            ],
            [
                282.0,
                259.0
            ],
            [
                280.8,
                255.0
            ],
            [
                281.2,
                250.2
            ],
            [
                286.0,
                247.2
            ],
            [
                293.4,
                247.6
            ],
            [
                292.0,
                255.0
            ],
            [
                290.6,
                259.6
            ]
        ],
        "stack": 0
    },
    {
        "type": "Spine",
        "location": [
            338,
            232
        ],
        "radloc": [
            0,
            0
        ],
        "mean": [
            62.74107142857143,
            103.40178571428571,
            84.97321428571429,
            75.26785714285714,
            70.42857142857143,
            71.75,
            88.4375,
            79.70535714285714
        ],
        "min": [
            16.0,
            30.0,
            13.0,
            21.0,
            8.0,
            12.0,
            22.0,
            22.0
        ],
        "max": [
            122.0,
            216.0,
            200.0,
            168.0,
            181.0,
            177.0,
            183.0,
            176.0
        ],
        "RawIntDen": [
            7027.0,
            11581.0,
            9517.0,
            8430.0,
            7888.0,
            8036.0,
            9905.0,
            8927.0
        ],
        "IntDen": [
            3555.5261785711436,
            5859.762156543677,
            4815.418050585111,
            4265.417060673793,
            3991.175536725371,
            4066.060676106121,
            5011.7385511238335,
            4516.8894544050945
        ],
        "FlagUp": 0,
        "Times": [
            -15,
            -10,
            -5,
            2,
            10,
            20,
            30,
            40
        ],
        "width": 0,
        "height": 0,
        "area": 0.5059806714915531,
        "distance": 11.756515948742903,
        "xpert": [
            [
                338.0,
                239.2
            ],
            [
                332.6,
                237.4
            ],
            [
                332.0,
                232.0
            ],
            [
                333.2,
                227.2
            ],
            [
                338.0,
                227.2
            ],
            [
                341.6,
                228.4
            ],
            [
                344.2,
                232.0
            ],
            [
                343.0,
                237.0
            ]
        ],
        "stack": 0
    },
    {
        "type": "Spine",
        "location": [
            374,
            235
        ],
        "radloc": [
            0,
            0
        ],
        "mean": [
            51.14150943396226,
            55.08490566037736,
            54.37735849056604,
            49.386792452830186,
            43.094339622641506,
            43.216981132075475,
            48.33018867924528,
            43.91509433962264
        ],
        "min": [
            12.0,
            14.0,
            14.0,
            8.0,
            10.0,
            15.0,
            16.0,
            8.0
        ],
        "max": [
            97.0,
            137.0,
            101.0,
            108.0,
            99.0,
            74.0,
            102.0,
            101.0
        ],
        "RawIntDen": [
            5421.0,
            5839.0,
            5764.0,
            5235.0,
            4568.0,
            4581.0,
            5123.0,
            4655.0
        ],
        "IntDen": [
            2688.668561633038,
            2895.985193022562,
            2858.7872328450158,
            2596.4176203927236,
            2265.603761213746,
            2272.0514076445206,
            2540.8686665275877,
            2308.7533950197
        ],
        "FlagUp": 0,
        "Times": [
            -15,
            -10,
            -5,
            2,
            10,
            20,
            30,
            40
        ],
        "width": 0,
        "height": 0,
        "area": 0.4959728023672824,
        "distance": 14.128555948742905,
        "xpert": [
            [
                374.0,
                240.8
            ],
            [
                370.2,
                238.8
            ],
            [
                368.4,
                235.0
            ],
            [
                367.8,
                228.8
            ],
            [
                374.0,
                229.6
            ],
            [
                377.8,
                231.2
            ],
            [
                379.2,
                235.0
            ],
            [
                379.8,
                240.8
            ]
        ],
        "stack": 0
    },
    {
        "type": "Spine",
        "location": [
            389,
            272
        ],
        "radloc": [
            0,
            0
        ],
        "mean": [
            62.28947368421053,
            68.42763157894737,
            51.23026315789474,
            44.203947368421055,
            61.68421052631579,
            52.26973684210526,
            47.81578947368421,
            41.67763157894737
        ],
        "min": [
            14.0,
            17.0,
            7.0,
            8.0,
            10.0,
            6.0,
            16.0,
            9.0
        ],
        "max": [
            167.0,
            140.0,
            136.0,
            118.0,
            134.0,
            114.0,
            109.0,
            91.0
        ],
        "RawIntDen": [
            9468.0,
            10401.0,
            7787.0,
            6719.0,
            9376.0,
            7945.0,
            7268.0,
            6335.0
        ],
        "IntDen": [
            6423.54158771829,
            7056.533170031468,
            5283.071223443423,
            4558.489219252133,
            6361.1244113272805,
            5390.265939419288,
            4930.95693488979,
            4297.9653525766125
        ],
        "FlagUp": 0,
        "Times": [
            -15,
            -10,
            -5,
            2,
            10,
            20,
            30,
            40
        ],
        "width": 0,
        "height": 0,
        "area": 0.6784475694675001,
        "distance": 15.116905948742906,
        "xpert": [
            [
                389.0,
                277.8
            ],
            [
                382.6,
                278.4
            ],
            [
                381.4,
                272.0
            ],
            [
                384.2,
                267.2
            ],
            [
                389.0,
                264.4
            ],
            [
                395.8,
                265.2
            ],
            [
                394.8,
                272.0
            ],
            [
                393.4,
                276.4
            ]
        ],
        "stack": 0
    },
    {
        "type": "Spine",
        "location": [
            411,
            231
        ],
        "radloc": [
            0,
            0
        ],
        "mean": [
            99.7107438016529,
            93.15702479338843,
            97.34710743801652,
            102.1900826446281,
            81.84297520661157,
            94.07438016528926,
            27.520661157024794,
            45.06611570247934
        ],
        "min": [
            22.0,
            18.0,
            25.0,
            30.0,
            18.0,
            31.0,
            6.0,
            9.0
        ],
        "max": [
            207.0,
            193.0,
            214.0,
            211.0,
            205.0,
            149.0,
            101.0,
            150.0
        ],
        "RawIntDen": [
            12065.0,
            11272.0,
            11779.0,
            12365.0,
            9903.0,
            11383.0,
            3330.0,
            5453.0
        ],
        "IntDen": [
            6967.649784654517,
            6509.6849044861765,
            6802.48212295446,
            7140.902576647584,
            5719.074663691146,
            6573.788437523611,
            1923.1059911230452,
            3149.158249127317
        ],
        "FlagUp": 0,
        "Times": [
            -15,
            -10,
            -5,
            2,
            10,
            20,
            30,
            40
        ],
        "width": 0,
        "height": 0,
        "area": 0.5775093066435572,
        "distance": 16.59377848036768,
        "xpert": [
            [
                411.0,
                237.0
            ],
            [
                405.8,
                236.2
            ],
            [
                405.0,
                231.0
            ],
            [
                405.2,
                225.2
            ],
            [
                411.0,
                225.8
            ],
            [
                415.0,
                227.0
            ],
            [
                416.6,
                231.0
            ],
            [
                417.8,
                237.8
            ]
        ],
        "stack": 0
    },
    {
        "type": "Spine",
        "location": [
            460,
            275
        ],
        "radloc": [
            0,
            0
        ],
        "mean": [
            185.1220472440945,
            180.23622047244095,
            183.90944881889763,
            187.51574803149606,
            177.4291338582677,
            179.56692913385828,
            188.98818897637796,
            168.55905511811022
        ],
        "min": [
            26.0,
            38.0,
            37.0,
            51.0,
            30.0,
            53.0,
            50.0,
            41.0
        ],
        "max": [
            255.0,
            255.0,
            255.0,
            255.0,
            255.0,
            255.0,
            255.0,
            255.0
        ],
        "RawIntDen": [
            47021.0,
            45780.0,
            46713.0,
            47629.0,
            45067.0,
            45610.0,
            48003.0,
            42814.0
        ],
        "IntDen": [
            52225.72058239961,
            50847.355187304696,
            51883.62828450337,
            52901.01966396102,
            50055.43373146048,
            50658.53800989444,
            53316.417454263596,
            47553.05078613506
        ],
        "FlagUp": 0,
        "Times": [
            -15,
            -10,
            -5,
            2,
            10,
            20,
            30,
            40
        ],
        "width": 0,
        "height": 0,
        "area": 1.1106892788838947,
        "distance": 21.154236454739134,
        "xpert": [
            [
                460.0,
                284.2
            ],
            [
                453.6,
                281.4
            ],
            [
                450.0,
                275.0
            ],
            [
                453.2,
                268.2
            ],
            [
                460.0,
                265.6
            ],
            [
                466.4,
                268.6
            ],
            [
                470.6,
                275.0
            ],
            [
                466.4,
                281.4
            ]
        ],
        "stack": 0
    }
]