[
    {
        "type": "Stim",
        "location": [
            188,
            217
        ],
        "radloc": [
            0,
            0
        ],
        "mean": [
            76.02941176470588,
            74.95588235294117,
            63.35294117647059,
            56.86029411764706,
            59.088235294117645,
            53.63970588235294,
            76.80882352941177,
            56.25735294117647
        ],
        "min": [
            18.0,
            16.0,
            15.0,
            13.0,
            13.0,
            9.0,
            16.0,
            11.0
        ],
        "max": [
            159.0,
            166.0,
            143.0,
            140.0,
            137.0,
            135.0,
            138.0,
            136.0
        ],
        "RawIntDen": [
            10340.0,
            10194.0,
            8616.0,
            7733.0,
            8036.0,
            7295.0,
            10446.0,
            7651.0
        ],
        "IntDen": [
            47.338710761491186,
            46.670291828108425,
            39.44587349332766,
            35.40331240992372,
            36.79051060728657,
            33.398055609775454,
            47.824001219974555,
            35.027899036379985
        ],
        "FlagUp": 0,
        "Times": [
            -15,
            -10,
            -5,
            2,
            10,
            20,
            30,
            40
        ],
        "width": 0,
        "height": 0,
        "area": 0.6226368146579111,
        "distance": 0,
        "xpert": [
            [
                188.0,
                224.0
            ],
            [
                181.6,
                223.4
            ],
            [
                181.4,
                217.0
            ],
            [
                183.4,
                212.4
            ],
            [
                188.0,
                207.6
            ],
            [
                192.4,
                212.6
            ],
            [
                192.8,
                217.0
            ],
            [
                192.4,
                221.4
            ]
        ],
        "stack": 0
    },
    {
        "type": "Spine",
        "location": [
            15,
            205
        ],
        "radloc": [
            0,
            0
        ],
        "mean": [
            60.39903846153846,
            43.5,
            49.93269230769231,
            48.84615384615385,
            61.44711538461539,
            58.52884615384615,
            34.10576923076923,
            30.23076923076923
        ],
        "min": [
            10.0,
            11.0,
            11.0,
            12.0,
            13.0,
            19.0,
            8.0,
            7.0
        ],
        "max": [
            212.0,
            140.0,
            143.0,
            112.0,
            126.0,
            125.0,
            91.0,
            74.0
        ],
        "RawIntDen": [
            12563.0,
            9048.0,
            10386.0,
            10160.0,
            12781.0,
            12174.0,
            7094.0,
            6288.0
        ],
        "IntDen": [
            58.90759019742986,
            42.42584383557632,
            48.69969209508131,
            47.639983794148485,
            59.929786700099584,
            57.08357900688618,
            33.263587109811944,
            29.484273434803704
        ],
        "FlagUp": 0,
        "Times": [
            -15,
            -10,
            -5,
            2,
            10,
            20,
            30,
            40
        ],
        "width": 0,
        "height": 0,
        "area": 0.9753067548408351,
        "distance": 11.492558545353528,
        "xpert": [
            [
                15.0,
                212.8
            ],
            [
                5.4,
                214.6
            ],
            [
                7.0,
                205.0
            ],
            [
                9.6,
                199.6
            ],
            [
                15.0,
                199.4
            ],
            [
                21.0,
                199.0
            ],
            [
                23.8,
                205.0
            ],
            [
                21.6,
                211.6
            ]
        ],
        "stack": 0
    },
    {
        "type": "Spine",
        "location": [
            29,
            198
        ],
        "radloc": [
            0,
            0
        ],
        "mean": [
            105.70552147239263,
            86.84049079754601,
            111.86503067484662,
            80.28220858895706,
            90.69325153374233,
            89.30061349693251,
            56.91411042944785,
            45.57055214723926
        ],
        "min": [
            34.0,
            24.0,
            37.0,
            24.0,
            18.0,
            23.0,
            21.0,
            12.0
        ],
        "max": [
            205.0,
            156.0,
            219.0,
            145.0,
            195.0,
            174.0,
            113.0,
            101.0
        ],
        "RawIntDen": [
            17230.0,
            14155.0,
            18234.0,
            13086.0,
            14783.0,
            14556.0,
            9277.0,
            7428.0
        ],
        "IntDen": [
            75.68759804285571,
            62.17979978506225,
            80.09794908377428,
            57.48391804926349,
            64.93846557559698,
            63.94130453347694,
            40.75181932928453,
            32.62956925492352
        ],
        "FlagUp": 0,
        "Times": [
            -15,
            -10,
            -5,
            2,
            10,
            20,
            30,
            40
        ],
        "width": 0,
        "height": 0,
        "area": 0.7160231271610842,
        "distance": 10.864638565330731,
        "xpert": [
            [
                29.0,
                205.0
            ],
            [
                23.2,
                203.8
            ],
            [
                20.4,
                198.0
            ],
            [
                23.6,
                192.6
            ],
            [
                29.0,
                191.2
            ],
            [
                34.6,
                192.4
            ],
            [
                35.8,
                198.0
            ],
            [
                34.6,
                203.6
            ]
        ],
        "stack": 0
    },
    {
        "type": "Spine",
        "location": [
            42,
            230
        ],
        "radloc": [
            0,
            0
        ],
        "mean": [
            57.99009900990099,
            49.15841584158416,
            42.78217821782178,
            48.99009900990099,
            43.31683168316832,
            45.039603960396036,
            55.366336633663366,
            43.584158415841586
        ],
        "min": [
            11.0,
            17.0,
            11.0,
            10.0,
            11.0,
            12.0,
            15.0,
            17.0
        ],
        "max": [
            143.0,
            122.0,
            107.0,
            104.0,
            102.0,
            97.0,
            107.0,
            115.0
        ],
        "RawIntDen": [
            5857.0,
            4965.0,
            4321.0,
            4948.0,
            4375.0,
            4549.0,
            5592.0,
            4402.0
        ],
        "IntDen": [
            25.92381384708238,
            21.97571038940823,
            19.12528591996636,
            21.90046626521489,
            19.364296667404034,
            20.134442409147642,
            24.750890734656764,
            19.483802041122868
        ],
        "FlagUp": 0,
        "Times": [
            -15,
            -10,
            -5,
            2,
            10,
            20,
            30,
            40
        ],
        "width": 0,
        "height": 0,
        "area": 0.4470386202074988,
        "distance": 10.008068565330731,
        "xpert": [
            [
                42.0,
                235.8
            ],
            [
                37.4,
                234.6
            ],
            [
                36.2,
                230.0
            ],
            [
                38.0,
                226.0
            ],
            [
                42.0,
                224.0
            ],
            [
                47.2,
                224.8
            ],
            [
                47.8,
                230.0
            ],
            [
                45.6,
                233.6
            ]
        ],
        "stack": 0
    },
    {
        "type": "Spine",
        "location": [
            107,
            187
        ],
        "radloc": [
            0,
            0
        ],
        "mean": [
            71.29838709677419,
            57.91129032258065,
            53.17741935483871,
            59.37096774193548,
            55.596774193548384,
            61.62096774193548,
            42.67741935483871,
            31.483870967741936
        ],
        "min": [
            10.0,
            17.0,
            15.0,
            13.0,
            10.0,
            18.0,
            11.0,
            7.0
        ],
        "max": [
            160.0,
            120.0,
            102.0,
            140.0,
            127.0,
            117.0,
            107.0,
            78.0
        ],
        "RawIntDen": [
            8841.0,
            7181.0,
            6594.0,
            7362.0,
            6894.0,
            7641.0,
            5292.0,
            3904.0
        ],
        "IntDen": [
            39.643330413671336,
            32.199836636192046,
            29.56770961969786,
            33.011446499881046,
            30.91291933851942,
            34.2624915383851,
            23.729499440012297,
            17.50566247426455
        ],
        "FlagUp": 0,
        "Times": [
            -15,
            -10,
            -5,
            2,
            10,
            20,
            30,
            40
        ],
        "width": 0,
        "height": 0,
        "area": 0.5560200171129109,
        "distance": 5.233952996084986,
        "xpert": [
            [
                107.0,
                194.4
            ],
            [
                102.4,
                191.6
            ],
            [
                100.4,
                187.0
            ],
            [
                102.8,
                182.8
            ],
            [
                107.0,
                181.8
            ],
            [
                110.6,
                183.4
            ],
            [
                113.8,
                187.0
            ],
            [
                113.6,
                193.6
            ]
        ],
        "stack": 0
    },
    {
        "type": "Spine",
        "location": [
            119,
            184
        ],
        "radloc": [
            0,
            0
        ],
        "mean": [
            67.74789915966386,
            77.14285714285714,
            62.52100840336134,
            51.621848739495796,
            50.075630252100844,
            66.02521008403362,
            39.63865546218487,
            44.319327731092436
        ],
        "min": [
            14.0,
            26.0,
            18.0,
            10.0,
            12.0,
            14.0,
            11.0,
            11.0
        ],
        "max": [
            151.0,
            161.0,
            170.0,
            120.0,
            117.0,
            133.0,
            95.0,
            115.0
        ],
        "RawIntDen": [
            8062.0,
            9180.0,
            7440.0,
            6143.0,
            5959.0,
            7857.0,
            4717.0,
            5274.0
        ],
        "IntDen": [
            35.34814046487641,
            40.250053270598535,
            32.62095820623672,
            26.934213207111856,
            26.127458326742563,
            34.44931029924758,
            20.681862884249817,
            23.12405021232426
        ],
        "FlagUp": 0,
        "Times": [
            -15,
            -10,
            -5,
            2,
            10,
            20,
            30,
            40
        ],
        "width": 0,
        "height": 0,
        "area": 0.5217599498040552,
        "distance": 4.443272996084986,
        "xpert": [
            [
                119.0,
                189.4
            ],
            [
                114.2,
                188.8
            ],
            [
                112.6,
                184.0
            ],
            [
                114.8,
                179.8
            ],
            [
                119.0,
                178.8
            ],
            [
                123.8,
                179.2
            ],
            [
                125.2,
                184.0
            ],
            [
                125.2,
                190.2
            ]
        ],
        "stack": 0
    },
    {
        "type": "Spine",
        "location": [
            131,
            216
        ],
        "radloc": [
            0,
            0
        ],
        "mean": [
            85.6842105263158,
            73.63157894736842,
            75.30075187969925,
            64.6390977443609,
            65.0827067669173,
            66.07518796992481,
            53.2406015037594,
            55.78195488721804
        ],
        "min": [
            14.0,
            16.0,
            22.0,
            21.0,
            14.0,
            18.0,
            14.0,
            14.0
        ],
        "max": [
            198.0,
            129.0,
            153.0,
            127.0,
            143.0,
            154.0,
            119.0,
            127.0
        ],
        "RawIntDen": [
            11396.0,
            9793.0,
            10015.0,
            8597.0,
            8656.0,
            8788.0,
            7081.0,
            7419.0
        ],
        "IntDen": [
            52.224324877280736,
            44.87827426493596,
            45.895631243064805,
            39.39737811249407,
            39.66775676884363,
            40.272671728812135,
            32.450021451037635,
            33.99897036368425
        ],
        "FlagUp": 0,
        "Times": [
            -15,
            -10,
            -5,
            2,
            10,
            20,
            30,
            40
        ],
        "width": 0,
        "height": 0,
        "area": 0.6094976490591731,
        "distance": 3.652592996084987,
        "xpert": [
            [
                131.0,
                222.0
            ],
            [
                126.4,
                220.6
            ],
            [
                125.0,
                216.0
            ],
            [
                125.6,
                210.6
            ],
            [
                131.0,
                207.2
            ],
            [
                135.2,
                211.8
            ],
            [
                138.0,
                216.0
            ],
            [
                136.6,
                221.6
            ]
        ],
        "stack": 0
    },
    {
        "type": "Spine",
        "location": [
            136,
            190
        ],
        "radloc": [
            0,
            0
        ],
        "mean": [
            90.70542635658914,
            109.46511627906976,
            92.7984496124031,
            93.68992248062015,
            88.30232558139535,
            92.89922480620154,
            47.70542635658915,
            70.0
        ],
        "min": [
            12.0,
            22.0,
            23.0,
            22.0,
            27.0,
            23.0,
            10.0,
            13.0
        ],
        "max": [
            186.0,
            212.0,
            158.0,
            179.0,
            159.0,
            202.0,
            132.0,
            127.0
        ],
        "RawIntDen": [
            11701.0,
            14121.0,
            11971.0,
            12086.0,
            11391.0,
            11984.0,
            6154.0,
            9030.0
        ],
        "IntDen": [
            54.54404995703981,
            65.82484654673611,
            55.80265122944395,
            56.33872214176422,
            53.09898923687211,
            55.863250549967105,
            28.686786038426035,
            42.093220332627084
        ],
        "FlagUp": 0,
        "Times": [
            -15,
            -10,
            -5,
            2,
            10,
            20,
            30,
            40
        ],
        "width": 0,
        "height": 0,
        "area": 0.6013317190375298,
        "distance": 3.323142996084988,
        "xpert": [
            [
                136.0,
                195.8
            ],
            [
                130.2,
                195.8
            ],
            [
                126.8,
                190.0
            ],
            [
                131.6,
                185.6
            ],
            [
                136.0,
                185.2
            ],
            [
                140.4,
                185.6
            ],
            [
                142.2,
                190.0
            ],
            [
                141.8,
                195.8
            ]
        ],
        "stack": 0
    },
    {
        "type": "Spine",
        "location": [
            169,
            177
        ],
        "radloc": [
            0,
            0
        ],
        "mean": [
            80.864,
            74.056,
            54.544,
            56.632,
            55.032,
            62.648,
            41.856,
            38.68
        ],
        "min": [
            19.0,
            29.0,
            17.0,
            20.0,
            15.0,
            22.0,
            9.0,
            8.0
        ],
        "max": [
            156.0,
            142.0,
            99.0,
            128.0,
            133.0,
            109.0,
            101.0,
            92.0
        ],
        "RawIntDen": [
            10108.0,
            9257.0,
            6818.0,
            7079.0,
            6879.0,
            7831.0,
            5232.0,
            4835.0
        ],
        "IntDen": [
            46.34720570525016,
            42.44520015962611,
            31.261896369053776,
            32.45863367505598,
            31.54159359382824,
            35.9067043804723,
            23.98976852491777,
            22.1694439636807
        ],
        "FlagUp": 0,
        "Times": [
            -15,
            -10,
            -5,
            2,
            10,
            20,
            30,
            40
        ],
        "width": 0,
        "height": 0,
        "area": 0.5731500507673397,
        "distance": 0.5945264589649688,
        "xpert": [
            [
                169.0,
                183.6
            ],
            [
                163.6,
                182.4
            ],
            [
                163.0,
                177.0
            ],
            [
                164.4,
                172.4
            ],
            [
                169.0,
                171.0
            ],
            [
                173.4,
                172.6
            ],
            [
                174.6,
                177.0
            ],
            [
                175.6,
                183.6
            ]
        ],
        "stack": 0
    },
    {
        "type": "Spine",
        "location": [
            190,
            173
        ],
        "radloc": [
            0,
            0
        ],
        "mean": [
            128.02439024390245,
            137.66666666666666,
            133.60162601626016,
            121.8780487804878,
            107.07317073170732,
            113.8048780487805,
            83.1951219512195,
            92.0650406504065
        ],
        "min": [
            25.0,
            31.0,
            34.0,
            42.0,
            23.0,
            18.0,
            13.0,
            31.0
        ],
        "max": [
            248.0,
            255.0,
            255.0,
            235.0,
            230.0,
            245.0,
            203.0,
            201.0
        ],
        "RawIntDen": [
            15747.0,
            16933.0,
            16433.0,
            14991.0,
            13170.0,
            13998.0,
            10233.0,
            11324.0
        ],
        "IntDen": [
            70.06794150334512,
            75.34517390462582,
            73.12037103730681,
            66.70403956795876,
            58.60130752518291,
            62.2855810734632,
            45.532815482550994,
            50.387335339041094
        ],
        "FlagUp": 0,
        "Times": [
            -15,
            -10,
            -5,
            2,
            10,
            20,
            30,
            40
        ],
        "width": 0,
        "height": 0,
        "area": 0.5473015053604782,
        "distance": 0.49359858003913853,
        "xpert": [
            [
                190.0,
                181.0
            ],
            [
                184.4,
                178.6
            ],
            [
                184.2,
                173.0
            ],
            [
                186.0,
                169.0
            ],
            [
                190.0,
                167.0
            ],
            [
                194.6,
                168.4
            ],
            [
                196.6,
                173.0
            ],
            [
                194.6,
                177.6
            ]
        ],
        "stack": 0
    },
    {
        "type": "Spine",
        "location": [
            228,
            206
        ],
        "radloc": [
            0,
            0
        ],
        "mean": [
            73.64848484848486,
            50.72727272727273,
            40.442424242424245,
            36.10909090909091,
            34.85454545454545,
            43.61818181818182,
            26.454545454545453,
            23.563636363636363
        ],
        "min": [
            21.0,
            15.0,
            10.0,
            8.0,
            7.0,
            8.0,
            5.0,
            5.0
        ],
        "max": [
            145.0,
            118.0,
            100.0,
            98.0,
            83.0,
            106.0,
            72.0,
            79.0
        ],
        "RawIntDen": [
            12152.0,
            8370.0,
            6673.0,
            5958.0,
            5751.0,
            7197.0,
            4365.0,
            3888.0
        ],
        "IntDen": [
            55.91289126310178,
            38.511430206728264,
            30.70331825203079,
            27.413512684789364,
            26.461079464622966,
            33.11430862578534,
            20.083917903508823,
            17.889180483125386
        ],
        "FlagUp": 0,
        "Times": [
            -15,
            -10,
            -5,
            2,
            10,
            20,
            30,
            40
        ],
        "width": 0,
        "height": 0,
        "area": 0.759185900132636,
        "distance": 3.052003643288665,
        "xpert": [
            [
                228.0,
                215.2
            ],
            [
                224.0,
                210.0
            ],
            [
                221.2,
                206.0
            ],
            [
                221.6,
                199.6
            ],
            [
                228.0,
                196.6
            ],
            [
                233.6,
                200.4
            ],
            [
                234.0,
                206.0
            ],
            [
                233.6,
                211.6
            ]
        ],
        "stack": 0
    },
    {
        "type": "Spine",
        "location": [
            264,
            196
        ],
        "radloc": [
            0,
            0
        ],
        "mean": [
            47.04545454545455,
            54.5,
            54.10909090909091,
            41.78181818181818,
            31.918181818181818,
            33.36363636363637,
            24.1,
            27.6
        ],
        "min": [
            10.0,
            17.0,
            11.0,
            10.0,
            6.0,
            6.0,
            6.0,
            6.0
        ],
        "max": [
            110.0,
            114.0,
            131.0,
            98.0,
            83.0,
            77.0,
            65.0,
            66.0
        ],
        "RawIntDen": [
            5175.0,
            5995.0,
            5952.0,
            4596.0,
            3511.0,
            3670.0,
            2651.0,
            3036.0
        ],
        "IntDen": [
            22.21252971010795,
            25.732196253545347,
            25.547628373828505,
            19.72730174833935,
            15.070181992693529,
            15.752653920018586,
            11.37882439835675,
            13.031350763263331
        ],
        "FlagUp": 0,
        "Times": [
            -15,
            -10,
            -5,
            2,
            10,
            20,
            30,
            40
        ],
        "width": 0,
        "height": 0,
        "area": 0.4721503899733091,
        "distance": 5.615091364662008,
        "xpert": [
            [
                264.0,
                201.4
            ],
            [
                259.8,
                200.2
            ],
            [
                257.4,
                196.0
            ],
            [
                259.6,
                191.6
            ],
            [
                264.0,
                188.8
            ],
            [
                269.0,
                191.0
            ],
            [
                269.2,
                196.0
            ],
            [
                268.0,
                200.0
            ]
        ],
        "stack": 0
    },
    {
        "type": "Spine",
        "location": [
            264,
            173
        ],
        "radloc": [
            0,
            0
        ],
        "mean": [
            86.8,
            90.0625,
            81.5875,
            77.4875,
            78.85,
            63.7125,
            44.175,
            57.625
        ],
        "min": [
            14.0,
            13.0,
            13.0,
            15.0,
            28.0,
            24.0,
            16.0,
            13.0
        ],
        "max": [
            197.0,
            198.0,
            146.0,
            162.0,
            129.0,
            138.0,
            86.0,
            118.0
        ],
        "RawIntDen": [
            6944.0,
            7205.0,
            6527.0,
            6199.0,
            6308.0,
            5097.0,
            3534.0,
            4610.0
        ],
        "IntDen": [
            29.796361205927024,
            30.916299321529984,
            28.00703479134299,
            26.59960298322892,
            27.067316602388775,
            21.870975384016422,
            15.164219542302146,
            19.781282425017796
        ],
        "FlagUp": 0,
        "Times": [
            -15,
            -10,
            -5,
            2,
            10,
            20,
            30,
            40
        ],
        "width": 0,
        "height": 0,
        "area": 0.34327605075952794,
        "distance": 5.615091364662008,
        "xpert": [
            [
                264.0,
                177.2
            ],
            [
                259.8,
                177.2
            ],
            [
                258.2,
                173.0
            ],
            [
                260.6,
                169.6
            ],
            [
                264.0,
                167.8
            ],
            [
                267.8,
                169.2
            ],
            [
                269.4,
                173.0
            ],
            [
                267.8,
                176.8
            ]
        ],
        "stack": 0
    },
    {
        "type": "Spine",
        "location": [
            293,
            195
        ],
        "radloc": [
            0,
            0
        ],
        "mean": [
            90.16666666666667,
            79.84027777777777,
            80.72916666666667,
            84.18055555555556,
            73.79861111111111,
            61.5,
            73.02777777777777,
            63.40972222222222
        ],
        "min": [
            19.0,
            22.0,
            17.0,
            21.0,
            16.0,
            10.0,
            18.0,
            16.0
        ],
        "max": [
            187.0,
            176.0,
            157.0,
            213.0,
            174.0,
            133.0,
            156.0,
            137.0
        ],
        "RawIntDen": [
            12984.0,
            11497.0,
            11625.0,
            12122.0,
            10627.0,
            8856.0,
            10516.0,
            9131.0
        ],
        "IntDen": [
            56.00268486408261,
            49.58894546228879,
            50.14103600931611,
            52.28470008644558,
            45.83645502546256,
            38.19776472245191,
            45.35768900421231,
            39.38389675708089
        ],
        "FlagUp": 0,
        "Times": [
            -15,
            -10,
            -5,
            2,
            10,
            20,
            30,
            40
        ],
        "width": 0,
        "height": 0,
        "area": 0.6211018654057221,
        "distance": 7.5531938962867695,
        "xpert": [
            [
                293.0,
                201.4
            ],
            [
                288.4,
                199.6
            ],
            [
                286.4,
                195.0
            ],
            [
                287.8,
                189.8
            ],
            [
                293.0,
                187.2
            ],
            [
                298.4,
                189.6
            ],
            [
                299.8,
                195.0
            ],
            [
                298.4,
                200.4
            ]
        ],
        "stack": 0
    },
    {
        "type": "Spine",
        "location": [
            330,
            198
        ],
        "radloc": [
            0,
            0
        ],
        "mean": [
            103.33333333333333,
            98.13461538461539,
            118.16025641025641,
            112.6923076923077,
            106.41025641025641,
            104.84615384615384,
            89.1474358974359,
            104.96794871794872
        ],
        "min": [
            7.0,
            10.0,
            29.0,
            38.0,
            28.0,
            19.0,
            20.0,
            24.0
        ],
        "max": [
            255.0,
            249.0,
            216.0,
            212.0,
            209.0,
            213.0,
            175.0,
            199.0
        ],
        "RawIntDen": [
            16120.0,
            15309.0,
            18433.0,
            17580.0,
            16600.0,
            16356.0,
            13907.0,
            16375.0
        ],
        "IntDen": [
            71.25459554551249,
            67.669764466889,
            81.47865754903422,
            77.70817553908869,
            73.3763204749074,
            72.29777696913165,
            61.47255956894803,
            72.38176191425353
        ],
        "FlagUp": 0,
        "Times": [
            -15,
            -10,
            -5,
            2,
            10,
            20,
            30,
            40
        ],
        "width": 0,
        "height": 0,
        "area": 0.6895606020533467,
        "distance": 10.363854022785825,
        "xpert": [
            [
                330.0,
                204.8
            ],
            [
                324.6,
                203.4
            ],
            [
                324.0,
                198.0
            ],
            [
                325.0,
                193.0
            ],
            [
                330.0,
                190.8
            ],
            [
                337.2,
                190.8
            ],
            [
                337.8,
                198.0
            ],
            [
                334.6,
                202.6
            ]
        ],
        "stack": 0
    },
    {
        "type": "Spine",
        "location": [
            354,
            199
        ],
        "radloc": [
            0,
            0
        ],
        "mean": [
            79.88888888888889,
            86.67592592592592,
            116.12962962962963,
            75.57407407407408,
            62.148148148148145,
            55.31481481481482,
            43.592592592592595,
            49.583333333333336
        ],
        "min": [
            18.0,
            27.0,
            47.0,
            17.0,
            15.0,
            10.0,
            9.0,
            12.0
        ],
        "max": [
            179.0,
            166.0,
            203.0,
            147.0,
            121.0,
            114.0,
            76.0,
            111.0
        ],
        "RawIntDen": [
            8628.0,
            9361.0,
            12542.0,
            8162.0,
            6712.0,
            5974.0,
            4708.0,
            5355.0
        ],
        "IntDen": [
            40.711629565723555,
            44.17032503068361,
            59.180025268116,
            38.51278633697678,
            31.67089217027544,
            28.18860396680952,
            22.214922577124074,
            25.267822939783223
        ],
        "FlagUp": 0,
        "Times": [
            -15,
            -10,
            -5,
            2,
            10,
            20,
            30,
            40
        ],
        "width": 0,
        "height": 0,
        "area": 0.5096031517267204,
        "distance": 11.763531617660114,
        "xpert": [
            [
                354.0,
                204.0
            ],
            [
                350.4,
                202.6
            ],
            [
                348.4,
                199.0
            ],
            [
                348.2,
                193.2
            ],
            [
                354.0,
                193.2
            ],
            [
                359.8,
                193.2
            ],
            [
                360.8,
                199.0
            ],
            [
                358.2,
                203.2
            ]
        ],
        "stack": 0
    },
    {
        "type": "Spine",
        "location": [
            397,
            180
        ],
        "radloc": [
            0,
            0
        ],
        "mean": [
            66.0,
            68.1086956521739,
            70.95652173913044,
            68.6159420289855,
            66.93478260869566,
            63.18115942028985,
            39.072463768115945,
            37.56521739130435
        ],
        "min": [
            16.0,
            23.0,
            26.0,
            17.0,
            20.0,
            18.0,
            8.0,
            8.0
        ],
        "max": [
            171.0,
            130.0,
            149.0,
            139.0,
            141.0,
            148.0,
            87.0,
            98.0
        ],
        "RawIntDen": [
            9108.0,
            9399.0,
            9792.0,
            9469.0,
            9237.0,
            8719.0,
            5392.0,
            5184.0
        ],
        "IntDen": [
            40.59965331227706,
            41.89680956105535,
            43.64863913414767,
            42.20884027381988,
            41.174681340085996,
            38.865654065628426,
            24.035280046091124,
            23.108103071019357
        ],
        "FlagUp": 0,
        "Times": [
            -15,
            -10,
            -5,
            2,
            10,
            20,
            30,
            40
        ],
        "width": 0,
        "height": 0,
        "area": 0.6151462623072282,
        "distance": 14.705971744159172,
        "xpert": [
            [
                397.0,
                186.8
            ],
            [
                391.6,
                185.4
            ],
            [
                389.0,
                180.0
            ],
            [
                392.8,
                175.8
            ],
            [
                397.0,
                175.2
            ],
            [
                401.0,
                176.0
            ],
            [
                404.4,
                180.0
            ],
            [
                403.6,
                186.6
            ]
        ],
        "stack": 0
    },
    {
        "type": "Spine",
        "location": [
            402,
            202
        ],
        "radloc": [
            0,
            0
        ],
        "mean": [
            85.89682539682539,
            80.03968253968254,
            70.39682539682539,
            65.92063492063492,
            55.79365079365079,
            66.24603174603175,
            44.007936507936506,
            39.74603174603175
        ],
        "min": [
            33.0,
            30.0,
            23.0,
            19.0,
            14.0,
            15.0,
            7.0,
            7.0
        ],
        "max": [
            176.0,
            154.0,
            157.0,
            129.0,
            122.0,
            169.0,
            95.0,
            86.0
        ],
        "RawIntDen": [
            10823.0,
            10085.0,
            8870.0,
            8306.0,
            7030.0,
            8347.0,
            5545.0,
            5008.0
        ],
        "IntDen": [
            48.335208415167706,
            45.039321525174756,
            39.61316627945464,
            37.09435841230555,
            31.39577891145052,
            37.277463239527385,
            24.76381138890372,
            22.3655847494373
        ],
        "FlagUp": 0,
        "Times": [
            -15,
            -10,
            -5,
            2,
            10,
            20,
            30,
            40
        ],
        "width": 0,
        "height": 0,
        "area": 0.562712395852456,
        "distance": 15.035421744159173,
        "xpert": [
            [
                402.0,
                207.8
            ],
            [
                398.0,
                206.0
            ],
            [
                394.0,
                202.0
            ],
            [
                396.4,
                196.4
            ],
            [
                402.0,
                196.2
            ],
            [
                407.4,
                196.6
            ],
            [
                408.6,
                202.0
            ],
            [
                406.4,
                206.4
            ]
        ],
        "stack": 0
    },
    {
        "type": "Spine",
        "location": [
            433,
            204
        ],
        "radloc": [
            0,
            0
        ],
        "mean": [
            73.92792792792793,
            82.6036036036036,
            71.63963963963964,
            72.29729729729729,
            64.83783783783784,
            57.62162162162162,
            53.57657657657658,
            65.89189189189189
        ],
        "min": [
            19.0,
            17.0,
            20.0,
            21.0,
            6.0,
            15.0,
            15.0,
            22.0
        ],
        "max": [
            154.0,
            189.0,
            160.0,
            160.0,
            175.0,
            136.0,
            126.0,
            136.0
        ],
        "RawIntDen": [
            8206.0,
            9169.0,
            7952.0,
            8025.0,
            7197.0,
            6396.0,
            5947.0,
            7314.0
        ],
        "IntDen": [
            35.690351275496724,
            39.87872664453198,
            34.5856292155435,
            34.90312807529383,
            31.301908131824266,
            27.818119273467833,
            25.865283821030832,
            31.81077616731453
        ],
        "FlagUp": 0,
        "Times": [
            -15,
            -10,
            -5,
            2,
            10,
            20,
            30,
            40
        ],
        "width": 0,
        "height": 0,
        "area": 0.48277223879845677,
        "distance": 17.105304275783933,
        "xpert": [
            [
                433.0,
                209.4
            ],
            [
                429.0,
                208.0
            ],
            [
                427.4,
                204.0
            ],
            [
                427.8,
                198.8
            ],
            [
                433.0,
                197.0
            ],
            [
                438.0,
                199.0
            ],
            [
                438.8,
                204.0
            ],
            [
                437.2,
                208.2
            ]
        ],
        "stack": 0
    }
]