[
    {
        "type": "Stim",
        "location": [
            233,
            136
        ],
        "radloc": [
            0,
            0
        ],
        "mean": [
            45.99342105263158,
            41.776315789473685,
            39.75657894736842,
            64.75657894736842,
            47.56578947368421,
            51.92763157894737,
            60.98026315789474,
            49.38157894736842
        ],
        "min": [
            8,
            6,
            5,
            6,
            8,
            6,
            13,
            12
        ],
        "max": [
            122,
            127,
            131,
            168,
            132,
            138,
            150,
            110
        ],
        "RawIntDen": [
            6991,
            6350,
            6043,
            9843,
            7230,
            7893,
            9269,
            7506
        ],
        "IntDen": [
            4628.824992000001,
            4204.4112000000005,
            4001.1428160000005,
            6517.168416,
            4787.06976,
            5226.050016,
            6137.116128000001,
            4969.812672000001
        ],
        "FlagUp": 0,
        "Times": [
            -15,
            -10,
            -5,
            2,
            10,
            20,
            30,
            40
        ],
        "width": 0,
        "height": 0,
        "area": [
            0.662112,
            0.662112,
            0.662112,
            0.662112,
            0.662112,
            0.662112,
            0.662112,
            0.662112
        ],
        "distance": 0,
        "xpert": [
            [
                233.0,
                145.2
            ],
            [
                227.8,
                141.2
            ],
            [
                227.8,
                136.0
            ],
            [
                228.6,
                131.6
            ],
            [
                233.0,
                127.4
            ],
            [
                238.2,
                130.8
            ],
            [
                239.8,
                136.0
            ],
            [
                238.6,
                141.6
            ]
        ],
        "stack": 0,
        "shift": [
            [
                0,
                0
            ],
            [
                0,
                0
            ],
            [
                0,
                0
            ],
            [
                0,
                0
            ],
            [
                1,
                0
            ],
            [
                3,
                0
            ],
            [
                2,
                0
            ],
            [
                2,
                0
            ]
        ],
        "channel": 0
    },
    {
        "type": "Spine",
        "location": [
            260,
            105
        ],
        "radloc": [
            0,
            0
        ],
        "mean": [
            163.95652173913044,
            145.79347826086956,
            121.97826086956522,
            126.21739130434783,
            144.3586956521739,
            136.07608695652175,
            133.1195652173913,
            122.95652173913044
        ],
        "min": [
            56,
            41,
            46,
            43,
            62,
            43,
            38,
            41
        ],
        "max": [
            255,
            255,
            236,
            247,
            235,
            248,
            228,
            221
        ],
        "RawIntDen": [
            15084,
            13413,
            11222,
            11612,
            13281,
            12519,
            12247,
            11312
        ],
        "IntDen": [
            6044.943168000001,
            5375.286576,
            4497.238944000001,
            4653.5322240000005,
            5322.387312000001,
            5017.014288,
            4908.009744000001,
            4533.306624000001
        ],
        "FlagUp": 0,
        "Times": [
            -15,
            -10,
            -5,
            2,
            10,
            20,
            30,
            40
        ],
        "width": 0,
        "height": 0,
        "area": [
            0.40075200000000005,
            0.40075200000000005,
            0.40075200000000005,
            0.40075200000000005,
            0.40075200000000005,
            0.40075200000000005,
            0.40075200000000005,
            0.40075200000000005
        ],
        "distance": 1.782,
        "xpert": [
            [
                260.0,
                109.2
            ],
            [
                255.8,
                109.2
            ],
            [
                254.2,
                105.0
            ],
            [
                256.2,
                101.2
            ],
            [
                260.0,
                100.0
            ],
            [
                264.2,
                100.8
            ],
            [
                267.0,
                105.0
            ],
            [
                264.2,
                109.2
            ]
        ],
        "stack": 0,
        "shift": [
            [
                0,
                0
            ],
            [
                2,
                0
            ],
            [
                2,
                0
            ],
            [
                4,
                0
            ],
            [
                6,
                0
            ],
            [
                7,
                0
            ],
            [
                8,
                0
            ],
            [
                8,
                0
            ]
        ],
        "channel": 0
    },
    {
        "type": "Spine",
        "location": [
            209,
            104
        ],
        "radloc": [
            0,
            0
        ],
        "mean": [
            100.05714285714286,
            82.97142857142858,
            91.96190476190476,
            97.53333333333333,
            87.48571428571428,
            99.93333333333334,
            90.4095238095238,
            86.21904761904761
        ],
        "min": [
            16,
            16,
            32,
            33,
            21,
            19,
            21,
            22
        ],
        "max": [
            207,
            171,
            197,
            214,
            196,
            225,
            210,
            182
        ],
        "RawIntDen": [
            10506,
            8712,
            9656,
            10241,
            9186,
            10493,
            9493,
            9053
        ],
        "IntDen": [
            4805.234280000001,
            3984.6945600000004,
            4416.46128,
            4684.02858,
            4201.49268,
            4799.288340000001,
            4341.908340000001,
            4140.66114
        ],
        "FlagUp": 0,
        "Times": [
            -15,
            -10,
            -5,
            2,
            10,
            20,
            30,
            40
        ],
        "width": 0,
        "height": 0,
        "area": [
            0.45738000000000006,
            0.45738000000000006,
            0.45738000000000006,
            0.45738000000000006,
            0.45738000000000006,
            0.45738000000000006,
            0.45738000000000006,
            0.45738000000000006
        ],
        "distance": 1.584,
        "xpert": [
            [
                209.0,
                108.8
            ],
            [
                204.2,
                108.8
            ],
            [
                202.4,
                104.0
            ],
            [
                204.2,
                99.2
            ],
            [
                209.0,
                98.4
            ],
            [
                213.6,
                99.4
            ],
            [
                215.0,
                104.0
            ],
            [
                213.2,
                108.2
            ]
        ],
        "stack": 0,
        "shift": [
            [
                0,
                0
            ],
            [
                0,
                0
            ],
            [
                0,
                0
            ],
            [
                0,
                0
            ],
            [
                1,
                0
            ],
            [
                3,
                0
            ],
            [
                3,
                0
            ],
            [
                4,
                0
            ]
        ],
        "channel": 0
    },
    {
        "type": "Spine",
        "location": [
            194,
            100
        ],
        "radloc": [
            0,
            0
        ],
        "mean": [
            80.08904109589041,
            89.91780821917808,
            77.24657534246575,
            70.91095890410959,
            72.56164383561644,
            80.63698630136986,
            66.74657534246575,
            65.06164383561644
        ],
        "min": [
            26,
            20,
            19,
            25,
            17,
            20,
            17,
            11
        ],
        "max": [
            178,
            196,
            161,
            154,
            155,
            170,
            150,
            169
        ],
        "RawIntDen": [
            11693,
            13128,
            11278,
            10353,
            10594,
            11773,
            9745,
            9499
        ],
        "IntDen": [
            7436.4673680000005,
            8349.092928000002,
            7172.537328000001,
            6584.2595280000005,
            6737.529744,
            7487.345448000001,
            6197.586120000001,
            6041.136024
        ],
        "FlagUp": 0,
        "Times": [
            -15,
            -10,
            -5,
            2,
            10,
            20,
            30,
            40
        ],
        "width": 0,
        "height": 0,
        "area": [
            0.6359760000000001,
            0.6359760000000001,
            0.6359760000000001,
            0.6359760000000001,
            0.6359760000000001,
            0.6359760000000001,
            0.6359760000000001,
            0.6359760000000001
        ],
        "distance": 2.5740000000000003,
        "xpert": [
            [
                194.0,
                106.8
            ],
            [
                187.4,
                106.6
            ],
            [
                187.8,
                100.0
            ],
            [
                188.6,
                94.6
            ],
            [
                194.0,
                93.8
            ],
            [
                198.6,
                95.4
            ],
            [
                201.0,
                100.0
            ],
            [
                200.0,
                106.0
            ]
        ],
        "stack": 0,
        "shift": [
            [
                0,
                0
            ],
            [
                0,
                0
            ],
            [
                0,
                0
            ],
            [
                0,
                0
            ],
            [
                1,
                -1
            ],
            [
                1,
                1
            ],
            [
                0,
                1
            ],
            [
                0,
                3
            ]
        ],
        "channel": 0
    },
    {
        "type": "Spine",
        "location": [
            183,
            92
        ],
        "radloc": [
            0,
            0
        ],
        "mean": [
            90.76136363636364,
            90.8465909090909,
            94.6590909090909,
            74.2840909090909,
            99.4090909090909,
            88.6875,
            91.26136363636364,
            81.61363636363636
        ],
        "min": [
            11,
            15,
            15,
            13,
            23,
            16,
            13,
            20
        ],
        "max": [
            237,
            205,
            209,
            164,
            207,
            197,
            216,
            201
        ],
        "RawIntDen": [
            15974,
            15989,
            16660,
            13074,
            17496,
            15609,
            16062,
            14364
        ],
        "IntDen": [
            12246.562944000001,
            12258.062784000002,
            12772.48896,
            10023.260544,
            13413.413376000002,
            11966.733504000002,
            12314.028672000002,
            11012.246784
        ],
        "FlagUp": 0,
        "Times": [
            -15,
            -10,
            -5,
            2,
            10,
            20,
            30,
            40
        ],
        "width": 0,
        "height": 0,
        "area": [
            0.7666560000000001,
            0.7666560000000001,
            0.7666560000000001,
            0.7666560000000001,
            0.7666560000000001,
            0.7666560000000001,
            0.7666560000000001,
            0.7666560000000001
        ],
        "distance": 3.3000000000000003,
        "xpert": [
            [
                183.0,
                99.2
            ],
            [
                175.6,
                99.4
            ],
            [
                174.0,
                92.0
            ],
            [
                177.8,
                86.8
            ],
            [
                183.0,
                85.4
            ],
            [
                189.4,
                85.6
            ],
            [
                189.6,
                92.0
            ],
            [
                187.6,
                96.6
            ]
        ],
        "stack": 0,
        "shift": [
            [
                0,
                0
            ],
            [
                0,
                0
            ],
            [
                0,
                0
            ],
            [
                0,
                0
            ],
            [
                2,
                0
            ],
            [
                4,
                0
            ],
            [
                3,
                0
            ],
            [
                4,
                0
            ]
        ],
        "channel": 0
    },
    {
        "type": "Spine",
        "location": [
            171,
            147
        ],
        "radloc": [
            0,
            0
        ],
        "mean": [
            26.62962962962963,
            28.77777777777778,
            30.67283950617284,
            32.19135802469136,
            30.314814814814813,
            26.17283950617284,
            37.77777777777778,
            34.876543209876544
        ],
        "min": [
            6,
            6,
            5,
            6,
            6,
            6,
            6,
            6
        ],
        "max": [
            71,
            80,
            81,
            85,
            104,
            101,
            124,
            92
        ],
        "RawIntDen": [
            4314,
            4662,
            4969,
            5215,
            4911,
            4240,
            6120,
            5650
        ],
        "IntDen": [
            3044.269008,
            3289.842864,
            3506.4841680000004,
            3680.0794800000003,
            3465.5551920000003,
            2992.04928,
            4318.712640000001,
            3987.0468000000005
        ],
        "FlagUp": 0,
        "Times": [
            -15,
            -10,
            -5,
            2,
            10,
            20,
            30,
            40
        ],
        "width": 0,
        "height": 0,
        "area": [
            0.7056720000000001,
            0.7056720000000001,
            0.7056720000000001,
            0.7056720000000001,
            0.7056720000000001,
            0.7056720000000001,
            0.7056720000000001,
            0.7056720000000001
        ],
        "distance": 4.0920000000000005,
        "xpert": [
            [
                171.0,
                153.8
            ],
            [
                164.6,
                153.4
            ],
            [
                162.2,
                147.0
            ],
            [
                165.8,
                141.8
            ],
            [
                171.0,
                138.2
            ],
            [
                176.0,
                142.0
            ],
            [
                176.8,
                147.0
            ],
            [
                175.6,
                151.6
            ]
        ],
        "stack": 0,
        "shift": [
            [
                0,
                0
            ],
            [
                0,
                0
            ],
            [
                0,
                0
            ],
            [
                0,
                1
            ],
            [
                0,
                3
            ],
            [
                0,
                4
            ],
            [
                0,
                4
            ],
            [
                0,
                6
            ]
        ],
        "channel": 0
    },
    {
        "type": "Spine",
        "location": [
            100,
            104
        ],
        "radloc": [
            0,
            0
        ],
        "mean": [
            128.29166666666666,
            91.84895833333333,
            99.51041666666667,
            101.734375,
            94.98958333333333,
            97.36979166666667,
            89.96875,
            82.65104166666667
        ],
        "min": [
            46,
            30,
            36,
            44,
            26,
            27,
            37,
            38
        ],
        "max": [
            231,
            177,
            161,
            193,
            176,
            172,
            172,
            160
        ],
        "RawIntDen": [
            24632,
            17635,
            19106,
            19533,
            18238,
            18695,
            17274,
            15869
        ],
        "IntDen": [
            20601.022464,
            14749.067520000002,
            15979.341312000002,
            16336.463616000003,
            15253.387776000001,
            15635.600640000002,
            14447.144448000001,
            13272.069888000002
        ],
        "FlagUp": 0,
        "Times": [
            -15,
            -10,
            -5,
            2,
            10,
            20,
            30,
            40
        ],
        "width": 0,
        "height": 0,
        "area": [
            0.8363520000000001,
            0.8363520000000001,
            0.8363520000000001,
            0.8363520000000001,
            0.8363520000000001,
            0.8363520000000001,
            0.8363520000000001,
            0.8363520000000001
        ],
        "distance": 8.887352380466497,
        "xpert": [
            [
                100.0,
                112.6
            ],
            [
                93.4,
                110.6
            ],
            [
                91.8,
                104.0
            ],
            [
                94.0,
                98.0
            ],
            [
                100.0,
                97.8
            ],
            [
                105.0,
                99.0
            ],
            [
                107.8,
                104.0
            ],
            [
                107.0,
                111.0
            ]
        ],
        "stack": 0,
        "shift": [
            [
                0,
                0
            ],
            [
                1,
                0
            ],
            [
                2,
                0
            ],
            [
                2,
                0
            ],
            [
                3,
                0
            ],
            [
                5,
                0
            ],
            [
                6,
                0
            ],
            [
                7,
                0
            ]
        ],
        "channel": 0
    },
    {
        "type": "Spine",
        "location": [
            85,
            104
        ],
        "radloc": [
            0,
            0
        ],
        "mean": [
            136.22685185185185,
            123.23148148148148,
            110.76388888888889,
            113.0,
            113.9675925925926,
            99.22222222222223,
            97.32870370370371,
            89.88425925925925
        ],
        "min": [
            42,
            47,
            41,
            41,
            43,
            36,
            29,
            30
        ],
        "max": [
            232,
            198,
            229,
            202,
            238,
            180,
            178,
            155
        ],
        "RawIntDen": [
            29425,
            26618,
            23925,
            24408,
            24617,
            21432,
            21023,
            19415
        ],
        "IntDen": [
            27685.864800000003,
            25044.769728000003,
            22510.936800000003,
            22965.389568000002,
            23162.036832,
            20165.283072000002,
            19780.456608000004,
            18267.495840000003
        ],
        "FlagUp": 0,
        "Times": [
            -15,
            -10,
            -5,
            2,
            10,
            20,
            30,
            40
        ],
        "width": 0,
        "height": 0,
        "area": [
            0.9408960000000001,
            0.9408960000000001,
            0.9408960000000001,
            0.9408960000000001,
            0.9408960000000001,
            0.9408960000000001,
            0.9408960000000001,
            0.9408960000000001
        ],
        "distance": 9.877352380466498,
        "xpert": [
            [
                85.0,
                116.0
            ],
            [
                75.0,
                114.0
            ],
            [
                79.4,
                104.0
            ],
            [
                81.0,
                100.0
            ],
            [
                85.0,
                98.6
            ],
            [
                90.0,
                99.0
            ],
            [
                93.0,
                104.0
            ],
            [
                92.4,
                111.4
            ]
        ],
        "stack": 0,
        "shift": [
            [
                0,
                0
            ],
            [
                1,
                0
            ],
            [
                2,
                0
            ],
            [
                3,
                0
            ],
            [
                4,
                0
            ],
            [
                6,
                0
            ],
            [
                7,
                0
            ],
            [
                6,
                0
            ]
        ],
        "channel": 0
    },
    {
        "type": "Spine",
        "location": [
            88,
            132
        ],
        "radloc": [
            0,
            0
        ],
        "mean": [
            20.253968253968253,
            21.896825396825395,
            22.08730158730159,
            22.761904761904763,
            36.65873015873016,
            48.27777777777778,
            21.246031746031747,
            27.325396825396826
        ],
        "min": [
            6,
            6,
            5,
            6,
            7,
            10,
            7,
            5
        ],
        "max": [
            75,
            69,
            62,
            72,
            92,
            132,
            63,
            86
        ],
        "RawIntDen": [
            2552,
            2759,
            2783,
            2868,
            4619,
            6083,
            2677,
            3443
        ],
        "IntDen": [
            1400.6805120000001,
            1514.2937040000002,
            1527.4662480000002,
            1574.1190080000001,
            2535.1658640000005,
            3338.6910480000006,
            1469.287512,
            1889.7112080000002
        ],
        "FlagUp": 0,
        "Times": [
            -15,
            -10,
            -5,
            2,
            10,
            20,
            30,
            40
        ],
        "width": 0,
        "height": 0,
        "area": [
            0.548856,
            0.548856,
            0.548856,
            0.548856,
            0.548856,
            0.548856,
            0.548856,
            0.548856
        ],
        "distance": 9.679352380466497,
        "xpert": [
            [
                88.0,
                138.0
            ],
            [
                83.4,
                136.6
            ],
            [
                79.2,
                132.0
            ],
            [
                81.6,
                125.6
            ],
            [
                88.0,
                126.6
            ],
            [
                91.8,
                128.2
            ],
            [
                93.6,
                132.0
            ],
            [
                92.4,
                136.4
            ]
        ],
        "stack": 0,
        "shift": [
            [
                0,
                0
            ],
            [
                1,
                0
            ],
            [
                1,
                0
            ],
            [
                2,
                0
            ],
            [
                3,
                0
            ],
            [
                5,
                0
            ],
            [
                6,
                0
            ],
            [
                5,
                0
            ]
        ],
        "channel": 0
    },
    {
        "type": "Spine",
        "location": [
            63,
            118
        ],
        "radloc": [
            0,
            0
        ],
        "mean": [
            110.26976744186047,
            116.13023255813954,
            108.69302325581396,
            97.90232558139535,
            94.16744186046512,
            92.11627906976744,
            91.88837209302325,
            96.8
        ],
        "min": [
            19,
            22,
            17,
            16,
            19,
            13,
            17,
            15
        ],
        "max": [
            255,
            255,
            252,
            250,
            226,
            219,
            213,
            227
        ],
        "RawIntDen": [
            23708,
            24968,
            23369,
            21049,
            20246,
            19805,
            19756,
            20812
        ],
        "IntDen": [
            22203.49032,
            23383.530720000002,
            21886.00326,
            19713.230460000002,
            18961.188840000003,
            18548.174700000003,
            18502.28424,
            19491.270480000003
        ],
        "FlagUp": 0,
        "Times": [
            -15,
            -10,
            -5,
            2,
            10,
            20,
            30,
            40
        ],
        "width": 0,
        "height": 0,
        "area": [
            0.9365400000000002,
            0.9365400000000002,
            0.9365400000000002,
            0.9365400000000002,
            0.9365400000000002,
            0.9365400000000002,
            0.9365400000000002,
            0.9365400000000002
        ],
        "distance": 11.356690475583122,
        "xpert": [
            [
                63.0,
                125.2
            ],
            [
                58.6,
                122.4
            ],
            [
                55.6,
                118.0
            ],
            [
                56.8,
                111.8
            ],
            [
                63.0,
                112.0
            ],
            [
                69.2,
                111.8
            ],
            [
                77.6,
                118.0
            ],
            [
                70.8,
                125.8
            ]
        ],
        "stack": 0,
        "shift": [
            [
                0,
                0
            ],
            [
                1,
                0
            ],
            [
                2,
                0
            ],
            [
                3,
                0
            ],
            [
                4,
                0
            ],
            [
                4,
                0
            ],
            [
                5,
                0
            ],
            [
                6,
                0
            ]
        ],
        "channel": 0
    },
    {
        "type": "Spine",
        "location": [
            302,
            109
        ],
        "radloc": [
            0,
            0
        ],
        "mean": [
            159.90066225165563,
            162.6291390728477,
            146.9933774834437,
            154.64238410596028,
            156.74172185430464,
            142.16556291390728,
            159.6887417218543,
            170.50331125827816
        ],
        "min": [
            54,
            55,
            73,
            69,
            53,
            42,
            52,
            64
        ],
        "max": [
            253,
            253,
            236,
            237,
            245,
            230,
            219,
            252
        ],
        "RawIntDen": [
            24145,
            24557,
            22196,
            23351,
            23668,
            21467,
            24113,
            25746
        ],
        "IntDen": [
            15881.518620000003,
            16152.514092000001,
            14599.552176000001,
            15359.260356000003,
            15567.769008000001,
            14120.048052000002,
            15860.470428000002,
            16934.585976000002
        ],
        "FlagUp": 0,
        "Times": [
            -15,
            -10,
            -5,
            2,
            10,
            20,
            30,
            40
        ],
        "width": 0,
        "height": 0,
        "area": [
            0.6577560000000001,
            0.6577560000000001,
            0.6577560000000001,
            0.6577560000000001,
            0.6577560000000001,
            0.6577560000000001,
            0.6577560000000001,
            0.6577560000000001
        ],
        "distance": 4.74536666581637,
        "xpert": [
            [
                302.0,
                114.8
            ],
            [
                296.2,
                114.8
            ],
            [
                296.4,
                109.0
            ],
            [
                297.4,
                104.4
            ],
            [
                302.0,
                102.2
            ],
            [
                307.4,
                103.6
            ],
            [
                312.8,
                109.0
            ],
            [
                307.8,
                114.8
            ]
        ],
        "stack": 0,
        "shift": [
            [
                0,
                0
            ],
            [
                3,
                0
            ],
            [
                3,
                0
            ],
            [
                5,
                0
            ],
            [
                7,
                0
            ],
            [
                8,
                0
            ],
            [
                11,
                0
            ],
            [
                13,
                1
            ]
        ],
        "channel": 0
    },
    {
        "type": "Spine",
        "location": [
            340,
            129
        ],
        "radloc": [
            0,
            0
        ],
        "mean": [
            138.41847826086956,
            110.125,
            78.59782608695652,
            83.66304347826087,
            83.48913043478261,
            75.80978260869566,
            70.35326086956522,
            52.33695652173913
        ],
        "min": [
            12,
            26,
            8,
            14,
            13,
            9,
            8,
            7
        ],
        "max": [
            255,
            237,
            175,
            184,
            220,
            173,
            181,
            142
        ],
        "RawIntDen": [
            25469,
            20263,
            14462,
            15394,
            15362,
            13949,
            12945,
            9630
        ],
        "IntDen": [
            20413.505376,
            16240.875552000001,
            11591.350848000002,
            12338.352576000001,
            12312.704448000002,
            11180.179296000002,
            10375.469280000001,
            7718.483520000001
        ],
        "FlagUp": 0,
        "Times": [
            -15,
            -10,
            -5,
            2,
            10,
            20,
            30,
            40
        ],
        "width": 0,
        "height": 0,
        "area": [
            0.8015040000000001,
            0.8015040000000001,
            0.8015040000000001,
            0.8015040000000001,
            0.8015040000000001,
            0.8015040000000001,
            0.8015040000000001,
            0.8015040000000001
        ],
        "distance": 7.253366665816369,
        "xpert": [
            [
                340.0,
                138.6
            ],
            [
                333.2,
                135.8
            ],
            [
                332.4,
                129.0
            ],
            [
                334.4,
                123.4
            ],
            [
                340.0,
                123.4
            ],
            [
                345.8,
                123.2
            ],
            [
                348.2,
                129.0
            ],
            [
                345.6,
                134.6
            ]
        ],
        "stack": 0,
        "shift": [
            [
                0,
                0
            ],
            [
                0,
                0
            ],
            [
                2,
                0
            ],
            [
                2,
                0
            ],
            [
                4,
                0
            ],
            [
                5,
                0
            ],
            [
                6,
                0
            ],
            [
                5,
                0
            ]
        ],
        "channel": 0
    },
    {
        "type": "Spine",
        "location": [
            343,
            91
        ],
        "radloc": [
            0,
            0
        ],
        "mean": [
            61.17560975609756,
            46.61951219512195,
            44.43414634146342,
            43.61951219512195,
            52.68292682926829,
            44.99512195121951,
            37.78536585365854,
            33.141463414634146
        ],
        "min": [
            14,
            18,
            14,
            16,
            22,
            14,
            9,
            10
        ],
        "max": [
            136,
            120,
            103,
            128,
            142,
            96,
            75,
            86
        ],
        "RawIntDen": [
            12541,
            9557,
            9109,
            8942,
            10800,
            9224,
            7746,
            6794
        ],
        "IntDen": [
            11198.862180000002,
            8534.20986,
            8134.154820000001,
            7985.027160000001,
            9644.184000000001,
            8236.847520000001,
            6917.023080000001,
            6066.906120000001
        ],
        "FlagUp": 0,
        "Times": [
            -15,
            -10,
            -5,
            2,
            10,
            20,
            30,
            40
        ],
        "width": 0,
        "height": 0,
        "area": [
            0.8929800000000001,
            0.8929800000000001,
            0.8929800000000001,
            0.8929800000000001,
            0.8929800000000001,
            0.8929800000000001,
            0.8929800000000001,
            0.8929800000000001
        ],
        "distance": 8.16412563820387,
        "xpert": [
            [
                343.0,
                102.6
            ],
            [
                337.4,
                96.6
            ],
            [
                335.2,
                91.0
            ],
            [
                337.4,
                85.4
            ],
            [
                343.0,
                82.6
            ],
            [
                348.6,
                85.4
            ],
            [
                349.2,
                91.0
            ],
            [
                351.0,
                99.0
            ]
        ],
        "stack": 0,
        "shift": [
            [
                0,
                0
            ],
            [
                3,
                0
            ],
            [
                5,
                0
            ],
            [
                6,
                0
            ],
            [
                8,
                0
            ],
            [
                9,
                0
            ],
            [
                10,
                0
            ],
            [
                9,
                0
            ]
        ],
        "channel": 0
    },
    {
        "type": "Spine",
        "location": [
            374,
            126
        ],
        "radloc": [
            0,
            0
        ],
        "mean": [
            75.1340782122905,
            73.44692737430168,
            65.88268156424581,
            57.815642458100555,
            66.69832402234637,
            44.73184357541899,
            40.11173184357542,
            56.03351955307262
        ],
        "min": [
            7,
            9,
            8,
            7,
            8,
            6,
            6,
            7
        ],
        "max": [
            212,
            195,
            180,
            142,
            181,
            164,
            164,
            167
        ],
        "RawIntDen": [
            13449,
            13147,
            11793,
            10349,
            11939,
            8007,
            7180,
            10030
        ],
        "IntDen": [
            10486.508076000002,
            10251.031428000002,
            9195.285132,
            8069.363676000001,
            9309.124836,
            6243.250068,
            5598.418320000001,
            7820.631720000001
        ],
        "FlagUp": 0,
        "Times": [
            -15,
            -10,
            -5,
            2,
            10,
            20,
            30,
            40
        ],
        "width": 0,
        "height": 0,
        "area": [
            0.7797240000000001,
            0.7797240000000001,
            0.7797240000000001,
            0.7797240000000001,
            0.7797240000000001,
            0.7797240000000001,
            0.7797240000000001,
            0.7797240000000001
        ],
        "distance": 9.486719215545557,
        "xpert": [
            [
                374.0,
                136.0
            ],
            [
                367.8,
                132.2
            ],
            [
                366.2,
                126.0
            ],
            [
                367.8,
                119.8
            ],
            [
                374.0,
                119.6
            ],
            [
                378.0,
                122.0
            ],
            [
                380.2,
                126.0
            ],
            [
                380.4,
                132.4
            ]
        ],
        "stack": 0,
        "shift": [
            [
                0,
                0
            ],
            [
                0,
                0
            ],
            [
                2,
                0
            ],
            [
                3,
                0
            ],
            [
                4,
                0
            ],
            [
                6,
                0
            ],
            [
                8,
                0
            ],
            [
                7,
                0
            ]
        ],
        "channel": 0
    },
    {
        "type": "Spine",
        "location": [
            374,
            82
        ],
        "radloc": [
            0,
            0
        ],
        "mean": [
            95.75877192982456,
            73.65789473684211,
            77.95175438596492,
            77.29824561403508,
            55.89035087719298,
            50.171052631578945,
            53.6359649122807,
            50.41228070175438
        ],
        "min": [
            20,
            14,
            21,
            20,
            13,
            10,
            11,
            10
        ],
        "max": [
            205,
            145,
            159,
            168,
            128,
            116,
            115,
            123
        ],
        "RawIntDen": [
            21833,
            16794,
            17773,
            17624,
            12743,
            11439,
            12229,
            11494
        ],
        "IntDen": [
            21683.836944000002,
            16679.263392,
            17651.574864000002,
            17503.592832000002,
            12655.939824000001,
            11360.848752000002,
            12145.451472,
            11415.472992
        ],
        "FlagUp": 0,
        "Times": [
            -15,
            -10,
            -5,
            2,
            10,
            20,
            30,
            40
        ],
        "width": 0,
        "height": 0,
        "area": [
            0.9931680000000002,
            0.9931680000000002,
            0.9931680000000002,
            0.9931680000000002,
            0.9931680000000002,
            0.9931680000000002,
            0.9931680000000002,
            0.9931680000000002
        ],
        "distance": 9.68873333163274,
        "xpert": [
            [
                374.0,
                92.2
            ],
            [
                368.2,
                87.8
            ],
            [
                365.2,
                82.0
            ],
            [
                368.6,
                76.6
            ],
            [
                374.0,
                76.2
            ],
            [
                380.4,
                75.6
            ],
            [
                384.6,
                82.0
            ],
            [
                382.0,
                90.0
            ]
        ],
        "stack": 0,
        "shift": [
            [
                0,
                0
            ],
            [
                0,
                0
            ],
            [
                0,
                0
            ],
            [
                0,
                0
            ],
            [
                0,
                0
            ],
            [
                0,
                0
            ],
            [
                0,
                0
            ],
            [
                0,
                0
            ]
        ],
        "channel": 0
    },
    {
        "type": "Spine",
        "location": [
            397,
            95
        ],
        "radloc": [
            0,
            0
        ],
        "mean": [
            155.13846153846154,
            88.11538461538461,
            100.4076923076923,
            104.57692307692308,
            71.9,
            71.76153846153846,
            75.55384615384615,
            79.91538461538461
        ],
        "min": [
            57,
            27,
            23,
            31,
            28,
            29,
            34,
            32
        ],
        "max": [
            255,
            161,
            192,
            227,
            139,
            147,
            134,
            160
        ],
        "RawIntDen": [
            20168,
            11455,
            13053,
            13595,
            9347,
            9329,
            9822,
            10389
        ],
        "IntDen": [
            11420.735040000001,
            6486.737400000001,
            7391.652840000001,
            7698.576600000001,
            5293.019160000001,
            5282.826120000001,
            5562.002160000001,
            5883.082920000001
        ],
        "FlagUp": 0,
        "Times": [
            -15,
            -10,
            -5,
            2,
            10,
            20,
            30,
            40
        ],
        "width": 0,
        "height": 0,
        "area": [
            0.5662800000000001,
            0.5662800000000001,
            0.5662800000000001,
            0.5662800000000001,
            0.5662800000000001,
            0.5662800000000001,
            0.5662800000000001,
            0.5662800000000001
        ],
        "distance": 11.20673333163274,
        "xpert": [
            [
                397.0,
                101.0
            ],
            [
                392.2,
                99.8
            ],
            [
                388.4,
                95.0
            ],
            [
                391.2,
                89.2
            ],
            [
                397.0,
                88.0
            ],
            [
                401.6,
                90.4
            ],
            [
                402.2,
                95.0
            ],
            [
                401.0,
                99.0
            ]
        ],
        "stack": 0,
        "shift": [
            [
                0,
                0
            ],
            [
                3,
                0
            ],
            [
                5,
                0
            ],
            [
                6,
                0
            ],
            [
                7,
                0
            ],
            [
                10,
                0
            ],
            [
                11,
                0
            ],
            [
                10,
                0
            ]
        ],
        "channel": 0
    },
    {
        "type": "Spine",
        "location": [
            412,
            88
        ],
        "radloc": [
            0,
            0
        ],
        "mean": [
            93.69064748201438,
            80.07194244604317,
            53.280575539568346,
            45.62589928057554,
            52.618705035971225,
            41.064748201438846,
            40.49640287769784,
            48.302158273381295
        ],
        "min": [
            32,
            28,
            21,
            20,
            24,
            19,
            18,
            21
        ],
        "max": [
            191,
            185,
            125,
            99,
            116,
            97,
            103,
            108
        ],
        "RawIntDen": [
            13023,
            11130,
            7406,
            6342,
            7314,
            5708,
            5629,
            6714
        ],
        "IntDen": [
            7885.218132000001,
            6739.0369200000005,
            4484.2145040000005,
            3839.9795280000003,
            4428.509976,
            3456.1026720000004,
            3408.2694360000005,
            4065.2195760000004
        ],
        "FlagUp": 0,
        "Times": [
            -15,
            -10,
            -5,
            2,
            10,
            20,
            30,
            40
        ],
        "width": 0,
        "height": 0,
        "area": [
            0.605484,
            0.605484,
            0.605484,
            0.605484,
            0.605484,
            0.605484,
            0.605484,
            0.605484
        ],
        "distance": 13.626085712099242,
        "xpert": [
            [
                412.0,
                94.8
            ],
            [
                407.0,
                93.0
            ],
            [
                406.6,
                88.0
            ],
            [
                407.2,
                83.2
            ],
            [
                412.0,
                80.0
            ],
            [
                418.2,
                81.8
            ],
            [
                417.8,
                88.0
            ],
            [
                418.0,
                94.0
            ]
        ],
        "stack": 0,
        "shift": [
            [
                0,
                0
            ],
            [
                3,
                0
            ],
            [
                5,
                0
            ],
            [
                6,
                0
            ],
            [
                7,
                0
            ],
            [
                10,
                0
            ],
            [
                9,
                0
            ],
            [
                9,
                0
            ]
        ],
        "channel": 0
    }
]