[
    {
        "type": "Stim",
        "location": [
            271,
            276
        ],
        "radloc": [
            0,
            0
        ],
        "mean": [
            56.656488549618324,
            56.31297709923664,
            58.13740458015267,
            46.717557251908396,
            58.70229007633588,
            65.56488549618321,
            44.52671755725191
        ],
        "min": [
            7.0,
            14.0,
            15.0,
            9.0,
            8.0,
            15.0,
            10.0
        ],
        "max": [
            138.0,
            128.0,
            128.0,
            130.0,
            133.0,
            154.0,
            110.0
        ],
        "RawIntDen": [
            7422.0,
            7377.0,
            7616.0,
            6120.0,
            7690.0,
            8589.0,
            5833.0
        ],
        "IntDen": [
            32.34743992650057,
            32.15131559388233,
            33.19295371601028,
            26.67290923607969,
            33.51546928520471,
            37.433597619066745,
            25.422071825825626
        ],
        "FlagUp": 0,
        "Times": [
            -15,
            -10,
            -5,
            2,
            10,
            20,
            30
        ],
        "width": 0,
        "height": 0,
        "area": 0.5709397238441895,
        "distance": 0,
        "xpert": [
            [
                271.0,
                284.4
            ],
            [
                265.2,
                281.8
            ],
            [
                264.4,
                276.0
            ],
            [
                266.4,
                271.4
            ],
            [
                271.0,
                269.2
            ],
            [
                274.8,
                272.2
            ],
            [
                276.2,
                276.0
            ],
            [
                275.8,
                280.8
            ]
        ],
        "stack": 0
    },
    {
        "type": "Spine",
        "location": [
            302,
            306
        ],
        "radloc": [
            0,
            0
        ],
        "mean": [
            96.45864661654136,
            99.76691729323308,
            104.12781954887218,
            104.4812030075188,
            102.40601503759399,
            103.95488721804512,
            78.60902255639098
        ],
        "min": [
            14.0,
            14.0,
            21.0,
            24.0,
            33.0,
            26.0,
            19.0
        ],
        "max": [
            209.0,
            215.0,
            213.0,
            204.0,
            226.0,
            199.0,
            178.0
        ],
        "RawIntDen": [
            12829.0,
            13269.0,
            13849.0,
            13896.0,
            13620.0,
            13826.0,
            10455.0
        ],
        "IntDen": [
            56.4815959553488,
            58.41876192466468,
            60.97229888421744,
            61.179223430939814,
            59.964092050187126,
            60.87103793582138,
            46.029705020903556
        ],
        "FlagUp": 0,
        "Times": [
            -15,
            -10,
            -5,
            2,
            10,
            20,
            30
        ],
        "width": 0,
        "height": 0,
        "area": 0.5855524407250284,
        "distance": 3.3597227362291755,
        "xpert": [
            [
                302.0,
                312.6
            ],
            [
                297.4,
                310.6
            ],
            [
                293.4,
                306.0
            ],
            [
                296.0,
                300.0
            ],
            [
                302.0,
                300.0
            ],
            [
                305.6,
                302.4
            ],
            [
                307.8,
                306.0
            ],
            [
                307.2,
                311.2
            ]
        ],
        "stack": 0
    },
    {
        "type": "Spine",
        "location": [
            226,
            273
        ],
        "radloc": [
            0,
            0
        ],
        "mean": [
            82.31896551724138,
            80.89655172413794,
            82.01724137931035,
            76.46551724137932,
            76.65517241379311,
            76.25,
            61.077586206896555
        ],
        "min": [
            20.0,
            22.0,
            24.0,
            15.0,
            18.0,
            10.0,
            8.0
        ],
        "max": [
            162.0,
            179.0,
            180.0,
            175.0,
            177.0,
            162.0,
            182.0
        ],
        "RawIntDen": [
            9549.0,
            9384.0,
            9514.0,
            8870.0,
            8892.0,
            8845.0,
            7085.0
        ],
        "IntDen": [
            43.13774535934885,
            42.39235547723632,
            42.97963235405225,
            40.07035305659486,
            40.169738374209864,
            39.957415195668716,
            32.00658978646838
        ],
        "FlagUp": 0,
        "Times": [
            -15,
            -10,
            -5,
            2,
            10,
            20,
            30
        ],
        "width": 0,
        "height": 0,
        "area": 0.5240316746972946,
        "distance": 2.9711041769343036,
        "xpert": [
            [
                226.0,
                278.0
            ],
            [
                220.8,
                278.2
            ],
            [
                217.0,
                273.0
            ],
            [
                220.2,
                267.2
            ],
            [
                226.0,
                268.2
            ],
            [
                230.4,
                268.6
            ],
            [
                231.4,
                273.0
            ],
            [
                229.4,
                276.4
            ]
        ],
        "stack": 0
    },
    {
        "type": "Spine",
        "location": [
            219,
            260
        ],
        "radloc": [
            0,
            0
        ],
        "mean": [
            24.153846153846153,
            25.433566433566433,
            24.11888111888112,
            26.762237762237763,
            25.552447552447553,
            30.223776223776223,
            19.664335664335663
        ],
        "min": [
            6.0,
            7.0,
            7.0,
            5.0,
            5.0,
            5.0,
            5.0
        ],
        "max": [
            53.0,
            57.0,
            56.0,
            72.0,
            62.0,
            78.0,
            58.0
        ],
        "RawIntDen": [
            3454.0,
            3637.0,
            3449.0,
            3827.0,
            3654.0,
            4322.0,
            2812.0
        ],
        "IntDen": [
            15.19775452319889,
            16.00296271015471,
            15.175754299511574,
            16.838971210272774,
            16.07776347069159,
            19.016993355317197,
            12.37292580174733
        ],
        "FlagUp": 0,
        "Times": [
            -15,
            -10,
            -5,
            2,
            10,
            20,
            30
        ],
        "width": 0,
        "height": 0,
        "area": 0.6292063974572789,
        "distance": 3.1687741769343036,
        "xpert": [
            [
                219.0,
                268.8
            ],
            [
                214.0,
                265.0
            ],
            [
                212.4,
                260.0
            ],
            [
                213.4,
                254.4
            ],
            [
                219.0,
                253.0
            ],
            [
                224.2,
                254.8
            ],
            [
                224.2,
                260.0
            ],
            [
                223.8,
                264.8
            ]
        ],
        "stack": 0
    },
    {
        "type": "Spine",
        "location": [
            192,
            297
        ],
        "radloc": [
            0,
            0
        ],
        "mean": [
            96.82949308755761,
            94.66359447004608,
            96.31336405529954,
            96.06912442396313,
            103.07373271889401,
            94.18433179723502,
            72.10138248847926
        ],
        "min": [
            12.0,
            12.0,
            15.0,
            11.0,
            20.0,
            13.0,
            8.0
        ],
        "max": [
            216.0,
            224.0,
            232.0,
            214.0,
            221.0,
            220.0,
            166.0
        ],
        "RawIntDen": [
            21012.0,
            20542.0,
            20900.0,
            20847.0,
            22367.0,
            20438.0,
            15646.0
        ],
        "IntDen": [
            92.34577139540441,
            90.28016542948778,
            91.85354188863279,
            91.62061185417835,
            98.30086944607892,
            89.82309517319985,
            68.76270413347122
        ],
        "FlagUp": 0,
        "Times": [
            -15,
            -10,
            -5,
            2,
            10,
            20,
            30
        ],
        "width": 0,
        "height": 0,
        "area": 0.953694669370015,
        "distance": 4.9478041769343015,
        "xpert": [
            [
                192.0,
                305.8
            ],
            [
                186.0,
                303.0
            ],
            [
                183.4,
                297.0
            ],
            [
                185.2,
                290.2
            ],
            [
                192.0,
                288.8
            ],
            [
                199.2,
                289.8
            ],
            [
                200.2,
                297.0
            ],
            [
                197.8,
                302.8
            ]
        ],
        "stack": 0
    },
    {
        "type": "Spine",
        "location": [
            185,
            251
        ],
        "radloc": [
            0,
            0
        ],
        "mean": [
            124.00442477876106,
            114.86725663716814,
            99.40707964601769,
            94.20796460176992,
            88.08407079646018,
            80.94690265486726,
            34.663716814159294
        ],
        "min": [
            40.0,
            12.0,
            12.0,
            9.0,
            7.0,
            10.0,
            5.0
        ],
        "max": [
            238.0,
            217.0,
            240.0,
            215.0,
            234.0,
            216.0,
            137.0
        ],
        "RawIntDen": [
            28025.0,
            25960.0,
            22466.0,
            21291.0,
            19907.0,
            18294.0,
            7834.0
        ],
        "IntDen": [
            125.38870717543959,
            116.14953927830194,
            100.5167777128787,
            95.25962406680766,
            89.06736819773332,
            81.85052663933959,
            35.05067375601762
        ],
        "FlagUp": 0,
        "Times": [
            -15,
            -10,
            -5,
            2,
            10,
            20,
            30
        ],
        "width": 0,
        "height": 0,
        "area": 1.011163169371966,
        "distance": 5.409034176934302,
        "xpert": [
            [
                185.0,
                263.2
            ],
            [
                176.8,
                259.2
            ],
            [
                175.8,
                251.0
            ],
            [
                178.4,
                244.4
            ],
            [
                185.0,
                243.0
            ],
            [
                190.0,
                246.0
            ],
            [
                190.6,
                251.0
            ],
            [
                190.4,
                256.4
            ]
        ],
        "stack": 0
    },
    {
        "type": "Spine",
        "location": [
            168,
            248
        ],
        "radloc": [
            0,
            0
        ],
        "mean": [
            63.3905325443787,
            69.2189349112426,
            72.86390532544378,
            70.6508875739645,
            64.75147928994083,
            50.95266272189349,
            34.18343195266272
        ],
        "min": [
            12.0,
            18.0,
            12.0,
            18.0,
            14.0,
            10.0,
            6.0
        ],
        "max": [
            144.0,
            141.0,
            141.0,
            127.0,
            183.0,
            140.0,
            114.0
        ],
        "RawIntDen": [
            10713.0,
            11698.0,
            12314.0,
            11940.0,
            10943.0,
            8611.0,
            5777.0
        ],
        "IntDen": [
            47.16775420442667,
            51.5045634914014,
            54.2167203652861,
            52.57005369185611,
            48.180410180065444,
            37.91295915750192,
            25.435276396805087
        ],
        "FlagUp": 0,
        "Times": [
            -15,
            -10,
            -5,
            2,
            10,
            20,
            30
        ],
        "width": 0,
        "height": 0,
        "area": 0.7440819994910957,
        "distance": 6.529164176934302,
        "xpert": [
            [
                168.0,
                256.4
            ],
            [
                163.0,
                253.0
            ],
            [
                161.4,
                248.0
            ],
            [
                164.0,
                244.0
            ],
            [
                168.0,
                241.2
            ],
            [
                173.2,
                242.8
            ],
            [
                177.2,
                248.0
            ],
            [
                175.2,
                255.2
            ]
        ],
        "stack": 0
    },
    {
        "type": "Spine",
        "location": [
            147,
            269
        ],
        "radloc": [
            0,
            0
        ],
        "mean": [
            52.82119205298013,
            46.86092715231788,
            45.49006622516556,
            41.35099337748344,
            52.847682119205295,
            56.271523178807946,
            34.29139072847682
        ],
        "min": [
            12.0,
            9.0,
            14.0,
            11.0,
            14.0,
            16.0,
            9.0
        ],
        "max": [
            127.0,
            110.0,
            104.0,
            123.0,
            138.0,
            166.0,
            114.0
        ],
        "RawIntDen": [
            7976.0,
            7076.0,
            6869.0,
            6244.0,
            7980.0,
            8497.0,
            5178.0
        ],
        "IntDen": [
            36.034239316869495,
            31.96818924350157,
            31.03299772662695,
            28.20935184234367,
            36.0523106505289,
            38.38803052600804,
            23.393341422110108
        ],
        "FlagUp": 0,
        "Times": [
            -15,
            -10,
            -5,
            2,
            10,
            20,
            30
        ],
        "width": 0,
        "height": 0,
        "area": 0.6821928456428402,
        "distance": 7.912854176934302,
        "xpert": [
            [
                147.0,
                276.2
            ],
            [
                140.4,
                275.6
            ],
            [
                140.0,
                269.0
            ],
            [
                142.6,
                264.6
            ],
            [
                147.0,
                263.6
            ],
            [
                151.2,
                264.8
            ],
            [
                154.8,
                269.0
            ],
            [
                153.8,
                275.8
            ]
        ],
        "stack": 0
    },
    {
        "type": "Spine",
        "location": [
            175,
            314
        ],
        "radloc": [
            0,
            0
        ],
        "mean": [
            33.31132075471698,
            31.50943396226415,
            32.41509433962264,
            32.820754716981135,
            31.528301886792452,
            26.537735849056602,
            18.29245283018868
        ],
        "min": [
            6.0,
            7.0,
            5.0,
            6.0,
            7.0,
            4.0,
            4.0
        ],
        "max": [
            104.0,
            80.0,
            95.0,
            73.0,
            85.0,
            67.0,
            52.0
        ],
        "RawIntDen": [
            3531.0,
            3340.0,
            3436.0,
            3479.0,
            3342.0,
            2813.0,
            1939.0
        ],
        "IntDen": [
            15.719772094964528,
            14.869453071985705,
            15.296838549503857,
            15.48827162797553,
            14.878356936100666,
            12.52328487769335,
            8.632296259455174
        ],
        "FlagUp": 0,
        "Times": [
            -15,
            -10,
            -5,
            2,
            10,
            20,
            30
        ],
        "width": 0,
        "height": 0,
        "area": 0.4719047980929595,
        "distance": 6.067934176934302,
        "xpert": [
            [
                175.0,
                321.0
            ],
            [
                170.4,
                318.6
            ],
            [
                168.8,
                314.0
            ],
            [
                171.2,
                310.2
            ],
            [
                175.0,
                308.8
            ],
            [
                179.0,
                310.0
            ],
            [
                180.2,
                314.0
            ],
            [
                180.6,
                319.6
            ]
        ],
        "stack": 0
    },
    {
        "type": "Spine",
        "location": [
            130,
            292
        ],
        "radloc": [
            0,
            0
        ],
        "mean": [
            43.87417218543046,
            44.41059602649007,
            41.22516556291391,
            47.549668874172184,
            43.94701986754967,
            47.86092715231788,
            46.00662251655629
        ],
        "min": [
            8.0,
            8.0,
            6.0,
            8.0,
            8.0,
            9.0,
            6.0
        ],
        "max": [
            110.0,
            109.0,
            95.0,
            113.0,
            114.0,
            114.0,
            97.0
        ],
        "RawIntDen": [
            6625.0,
            6706.0,
            6225.0,
            7180.0,
            6636.0,
            7227.0,
            6947.0
        ],
        "IntDen": [
            29.65049272181123,
            30.01301195357979,
            27.860274293324515,
            32.134420791336545,
            29.699723728594616,
            32.34477145668374,
            31.091618556743036
        ],
        "FlagUp": 0,
        "Times": [
            -15,
            -10,
            -5,
            2,
            10,
            20,
            30
        ],
        "width": 0,
        "height": 0,
        "area": 0.6758074567537352,
        "distance": 9.032984176934303,
        "xpert": [
            [
                130.0,
                298.4
            ],
            [
                124.0,
                298.0
            ],
            [
                121.6,
                292.0
            ],
            [
                124.2,
                286.2
            ],
            [
                130.0,
                286.2
            ],
            [
                135.8,
                286.2
            ],
            [
                136.8,
                292.0
            ],
            [
                134.6,
                296.6
            ]
        ],
        "stack": 0
    },
    {
        "type": "Spine",
        "location": [
            110,
            265
        ],
        "radloc": [
            0,
            0
        ],
        "mean": [
            59.76774193548387,
            64.10322580645162,
            88.11612903225806,
            74.0516129032258,
            60.83225806451613,
            56.56774193548387,
            23.406451612903226
        ],
        "min": [
            24.0,
            11.0,
            21.0,
            12.0,
            12.0,
            11.0,
            7.0
        ],
        "max": [
            158.0,
            162.0,
            186.0,
            194.0,
            175.0,
            190.0,
            61.0
        ],
        "RawIntDen": [
            9264.0,
            9936.0,
            13658.0,
            11478.0,
            9429.0,
            8768.0,
            3628.0
        ],
        "IntDen": [
            49.00407919339393,
            52.55877923851059,
            72.24716252411207,
            60.71554630632291,
            49.87688500804311,
            46.3803720172364,
            19.191148457861956
        ],
        "FlagUp": 0,
        "Times": [
            -15,
            -10,
            -5,
            2,
            10,
            20,
            30
        ],
        "width": 0,
        "height": 0,
        "area": 0.8199084925492292,
        "distance": 10.350784176934308,
        "xpert": [
            [
                110.0,
                274.2
            ],
            [
                104.0,
                271.0
            ],
            [
                104.2,
                265.0
            ],
            [
                103.4,
                258.4
            ],
            [
                110.0,
                260.0
            ],
            [
                116.4,
                258.6
            ],
            [
                117.2,
                265.0
            ],
            [
                117.0,
                272.0
            ]
        ],
        "stack": 0
    },
    {
        "type": "Spine",
        "location": [
            95,
            266
        ],
        "radloc": [
            0,
            0
        ],
        "mean": [
            47.0,
            41.78756476683938,
            64.38341968911917,
            71.12435233160622,
            73.19170984455958,
            74.92227979274611,
            42.76165803108808
        ],
        "min": [
            8.0,
            9.0,
            12.0,
            11.0,
            13.0,
            25.0,
            12.0
        ],
        "max": [
            228.0,
            164.0,
            221.0,
            232.0,
            226.0,
            215.0,
            93.0
        ],
        "RawIntDen": [
            9071.0,
            8065.0,
            12426.0,
            13727.0,
            14126.0,
            14460.0,
            8253.0
        ],
        "IntDen": [
            40.096865335230035,
            35.65000759879068,
            54.927091682898066,
            60.677948457358916,
            62.44166241047949,
            63.91805454166313,
            36.48103071454674
        ],
        "FlagUp": 0,
        "Times": [
            -15,
            -10,
            -5,
            2,
            10,
            20,
            30
        ],
        "width": 0,
        "height": 0,
        "area": 0.8531247943665965,
        "distance": 11.366426708559077,
        "xpert": [
            [
                95.0,
                275.2
            ],
            [
                88.2,
                272.8
            ],
            [
                88.4,
                266.0
            ],
            [
                90.6,
                261.6
            ],
            [
                95.0,
                258.6
            ],
            [
                101.4,
                259.6
            ],
            [
                103.2,
                266.0
            ],
            [
                101.8,
                272.8
            ]
        ],
        "stack": 0
    },
    {
        "type": "Spine",
        "location": [
            72,
            296
        ],
        "radloc": [
            0,
            0
        ],
        "mean": [
            45.11805555555556,
            46.50694444444444,
            34.666666666666664,
            42.041666666666664,
            53.451388888888886,
            44.729166666666664,
            43.951388888888886
        ],
        "min": [
            6.0,
            10.0,
            4.0,
            5.0,
            9.0,
            6.0,
            10.0
        ],
        "max": [
            113.0,
            118.0,
            102.0,
            101.0,
            131.0,
            131.0,
            143.0
        ],
        "RawIntDen": [
            6497.0,
            6697.0,
            4992.0,
            6054.0,
            7697.0,
            6441.0,
            6329.0
        ],
        "IntDen": [
            29.67392205617811,
            30.58738741114742,
            22.800095260034034,
            27.650596294921083,
            35.15471418599398,
            29.418151756786703,
            28.906611158003887
        ],
        "FlagUp": 0,
        "Times": [
            -15,
            -10,
            -5,
            2,
            10,
            20,
            30
        ],
        "width": 0,
        "height": 0,
        "area": 0.6576950555779049,
        "distance": 12.881896708559077,
        "xpert": [
            [
                72.0,
                301.2
            ],
            [
                65.6,
                302.4
            ],
            [
                65.4,
                296.0
            ],
            [
                66.2,
                290.2
            ],
            [
                72.0,
                288.8
            ],
            [
                78.8,
                289.2
            ],
            [
                78.2,
                296.0
            ],
            [
                75.6,
                299.6
            ]
        ],
        "stack": 0
    },
    {
        "type": "Spine",
        "location": [
            15,
            313
        ],
        "radloc": [
            0,
            0
        ],
        "mean": [
            102.98983050847458,
            108.85084745762713,
            105.61016949152543,
            100.15254237288136,
            103.52542372881356,
            107.42033898305085,
            56.70508474576271
        ],
        "min": [
            8.0,
            7.0,
            7.0,
            6.0,
            11.0,
            20.0,
            6.0
        ],
        "max": [
            252.0,
            239.0,
            233.0,
            232.0,
            238.0,
            251.0,
            175.0
        ],
        "RawIntDen": [
            30382.0,
            32111.0,
            31155.0,
            29545.0,
            30540.0,
            31689.0,
            16728.0
        ],
        "IntDen": [
            147.91618993717202,
            156.33390741467088,
            151.67957664053037,
            143.84121623638163,
            148.68542033708226,
            154.27938065035363,
            81.44105145378886
        ],
        "FlagUp": 0,
        "Times": [
            -15,
            -10,
            -5,
            2,
            10,
            20,
            30
        ],
        "width": 0,
        "height": 0,
        "area": 1.4362213162881226,
        "distance": 16.637626708559075,
        "xpert": [
            [
                15.0,
                320.6
            ],
            [
                6.6,
                321.4
            ],
            [
                5.2,
                313.0
            ],
            [
                7.8,
                305.8
            ],
            [
                15.0,
                298.4
            ],
            [
                21.2,
                306.8
            ],
            [
                24.6,
                313.0
            ],
            [
                23.8,
                321.8
            ]
        ],
        "stack": 0
    },
    {
        "type": "Spine",
        "location": [
            25,
            260
        ],
        "radloc": [
            0,
            0
        ],
        "mean": [
            37.3304347826087,
            33.00869565217391,
            33.66086956521739,
            28.034782608695654,
            21.304347826086957,
            17.860869565217392,
            9.991304347826087
        ],
        "min": [
            13.0,
            8.0,
            9.0,
            8.0,
            5.0,
            5.0,
            4.0
        ],
        "max": [
            86.0,
            74.0,
            78.0,
            62.0,
            65.0,
            52.0,
            26.0
        ],
        "RawIntDen": [
            4293.0,
            3796.0,
            3871.0,
            3224.0,
            2450.0,
            2054.0,
            1149.0
        ],
        "IntDen": [
            19.784655509367955,
            17.49418875228529,
            17.839832629108628,
            14.85807811837929,
            11.291033309562424,
            9.466033639935192,
            5.295264192933562
        ],
        "FlagUp": 0,
        "Times": [
            -15,
            -10,
            -5,
            2,
            10,
            20,
            30
        ],
        "width": 0,
        "height": 0,
        "area": 0.5299872777957872,
        "distance": 15.978726708559076,
        "xpert": [
            [
                25.0,
                265.8
            ],
            [
                21.8,
                263.2
            ],
            [
                19.4,
                260.0
            ],
            [
                20.6,
                255.6
            ],
            [
                25.0,
                253.4
            ],
            [
                29.0,
                256.0
            ],
            [
                31.0,
                260.0
            ],
            [
                32.4,
                267.4
            ]
        ],
        "stack": 0
    },
    {
        "type": "Spine",
        "location": [
            318,
            346
        ],
        "radloc": [
            0,
            0
        ],
        "mean": [
            85.88700564971751,
            71.0225988700565,
            58.83050847457627,
            65.49717514124293,
            55.81920903954802,
            45.824858757062145,
            32.15819209039548
        ],
        "min": [
            13.0,
            15.0,
            14.0,
            14.0,
            10.0,
            8.0,
            6.0
        ],
        "max": [
            225.0,
            220.0,
            189.0,
            190.0,
            184.0,
            168.0,
            108.0
        ],
        "RawIntDen": [
            15202.0,
            12571.0,
            10413.0,
            11593.0,
            9880.0,
            8111.0,
            5692.0
        ],
        "IntDen": [
            69.90797641485925,
            57.80904956658306,
            47.885262360737364,
            53.311614957075605,
            45.43420648459475,
            37.29927619398259,
            26.175253371489205
        ],
        "FlagUp": 0,
        "Times": [
            -15,
            -10,
            -5,
            2,
            10,
            20,
            30
        ],
        "width": 0,
        "height": 0,
        "area": 0.813952889450736,
        "distance": 5.972243923114342,
        "xpert": [
            [
                318.0,
                351.6
            ],
            [
                313.8,
                350.2
            ],
            [
                312.6,
                346.0
            ],
            [
                310.0,
                338.0
            ],
            [
                318.0,
                335.2
            ],
            [
                323.4,
                340.6
            ],
            [
                326.8,
                346.0
            ],
            [
                323.2,
                351.2
            ]
        ],
        "stack": 0
    },
    {
        "type": "Spine",
        "location": [
            358,
            377
        ],
        "radloc": [
            0,
            0
        ],
        "mean": [
            52.3,
            45.88181818181818,
            55.127272727272725,
            51.81818181818182,
            62.46363636363636,
            65.41818181818182,
            40.67272727272727
        ],
        "min": [
            9.0,
            11.0,
            9.0,
            11.0,
            19.0,
            16.0,
            10.0
        ],
        "max": [
            134.0,
            105.0,
            126.0,
            123.0,
            141.0,
            153.0,
            127.0
        ],
        "RawIntDen": [
            5753.0,
            5047.0,
            6064.0,
            5700.0,
            6871.0,
            7196.0,
            4474.0
        ],
        "IntDen": [
            25.415966008609406,
            22.296954709795184,
            26.78992141077828,
            25.18181926804687,
            30.355136875570178,
            31.7909423601518,
            19.765519193902048
        ],
        "FlagUp": 0,
        "Times": [
            -15,
            -10,
            -5,
            2,
            10,
            20,
            30
        ],
        "width": 0,
        "height": 0,
        "area": 0.4859649332430097,
        "distance": 9.27460460604486,
        "xpert": [
            [
                358.0,
                382.4
            ],
            [
                354.4,
                380.6
            ],
            [
                352.8,
                377.0
            ],
            [
                353.0,
                372.0
            ],
            [
                358.0,
                369.6
            ],
            [
                363.0,
                372.0
            ],
            [
                363.8,
                377.0
            ],
            [
                362.8,
                381.8
            ]
        ],
        "stack": 0
    },
    {
        "type": "Spine",
        "location": [
            412,
            435
        ],
        "radloc": [
            0,
            0
        ],
        "mean": [
            55.22377622377623,
            67.33566433566433,
            62.68531468531469,
            53.76223776223776,
            53.38461538461539,
            48.21678321678322,
            40.83216783216783
        ],
        "min": [
            6.0,
            11.0,
            8.0,
            14.0,
            10.0,
            8.0,
            5.0
        ],
        "max": [
            141.0,
            157.0,
            152.0,
            130.0,
            135.0,
            117.0,
            87.0
        ],
        "RawIntDen": [
            7897.0,
            9629.0,
            8964.0,
            7688.0,
            7634.0,
            6895.0,
            5839.0
        ],
        "IntDen": [
            34.55049688162792,
            42.1282429369628,
            39.21877346421586,
            33.63609219019316,
            33.39983451872199,
            30.166604533218248,
            25.546454513337395
        ],
        "FlagUp": 0,
        "Times": [
            -15,
            -10,
            -5,
            2,
            10,
            20,
            30
        ],
        "width": 0,
        "height": 0,
        "area": 0.6256453151921986,
        "distance": 14.787926579594481,
        "xpert": [
            [
                412.0,
                441.4
            ],
            [
                407.6,
                439.4
            ],
            [
                405.4,
                435.0
            ],
            [
                406.8,
                429.8
            ],
            [
                412.0,
                426.6
            ],
            [
                416.4,
                430.6
            ],
            [
                419.0,
                435.0
            ],
            [
                418.0,
                441.0
            ]
        ],
        "stack": 0
    }
]