[
    {
        "type": "Stim",
        "location": [
            197,
            128
        ],
        "radloc": [
            0,
            0
        ],
        "mean": [
            48.0,
            43.70338983050848,
            40.74576271186441,
            74.38135593220339,
            44.57627118644068,
            47.61864406779661,
            43.016949152542374,
            41.66949152542373
        ],
        "min": [
            8.0,
            9.0,
            8.0,
            15.0,
            8.0,
            6.0,
            8.0,
            6.0
        ],
        "max": [
            101.0,
            113.0,
            109.0,
            177.0,
            96.0,
            104.0,
            128.0,
            95.0
        ],
        "RawIntDen": [
            5664.0,
            5157.0,
            4808.0,
            8777.0,
            5260.0,
            5619.0,
            5076.0,
            4917.0
        ],
        "IntDen": [
            26.291101975252356,
            23.937714139543857,
            22.317729219105463,
            40.740996122314606,
            24.415818571650316,
            26.082221398118467,
            23.561729100702856,
            22.823684394829773
        ],
        "FlagUp": 0,
        "Times": [
            -15,
            -10,
            -5,
            2,
            10,
            20,
            30,
            40
        ],
        "width": 0,
        "height": 0,
        "area": 0.5477312911510908,
        "distance": 0,
        "xpert": [
            [
                197.0,
                134.0
            ],
            [
                192.0,
                133.0
            ],
            [
                190.8,
                128.0
            ],
            [
                189.8,
                120.8
            ],
            [
                197.0,
                122.6
            ],
            [
                200.2,
                124.8
            ],
            [
                202.0,
                128.0
            ],
            [
                202.2,
                133.2
            ]
        ],
        "stack": 0
    },
    {
        "type": "Spine",
        "location": [
            12,
            117
        ],
        "radloc": [
            0,
            0
        ],
        "mean": [
            36.869565217391305,
            40.289855072463766,
            30.304347826086957,
            29.82608695652174,
            30.21014492753623,
            41.94202898550725,
            45.04347826086956,
            35.48550724637681
        ],
        "min": [
            8.0,
            7.0,
            7.0,
            6.0,
            7.0,
            12.0,
            18.0,
            9.0
        ],
        "max": [
            103.0,
            112.0,
            71.0,
            78.0,
            82.0,
            95.0,
            108.0,
            116.0
        ],
        "RawIntDen": [
            5088.0,
            5560.0,
            4182.0,
            4116.0,
            4169.0,
            5788.0,
            6216.0,
            4897.0
        ],
        "IntDen": [
            23.135182245304946,
            25.281370535356817,
            19.01559201058673,
            18.715489410706596,
            18.95648089242852,
            26.318088607670017,
            28.264208497801796,
            22.26670350928819
        ],
        "FlagUp": 0,
        "Times": [
            -15,
            -10,
            -5,
            2,
            10,
            20,
            30,
            40
        ],
        "width": 0,
        "height": 0,
        "area": 0.6274872542948275,
        "distance": 13.376473417118145,
        "xpert": [
            [
                12.0,
                123.0
            ],
            [
                8.0,
                121.0
            ],
            [
                6.8,
                117.0
            ],
            [
                4.8,
                109.8
            ],
            [
                12.0,
                109.8
            ],
            [
                18.2,
                110.8
            ],
            [
                17.6,
                117.0
            ],
            [
                17.0,
                122.0
            ]
        ],
        "stack": 0
    },
    {
        "type": "Spine",
        "location": [
            26,
            93
        ],
        "radloc": [
            0,
            0
        ],
        "mean": [
            73.71084337349397,
            37.91566265060241,
            32.71084337349398,
            30.91566265060241,
            34.06024096385542,
            45.75903614457831,
            43.54216867469879,
            33.855421686746986
        ],
        "min": [
            30.0,
            6.0,
            7.0,
            6.0,
            5.0,
            11.0,
            5.0,
            6.0
        ],
        "max": [
            140.0,
            93.0,
            65.0,
            82.0,
            79.0,
            93.0,
            102.0,
            98.0
        ],
        "RawIntDen": [
            6118.0,
            3147.0,
            2715.0,
            2566.0,
            2827.0,
            3798.0,
            3614.0,
            2810.0
        ],
        "IntDen": [
            26.7287615007281,
            13.748841523829899,
            11.861488635906637,
            11.21052664447014,
            12.350802347590445,
            16.592977472992043,
            15.789104946654357,
            12.276531516352723
        ],
        "FlagUp": 0,
        "Times": [
            -15,
            -10,
            -5,
            2,
            10,
            20,
            30,
            40
        ],
        "width": 0,
        "height": 0,
        "area": 0.3626164113371089,
        "distance": 12.454013417118142,
        "xpert": [
            [
                26.0,
                99.2
            ],
            [
                21.6,
                97.4
            ],
            [
                21.0,
                93.0
            ],
            [
                22.6,
                89.6
            ],
            [
                26.0,
                87.8
            ],
            [
                29.8,
                89.2
            ],
            [
                30.8,
                93.0
            ],
            [
                30.0,
                97.0
            ]
        ],
        "stack": 0
    },
    {
        "type": "Spine",
        "location": [
            34,
            93
        ],
        "radloc": [
            0,
            0
        ],
        "mean": [
            56.494505494505496,
            38.967032967032964,
            35.72527472527472,
            35.0,
            45.30769230769231,
            76.23076923076923,
            39.86813186813187,
            36.07692307692308
        ],
        "min": [
            19.0,
            17.0,
            6.0,
            7.0,
            10.0,
            24.0,
            5.0,
            7.0
        ],
        "max": [
            101.0,
            90.0,
            76.0,
            79.0,
            112.0,
            148.0,
            94.0,
            92.0
        ],
        "RawIntDen": [
            5141.0,
            3546.0,
            3251.0,
            3185.0,
            4123.0,
            6937.0,
            3628.0,
            3283.0
        ],
        "IntDen": [
            23.801862290972725,
            16.417312523592543,
            15.05151805250969,
            14.745950475928442,
            19.08871391279528,
            32.117004223395796,
            16.796957088435914,
            15.199672029033934
        ],
        "FlagUp": 0,
        "Times": [
            -15,
            -10,
            -5,
            2,
            10,
            20,
            30,
            40
        ],
        "width": 0,
        "height": 0,
        "area": 0.42131287074081264,
        "distance": 11.92689341711814,
        "xpert": [
            [
                34.0,
                99.2
            ],
            [
                29.4,
                97.6
            ],
            [
                29.2,
                93.0
            ],
            [
                30.0,
                89.0
            ],
            [
                34.0,
                87.2
            ],
            [
                38.0,
                89.0
            ],
            [
                38.8,
                93.0
            ],
            [
                39.0,
                98.0
            ]
        ],
        "stack": 0
    },
    {
        "type": "Spine",
        "location": [
            56,
            116
        ],
        "radloc": [
            0,
            0
        ],
        "mean": [
            63.8062015503876,
            72.30232558139535,
            81.64341085271317,
            75.27906976744185,
            79.83720930232558,
            114.85271317829458,
            110.94573643410853,
            107.6124031007752
        ],
        "min": [
            11.0,
            10.0,
            10.0,
            12.0,
            10.0,
            24.0,
            34.0,
            15.0
        ],
        "max": [
            139.0,
            169.0,
            184.0,
            155.0,
            175.0,
            199.0,
            190.0,
            225.0
        ],
        "RawIntDen": [
            8231.0,
            9327.0,
            10532.0,
            9711.0,
            10299.0,
            14816.0,
            14312.0,
            13882.0
        ],
        "IntDen": [
            38.16106158707743,
            43.242403283036225,
            48.829097392188004,
            45.0227273808904,
            47.74884865572961,
            68.69083810887368,
            66.35416273044007,
            64.36057064169711
        ],
        "FlagUp": 0,
        "Times": [
            -15,
            -10,
            -5,
            2,
            10,
            20,
            30,
            40
        ],
        "width": 0,
        "height": 0,
        "area": 0.5980776266228877,
        "distance": 10.477313417118138,
        "xpert": [
            [
                56.0,
                121.4
            ],
            [
                52.4,
                119.6
            ],
            [
                49.6,
                116.0
            ],
            [
                49.2,
                109.2
            ],
            [
                56.0,
                109.2
            ],
            [
                62.4,
                109.6
            ],
            [
                62.4,
                116.0
            ],
            [
                60.0,
                120.0
            ]
        ],
        "stack": 0
    },
    {
        "type": "Spine",
        "location": [
            64,
            93
        ],
        "radloc": [
            0,
            0
        ],
        "mean": [
            44.018348623853214,
            49.75229357798165,
            54.46788990825688,
            44.77064220183486,
            43.30275229357798,
            49.62385321100918,
            41.596330275229356,
            43.24770642201835
        ],
        "min": [
            16.0,
            18.0,
            17.0,
            18.0,
            13.0,
            14.0,
            11.0,
            8.0
        ],
        "max": [
            94.0,
            102.0,
            114.0,
            109.0,
            91.0,
            114.0,
            115.0,
            103.0
        ],
        "RawIntDen": [
            4798.0,
            5423.0,
            5937.0,
            4880.0,
            4720.0,
            5409.0,
            4534.0,
            4714.0
        ],
        "IntDen": [
            21.35623956618091,
            24.138159059482927,
            26.426009650774503,
            21.721227403702134,
            21.009056013416817,
            24.07584406283296,
            20.181156772210137,
            20.982349586281117
        ],
        "FlagUp": 0,
        "Times": [
            -15,
            -10,
            -5,
            2,
            10,
            20,
            30,
            40
        ],
        "width": 0,
        "height": 0,
        "area": 0.48516675963187145,
        "distance": 9.950193417118138,
        "xpert": [
            [
                64.0,
                99.2
            ],
            [
                59.4,
                97.6
            ],
            [
                57.8,
                93.0
            ],
            [
                59.4,
                88.4
            ],
            [
                64.0,
                87.4
            ],
            [
                67.8,
                89.2
            ],
            [
                70.0,
                93.0
            ],
            [
                69.4,
                98.4
            ]
        ],
        "stack": 0
    },
    {
        "type": "Spine",
        "location": [
            73,
            116
        ],
        "radloc": [
            0,
            0
        ],
        "mean": [
            46.675925925925924,
            45.81481481481482,
            73.42592592592592,
            56.425925925925924,
            46.842592592592595,
            44.25925925925926,
            73.5,
            61.574074074074076
        ],
        "min": [
            9.0,
            12.0,
            17.0,
            10.0,
            10.0,
            14.0,
            20.0,
            17.0
        ],
        "max": [
            104.0,
            108.0,
            165.0,
            125.0,
            118.0,
            89.0,
            141.0,
            113.0
        ],
        "RawIntDen": [
            5041.0,
            4948.0,
            7930.0,
            6094.0,
            5059.0,
            4780.0,
            7938.0,
            6650.0
        ],
        "IntDen": [
            22.41347735889023,
            21.99997737984306,
            35.25865412735559,
            27.095364218424333,
            22.493509612899363,
            21.253009675757845,
            35.29422401802631,
            29.567471620039683
        ],
        "FlagUp": 0,
        "Times": [
            -15,
            -10,
            -5,
            2,
            10,
            20,
            30,
            40
        ],
        "width": 0,
        "height": 0,
        "area": 0.4801935240547798,
        "distance": 9.357183417118133,
        "xpert": [
            [
                73.0,
                121.6
            ],
            [
                69.0,
                120.0
            ],
            [
                66.8,
                116.0
            ],
            [
                66.6,
                109.6
            ],
            [
                73.0,
                110.8
            ],
            [
                77.0,
                112.0
            ],
            [
                78.6,
                116.0
            ],
            [
                77.4,
                120.4
            ]
        ],
        "stack": 0
    },
    {
        "type": "Spine",
        "location": [
            97,
            117
        ],
        "radloc": [
            0,
            0
        ],
        "mean": [
            38.833333333333336,
            37.62280701754386,
            40.69298245614035,
            45.39473684210526,
            46.21052631578947,
            41.96491228070175,
            59.64912280701754,
            60.49122807017544
        ],
        "min": [
            5.0,
            6.0,
            9.0,
            10.0,
            7.0,
            11.0,
            15.0,
            10.0
        ],
        "max": [
            116.0,
            118.0,
            108.0,
            125.0,
            111.0,
            92.0,
            146.0,
            118.0
        ],
        "RawIntDen": [
            4427.0,
            4289.0,
            4639.0,
            5175.0,
            5268.0,
            4784.0,
            6800.0,
            6896.0
        ],
        "IntDen": [
            20.051860720944934,
            19.42679707073251,
            21.012103429966917,
            23.439886882965894,
            23.86112542984818,
            21.668873207364026,
            30.80023783655422,
            31.235064723658514
        ],
        "FlagUp": 0,
        "Times": [
            -15,
            -10,
            -5,
            2,
            10,
            20,
            30,
            40
        ],
        "width": 0,
        "height": 0,
        "area": 0.5163569284363502,
        "distance": 7.775823417118132,
        "xpert": [
            [
                97.0,
                123.0
            ],
            [
                92.4,
                121.6
            ],
            [
                91.0,
                117.0
            ],
            [
                91.6,
                111.6
            ],
            [
                97.0,
                109.8
            ],
            [
                102.0,
                112.0
            ],
            [
                103.0,
                117.0
            ],
            [
                100.6,
                120.6
            ]
        ],
        "stack": 0
    },
    {
        "type": "Spine",
        "location": [
            111,
            113
        ],
        "radloc": [
            0,
            0
        ],
        "mean": [
            95.34426229508196,
            72.07377049180327,
            73.8688524590164,
            72.17213114754098,
            65.09836065573771,
            62.72950819672131,
            68.57377049180327,
            79.39344262295081
        ],
        "min": [
            19.0,
            13.0,
            9.0,
            11.0,
            13.0,
            14.0,
            15.0,
            15.0
        ],
        "max": [
            183.0,
            153.0,
            162.0,
            148.0,
            151.0,
            147.0,
            141.0,
            184.0
        ],
        "RawIntDen": [
            11632.0,
            8793.0,
            9012.0,
            8805.0,
            7942.0,
            7653.0,
            8366.0,
            9686.0
        ],
        "IntDen": [
            51.09907861116618,
            38.62742419429025,
            39.58948559523982,
            38.68013988749297,
            34.889002951330966,
            33.61943334003222,
            36.75162411116027,
            42.550350363459046
        ],
        "FlagUp": 0,
        "Times": [
            -15,
            -10,
            -5,
            2,
            10,
            20,
            30,
            40
        ],
        "width": 0,
        "height": 0,
        "area": 0.5359428808942808,
        "distance": 7.116923417118132,
        "xpert": [
            [
                111.0,
                119.0
            ],
            [
                105.4,
                118.6
            ],
            [
                102.8,
                113.0
            ],
            [
                105.8,
                107.8
            ],
            [
                111.0,
                107.8
            ],
            [
                115.4,
                108.6
            ],
            [
                116.6,
                113.0
            ],
            [
                115.0,
                117.0
            ]
        ],
        "stack": 0
    },
    {
        "type": "Spine",
        "location": [
            105,
            80
        ],
        "radloc": [
            0,
            0
        ],
        "mean": [
            44.796992481203006,
            40.62406015037594,
            47.7593984962406,
            39.02255639097744,
            48.21052631578947,
            44.090225563909776,
            39.40601503759399,
            44.30075187969925
        ],
        "min": [
            9.0,
            7.0,
            13.0,
            7.0,
            7.0,
            7.0,
            7.0,
            6.0
        ],
        "max": [
            119.0,
            100.0,
            113.0,
            95.0,
            135.0,
            117.0,
            90.0,
            114.0
        ],
        "RawIntDen": [
            5958.0,
            5403.0,
            6352.0,
            5190.0,
            6412.0,
            5864.0,
            5241.0,
            5892.0
        ],
        "IntDen": [
            26.748071832531267,
            24.25643372124311,
            28.516910419643942,
            23.300183419073058,
            28.786276701945365,
            26.32606465692571,
            23.52914475902927,
            26.451768921999705
        ],
        "FlagUp": 0,
        "Times": [
            -15,
            -10,
            -5,
            2,
            10,
            20,
            30,
            40
        ],
        "width": 0,
        "height": 0,
        "area": 0.5970952591014869,
        "distance": 6.303524891674068,
        "xpert": [
            [
                105.0,
                89.0
            ],
            [
                100.0,
                85.0
            ],
            [
                97.2,
                80.0
            ],
            [
                100.2,
                75.2
            ],
            [
                105.0,
                74.8
            ],
            [
                108.4,
                76.6
            ],
            [
                110.8,
                80.0
            ],
            [
                110.8,
                85.8
            ]
        ],
        "stack": 0
    },
    {
        "type": "Spine",
        "location": [
            155,
            106
        ],
        "radloc": [
            0,
            0
        ],
        "mean": [
            41.70909090909091,
            26.081818181818182,
            23.40909090909091,
            24.136363636363637,
            36.872727272727275,
            30.818181818181817,
            36.32727272727273,
            35.29090909090909
        ],
        "min": [
            12.0,
            5.0,
            7.0,
            6.0,
            12.0,
            9.0,
            11.0,
            9.0
        ],
        "max": [
            94.0,
            59.0,
            61.0,
            53.0,
            100.0,
            72.0,
            91.0,
            83.0
        ],
        "RawIntDen": [
            4588.0,
            2869.0,
            2575.0,
            2655.0,
            4056.0,
            3390.0,
            3996.0,
            3882.0
        ],
        "IntDen": [
            20.30500752848723,
            12.697268221279394,
            11.39611909020371,
            11.750173275530427,
            17.950547196064562,
            15.00304610321964,
            17.685006557069524,
            17.18047934297895
        ],
        "FlagUp": 0,
        "Times": [
            -15,
            -10,
            -5,
            2,
            10,
            20,
            30,
            40
        ],
        "width": 0,
        "height": 0,
        "area": 0.4868245048242361,
        "distance": 4.085315589601415,
        "xpert": [
            [
                155.0,
                111.8
            ],
            [
                151.2,
                109.8
            ],
            [
                148.2,
                106.0
            ],
            [
                149.2,
                100.2
            ],
            [
                155.0,
                100.8
            ],
            [
                159.0,
                102.0
            ],
            [
                161.0,
                106.0
            ],
            [
                159.8,
                110.8
            ]
        ],
        "stack": 0
    },
    {
        "type": "Spine",
        "location": [
            168,
            72
        ],
        "radloc": [
            0,
            0
        ],
        "mean": [
            28.68548387096774,
            35.064516129032256,
            27.967741935483872,
            26.306451612903224,
            27.048387096774192,
            28.516129032258064,
            26.29032258064516,
            23.669354838709676
        ],
        "min": [
            8.0,
            10.0,
            6.0,
            8.0,
            6.0,
            5.0,
            6.0,
            4.0
        ],
        "max": [
            71.0,
            72.0,
            71.0,
            61.0,
            85.0,
            70.0,
            71.0,
            83.0
        ],
        "RawIntDen": [
            3557.0,
            4348.0,
            3468.0,
            3262.0,
            3354.0,
            3536.0,
            3260.0,
            2935.0
        ],
        "IntDen": [
            15.847551864949558,
            19.371705231599854,
            15.451028919776517,
            14.533234237690598,
            14.943123124835765,
            15.753990271144684,
            14.524323609709182,
            13.076346562728972
        ],
        "FlagUp": 0,
        "Times": [
            -15,
            -10,
            -5,
            2,
            10,
            20,
            30,
            40
        ],
        "width": 0,
        "height": 0,
        "area": 0.5524589348478339,
        "distance": 2.5790753162476325,
        "xpert": [
            [
                168.0,
                79.2
            ],
            [
                161.6,
                78.4
            ],
            [
                162.2,
                72.0
            ],
            [
                164.0,
                68.0
            ],
            [
                168.0,
                65.8
            ],
            [
                172.0,
                68.0
            ],
            [
                174.0,
                72.0
            ],
            [
                173.2,
                77.2
            ]
        ],
        "stack": 0
    },
    {
        "type": "Spine",
        "location": [
            213,
            87
        ],
        "radloc": [
            0,
            0
        ],
        "mean": [
            37.57575757575758,
            30.414141414141415,
            30.555555555555557,
            34.57575757575758,
            32.0,
            31.1010101010101,
            45.41414141414141,
            35.82828282828283
        ],
        "min": [
            11.0,
            7.0,
            10.0,
            11.0,
            11.0,
            8.0,
            15.0,
            10.0
        ],
        "max": [
            75.0,
            71.0,
            93.0,
            70.0,
            99.0,
            70.0,
            94.0,
            73.0
        ],
        "RawIntDen": [
            3720.0,
            3011.0,
            3025.0,
            3423.0,
            3168.0,
            3079.0,
            4496.0,
            3547.0
        ],
        "IntDen": [
            16.294872417673645,
            13.189209905810577,
            13.25053469447924,
            14.99391082948841,
            13.876923607309168,
            13.487073165058373,
            19.69401784673675,
            15.537073243410866
        ],
        "FlagUp": 0,
        "Times": [
            -15,
            -10,
            -5,
            2,
            10,
            20,
            30,
            40
        ],
        "width": 0,
        "height": 0,
        "area": 0.4336538627284115,
        "distance": 1.05424,
        "xpert": [
            [
                213.0,
                91.8
            ],
            [
                209.0,
                91.0
            ],
            [
                206.6,
                87.0
            ],
            [
                207.8,
                81.8
            ],
            [
                213.0,
                81.0
            ],
            [
                217.0,
                83.0
            ],
            [
                218.4,
                87.0
            ],
            [
                217.2,
                91.2
            ]
        ],
        "stack": 0
    },
    {
        "type": "Spine",
        "location": [
            286,
            84
        ],
        "radloc": [
            0,
            0
        ],
        "mean": [
            23.202614379084967,
            28.084967320261438,
            20.477124183006534,
            19.529411764705884,
            23.973856209150327,
            26.45098039215686,
            28.013071895424837,
            28.0718954248366
        ],
        "min": [
            5.0,
            5.0,
            5.0,
            6.0,
            5.0,
            5.0,
            5.0,
            7.0
        ],
        "max": [
            57.0,
            68.0,
            55.0,
            57.0,
            65.0,
            79.0,
            73.0,
            71.0
        ],
        "RawIntDen": [
            3550.0,
            4297.0,
            3133.0,
            2988.0,
            3668.0,
            4047.0,
            4286.0,
            4295.0
        ],
        "IntDen": [
            15.734634363663835,
            19.04555601708831,
            13.88636886235459,
            13.2436866136979,
            16.25764474532928,
            17.937483174576773,
            18.996800812017803,
            19.036691434348217
        ],
        "FlagUp": 0,
        "Times": [
            -15,
            -10,
            -5,
            2,
            10,
            20,
            30,
            40
        ],
        "width": 0,
        "height": 0,
        "area": 0.6781405796170611,
        "distance": 6.746132911121921,
        "xpert": [
            [
                286.0,
                93.0
            ],
            [
                282.2,
                87.8
            ],
            [
                279.0,
                84.0
            ],
            [
                278.8,
                76.8
            ],
            [
                286.0,
                76.4
            ],
            [
                291.0,
                79.0
            ],
            [
                291.4,
                84.0
            ],
            [
                290.6,
                88.6
            ]
        ],
        "stack": 0
    },
    {
        "type": "Spine",
        "location": [
            327,
            85
        ],
        "radloc": [
            0,
            0
        ],
        "mean": [
            59.4375,
            62.979166666666664,
            64.38888888888889,
            67.625,
            72.86111111111111,
            88.22916666666667,
            76.67361111111111,
            81.95138888888889
        ],
        "min": [
            8.0,
            6.0,
            9.0,
            9.0,
            13.0,
            30.0,
            16.0,
            18.0
        ],
        "max": [
            181.0,
            141.0,
            168.0,
            159.0,
            180.0,
            172.0,
            157.0,
            178.0
        ],
        "RawIntDen": [
            8559.0,
            9069.0,
            9272.0,
            9738.0,
            10492.0,
            12705.0,
            11041.0,
            11801.0
        ],
        "IntDen": [
            40.577031997673,
            42.994871268477205,
            43.957266115483584,
            46.16650748841449,
            49.74111692015248,
            60.23264301091663,
            52.343849782253486,
            55.94690438188328
        ],
        "FlagUp": 0,
        "Times": [
            -15,
            -10,
            -5,
            2,
            10,
            20,
            30,
            40
        ],
        "width": 0,
        "height": 0,
        "area": 0.6826840294035414,
        "distance": 9.002380505996209,
        "xpert": [
            [
                327.0,
                92.8
            ],
            [
                321.2,
                90.8
            ],
            [
                320.4,
                85.0
            ],
            [
                321.2,
                79.2
            ],
            [
                327.0,
                79.0
            ],
            [
                330.4,
                81.6
            ],
            [
                332.0,
                85.0
            ],
            [
                334.8,
                92.8
            ]
        ],
        "stack": 0
    }
]