[
    {
        "type": "Stim",
        "location": [
            394,
            89
        ],
        "radloc": [
            0,
            0
        ],
        "mean": [
            51.54545454545455,
            49.11888111888112,
            49.23076923076923,
            54.9020979020979,
            55.87412587412587,
            51.67832167832168,
            61.33566433566433,
            81.92307692307692
        ],
        "min": [
            12.0,
            11.0,
            9.0,
            11.0,
            8.0,
            8.0,
            13.0,
            8.0
        ],
        "max": [
            145.0,
            112.0,
            118.0,
            133.0,
            155.0,
            140.0,
            170.0,
            240.0
        ],
        "RawIntDen": [
            7371.0,
            7024.0,
            7040.0,
            7851.0,
            7990.0,
            7390.0,
            8771.0,
            11715.0
        ],
        "IntDen": [
            36.92039669968126,
            35.18231805976953,
            35.26246001434759,
            39.32465533702314,
            40.02088856742006,
            37.01556527074271,
            43.93281772526175,
            58.67893736762528
        ],
        "FlagUp": 0,
        "Times": [
            -15,
            -10,
            -5,
            2,
            10,
            20,
            30,
            40
        ],
        "width": 0,
        "height": 0,
        "area": 0.7162687190414354,
        "distance": 0,
        "xpert": [
            [
                394.0,
                93.6
            ],
            [
                390.0,
                93.0
            ],
            [
                386.4,
                89.0
            ],
            [
                387.0,
                82.0
            ],
            [
                394.0,
                80.8
            ],
            [
                400.0,
                83.0
            ],
            [
                399.6,
                89.0
            ],
            [
                400.6,
                95.6
            ]
        ],
        "stack": 0
    },
    {
        "type": "Spine",
        "location": [
            354,
            95
        ],
        "radloc": [
            0,
            0
        ],
        "mean": [
            60.688235294117646,
            70.98235294117647,
            65.45882352941176,
            76.17647058823529,
            68.89411764705882,
            51.129411764705885,
            49.752941176470586,
            63.911764705882355
        ],
        "min": [
            10.0,
            10.0,
            12.0,
            16.0,
            14.0,
            11.0,
            6.0,
            6.0
        ],
        "max": [
            189.0,
            181.0,
            166.0,
            181.0,
            169.0,
            140.0,
            156.0,
            196.0
        ],
        "RawIntDen": [
            10317.0,
            12067.0,
            11128.0,
            12950.0,
            11712.0,
            8692.0,
            8458.0,
            10865.0
        ],
        "IntDen": [
            52.77324228977405,
            61.724795455142335,
            56.921647785267574,
            66.2414934237253,
            59.908908955881905,
            44.461085779074935,
            43.264135241534255,
            55.576357223843665
        ],
        "FlagUp": 0,
        "Times": [
            -15,
            -10,
            -5,
            2,
            10,
            20,
            30,
            40
        ],
        "width": 0,
        "height": 0,
        "area": 0.8695794503500619,
        "distance": 2.7174775948742904,
        "xpert": [
            [
                354.0,
                102.8
            ],
            [
                348.8,
                100.2
            ],
            [
                345.8,
                95.0
            ],
            [
                348.0,
                89.0
            ],
            [
                354.0,
                85.8
            ],
            [
                361.8,
                87.2
            ],
            [
                359.4,
                95.0
            ],
            [
                360.2,
                101.2
            ]
        ],
        "stack": 0
    },
    {
        "type": "Spine",
        "location": [
            403,
            55
        ],
        "radloc": [
            0,
            0
        ],
        "mean": [
            35.675977653631286,
            46.88826815642458,
            44.79329608938548,
            48.184357541899445,
            60.16201117318436,
            41.4804469273743,
            63.45810055865922,
            68.46368715083798
        ],
        "min": [
            7.0,
            10.0,
            14.0,
            14.0,
            13.0,
            12.0,
            15.0,
            15.0
        ],
        "max": [
            92.0,
            88.0,
            116.0,
            103.0,
            139.0,
            115.0,
            176.0,
            228.0
        ],
        "RawIntDen": [
            6386.0,
            8393.0,
            8018.0,
            8625.0,
            10769.0,
            7425.0,
            11359.0,
            12255.0
        ],
        "IntDen": [
            32.188407186639104,
            42.30461971773598,
            40.41444547799441,
            43.4740075140561,
            54.28076370073857,
            37.42544994688308,
            57.254637837931966,
            61.77089415475449
        ],
        "FlagUp": 0,
        "Times": [
            -15,
            -10,
            -5,
            2,
            10,
            20,
            30,
            40
        ],
        "width": 0,
        "height": 0,
        "area": 0.9022431704366425,
        "distance": 0.59301,
        "xpert": [
            [
                403.0,
                61.2
            ],
            [
                397.0,
                61.0
            ],
            [
                392.0,
                55.0
            ],
            [
                399.4,
                51.4
            ],
            [
                403.0,
                50.2
            ],
            [
                406.8,
                51.2
            ],
            [
                416.0,
                55.0
            ],
            [
                410.4,
                62.4
            ]
        ],
        "stack": 0
    },
    {
        "type": "Spine",
        "location": [
            457,
            70
        ],
        "radloc": [
            0,
            0
        ],
        "mean": [
            55.475247524752476,
            39.05940594059406,
            62.59405940594059,
            54.613861386138616,
            49.76237623762376,
            64.01980198019803,
            58.81188118811881,
            34.603960396039604
        ],
        "min": [
            10.0,
            9.0,
            19.0,
            12.0,
            17.0,
            13.0,
            11.0,
            9.0
        ],
        "max": [
            135.0,
            98.0,
            146.0,
            170.0,
            114.0,
            144.0,
            159.0,
            92.0
        ],
        "RawIntDen": [
            5603.0,
            3945.0,
            6322.0,
            5516.0,
            5026.0,
            6466.0,
            5940.0,
            3495.0
        ],
        "IntDen": [
            24.465783485498612,
            17.22604245052508,
            27.605333427685565,
            24.085893575943306,
            21.946283740516872,
            28.234116726259867,
            25.937311066189853,
            15.261094642480394
        ],
        "FlagUp": 0,
        "Times": [
            -15,
            -10,
            -5,
            2,
            10,
            20,
            30,
            40
        ],
        "width": 0,
        "height": 0,
        "area": 0.4410216191389184,
        "distance": 4.369410252998105,
        "xpert": [
            [
                457.0,
                75.0
            ],
            [
                453.2,
                73.8
            ],
            [
                452.0,
                70.0
            ],
            [
                451.8,
                64.8
            ],
            [
                457.0,
                64.2
            ],
            [
                462.2,
                64.8
            ],
            [
                462.6,
                70.0
            ],
            [
                461.2,
                74.2
            ]
        ],
        "stack": 0
    },
    {
        "type": "Spine",
        "location": [
            309,
            80
        ],
        "radloc": [
            0,
            0
        ],
        "mean": [
            71.62903225806451,
            75.00806451612904,
            60.556451612903224,
            59.16935483870968,
            65.8225806451613,
            50.975806451612904,
            55.346774193548384,
            84.76612903225806
        ],
        "min": [
            8.0,
            13.0,
            22.0,
            16.0,
            15.0,
            11.0,
            13.0,
            10.0
        ],
        "max": [
            163.0,
            174.0,
            135.0,
            131.0,
            148.0,
            116.0,
            166.0,
            224.0
        ],
        "RawIntDen": [
            8882.0,
            9301.0,
            7509.0,
            7337.0,
            8162.0,
            6321.0,
            6863.0,
            10511.0
        ],
        "IntDen": [
            39.47094769033183,
            41.332952540844,
            33.369437762519894,
            32.60508254942183,
            36.271321216898045,
            28.090054081354143,
            30.498661787744577,
            46.710102586475784
        ],
        "FlagUp": 0,
        "Times": [
            -15,
            -10,
            -5,
            2,
            10,
            20,
            30,
            40
        ],
        "width": 0,
        "height": 0,
        "area": 0.5510467815358193,
        "distance": 5.68252759487429,
        "xpert": [
            [
                309.0,
                85.8
            ],
            [
                304.4,
                84.6
            ],
            [
                302.4,
                80.0
            ],
            [
                303.8,
                74.8
            ],
            [
                309.0,
                74.4
            ],
            [
                315.2,
                73.8
            ],
            [
                315.2,
                80.0
            ],
            [
                313.4,
                84.4
            ]
        ],
        "stack": 0
    },
    {
        "type": "Spine",
        "location": [
            297,
            74
        ],
        "radloc": [
            0,
            0
        ],
        "mean": [
            113.13839285714286,
            143.19642857142858,
            133.49553571428572,
            119.04017857142857,
            111.66517857142857,
            97.29464285714286,
            106.66517857142857,
            129.08035714285714
        ],
        "min": [
            20.0,
            23.0,
            24.0,
            20.0,
            24.0,
            22.0,
            20.0,
            13.0
        ],
        "max": [
            255.0,
            255.0,
            255.0,
            255.0,
            243.0,
            230.0,
            255.0,
            255.0
        ],
        "RawIntDen": [
            25343.0,
            32076.0,
            29903.0,
            26665.0,
            25013.0,
            21794.0,
            23893.0,
            28914.0
        ],
        "IntDen": [
            113.52612097386957,
            143.68716633223534,
            133.95302827138153,
            119.44813225617456,
            112.04785794576014,
            97.62807404429283,
            107.03072282005546,
            129.52271877198692
        ],
        "FlagUp": 0,
        "Times": [
            -15,
            -10,
            -5,
            2,
            10,
            20,
            30,
            40
        ],
        "width": 0,
        "height": 0,
        "area": 1.0034270251409376,
        "distance": 6.47320759487429,
        "xpert": [
            [
                297.0,
                79.6
            ],
            [
                292.0,
                79.0
            ],
            [
                289.4,
                74.0
            ],
            [
                288.4,
                65.4
            ],
            [
                297.0,
                63.8
            ],
            [
                305.8,
                65.2
            ],
            [
                304.6,
                74.0
            ],
            [
                302.0,
                79.0
            ]
        ],
        "stack": 0
    },
    {
        "type": "Spine",
        "location": [
            283,
            77
        ],
        "radloc": [
            0,
            0
        ],
        "mean": [
            100.16346153846153,
            130.67307692307693,
            114.41346153846153,
            98.72115384615384,
            102.4423076923077,
            86.76923076923077,
            101.38461538461539,
            121.36538461538461
        ],
        "min": [
            8.0,
            36.0,
            22.0,
            24.0,
            33.0,
            31.0,
            21.0,
            12.0
        ],
        "max": [
            215.0,
            225.0,
            212.0,
            187.0,
            189.0,
            184.0,
            225.0,
            254.0
        ],
        "RawIntDen": [
            10417.0,
            13590.0,
            11899.0,
            10267.0,
            10654.0,
            9024.0,
            10544.0,
            12622.0
        ],
        "IntDen": [
            47.913350581217145,
            62.507673456728526,
            54.72986066678533,
            47.22342041061307,
            49.003440250771575,
            41.506199063540706,
            48.497491458995256,
            58.05532408909694
        ],
        "FlagUp": 0,
        "Times": [
            -15,
            -10,
            -5,
            2,
            10,
            20,
            30,
            40
        ],
        "width": 0,
        "height": 0,
        "area": 0.4783515849521535,
        "distance": 7.39566759487429,
        "xpert": [
            [
                283.0,
                82.8
            ],
            [
                279.0,
                81.0
            ],
            [
                278.2,
                77.0
            ],
            [
                278.2,
                72.2
            ],
            [
                283.0,
                72.2
            ],
            [
                287.8,
                72.2
            ],
            [
                290.6,
                77.0
            ],
            [
                288.0,
                82.0
            ]
        ],
        "stack": 0
    },
    {
        "type": "Spine",
        "location": [
            300,
            51
        ],
        "radloc": [
            0,
            0
        ],
        "mean": [
            53.493975903614455,
            60.18674698795181,
            52.0722891566265,
            44.93975903614458,
            45.524096385542165,
            42.536144578313255,
            55.566265060240966,
            53.397590361445786
        ],
        "min": [
            11.0,
            20.0,
            11.0,
            11.0,
            13.0,
            15.0,
            18.0,
            13.0
        ],
        "max": [
            181.0,
            203.0,
            143.0,
            166.0,
            158.0,
            104.0,
            140.0,
            144.0
        ],
        "RawIntDen": [
            8880.0,
            9991.0,
            8644.0,
            7460.0,
            7557.0,
            7061.0,
            9224.0,
            8864.0
        ],
        "IntDen": [
            39.6659588467295,
            44.628670589828204,
            38.61177345395606,
            33.32297894105879,
            33.75626700503771,
            31.54069092531048,
            41.20256806331452,
            39.59448865060927
        ],
        "FlagUp": 0,
        "Times": [
            -15,
            -10,
            -5,
            2,
            10,
            20,
            30,
            40
        ],
        "width": 0,
        "height": 0,
        "area": 0.7415032847474209,
        "distance": 6.275537594874289,
        "xpert": [
            [
                300.0,
                60.8
            ],
            [
                292.8,
                58.2
            ],
            [
                290.4,
                51.0
            ],
            [
                295.4,
                46.4
            ],
            [
                300.0,
                45.8
            ],
            [
                303.4,
                47.6
            ],
            [
                306.0,
                51.0
            ],
            [
                305.6,
                56.6
            ]
        ],
        "stack": 0
    },
    {
        "type": "Spine",
        "location": [
            273,
            44
        ],
        "radloc": [
            0,
            0
        ],
        "mean": [
            54.08988764044944,
            74.65168539325843,
            62.831460674157306,
            90.57303370786516,
            76.93258426966293,
            43.79775280898876,
            66.32584269662921,
            68.76404494382022
        ],
        "min": [
            16.0,
            19.0,
            14.0,
            27.0,
            23.0,
            15.0,
            21.0,
            9.0
        ],
        "max": [
            137.0,
            164.0,
            133.0,
            222.0,
            177.0,
            113.0,
            122.0,
            138.0
        ],
        "RawIntDen": [
            4814.0,
            6644.0,
            5592.0,
            8061.0,
            6847.0,
            3898.0,
            5903.0,
            6120.0
        ],
        "IntDen": [
            21.370694867299246,
            29.494577627406773,
            24.82445486039414,
            35.78503766624412,
            30.395751507353125,
            17.3043142070487,
            26.20507100159274,
            27.168394804294014
        ],
        "FlagUp": 0,
        "Times": [
            -15,
            -10,
            -5,
            2,
            10,
            20,
            30,
            40
        ],
        "width": 0,
        "height": 0,
        "area": 0.39509593751342603,
        "distance": 8.054567594874289,
        "xpert": [
            [
                273.0,
                49.6
            ],
            [
                267.6,
                49.4
            ],
            [
                268.2,
                44.0
            ],
            [
                269.6,
                40.6
            ],
            [
                273.0,
                38.8
            ],
            [
                276.8,
                40.2
            ],
            [
                278.8,
                44.0
            ],
            [
                277.0,
                48.0
            ]
        ],
        "stack": 0
    },
    {
        "type": "Spine",
        "location": [
            245,
            31
        ],
        "radloc": [
            0,
            0
        ],
        "mean": [
            152.63235294117646,
            133.12254901960785,
            138.0392156862745,
            134.30392156862746,
            109.73039215686275,
            91.23529411764706,
            109.12254901960785,
            135.91176470588235
        ],
        "min": [
            18.0,
            19.0,
            7.0,
            14.0,
            9.0,
            21.0,
            16.0,
            18.0
        ],
        "max": [
            255.0,
            255.0,
            255.0,
            255.0,
            255.0,
            221.0,
            255.0,
            255.0
        ],
        "RawIntDen": [
            31137.0,
            27157.0,
            28160.0,
            27398.0,
            22385.0,
            18612.0,
            22261.0,
            27726.0
        ],
        "IntDen": [
            136.4932268656157,
            119.04636162730918,
            123.4431470127417,
            120.10281753746794,
            98.1276578792693,
            81.58820497873397,
            97.58408720350295,
            121.54064964755953
        ],
        "FlagUp": 0,
        "Times": [
            -15,
            -10,
            -5,
            2,
            10,
            20,
            30,
            40
        ],
        "width": 0,
        "height": 0,
        "area": 0.8942614343252595,
        "distance": 9.899487594874293,
        "xpert": [
            [
                245.0,
                40.4
            ],
            [
                238.8,
                37.2
            ],
            [
                236.8,
                31.0
            ],
            [
                239.8,
                25.8
            ],
            [
                245.0,
                22.2
            ],
            [
                250.6,
                25.4
            ],
            [
                253.6,
                31.0
            ],
            [
                251.4,
                37.4
            ]
        ],
        "stack": 0
    },
    {
        "type": "Spine",
        "location": [
            226,
            56
        ],
        "radloc": [
            0,
            0
        ],
        "mean": [
            135.59712230215828,
            146.62589928057554,
            146.6043165467626,
            133.0431654676259,
            107.71223021582733,
            79.35971223021583,
            115.9136690647482,
            118.98561151079137
        ],
        "min": [
            46.0,
            46.0,
            24.0,
            39.0,
            28.0,
            18.0,
            30.0,
            19.0
        ],
        "max": [
            241.0,
            255.0,
            244.0,
            248.0,
            226.0,
            170.0,
            244.0,
            255.0
        ],
        "RawIntDen": [
            18848.0,
            20381.0,
            20378.0,
            18493.0,
            14972.0,
            11031.0,
            16112.0,
            16539.0
        ],
        "IntDen": [
            83.0873728294852,
            89.84527512933668,
            89.83205027160705,
            81.52243133147654,
            66.00085664277655,
            48.62780187192548,
            71.0263025800438,
            72.90864066356409
        ],
        "FlagUp": 0,
        "Times": [
            -15,
            -10,
            -5,
            2,
            10,
            20,
            30,
            40
        ],
        "width": 0,
        "height": 0,
        "area": 0.6127517414738138,
        "distance": 11.151397594874293,
        "xpert": [
            [
                226.0,
                62.6
            ],
            [
                220.0,
                62.0
            ],
            [
                220.6,
                56.0
            ],
            [
                221.6,
                51.6
            ],
            [
                226.0,
                50.0
            ],
            [
                232.0,
                50.0
            ],
            [
                233.6,
                56.0
            ],
            [
                231.0,
                61.0
            ]
        ],
        "stack": 0
    },
    {
        "type": "Spine",
        "location": [
            217,
            54
        ],
        "radloc": [
            0,
            0
        ],
        "mean": [
            102.875,
            94.5859375,
            195.6875,
            101.859375,
            72.1484375,
            70.46875,
            72.5703125,
            73.625
        ],
        "min": [
            20.0,
            24.0,
            61.0,
            31.0,
            15.0,
            24.0,
            23.0,
            13.0
        ],
        "max": [
            212.0,
            186.0,
            255.0,
            210.0,
            150.0,
            154.0,
            138.0,
            176.0
        ],
        "RawIntDen": [
            13168.0,
            12107.0,
            25048.0,
            13038.0,
            9235.0,
            9020.0,
            9289.0,
            9424.0
        ],
        "IntDen": [
            58.179588267268194,
            53.49181919439672,
            110.66846346586676,
            57.60521505381551,
            40.80258943258063,
            39.85266450263966,
            41.041175228937895,
            41.637639719831064
        ],
        "FlagUp": 0,
        "Times": [
            -15,
            -10,
            -5,
            2,
            10,
            20,
            30,
            40
        ],
        "width": 0,
        "height": 0,
        "area": 0.565536702476483,
        "distance": 11.744407594874293,
        "xpert": [
            [
                217.0,
                62.0
            ],
            [
                210.6,
                60.4
            ],
            [
                210.4,
                54.0
            ],
            [
                212.6,
                49.6
            ],
            [
                217.0,
                48.2
            ],
            [
                221.4,
                49.6
            ],
            [
                222.4,
                54.0
            ],
            [
                221.4,
                58.4
            ]
        ],
        "stack": 0
    },
    {
        "type": "Spine",
        "location": [
            210,
            74
        ],
        "radloc": [
            0,
            0
        ],
        "mean": [
            104.14285714285714,
            116.63736263736264,
            142.64835164835165,
            125.5989010989011,
            113.01648351648352,
            81.0,
            81.88461538461539,
            111.18681318681318
        ],
        "min": [
            18.0,
            25.0,
            33.0,
            25.0,
            18.0,
            16.0,
            8.0,
            18.0
        ],
        "max": [
            213.0,
            224.0,
            247.0,
            233.0,
            226.0,
            198.0,
            199.0,
            238.0
        ],
        "RawIntDen": [
            18954.0,
            21228.0,
            25962.0,
            22859.0,
            20569.0,
            14742.0,
            14903.0,
            20236.0
        ],
        "IntDen": [
            87.04370045694144,
            97.48674017621362,
            119.2269996445665,
            104.97688871716916,
            94.46037114587044,
            67.70065591095445,
            68.44002679697152,
            92.93111335056805
        ],
        "FlagUp": 0,
        "Times": [
            -15,
            -10,
            -5,
            2,
            10,
            20,
            30,
            40
        ],
        "width": 0,
        "height": 0,
        "area": 0.8358105668019068,
        "distance": 12.287515189748582,
        "xpert": [
            [
                210.0,
                79.6
            ],
            [
                206.4,
                77.6
            ],
            [
                203.8,
                74.0
            ],
            [
                201.6,
                65.6
            ],
            [
                210.0,
                62.6
            ],
            [
                217.0,
                67.0
            ],
            [
                215.8,
                74.0
            ],
            [
                214.8,
                78.8
            ]
        ],
        "stack": 0
    },
    {
        "type": "Spine",
        "location": [
            177,
            84
        ],
        "radloc": [
            0,
            0
        ],
        "mean": [
            108.31395348837209,
            132.05232558139534,
            163.65116279069767,
            165.61627906976744,
            165.71511627906978,
            109.04651162790698,
            113.05232558139535,
            135.97093023255815
        ],
        "min": [
            9.0,
            10.0,
            34.0,
            23.0,
            23.0,
            9.0,
            11.0,
            19.0
        ],
        "max": [
            255.0,
            255.0,
            255.0,
            255.0,
            255.0,
            255.0,
            255.0,
            255.0
        ],
        "RawIntDen": [
            18630.0,
            22713.0,
            28148.0,
            28486.0,
            28503.0,
            18756.0,
            19445.0,
            23387.0
        ],
        "IntDen": [
            81.4722969920911,
            99.32798076121122,
            123.09620052245734,
            124.57433452048885,
            124.64867853814131,
            82.02331735822119,
            85.03643666190078,
            102.2755024022563
        ],
        "FlagUp": 0,
        "Times": [
            -15,
            -10,
            -5,
            2,
            10,
            20,
            30,
            40
        ],
        "width": 0,
        "height": 0,
        "area": 0.7521865315426554,
        "distance": 14.489177721373345,
        "xpert": [
            [
                177.0,
                91.8
            ],
            [
                171.6,
                89.4
            ],
            [
                169.2,
                84.0
            ],
            [
                171.2,
                78.2
            ],
            [
                177.0,
                77.8
            ],
            [
                182.0,
                79.0
            ],
            [
                185.8,
                84.0
            ],
            [
                183.2,
                90.2
            ]
        ],
        "stack": 0
    },
    {
        "type": "Spine",
        "location": [
            168,
            61
        ],
        "radloc": [
            0,
            0
        ],
        "mean": [
            67.75728155339806,
            54.66990291262136,
            78.77669902912622,
            65.55339805825243,
            65.70873786407768,
            51.737864077669904,
            52.16504854368932,
            83.89320388349515
        ],
        "min": [
            25.0,
            19.0,
            19.0,
            21.0,
            19.0,
            12.0,
            12.0,
            11.0
        ],
        "max": [
            124.0,
            114.0,
            165.0,
            142.0,
            132.0,
            107.0,
            114.0,
            203.0
        ],
        "RawIntDen": [
            6979.0,
            5631.0,
            8114.0,
            6752.0,
            6768.0,
            5329.0,
            5373.0,
            8641.0
        ],
        "IntDen": [
            32.35772094901886,
            26.107798633604414,
            37.62008135554364,
            31.305248867713907,
            31.379431921902807,
            24.707593485789012,
            24.911596884808475,
            40.06348570289038
        ],
        "FlagUp": 0,
        "Times": [
            -15,
            -10,
            -5,
            2,
            10,
            20,
            30,
            40
        ],
        "width": 0,
        "height": 0,
        "area": 0.47755341134101487,
        "distance": 15.082187721373344,
        "xpert": [
            [
                168.0,
                67.2
            ],
            [
                161.2,
                67.8
            ],
            [
                161.0,
                61.0
            ],
            [
                164.2,
                57.2
            ],
            [
                168.0,
                55.6
            ],
            [
                171.4,
                57.6
            ],
            [
                172.6,
                61.0
            ],
            [
                171.8,
                64.8
            ]
        ],
        "stack": 0
    },
    {
        "type": "Spine",
        "location": [
            160,
            83
        ],
        "radloc": [
            0,
            0
        ],
        "mean": [
            73.203125,
            69.796875,
            83.53125,
            71.7421875,
            69.921875,
            43.75,
            51.4296875,
            64.125
        ],
        "min": [
            27.0,
            28.0,
            22.0,
            24.0,
            11.0,
            9.0,
            12.0,
            11.0
        ],
        "max": [
            155.0,
            133.0,
            179.0,
            148.0,
            138.0,
            119.0,
            114.0,
            163.0
        ],
        "RawIntDen": [
            9370.0,
            8934.0,
            10692.0,
            9183.0,
            8950.0,
            5600.0,
            6583.0,
            8208.0
        ],
        "IntDen": [
            42.83280684949578,
            40.83973280612543,
            48.876026769990276,
            41.97797922080253,
            40.912873137992236,
            25.599116153380617,
            30.092675292447247,
            37.5209902476693
        ],
        "FlagUp": 0,
        "Times": [
            -15,
            -10,
            -5,
            2,
            10,
            20,
            30,
            40
        ],
        "width": 0,
        "height": 0,
        "area": 0.5851226549344141,
        "distance": 15.66389278462287,
        "xpert": [
            [
                160.0,
                88.4
            ],
            [
                155.8,
                87.2
            ],
            [
                150.6,
                83.0
            ],
            [
                155.6,
                78.6
            ],
            [
                160.0,
                78.2
            ],
            [
                164.8,
                78.2
            ],
            [
                168.4,
                83.0
            ],
            [
                165.0,
                88.0
            ]
        ],
        "stack": 0
    },
    {
        "type": "Spine",
        "location": [
            149,
            60
        ],
        "radloc": [
            0,
            0
        ],
        "mean": [
            112.99166666666666,
            72.50833333333334,
            65.85833333333333,
            72.73333333333333,
            42.55833333333333,
            30.2,
            26.933333333333334,
            24.7
        ],
        "min": [
            31.0,
            15.0,
            15.0,
            11.0,
            10.0,
            7.0,
            9.0,
            6.0
        ],
        "max": [
            236.0,
            169.0,
            129.0,
            180.0,
            99.0,
            84.0,
            89.0,
            120.0
        ],
        "RawIntDen": [
            13559.0,
            8701.0,
            7903.0,
            8728.0,
            5107.0,
            3624.0,
            3232.0,
            2964.0
        ],
        "IntDen": [
            60.07839468143977,
            38.5531464063137,
            35.0172987069414,
            38.6727803510293,
            22.628539098614418,
            16.05753391293884,
            14.320626271141924,
            13.133148597668521
        ],
        "FlagUp": 0,
        "Times": [
            -15,
            -10,
            -5,
            2,
            10,
            20,
            30,
            40
        ],
        "width": 0,
        "height": 0,
        "area": 0.5317064209582397,
        "distance": 16.388682784622873,
        "xpert": [
            [
                149.0,
                68.2
            ],
            [
                144.6,
                64.4
            ],
            [
                143.0,
                60.0
            ],
            [
                143.6,
                54.6
            ],
            [
                149.0,
                53.2
            ],
            [
                153.4,
                55.6
            ],
            [
                154.4,
                60.0
            ],
            [
                153.0,
                64.0
            ]
        ],
        "stack": 0
    },
    {
        "type": "Spine",
        "location": [
            132,
            73
        ],
        "radloc": [
            0,
            0
        ],
        "mean": [
            79.41379310344827,
            66.37931034482759,
            75.28448275862068,
            84.51724137931035,
            72.4396551724138,
            66.55172413793103,
            70.45689655172414,
            80.87931034482759
        ],
        "min": [
            21.0,
            19.0,
            18.0,
            25.0,
            16.0,
            17.0,
            11.0,
            14.0
        ],
        "max": [
            171.0,
            142.0,
            152.0,
            200.0,
            200.0,
            156.0,
            166.0,
            227.0
        ],
        "RawIntDen": [
            9212.0,
            7700.0,
            8733.0,
            9804.0,
            8403.0,
            7720.0,
            8173.0,
            9382.0
        ],
        "IntDen": [
            41.85425943304621,
            34.98456335588969,
            39.677946985322684,
            44.543981706641894,
            38.17860855578456,
            35.07543235161928,
            37.133615104894346,
            42.626645896747675
        ],
        "FlagUp": 0,
        "Times": [
            -15,
            -10,
            -5,
            2,
            10,
            20,
            30,
            40
        ],
        "width": 0,
        "height": 0,
        "area": 0.527040175231585,
        "distance": 17.699860505996213,
        "xpert": [
            [
                132.0,
                78.2
            ],
            [
                127.2,
                77.8
            ],
            [
                125.8,
                73.0
            ],
            [
                127.0,
                68.0
            ],
            [
                132.0,
                68.0
            ],
            [
                135.6,
                69.4
            ],
            [
                141.6,
                73.0
            ],
            [
                136.4,
                77.4
            ]
        ],
        "stack": 0
    },
    {
        "type": "Spine",
        "location": [
            123,
            102
        ],
        "radloc": [
            0,
            0
        ],
        "mean": [
            112.83870967741936,
            68.54032258064517,
            77.33064516129032,
            85.43548387096774,
            78.12903225806451,
            59.87903225806452,
            74.80645161290323,
            80.63709677419355
        ],
        "min": [
            28.0,
            16.0,
            14.0,
            18.0,
            14.0,
            13.0,
            19.0,
            13.0
        ],
        "max": [
            212.0,
            187.0,
            150.0,
            194.0,
            193.0,
            128.0,
            172.0,
            192.0
        ],
        "RawIntDen": [
            13992.0,
            8499.0,
            9589.0,
            10594.0,
            9688.0,
            7425.0,
            9276.0,
            9999.0
        ],
        "IntDen": [
            63.994561543427686,
            38.87148217249799,
            43.856764625495146,
            48.45328652023105,
            44.30955633452883,
            33.95937817752648,
            42.42521104036844,
            45.731962612402334
        ],
        "FlagUp": 0,
        "Times": [
            -15,
            -10,
            -5,
            2,
            10,
            20,
            30,
            40
        ],
        "width": 0,
        "height": 0,
        "area": 0.5671330496987588,
        "distance": 18.292870505996213,
        "xpert": [
            [
                123.0,
                108.6
            ],
            [
                117.0,
                108.0
            ],
            [
                117.4,
                102.0
            ],
            [
                118.8,
                97.8
            ],
            [
                123.0,
                95.2
            ],
            [
                128.6,
                96.4
            ],
            [
                129.0,
                102.0
            ],
            [
                127.6,
                106.6
            ]
        ],
        "stack": 0
    }
]