[
    {
        "type": "Stim",
        "location": [
            238,
            62
        ],
        "radloc": [
            0,
            0
        ],
        "mean": [
            26.0,
            29.36190476190476,
            35.94285714285714,
            37.2,
            35.10476190476191,
            42.161904761904765,
            41.666666666666664,
            18.276190476190475
        ],
        "min": [
            6.0,
            7.0,
            9.0,
            9.0,
            8.0,
            13.0,
            9.0,
            6.0
        ],
        "max": [
            68.0,
            82.0,
            80.0,
            101.0,
            86.0,
            88.0,
            123.0,
            42.0
        ],
        "RawIntDen": [
            2730.0,
            3083.0,
            3774.0,
            3906.0,
            3686.0,
            4427.0,
            4375.0,
            1919.0
        ],
        "IntDen": [
            12.058806917076451,
            13.618059240053736,
            16.670306705145247,
            17.253369896740153,
            16.281597910748644,
            19.55470264538368,
            19.325011085058414,
            8.476502005080478
        ],
        "FlagUp": 0,
        "Times": [
            -15,
            -10,
            -5,
            2,
            10,
            20,
            30,
            40
        ],
        "width": 0,
        "height": 0,
        "area": 0.46380026604140195,
        "distance": 0,
        "xpert": [
            [
                238.0,
                68.2
            ],
            [
                232.6,
                67.4
            ],
            [
                231.6,
                62.0
            ],
            [
                232.8,
                56.8
            ],
            [
                238.0,
                56.0
            ],
            [
                241.2,
                58.8
            ],
            [
                243.0,
                62.0
            ],
            [
                241.8,
                65.8
            ]
        ],
        "stack": 0
    },
    {
        "type": "Spine",
        "location": [
            453,
            34
        ],
        "radloc": [
            0,
            0
        ],
        "mean": [
            78.140625,
            72.484375,
            60.125,
            56.7109375,
            72.7734375,
            54.8671875,
            69.390625,
            62.4453125
        ],
        "min": [
            12.0,
            8.0,
            10.0,
            10.0,
            7.0,
            10.0,
            11.0,
            10.0
        ],
        "max": [
            202.0,
            192.0,
            202.0,
            147.0,
            194.0,
            200.0,
            174.0,
            168.0
        ],
        "RawIntDen": [
            10002.0,
            9278.0,
            7696.0,
            7259.0,
            9315.0,
            7023.0,
            8882.0,
            7993.0
        ],
        "IntDen": [
            46.99323403367323,
            43.591604215598906,
            36.1587611600829,
            34.105567471549094,
            43.76544441348392,
            32.9967489120663,
            41.731044259856596,
            37.55418112688964
        ],
        "FlagUp": 0,
        "Times": [
            -15,
            -10,
            -5,
            2,
            10,
            20,
            30,
            40
        ],
        "width": 0,
        "height": 0,
        "area": 0.6013931170076159,
        "distance": 15.380465948742911,
        "xpert": [
            [
                453.0,
                39.6
            ],
            [
                447.6,
                39.4
            ],
            [
                445.8,
                34.0
            ],
            [
                447.2,
                28.2
            ],
            [
                453.0,
                28.2
            ],
            [
                458.8,
                28.2
            ],
            [
                459.0,
                34.0
            ],
            [
                457.8,
                38.8
            ]
        ],
        "stack": 0
    },
    {
        "type": "Spine",
        "location": [
            425,
            44
        ],
        "radloc": [
            0,
            0
        ],
        "mean": [
            53.698412698412696,
            59.05555555555556,
            64.75396825396825,
            69.56349206349206,
            68.38888888888889,
            74.0,
            73.55555555555556,
            58.833333333333336
        ],
        "min": [
            6.0,
            13.0,
            12.0,
            11.0,
            15.0,
            12.0,
            15.0,
            7.0
        ],
        "max": [
            141.0,
            145.0,
            166.0,
            175.0,
            151.0,
            191.0,
            175.0,
            147.0
        ],
        "RawIntDen": [
            6766.0,
            7441.0,
            8159.0,
            8765.0,
            8617.0,
            9324.0,
            9268.0,
            7413.0
        ],
        "IntDen": [
            30.43765968995033,
            33.474227867709196,
            36.7042366849401,
            39.43040011563917,
            38.76460442629352,
            41.945128428775774,
            41.69320573550985,
            33.34826652107623
        ],
        "FlagUp": 0,
        "Times": [
            -15,
            -10,
            -5,
            2,
            10,
            20,
            30,
            40
        ],
        "width": 0,
        "height": 0,
        "area": 0.5668260598483212,
        "distance": 14.035373417118144,
        "xpert": [
            [
                425.0,
                49.4
            ],
            [
                420.6,
                48.4
            ],
            [
                418.0,
                44.0
            ],
            [
                419.0,
                38.0
            ],
            [
                425.0,
                34.4
            ],
            [
                429.2,
                39.8
            ],
            [
                430.2,
                44.0
            ],
            [
                428.6,
                47.6
            ]
        ],
        "stack": 0
    },
    {
        "type": "Spine",
        "location": [
            402,
            37
        ],
        "radloc": [
            0,
            0
        ],
        "mean": [
            33.13475177304964,
            38.53191489361702,
            26.631205673758867,
            36.851063829787236,
            36.262411347517734,
            45.95035460992908,
            35.50354609929078,
            27.411347517730498
        ],
        "min": [
            8.0,
            8.0,
            5.0,
            13.0,
            9.0,
            13.0,
            9.0,
            5.0
        ],
        "max": [
            105.0,
            108.0,
            66.0,
            93.0,
            95.0,
            81.0,
            87.0,
            77.0
        ],
        "RawIntDen": [
            4672.0,
            5433.0,
            3755.0,
            5196.0,
            5113.0,
            6479.0,
            5006.0,
            3865.0
        ],
        "IntDen": [
            21.50774549918511,
            25.01104051735289,
            17.286298020000018,
            23.920001201576593,
            23.53790726398405,
            29.826344839302294,
            23.045328332388838,
            17.79268757584556
        ],
        "FlagUp": 0,
        "Times": [
            -15,
            -10,
            -5,
            2,
            10,
            20,
            30,
            40
        ],
        "width": 0,
        "height": 0,
        "area": 0.6490993397656465,
        "distance": 11.965490885493377,
        "xpert": [
            [
                402.0,
                44.2
            ],
            [
                397.8,
                41.2
            ],
            [
                396.8,
                37.0
            ],
            [
                398.4,
                33.4
            ],
            [
                402.0,
                29.4
            ],
            [
                410.2,
                28.8
            ],
            [
                409.2,
                37.0
            ],
            [
                406.4,
                41.4
            ]
        ],
        "stack": 0
    }
]