[
    {
        "type": "Spine",
        "location": [
            21,
            156
        ],
        "radloc": [
            0,
            0
        ],
        "mean": [
            56.55021834061135,
            98.353711790393,
            67.44978165938865,
            114.11353711790393,
            98.72489082969432,
            105.62445414847161,
            96.40174672489083,
            97.38864628820961
        ],
        "min": [
            6.0,
            8.0,
            7.0,
            15.0,
            8.0,
            11.0,
            8.0,
            9.0
        ],
        "max": [
            234.0,
            255.0,
            228.0,
            253.0,
            248.0,
            245.0,
            255.0,
            255.0
        ],
        "RawIntDen": [
            12950.0,
            22523.0,
            15446.0,
            26132.0,
            22608.0,
            24188.0,
            22076.0,
            22302.0
        ],
        "IntDen": [
            13082.636487677484,
            22753.685066560618,
            15604.20101842984,
            26399.649165713363,
            22839.555653545372,
            24435.738329262007,
            22302.106803240786,
            22530.421540400253
        ],
        "FlagUp": 0,
        "Times": [
            -15,
            -10,
            -5,
            2,
            10,
            20,
            30,
            40
        ],
        "width": 0,
        "height": 0,
        "area": 1.0102421998206552,
        "distance": 14.403420885493373,
        "xpert": [
            [
                21.0,
                163.8
            ],
            [
                14.6,
                162.4
            ],
            [
                9.2,
                156.0
            ],
            [
                14.8,
                149.8
            ],
            [
                21.0,
                148.2
            ],
            [
                27.8,
                149.2
            ],
            [
                29.6,
                156.0
            ],
            [
                27.0,
                162.0
            ]
        ],
        "stack": 0
    },
    {
        "type": "Spine",
        "location": [
            27,
            136
        ],
        "radloc": [
            0,
            0
        ],
        "mean": [
            58.80582524271845,
            96.30097087378641,
            86.60194174757281,
            125.0873786407767,
            102.02912621359224,
            147.93203883495147,
            196.55339805825244,
            155.04854368932038
        ],
        "min": [
            7.0,
            9.0,
            6.0,
            14.0,
            9.0,
            17.0,
            52.0,
            29.0
        ],
        "max": [
            234.0,
            255.0,
            255.0,
            255.0,
            255.0,
            255.0,
            255.0,
            255.0
        ],
        "RawIntDen": [
            6057.0,
            9919.0,
            8920.0,
            12884.0,
            10509.0,
            15237.0,
            20245.0,
            15970.0
        ],
        "IntDen": [
            2721.8446477799907,
            4457.318319519519,
            4008.3959481917645,
            5789.705537724517,
            4722.447647931306,
            6847.07724917017,
            9097.530938468864,
            7176.466736841085
        ],
        "FlagUp": 0,
        "Times": [
            -15,
            -10,
            -5,
            2,
            10,
            20,
            30,
            40
        ],
        "width": 0,
        "height": 0,
        "area": 0.4493717430708256,
        "distance": 14.008080885493374,
        "xpert": [
            [
                27.0,
                141.4
            ],
            [
                22.4,
                140.6
            ],
            [
                21.0,
                136.0
            ],
            [
                23.4,
                132.4
            ],
            [
                27.0,
                130.8
            ],
            [
                31.0,
                132.0
            ],
            [
                33.8,
                136.0
            ],
            [
                32.2,
                141.2
            ]
        ],
        "stack": 0
    },
    {
        "type": "Spine",
        "location": [
            49,
            153
        ],
        "radloc": [
            0,
            0
        ],
        "mean": [
            53.1044776119403,
            74.8955223880597,
            57.25373134328358,
            80.82835820895522,
            47.850746268656714,
            52.1044776119403,
            38.014925373134325,
            38.992537313432834
        ],
        "min": [
            6.0,
            12.0,
            10.0,
            18.0,
            6.0,
            6.0,
            6.0,
            5.0
        ],
        "max": [
            156.0,
            181.0,
            145.0,
            194.0,
            165.0,
            155.0,
            140.0,
            165.0
        ],
        "RawIntDen": [
            7116.0,
            10036.0,
            7672.0,
            10831.0,
            6412.0,
            6982.0,
            5094.0,
            5225.0
        ],
        "IntDen": [
            4144.945770442135,
            5845.794793726429,
            4468.806063916815,
            6308.868414791845,
            3734.8780607187987,
            4066.893109784568,
            2967.1660700719835,
            3043.4712831028887
        ],
        "FlagUp": 0,
        "Times": [
            -15,
            -10,
            -5,
            2,
            10,
            20,
            30,
            40
        ],
        "width": 0,
        "height": 0,
        "area": 0.5824825422206485,
        "distance": 12.55850088549337,
        "xpert": [
            [
                49.0,
                158.8
            ],
            [
                44.0,
                158.0
            ],
            [
                42.6,
                153.0
            ],
            [
                44.6,
                148.6
            ],
            [
                49.0,
                146.8
            ],
            [
                55.2,
                146.8
            ],
            [
                56.4,
                153.0
            ],
            [
                53.8,
                157.8
            ]
        ],
        "stack": 0
    },
    {
        "type": "Spine",
        "location": [
            62,
            123
        ],
        "radloc": [
            0,
            0
        ],
        "mean": [
            52.9622641509434,
            56.60377358490566,
            75.9748427672956,
            64.1006289308176,
            81.16352201257861,
            60.19496855345912,
            58.503144654088054,
            68.49685534591195
        ],
        "min": [
            3.0,
            5.0,
            10.0,
            10.0,
            9.0,
            4.0,
            8.0,
            8.0
        ],
        "max": [
            170.0,
            177.0,
            221.0,
            187.0,
            229.0,
            181.0,
            166.0,
            216.0
        ],
        "RawIntDen": [
            8421.0,
            9000.0,
            12080.0,
            10192.0,
            12905.0,
            9571.0,
            9302.0,
            10891.0
        ],
        "IntDen": [
            5895.719386541699,
            6301.089476175667,
            8457.462319133561,
            7135.633771242488,
            9035.062187782998,
            6700.858597386367,
            6512.526034154006,
            7625.018387225466
        ],
        "FlagUp": 0,
        "Times": [
            -15,
            -10,
            -5,
            2,
            10,
            20,
            30,
            40
        ],
        "width": 0,
        "height": 0,
        "area": 0.7001210529084074,
        "distance": 11.701930885493374,
        "xpert": [
            [
                62.0,
                131.8
            ],
            [
                55.6,
                129.4
            ],
            [
                52.2,
                123.0
            ],
            [
                57.6,
                118.6
            ],
            [
                62.0,
                117.8
            ],
            [
                66.4,
                118.6
            ],
            [
                68.8,
                123.0
            ],
            [
                67.0,
                128.0
            ]
        ],
        "stack": 0
    },
    {
        "type": "Spine",
        "location": [
            137,
            111
        ],
        "radloc": [
            0,
            0
        ],
        "mean": [
            112.54861111111111,
            132.00694444444446,
            119.27777777777777,
            126.79861111111111,
            168.34722222222223,
            109.79861111111111,
            129.80555555555554,
            114.94444444444444
        ],
        "min": [
            12.0,
            17.0,
            25.0,
            13.0,
            37.0,
            12.0,
            18.0,
            17.0
        ],
        "max": [
            255.0,
            255.0,
            239.0,
            255.0,
            255.0,
            246.0,
            255.0,
            255.0
        ],
        "RawIntDen": [
            16207.0,
            19009.0,
            17176.0,
            18259.0,
            24242.0,
            15811.0,
            18692.0,
            16552.0
        ],
        "IntDen": [
            10164.710545850226,
            11922.069646823407,
            10772.44822209684,
            11451.684448490116,
            15204.1039706609,
            9916.347161130248,
            11723.253502994536,
            10381.087737083542
        ],
        "FlagUp": 0,
        "Times": [
            -15,
            -10,
            -5,
            2,
            10,
            20,
            30,
            40
        ],
        "width": 0,
        "height": 0,
        "area": 0.6271802644443899,
        "distance": 6.2143302529981055,
        "xpert": [
            [
                137.0,
                117.2
            ],
            [
                130.8,
                117.2
            ],
            [
                129.2,
                111.0
            ],
            [
                131.4,
                105.4
            ],
            [
                137.0,
                104.8
            ],
            [
                141.0,
                107.0
            ],
            [
                143.4,
                111.0
            ],
            [
                142.4,
                116.4
            ]
        ],
        "stack": 0
    },
    {
        "type": "Spine",
        "location": [
            153,
            116
        ],
        "radloc": [
            0,
            0
        ],
        "mean": [
            117.07913669064749,
            131.80575539568346,
            125.20143884892086,
            133.3884892086331,
            141.5179856115108,
            140.53237410071944,
            137.20143884892087,
            138.3525179856115
        ],
        "min": [
            13.0,
            15.0,
            14.0,
            15.0,
            17.0,
            23.0,
            27.0,
            15.0
        ],
        "max": [
            253.0,
            253.0,
            251.0,
            254.0,
            255.0,
            255.0,
            252.0,
            255.0
        ],
        "RawIntDen": [
            16274.0,
            18321.0,
            17403.0,
            18541.0,
            19671.0,
            19534.0,
            19071.0,
            19231.0
        ],
        "IntDen": [
            10013.887844483448,
            11273.469288360651,
            10708.595929552996,
            11408.8419887285,
            12104.165404254265,
            12019.865131752467,
            11734.96713052377,
            11833.420003518568
        ],
        "FlagUp": 0,
        "Times": [
            -15,
            -10,
            -5,
            2,
            10,
            20,
            30,
            40
        ],
        "width": 0,
        "height": 0,
        "area": 0.6153304562174909,
        "distance": 5.160090252998105,
        "xpert": [
            [
                153.0,
                122.2
            ],
            [
                147.6,
                121.4
            ],
            [
                143.8,
                116.0
            ],
            [
                148.6,
                111.6
            ],
            [
                153.0,
                110.2
            ],
            [
                158.2,
                110.8
            ],
            [
                160.6,
                116.0
            ],
            [
                157.2,
                120.2
            ]
        ],
        "stack": 0
    },
    {
        "type": "Spine",
        "location": [
            166,
            140
        ],
        "radloc": [
            0,
            0
        ],
        "mean": [
            107.58823529411765,
            125.57058823529412,
            126.94117647058823,
            137.1,
            150.1529411764706,
            122.37647058823529,
            113.40588235294118,
            110.28235294117647
        ],
        "min": [
            5.0,
            8.0,
            11.0,
            18.0,
            18.0,
            11.0,
            10.0,
            9.0
        ],
        "max": [
            255.0,
            255.0,
            255.0,
            255.0,
            255.0,
            255.0,
            254.0,
            255.0
        ],
        "RawIntDen": [
            18290.0,
            21347.0,
            21580.0,
            23307.0,
            25526.0,
            20804.0,
            19279.0,
            18748.0
        ],
        "IntDen": [
            14006.79075169927,
            16347.892956616965,
            16526.328289867153,
            17848.894043185064,
            19548.24170190681,
            15932.054390287129,
            14764.183646911439,
            14357.534883152426
        ],
        "FlagUp": 0,
        "Times": [
            -15,
            -10,
            -5,
            2,
            10,
            20,
            30,
            40
        ],
        "width": 0,
        "height": 0,
        "area": 0.7658168809020923,
        "distance": 4.194350126499052,
        "xpert": [
            [
                166.0,
                147.0
            ],
            [
                161.0,
                145.0
            ],
            [
                159.6,
                140.0
            ],
            [
                158.6,
                132.6
            ],
            [
                166.0,
                132.2
            ],
            [
                172.2,
                133.8
            ],
            [
                173.0,
                140.0
            ],
            [
                171.6,
                145.6
            ]
        ],
        "stack": 0
    },
    {
        "type": "Spine",
        "location": [
            183,
            117
        ],
        "radloc": [
            0,
            0
        ],
        "mean": [
            150.0,
            161.20212765957447,
            129.29787234042553,
            112.7127659574468,
            117.19148936170212,
            123.17021276595744,
            114.51063829787235,
            105.96808510638297
        ],
        "min": [
            25.0,
            19.0,
            12.0,
            16.0,
            11.0,
            11.0,
            11.0,
            9.0
        ],
        "max": [
            255.0,
            255.0,
            255.0,
            255.0,
            255.0,
            255.0,
            255.0,
            255.0
        ],
        "RawIntDen": [
            14100.0,
            15153.0,
            12154.0,
            10595.0,
            11016.0,
            11578.0,
            10764.0,
            9961.0
        ],
        "IntDen": [
            5802.863368306165,
            6236.226143258392,
            5001.985913361215,
            4360.378538099561,
            4533.641337961753,
            4764.932771507006,
            4429.930588400536,
            4099.455461822533
        ],
        "FlagUp": 0,
        "Times": [
            -15,
            -10,
            -5,
            2,
            10,
            20,
            30,
            40
        ],
        "width": 0,
        "height": 0,
        "area": 0.41155059349689116,
        "distance": 3.0742201264990525,
        "xpert": [
            [
                183.0,
                122.2
            ],
            [
                177.8,
                122.2
            ],
            [
                176.6,
                117.0
            ],
            [
                179.4,
                113.4
            ],
            [
                183.0,
                112.0
            ],
            [
                186.0,
                114.0
            ],
            [
                187.8,
                117.0
            ],
            [
                188.2,
                122.2
            ]
        ],
        "stack": 0
    },
    {
        "type": "Stim",
        "location": [
            216,
            154
        ],
        "radloc": [
            0,
            0
        ],
        "mean": [
            101.83333333333333,
            72.81666666666666,
            63.15833333333333,
            80.975,
            100.61666666666666,
            79.13333333333334,
            77.61666666666666,
            108.99166666666666
        ],
        "min": [
            9.0,
            3.0,
            12.0,
            7.0,
            12.0,
            10.0,
            5.0,
            21.0
        ],
        "max": [
            222.0,
            199.0,
            171.0,
            210.0,
            221.0,
            169.0,
            184.0,
            225.0
        ],
        "RawIntDen": [
            12220.0,
            8738.0,
            7579.0,
            9717.0,
            12074.0,
            9496.0,
            9314.0,
            13079.0
        ],
        "IntDen": [
            6521.4615263327205,
            4663.218561137096,
            4044.6936913318896,
            5185.682622862115,
            6443.545537556569,
            5067.741297385885,
            4970.613146993695,
            6979.885049337615
        ],
        "FlagUp": 0,
        "Times": [
            -15,
            -10,
            -5,
            2,
            10,
            20,
            30,
            40
        ],
        "width": 0,
        "height": 0,
        "area": 0.533671156001041,
        "distance": 0,
        "xpert": [
            [
                216.0,
                160.6
            ],
            [
                212.0,
                158.0
            ],
            [
                210.4,
                154.0
            ],
            [
                212.0,
                150.0
            ],
            [
                216.0,
                147.4
            ],
            [
                222.4,
                147.6
            ],
            [
                222.4,
                154.0
            ],
            [
                220.6,
                158.6
            ]
        ],
        "stack": 0
    },
    {
        "type": "Stim",
        "location": [
            254,
            128
        ],
        "radloc": [
            0,
            0
        ],
        "mean": [
            104.68595041322314,
            119.56198347107438,
            116.72727272727273,
            92.76859504132231,
            92.55371900826447,
            80.54545454545455,
            84.47107438016529,
            72.90082644628099
        ],
        "min": [
            17.0,
            40.0,
            25.0,
            17.0,
            18.0,
            9.0,
            10.0,
            8.0
        ],
        "max": [
            229.0,
            244.0,
            252.0,
            215.0,
            206.0,
            236.0,
            249.0,
            180.0
        ],
        "RawIntDen": [
            12667.0,
            14467.0,
            14124.0,
            11225.0,
            11199.0,
            9746.0,
            10221.0,
            8821.0
        ],
        "IntDen": [
            7013.5518894594925,
            8010.188299108745,
            7820.273694381138,
            6215.135387951591,
            6200.739528701102,
            5396.232471356455,
            5659.233746125008,
            4884.072094175589
        ],
        "FlagUp": 0,
        "Times": [
            -15,
            -10,
            -5,
            2,
            10,
            20,
            30,
            40
        ],
        "width": 0,
        "height": 0,
        "area": 0.553686894249585,
        "distance": 0,
        "xpert": [
            [
                254.0,
                137.8
            ],
            [
                247.8,
                134.2
            ],
            [
                248.6,
                128.0
            ],
            [
                249.4,
                123.4
            ],
            [
                254.0,
                122.8
            ],
            [
                257.6,
                124.4
            ],
            [
                259.6,
                128.0
            ],
            [
                258.0,
                132.0
            ]
        ],
        "stack": 0
    },
    {
        "type": "Stim",
        "location": [
            281,
            125
        ],
        "radloc": [
            0,
            0
        ],
        "mean": [
            77.28571428571429,
            93.5952380952381,
            83.98809523809524,
            109.68452380952381,
            132.52380952380952,
            91.5297619047619,
            81.45833333333333,
            101.54166666666667
        ],
        "min": [
            7.0,
            10.0,
            11.0,
            6.0,
            21.0,
            8.0,
            7.0,
            9.0
        ],
        "max": [
            227.0,
            236.0,
            223.0,
            242.0,
            255.0,
            243.0,
            231.0,
            249.0
        ],
        "RawIntDen": [
            12984.0,
            15724.0,
            14110.0,
            18427.0,
            22264.0,
            15377.0,
            13685.0,
            17059.0
        ],
        "IntDen": [
            9480.198269091376,
            11480.794638261921,
            10302.34115656803,
            13454.375655002063,
            16255.940716501107,
            11227.434441144338,
            9992.029675948512,
            12455.537759737352
        ],
        "FlagUp": 0,
        "Times": [
            -15,
            -10,
            -5,
            2,
            10,
            20,
            30,
            40
        ],
        "width": 0,
        "height": 0,
        "area": 0.7301446602812212,
        "distance": 0,
        "xpert": [
            [
                281.0,
                133.0
            ],
            [
                272.8,
                133.2
            ],
            [
                271.6,
                125.0
            ],
            [
                276.4,
                120.4
            ],
            [
                281.0,
                119.6
            ],
            [
                285.2,
                120.8
            ],
            [
                287.0,
                125.0
            ],
            [
                285.8,
                129.8
            ]
        ],
        "stack": 0
    },
    {
        "type": "Spine",
        "location": [
            447,
            128
        ],
        "radloc": [
            0,
            0
        ],
        "mean": [
            32.922222222222224,
            60.666666666666664,
            77.72222222222223,
            92.78888888888889,
            102.32222222222222,
            156.73333333333332,
            174.45555555555555,
            108.88888888888889
        ],
        "min": [
            3.0,
            4.0,
            5.0,
            6.0,
            13.0,
            30.0,
            39.0,
            12.0
        ],
        "max": [
            166.0,
            198.0,
            242.0,
            255.0,
            255.0,
            255.0,
            255.0,
            253.0
        ],
        "RawIntDen": [
            2963.0,
            5460.0,
            6995.0,
            8351.0,
            9209.0,
            14106.0,
            15701.0,
            9800.0
        ],
        "IntDen": [
            1224.154385350894,
            2255.782296326656,
            2889.9628503305785,
            3450.19010194577,
            3804.670177082816,
            5827.85074578458,
            6486.820116231653,
            4048.8400190478437
        ],
        "FlagUp": 0,
        "Times": [
            -15,
            -10,
            -5,
            2,
            10,
            20,
            30,
            40
        ],
        "width": 0,
        "height": 0,
        "area": 0.41314694071916774,
        "distance": 3.2313530376209743,
        "xpert": [
            [
                447.0,
                132.6
            ],
            [
                443.6,
                131.4
            ],
            [
                441.4,
                128.0
            ],
            [
                442.4,
                123.4
            ],
            [
                447.0,
                123.0
            ],
            [
                452.2,
                122.8
            ],
            [
                454.0,
                128.0
            ],
            [
                450.4,
                131.4
            ]
        ],
        "stack": 0
    }
]