[
    {
        "type": "Stim",
        "location": [
            451,
            270
        ],
        "radloc": [
            0,
            0
        ],
        "mean": [
            41.94117647058823,
            41.1078431372549,
            31.725490196078432,
            37.90196078431372,
            34.38235294117647,
            35.77450980392157,
            29.00980392156863,
            32.78431372549019
        ],
        "min": [
            8.0,
            12.0,
            10.0,
            8.0,
            9.0,
            10.0,
            11.0,
            9.0
        ],
        "max": [
            113.0,
            112.0,
            79.0,
            106.0,
            82.0,
            82.0,
            67.0,
            88.0
        ],
        "RawIntDen": [
            4278.0,
            4193.0,
            3236.0,
            3866.0,
            3507.0,
            3649.0,
            2959.0,
            3344.0
        ],
        "IntDen": [
            1929.504150789926,
            1891.1666442875548,
            1459.5314240196822,
            1743.6800016254917,
            1581.7604153390066,
            1645.8066026723795,
            1334.5962557707785,
            1508.2426087521067
        ],
        "FlagUp": 0,
        "Times": [
            -15,
            -10,
            -5,
            2,
            10,
            20,
            30,
            40
        ],
        "width": 0,
        "height": 0,
        "area": 0.4510294882631898,
        "distance": 0,
        "xpert": [
            [
                451.0,
                277.4
            ],
            [
                446.4,
                274.6
            ],
            [
                444.8,
                270.0
            ],
            [
                446.6,
                265.6
            ],
            [
                451.0,
                264.4
            ],
            [
                454.6,
                266.4
            ],
            [
                456.2,
                270.0
            ],
            [
                455.2,
                274.2
            ]
        ],
        "stack": 0
    },
    {
        "type": "Stim",
        "location": [
            432,
            269
        ],
        "radloc": [
            0,
            0
        ],
        "mean": [
            53.471698113207545,
            46.34905660377358,
            43.679245283018865,
            47.74528301886792,
            50.0188679245283,
            49.113207547169814,
            39.320754716981135,
            43.5377358490566
        ],
        "min": [
            16.0,
            10.0,
            12.0,
            12.0,
            12.0,
            11.0,
            7.0,
            10.0
        ],
        "max": [
            127.0,
            114.0,
            107.0,
            110.0,
            125.0,
            114.0,
            80.0,
            101.0
        ],
        "RawIntDen": [
            5668.0,
            4913.0,
            4630.0,
            5061.0,
            5302.0,
            5206.0,
            4168.0,
            4615.0
        ],
        "IntDen": [
            2691.4605729247855,
            2332.9473879286293,
            2198.564300042653,
            2403.2254692258894,
            2517.664777284265,
            2472.0789948211773,
            1979.182721939045,
            2191.441521532796
        ],
        "FlagUp": 0,
        "Times": [
            -15,
            -10,
            -5,
            2,
            10,
            20,
            30,
            40
        ],
        "width": 0,
        "height": 0,
        "area": 0.4748519006571605,
        "distance": 0,
        "xpert": [
            [
                432.0,
                275.2
            ],
            [
                426.2,
                274.8
            ],
            [
                426.2,
                269.0
            ],
            [
                426.8,
                263.8
            ],
            [
                432.0,
                263.8
            ],
            [
                435.4,
                265.6
            ],
            [
                437.2,
                269.0
            ],
            [
                436.4,
                273.4
            ]
        ],
        "stack": 0
    },
    {
        "type": "Stim",
        "location": [
            390,
            272
        ],
        "radloc": [
            0,
            0
        ],
        "mean": [
            96.54545454545455,
            75.97727272727273,
            76.17045454545455,
            62.14772727272727,
            55.64772727272727,
            62.19318181818182,
            51.22727272727273,
            52.34090909090909
        ],
        "min": [
            30.0,
            18.0,
            14.0,
            16.0,
            10.0,
            10.0,
            13.0,
            11.0
        ],
        "max": [
            207.0,
            184.0,
            136.0,
            133.0,
            126.0,
            119.0,
            123.0,
            128.0
        ],
        "RawIntDen": [
            8496.0,
            6686.0,
            6703.0,
            5469.0,
            4897.0,
            5473.0,
            4508.0,
            4606.0
        ],
        "IntDen": [
            3314.482475651095,
            2608.36038514633,
            2614.992471079248,
            2133.5810568898114,
            1910.4308713822284,
            2135.1415476975567,
            1758.6731403289944,
            1796.9051651187551
        ],
        "FlagUp": 0,
        "Times": [
            -15,
            -10,
            -5,
            2,
            10,
            20,
            30,
            40
        ],
        "width": 0,
        "height": 0,
        "area": 0.39012270193633414,
        "distance": 0,
        "xpert": [
            [
                390.0,
                279.0
            ],
            [
                385.0,
                277.0
            ],
            [
                384.6,
                272.0
            ],
            [
                387.0,
                269.0
            ],
            [
                390.0,
                266.8
            ],
            [
                393.6,
                268.4
            ],
            [
                394.8,
                272.0
            ],
            [
                394.0,
                276.0
            ]
        ],
        "stack": 0
    },
    {
        "type": "Stim",
        "location": [
            368,
            279
        ],
        "radloc": [
            0,
            0
        ],
        "mean": [
            34.144329896907216,
            33.381443298969074,
            37.68041237113402,
            37.371134020618555,
            39.74226804123711,
            38.865979381443296,
            36.70103092783505,
            34.28865979381443
        ],
        "min": [
            9.0,
            7.0,
            10.0,
            8.0,
            10.0,
            11.0,
            9.0,
            11.0
        ],
        "max": [
            82.0,
            81.0,
            76.0,
            78.0,
            97.0,
            92.0,
            90.0,
            70.0
        ],
        "RawIntDen": [
            3312.0,
            3238.0,
            3655.0,
            3625.0,
            3855.0,
            3770.0,
            3560.0,
            3326.0
        ],
        "IntDen": [
            1488.1158629736492,
            1454.8668974361944,
            1642.2293113432029,
            1628.7500009901805,
            1732.0913803633507,
            1693.9000010297877,
            1599.5448285586326,
            1494.4062078050595
        ],
        "FlagUp": 0,
        "Times": [
            -15,
            -10,
            -5,
            2,
            10,
            20,
            30,
            40
        ],
        "width": 0,
        "height": 0,
        "area": 0.44931034510073947,
        "distance": 0,
        "xpert": [
            [
                368.0,
                285.0
            ],
            [
                363.2,
                283.8
            ],
            [
                362.2,
                279.0
            ],
            [
                362.2,
                273.2
            ],
            [
                368.0,
                273.2
            ],
            [
                371.4,
                275.6
            ],
            [
                373.2,
                279.0
            ],
            [
                371.6,
                282.6
            ]
        ],
        "stack": 0
    },
    {
        "type": "Stim",
        "location": [
            325,
            278
        ],
        "radloc": [
            0,
            0
        ],
        "mean": [
            47.53333333333333,
            40.13333333333333,
            44.075,
            42.708333333333336,
            51.375,
            58.13333333333333,
            54.50833333333333,
            68.175
        ],
        "min": [
            7.0,
            9.0,
            7.0,
            7.0,
            8.0,
            11.0,
            11.0,
            23.0
        ],
        "max": [
            128.0,
            111.0,
            120.0,
            106.0,
            130.0,
            150.0,
            128.0,
            132.0
        ],
        "RawIntDen": [
            5704.0,
            4816.0,
            5289.0,
            5125.0,
            6165.0,
            6976.0,
            6541.0,
            8181.0
        ],
        "IntDen": [
            3038.807063509246,
            2565.724897941888,
            2817.7157361326085,
            2730.3447055548536,
            3284.40489946257,
            3716.4653006732988,
            3484.7189695676675,
            4358.429275345221
        ],
        "FlagUp": 0,
        "Times": [
            -15,
            -10,
            -5,
            2,
            10,
            20,
            30,
            40
        ],
        "width": 0,
        "height": 0,
        "area": 0.5327501864497275,
        "distance": 0,
        "xpert": [
            [
                325.0,
                283.8
            ],
            [
                320.4,
                282.6
            ],
            [
                319.2,
                278.0
            ],
            [
                319.0,
                272.0
            ],
            [
                325.0,
                271.8
            ],
            [
                331.2,
                271.8
            ],
            [
                330.2,
                278.0
            ],
            [
                328.4,
                281.4
            ]
        ],
        "stack": 0
    },
    {
        "type": "Stim",
        "location": [
            304,
            284
        ],
        "radloc": [
            0,
            0
        ],
        "mean": [
            46.12,
            41.35,
            45.01,
            38.48,
            35.27,
            33.51,
            26.98,
            31.78
        ],
        "min": [
            13.0,
            7.0,
            11.0,
            11.0,
            10.0,
            10.0,
            12.0,
            8.0
        ],
        "max": [
            98.0,
            94.0,
            123.0,
            80.0,
            77.0,
            82.0,
            63.0,
            69.0
        ],
        "RawIntDen": [
            4612.0,
            4135.0,
            4501.0,
            3848.0,
            3527.0,
            3351.0,
            2698.0,
            3178.0
        ],
        "IntDen": [
            2108.181576236164,
            1890.1411139931784,
            2057.442600745658,
            1758.9511503375454,
            1612.2195185136493,
            1531.7685303485225,
            1233.27707994041,
            1452.6888658453013
        ],
        "FlagUp": 0,
        "Times": [
            -15,
            -10,
            -5,
            2,
            10,
            20,
            30,
            40
        ],
        "width": 0,
        "height": 0,
        "area": 0.4571078873018569,
        "distance": 0,
        "xpert": [
            [
                304.0,
                289.4
            ],
            [
                298.8,
                289.2
            ],
            [
                298.6,
                284.0
            ],
            [
                300.6,
                280.6
            ],
            [
                304.0,
                278.8
            ],
            [
                310.6,
                277.4
            ],
            [
                309.0,
                284.0
            ],
            [
                307.4,
                287.4
            ]
        ],
        "stack": 0
    },
    {
        "type": "Stim",
        "location": [
            343,
            257
        ],
        "radloc": [
            0,
            0
        ],
        "mean": [
            69.98913043478261,
            60.91304347826087,
            65.43478260869566,
            53.16304347826087,
            56.391304347826086,
            46.23913043478261,
            54.07608695652174,
            48.369565217391305
        ],
        "min": [
            16.0,
            18.0,
            19.0,
            11.0,
            13.0,
            11.0,
            14.0,
            12.0
        ],
        "max": [
            152.0,
            146.0,
            145.0,
            152.0,
            140.0,
            109.0,
            120.0,
            121.0
        ],
        "RawIntDen": [
            6439.0,
            5604.0,
            6020.0,
            4891.0,
            5188.0,
            4254.0,
            4975.0,
            4450.0
        ],
        "IntDen": [
            2632.974585762556,
            2291.534334308645,
            2461.641094314426,
            1999.9811615102753,
            2121.4275743028643,
            1739.5051852514234,
            2034.329641896058,
            1819.6516394849164
        ],
        "FlagUp": 0,
        "Times": [
            -15,
            -10,
            -5,
            2,
            10,
            20,
            30,
            40
        ],
        "width": 0,
        "height": 0,
        "area": 0.40891048078312725,
        "distance": 0,
        "xpert": [
            [
                343.0,
                263.2
            ],
            [
                338.4,
                261.6
            ],
            [
                337.8,
                257.0
            ],
            [
                339.4,
                253.4
            ],
            [
                343.0,
                251.2
            ],
            [
                346.6,
                253.4
            ],
            [
                348.2,
                257.0
            ],
            [
                347.8,
                261.8
            ]
        ],
        "stack": 0
    },
    {
        "type": "Spine",
        "location": [
            348,
            287
        ],
        "radloc": [
            0,
            0
        ],
        "mean": [
            28.357142857142858,
            24.238095238095237,
            22.428571428571427,
            23.50793650793651,
            26.53968253968254,
            26.11904761904762,
            23.00793650793651,
            22.150793650793652
        ],
        "min": [
            6.0,
            8.0,
            8.0,
            6.0,
            8.0,
            8.0,
            9.0,
            7.0
        ],
        "max": [
            65.0,
            56.0,
            52.0,
            55.0,
            80.0,
            70.0,
            47.0,
            56.0
        ],
        "RawIntDen": [
            3573.0,
            3054.0,
            2826.0,
            2962.0,
            3344.0,
            3291.0,
            2899.0,
            2791.0
        ],
        "IntDen": [
            2375.830677340355,
            2030.7268090113196,
            1879.1204853523213,
            1969.5523275348817,
            2223.559413665309,
            2188.317592814752,
            1927.6611065238428,
            1855.847584790633
        ],
        "FlagUp": 0,
        "Times": [
            -15,
            -10,
            -5,
            2,
            10,
            20,
            30,
            40
        ],
        "width": 0,
        "height": 0,
        "area": 0.6649400160482383,
        "distance": -0.8838625316247634,
        "xpert": [
            [
                348.0,
                294.4
            ],
            [
                344.4,
                290.6
            ],
            [
                342.6,
                287.0
            ],
            [
                338.2,
                277.2
            ],
            [
                348.0,
                281.0
            ],
            [
                351.6,
                283.4
            ],
            [
                353.2,
                287.0
            ],
            [
                352.6,
                291.6
            ]
        ],
        "stack": 0
    },
    {
        "type": "Spine",
        "location": [
            326,
            256
        ],
        "radloc": [
            0,
            0
        ],
        "mean": [
            139.46448087431693,
            146.9071038251366,
            144.43169398907105,
            131.95628415300547,
            128.65573770491804,
            119.7431693989071,
            127.18579234972678,
            133.9344262295082
        ],
        "min": [
            19.0,
            26.0,
            18.0,
            13.0,
            16.0,
            29.0,
            17.0,
            34.0
        ],
        "max": [
            255.0,
            255.0,
            255.0,
            247.0,
            243.0,
            255.0,
            243.0,
            255.0
        ],
        "RawIntDen": [
            25522.0,
            26884.0,
            26431.0,
            24148.0,
            23544.0,
            21913.0,
            23275.0,
            24510.0
        ],
        "IntDen": [
            20880.261576056746,
            21994.551845886275,
            21623.939883894516,
            19756.153770810215,
            19262.004488154533,
            17927.637799393913,
            19041.928069223446,
            20052.316089223055
        ],
        "FlagUp": 0,
        "Times": [
            -15,
            -10,
            -5,
            2,
            10,
            20,
            30,
            40
        ],
        "width": 0,
        "height": 0,
        "area": 0.8181279514166894,
        "distance": -0.06589,
        "xpert": [
            [
                326.0,
                262.2
            ],
            [
                321.0,
                261.0
            ],
            [
                319.4,
                256.0
            ],
            [
                318.6,
                248.6
            ],
            [
                326.0,
                246.8
            ],
            [
                331.6,
                250.4
            ],
            [
                334.2,
                256.0
            ],
            [
                332.2,
                262.2
            ]
        ],
        "stack": 0
    },
    {
        "type": "Spine",
        "location": [
            369,
            258
        ],
        "radloc": [
            0,
            0
        ],
        "mean": [
            94.91304347826087,
            100.36521739130434,
            88.20869565217392,
            76.28695652173913,
            72.30434782608695,
            70.67826086956522,
            59.44347826086957,
            62.791304347826085
        ],
        "min": [
            17.0,
            26.0,
            24.0,
            16.0,
            13.0,
            16.0,
            8.0,
            8.0
        ],
        "max": [
            170.0,
            187.0,
            183.0,
            153.0,
            161.0,
            172.0,
            150.0,
            150.0
        ],
        "RawIntDen": [
            10915.0,
            11542.0,
            10144.0,
            8773.0,
            8315.0,
            8128.0,
            6836.0,
            7221.0
        ],
        "IntDen": [
            5617.941585108122,
            5940.657973002102,
            5221.108514827008,
            4515.455934599501,
            4279.723708673755,
            4183.474961407129,
            3518.4836166558975,
            3716.6428022048326
        ],
        "FlagUp": 0,
        "Times": [
            -15,
            -10,
            -5,
            2,
            10,
            20,
            30,
            40
        ],
        "width": 0,
        "height": 0,
        "area": 0.5146991832439873,
        "distance": -0.06589,
        "xpert": [
            [
                369.0,
                264.2
            ],
            [
                363.4,
                263.6
            ],
            [
                363.2,
                258.0
            ],
            [
                365.4,
                254.4
            ],
            [
                369.0,
                252.8
            ],
            [
                373.0,
                254.0
            ],
            [
                375.6,
                258.0
            ],
            [
                375.0,
                264.0
            ]
        ],
        "stack": 0
    },
    {
        "type": "Spine",
        "location": [
            427,
            248
        ],
        "radloc": [
            0,
            0
        ],
        "mean": [
            88.20769230769231,
            88.57692307692308,
            75.76153846153846,
            71.13846153846154,
            71.56923076923077,
            73.91538461538461,
            59.246153846153845,
            67.9
        ],
        "min": [
            35.0,
            37.0,
            17.0,
            19.0,
            12.0,
            12.0,
            8.0,
            10.0
        ],
        "max": [
            156.0,
            183.0,
            153.0,
            157.0,
            140.0,
            167.0,
            117.0,
            151.0
        ],
        "RawIntDen": [
            11467.0,
            11515.0,
            9849.0,
            9248.0,
            9304.0,
            9609.0,
            7702.0,
            8827.0
        ],
        "IntDen": [
            7103.165726486573,
            7132.899044256814,
            6100.90513998136,
            5728.6192237331325,
            5763.30809446508,
            5952.2385511301545,
            4770.958613883281,
            5467.833249123309
        ],
        "FlagUp": 0,
        "Times": [
            -15,
            -10,
            -5,
            2,
            10,
            20,
            30,
            40
        ],
        "width": 0,
        "height": 0,
        "area": 0.6194441202133577,
        "distance": -0.32945,
        "xpert": [
            [
                427.0,
                254.8
            ],
            [
                420.2,
                254.8
            ],
            [
                420.0,
                248.0
            ],
            [
                421.8,
                242.8
            ],
            [
                427.0,
                243.0
            ],
            [
                430.2,
                244.8
            ],
            [
                432.4,
                248.0
            ],
            [
                433.6,
                254.6
            ]
        ],
        "stack": 0
    },
    {
        "type": "Spine",
        "location": [
            445,
            241
        ],
        "radloc": [
            0,
            0
        ],
        "mean": [
            40.16883116883117,
            38.032467532467535,
            36.532467532467535,
            35.15584415584416,
            30.857142857142858,
            28.48701298701299,
            25.551948051948052,
            28.428571428571427
        ],
        "min": [
            9.0,
            10.0,
            8.0,
            7.0,
            6.0,
            10.0,
            8.0,
            7.0
        ],
        "max": [
            126.0,
            88.0,
            85.0,
            87.0,
            78.0,
            61.0,
            67.0,
            82.0
        ],
        "RawIntDen": [
            6186.0,
            5857.0,
            5626.0,
            5414.0,
            4752.0,
            4387.0,
            3935.0,
            4378.0
        ],
        "IntDen": [
            4259.165150971652,
            4032.643111742801,
            3873.595722497012,
            3727.630153145898,
            3271.832007341948,
            3020.5233619968703,
            2709.3137518709104,
            3014.3267104678134
        ],
        "FlagUp": 0,
        "Times": [
            -15,
            -10,
            -5,
            2,
            10,
            20,
            30,
            40
        ],
        "width": 0,
        "height": 0,
        "area": 0.6885168365618578,
        "distance": -0.39534,
        "xpert": [
            [
                445.0,
                250.2
            ],
            [
                440.0,
                246.0
            ],
            [
                439.6,
                241.0
            ],
            [
                439.6,
                235.6
            ],
            [
                445.0,
                234.6
            ],
            [
                449.6,
                236.4
            ],
            [
                450.8,
                241.0
            ],
            [
                452.4,
                248.4
            ]
        ],
        "stack": 0
    },
    {
        "type": "Spine",
        "location": [
            288,
            275
        ],
        "radloc": [
            0,
            0
        ],
        "mean": [
            58.529411764705884,
            52.88235294117647,
            54.2436974789916,
            46.11764705882353,
            46.80672268907563,
            45.91596638655462,
            43.831932773109244,
            42.260504201680675
        ],
        "min": [
            13.0,
            13.0,
            13.0,
            9.0,
            9.0,
            9.0,
            10.0,
            8.0
        ],
        "max": [
            144.0,
            127.0,
            122.0,
            104.0,
            102.0,
            97.0,
            99.0,
            102.0
        ],
        "RawIntDen": [
            6965.0,
            6293.0,
            6455.0,
            5488.0,
            5570.0,
            5464.0,
            5216.0,
            5029.0
        ],
        "IntDen": [
            3815.376079729014,
            3447.259392639581,
            3536.001808277212,
            3006.286277897032,
            3051.205278404969,
            2993.139253358124,
            2857.286666456071,
            2754.8494335904106
        ],
        "FlagUp": 0,
        "Times": [
            -15,
            -10,
            -5,
            2,
            10,
            20,
            30,
            40
        ],
        "width": 0,
        "height": 0,
        "area": 0.5477926891211793,
        "distance": 1.508847721373343,
        "xpert": [
            [
                288.0,
                279.8
            ],
            [
                284.4,
                278.6
            ],
            [
                281.2,
                275.0
            ],
            [
                281.0,
                268.0
            ],
            [
                288.0,
                266.2
            ],
            [
                292.4,
                270.6
            ],
            [
                293.2,
                275.0
            ],
            [
                291.2,
                278.2
            ]
        ],
        "stack": 0
    },
    {
        "type": "Spine",
        "location": [
            304,
            247
        ],
        "radloc": [
            0,
            0
        ],
        "mean": [
            29.71794871794872,
            36.0,
            62.1025641025641,
            41.243589743589745,
            33.62820512820513,
            37.93589743589744,
            27.358974358974358,
            29.987179487179485
        ],
        "min": [
            7.0,
            12.0,
            19.0,
            10.0,
            7.0,
            8.0,
            7.0,
            7.0
        ],
        "max": [
            76.0,
            68.0,
            129.0,
            95.0,
            94.0,
            104.0,
            81.0,
            94.0
        ],
        "RawIntDen": [
            2318.0,
            2808.0,
            4844.0,
            3217.0,
            2623.0,
            2959.0,
            2134.0,
            2339.0
        ],
        "IntDen": [
            828.7322404223938,
            1003.9172265341164,
            1731.8287198473147,
            1150.1430618804318,
            937.7759562674456,
            1057.9028038869126,
            762.9484905355429,
            836.2401683986105
        ],
        "FlagUp": 0,
        "Times": [
            -15,
            -10,
            -5,
            2,
            10,
            20,
            30,
            40
        ],
        "width": 0,
        "height": 0,
        "area": 0.357520379819842,
        "distance": 1.148794050435251,
        "xpert": [
            [
                304.0,
                251.6
            ],
            [
                298.4,
                252.6
            ],
            [
                298.2,
                247.0
            ],
            [
                300.2,
                243.2
            ],
            [
                304.0,
                242.2
            ],
            [
                307.2,
                243.8
            ],
            [
                309.0,
                247.0
            ],
            [
                307.0,
                250.0
            ]
        ],
        "stack": 0
    },
    {
        "type": "Spine",
        "location": [
            294,
            246
        ],
        "radloc": [
            0,
            0
        ],
        "mean": [
            44.47222222222222,
            36.46296296296296,
            42.23148148148148,
            31.99074074074074,
            36.111111111111114,
            35.583333333333336,
            38.25,
            47.824074074074076
        ],
        "min": [
            8.0,
            6.0,
            8.0,
            8.0,
            6.0,
            8.0,
            8.0,
            13.0
        ],
        "max": [
            126.0,
            129.0,
            130.0,
            95.0,
            120.0,
            105.0,
            92.0,
            133.0
        ],
        "RawIntDen": [
            4803.0,
            3938.0,
            4561.0,
            3455.0,
            3900.0,
            3843.0,
            4131.0,
            5165.0
        ],
        "IntDen": [
            2264.789378538498,
            1856.910383652843,
            2150.677567252569,
            1629.1582974912576,
            1838.9920000624907,
            1812.1144246769618,
            1947.9169108354226,
            2435.4855590571187
        ],
        "FlagUp": 0,
        "Times": [
            -15,
            -10,
            -5,
            2,
            10,
            20,
            30,
            40
        ],
        "width": 0,
        "height": 0,
        "area": 0.4715364102724335,
        "distance": 1.1135077213733429,
        "xpert": [
            [
                294.0,
                252.4
            ],
            [
                288.6,
                251.4
            ],
            [
                288.8,
                246.0
            ],
            [
                290.2,
                242.2
            ],
            [
                294.0,
                240.8
            ],
            [
                298.2,
                241.8
            ],
            [
                299.6,
                246.0
            ],
            [
                299.4,
                251.4
            ]
        ],
        "stack": 0
    },
    {
        "type": "Spine",
        "location": [
            399,
            254
        ],
        "radloc": [
            0,
            0
        ],
        "mean": [
            77.47435897435898,
            61.217948717948715,
            65.65384615384616,
            71.85897435897436,
            50.1025641025641,
            50.217948717948715,
            51.65384615384615,
            48.82051282051282
        ],
        "min": [
            8.0,
            15.0,
            14.0,
            15.0,
            8.0,
            9.0,
            9.0,
            7.0
        ],
        "max": [
            179.0,
            153.0,
            126.0,
            146.0,
            134.0,
            117.0,
            130.0,
            160.0
        ],
        "RawIntDen": [
            6043.0,
            4775.0,
            5121.0,
            5605.0,
            3908.0,
            3917.0,
            4029.0,
            3808.0
        ],
        "IntDen": [
            2241.0087167641923,
            1770.7788552952206,
            1899.090789103,
            2078.5791589381597,
            1449.2573332971147,
            1452.5949269510743,
            1494.1294257559045,
            1412.1729593642303
        ],
        "FlagUp": 0,
        "Times": [
            -15,
            -10,
            -5,
            2,
            10,
            20,
            30,
            40
        ],
        "width": 0,
        "height": 0,
        "area": 0.370843739328842,
        "distance": -1.0396239239361982,
        "xpert": [
            [
                399.0,
                258.8
            ],
            [
                394.2,
                258.8
            ],
            [
                393.8,
                254.0
            ],
            [
                395.8,
                250.8
            ],
            [
                399.0,
                249.0
            ],
            [
                402.8,
                250.2
            ],
            [
                404.0,
                254.0
            ],
            [
                403.8,
                258.8
            ]
        ],
        "stack": 0
    },
    {
        "type": "Spine",
        "location": [
            494,
            237
        ],
        "radloc": [
            0,
            0
        ],
        "mean": [
            58.982142857142854,
            51.044642857142854,
            51.49107142857143,
            62.919642857142854,
            53.955357142857146,
            47.19642857142857,
            61.151785714285715,
            66.86607142857143
        ],
        "min": [
            14.0,
            6.0,
            9.0,
            13.0,
            8.0,
            9.0,
            13.0,
            19.0
        ],
        "max": [
            134.0,
            152.0,
            146.0,
            140.0,
            150.0,
            121.0,
            127.0,
            163.0
        ],
        "RawIntDen": [
            6606.0,
            5717.0,
            5767.0,
            7047.0,
            6043.0,
            5286.0,
            6849.0,
            7489.0
        ],
        "IntDen": [
            3664.9563332399252,
            3171.7461939347036,
            3199.485796820262,
            3909.619630690547,
            3352.608404748542,
            2932.6308170611937,
            3799.7708032637374,
            4154.83772019888
        ],
        "FlagUp": 0,
        "Times": [
            -15,
            -10,
            -5,
            2,
            10,
            20,
            30,
            40
        ],
        "width": 0,
        "height": 0,
        "area": 0.5547920577111604,
        "distance": 3.7970705059962118,
        "xpert": [
            [
                494.0,
                243.4
            ],
            [
                485.6,
                245.4
            ],
            [
                488.0,
                237.0
            ],
            [
                490.0,
                233.0
            ],
            [
                494.0,
                231.4
            ],
            [
                498.0,
                233.0
            ],
            [
                498.0,
                237.0
            ],
            [
                498.0,
                241.0
            ]
        ],
        "stack": 0
    },
    {
        "type": "Spine",
        "location": [
            238,
            244
        ],
        "radloc": [
            0,
            0
        ],
        "mean": [
            123.20325203252033,
            117.3739837398374,
            91.82113821138212,
            99.86178861788618,
            93.22764227642277,
            92.91869918699187,
            85.2439024390244,
            85.58536585365853
        ],
        "min": [
            28.0,
            29.0,
            20.0,
            18.0,
            12.0,
            21.0,
            14.0,
            12.0
        ],
        "max": [
            243.0,
            222.0,
            174.0,
            194.0,
            187.0,
            203.0,
            186.0,
            194.0
        ],
        "RawIntDen": [
            15154.0,
            14437.0,
            11294.0,
            12283.0,
            11467.0,
            11429.0,
            10485.0,
            10527.0
        ],
        "IntDen": [
            8153.312861587952,
            7767.545056271959,
            6076.51547174174,
            6608.627549088347,
            6169.594732996506,
            6149.14957734517,
            5641.248868533039,
            5663.846145831884
        ],
        "FlagUp": 0,
        "Times": [
            -15,
            -10,
            -5,
            2,
            10,
            20,
            30,
            40
        ],
        "width": 0,
        "height": 0,
        "area": 0.538030411877257,
        "distance": 4.96710291112192,
        "xpert": [
            [
                238.0,
                249.2
            ],
            [
                232.8,
                249.2
            ],
            [
                231.2,
                244.0
            ],
            [
                233.4,
                239.4
            ],
            [
                238.0,
                236.2
            ],
            [
                243.6,
                238.4
            ],
            [
                243.6,
                244.0
            ],
            [
                241.6,
                247.6
            ]
        ],
        "stack": 0
    },
    {
        "type": "Spine",
        "location": [
            226,
            271
        ],
        "radloc": [
            0,
            0
        ],
        "mean": [
            42.776785714285715,
            59.13392857142857,
            43.732142857142854,
            50.17857142857143,
            50.125,
            51.464285714285715,
            48.11607142857143,
            51.63392857142857
        ],
        "min": [
            8.0,
            11.0,
            9.0,
            13.0,
            12.0,
            11.0,
            10.0,
            15.0
        ],
        "max": [
            110.0,
            143.0,
            98.0,
            129.0,
            118.0,
            117.0,
            112.0,
            111.0
        ],
        "RawIntDen": [
            4791.0,
            6623.0,
            4898.0,
            5620.0,
            5614.0,
            5764.0,
            5389.0,
            5783.0
        ],
        "IntDen": [
            2384.7362687076384,
            3296.6203939993093,
            2437.995876462119,
            2797.3737904689897,
            2794.3872704079904,
            2869.050271932964,
            2682.392768120531,
            2878.50758545946
        ],
        "FlagUp": 0,
        "Times": [
            -15,
            -10,
            -5,
            2,
            10,
            20,
            30,
            40
        ],
        "width": 0,
        "height": 0,
        "area": 0.4977533434998202,
        "distance": 5.75778291112192,
        "xpert": [
            [
                226.0,
                275.8
            ],
            [
                220.4,
                276.6
            ],
            [
                219.8,
                271.0
            ],
            [
                220.8,
                265.8
            ],
            [
                226.0,
                265.0
            ],
            [
                231.2,
                265.8
            ],
            [
                231.2,
                271.0
            ],
            [
                229.8,
                274.8
            ]
        ],
        "stack": 0
    },
    {
        "type": "Spine",
        "location": [
            199,
            268
        ],
        "radloc": [
            0,
            0
        ],
        "mean": [
            36.23478260869565,
            34.7304347826087,
            33.81739130434783,
            39.26086956521739,
            34.80869565217391,
            40.36521739130435,
            35.17391304347826,
            33.99130434782609
        ],
        "min": [
            10.0,
            8.0,
            7.0,
            7.0,
            11.0,
            10.0,
            9.0,
            9.0
        ],
        "max": [
            97.0,
            87.0,
            80.0,
            116.0,
            81.0,
            91.0,
            80.0,
            70.0
        ],
        "RawIntDen": [
            4167.0,
            3994.0,
            3889.0,
            4515.0,
            4003.0,
            4642.0,
            4045.0,
            3909.0
        ],
        "IntDen": [
            2416.7150944378945,
            2316.3811104355536,
            2255.4847617636124,
            2618.5429928934714,
            2321.600797464577,
            2692.198576525248,
            2345.9593369333534,
            2267.0840662725536
        ],
        "FlagUp": 0,
        "Times": [
            -15,
            -10,
            -5,
            2,
            10,
            20,
            30,
            40
        ],
        "width": 0,
        "height": 0,
        "area": 0.579965225447059,
        "distance": 7.591397974371447,
        "xpert": [
            [
                199.0,
                273.8
            ],
            [
                195.2,
                271.8
            ],
            [
                192.8,
                268.0
            ],
            [
                194.2,
                263.2
            ],
            [
                199.0,
                262.8
            ],
            [
                202.4,
                264.6
            ],
            [
                210.6,
                268.0
            ],
            [
                203.8,
                272.8
            ]
        ],
        "stack": 0
    },
    {
        "type": "Spine",
        "location": [
            240,
            267
        ],
        "radloc": [
            0,
            0
        ],
        "mean": [
            53.6044776119403,
            52.134328358208954,
            51.73880597014925,
            72.73134328358209,
            66.6044776119403,
            67.73134328358209,
            59.21641791044776,
            65.15671641791045
        ],
        "min": [
            7.0,
            7.0,
            9.0,
            16.0,
            15.0,
            14.0,
            10.0,
            9.0
        ],
        "max": [
            176.0,
            190.0,
            147.0,
            174.0,
            202.0,
            181.0,
            167.0,
            208.0
        ],
        "RawIntDen": [
            7183.0,
            6986.0,
            6933.0,
            9746.0,
            8925.0,
            9076.0,
            7935.0,
            8731.0
        ],
        "IntDen": [
            4359.939726807349,
            4240.364601347089,
            4208.194643735953,
            5915.630318455301,
            5417.299465648836,
            5508.953495823959,
            4816.3889366861085,
            5299.545281185433
        ],
        "FlagUp": 0,
        "Times": [
            -15,
            -10,
            -5,
            2,
            10,
            20,
            30,
            40
        ],
        "width": 0,
        "height": 0,
        "area": 0.6069803322855839,
        "distance": 4.83532291112192,
        "xpert": [
            [
                240.0,
                271.4
            ],
            [
                235.6,
                271.4
            ],
            [
                232.4,
                267.0
            ],
            [
                233.2,
                260.2
            ],
            [
                240.0,
                259.2
            ],
            [
                246.6,
                260.4
            ],
            [
                244.6,
                267.0
            ],
            [
                243.0,
                270.0
            ]
        ],
        "stack": 0
    },
    {
        "type": "Spine",
        "location": [
            257,
            242
        ],
        "radloc": [
            0,
            0
        ],
        "mean": [
            40.049586776859506,
            36.17355371900826,
            42.52892561983471,
            26.66115702479339,
            27.380165289256198,
            18.768595041322314,
            13.785123966942148,
            16.05785123966942
        ],
        "min": [
            14.0,
            11.0,
            11.0,
            8.0,
            8.0,
            6.0,
            7.0,
            6.0
        ],
        "max": [
            86.0,
            82.0,
            88.0,
            63.0,
            94.0,
            65.0,
            42.0,
            54.0
        ],
        "RawIntDen": [
            4846.0,
            4377.0,
            5146.0,
            3226.0,
            3313.0,
            2271.0,
            1668.0,
            1943.0
        ],
        "IntDen": [
            2635.8586940094374,
            2380.758048633782,
            2799.036079111136,
            1754.700814460265,
            1802.0222561397577,
            1235.2528052198581,
            907.266261165444,
            1056.845530842001
        ],
        "FlagUp": 0,
        "Times": [
            -15,
            -10,
            -5,
            2,
            10,
            20,
            30,
            40
        ],
        "width": 0,
        "height": 0,
        "area": 0.5439246170056619,
        "distance": 4.110532911121921,
        "xpert": [
            [
                257.0,
                248.2
            ],
            [
                252.8,
                246.2
            ],
            [
                251.4,
                242.0
            ],
            [
                250.6,
                235.6
            ],
            [
                257.0,
                236.4
            ],
            [
                260.4,
                238.6
            ],
            [
                263.0,
                242.0
            ],
            [
                263.2,
                248.2
            ]
        ],
        "stack": 0
    },
    {
        "type": "Spine",
        "location": [
            156,
            232
        ],
        "radloc": [
            0,
            0
        ],
        "mean": [
            44.5,
            44.86842105263158,
            41.70175438596491,
            34.40350877192982,
            36.25438596491228,
            38.973684210526315,
            39.01754385964912,
            37.6140350877193
        ],
        "min": [
            12.0,
            16.0,
            15.0,
            14.0,
            13.0,
            12.0,
            10.0,
            14.0
        ],
        "max": [
            122.0,
            111.0,
            103.0,
            82.0,
            91.0,
            103.0,
            92.0,
            90.0
        ],
        "RawIntDen": [
            5073.0,
            5115.0,
            4754.0,
            3922.0,
            4133.0,
            4443.0,
            4448.0,
            4288.0
        ],
        "IntDen": [
            2617.6098665440823,
            2639.281385249947,
            2453.009522087634,
            2023.7070562952674,
            2132.5806383652066,
            2292.5370859561126,
            2295.1170286591914,
            2212.5588621606594
        ],
        "FlagUp": 0,
        "Times": [
            -15,
            -10,
            -5,
            2,
            10,
            20,
            30,
            40
        ],
        "width": 0,
        "height": 0,
        "area": 0.5159885406158254,
        "distance": 10.47925303762098,
        "xpert": [
            [
                156.0,
                237.8
            ],
            [
                151.4,
                236.6
            ],
            [
                149.0,
                232.0
            ],
            [
                151.4,
                227.4
            ],
            [
                156.0,
                226.6
            ],
            [
                159.8,
                228.2
            ],
            [
                162.6,
                232.0
            ],
            [
                161.8,
                237.8
            ]
        ],
        "stack": 0
    },
    {
        "type": "Spine",
        "location": [
            145,
            239
        ],
        "radloc": [
            0,
            0
        ],
        "mean": [
            89.25,
            94.63,
            91.27,
            94.81,
            76.09,
            65.01,
            57.7,
            62.29
        ],
        "min": [
            23.0,
            23.0,
            21.0,
            24.0,
            22.0,
            19.0,
            11.0,
            12.0
        ],
        "max": [
            177.0,
            190.0,
            171.0,
            183.0,
            146.0,
            121.0,
            110.0,
            136.0
        ],
        "RawIntDen": [
            8925.0,
            9463.0,
            9127.0,
            9481.0,
            7609.0,
            6501.0,
            5770.0,
            6229.0
        ],
        "IntDen": [
            4240.2451208973025,
            4495.847571882485,
            4336.21481438988,
            4504.399326748159,
            3615.0168207179354,
            3088.6087989863713,
            2741.3125319414494,
            2959.382281016168
        ],
        "FlagUp": 0,
        "Times": [
            -15,
            -10,
            -5,
            2,
            10,
            20,
            30,
            40
        ],
        "width": 0,
        "height": 0,
        "area": 0.4750974925375129,
        "distance": 11.204043037620984,
        "xpert": [
            [
                145.0,
                244.8
            ],
            [
                139.6,
                244.4
            ],
            [
                140.0,
                239.0
            ],
            [
                141.8,
                235.8
            ],
            [
                145.0,
                234.4
            ],
            [
                150.0,
                234.0
            ],
            [
                150.8,
                239.0
            ],
            [
                150.8,
                244.8
            ]
        ],
        "stack": 0
    },
    {
        "type": "Spine",
        "location": [
            107,
            239
        ],
        "radloc": [
            0,
            0
        ],
        "mean": [
            64.51428571428572,
            60.89523809523809,
            71.92380952380952,
            57.05714285714286,
            49.2952380952381,
            55.333333333333336,
            48.7047619047619,
            48.87619047619047
        ],
        "min": [
            13.0,
            13.0,
            11.0,
            10.0,
            11.0,
            10.0,
            9.0,
            8.0
        ],
        "max": [
            153.0,
            127.0,
            162.0,
            114.0,
            113.0,
            163.0,
            107.0,
            102.0
        ],
        "RawIntDen": [
            6774.0,
            6394.0,
            7552.0,
            5991.0,
            5176.0,
            5810.0,
            5114.0,
            5132.0
        ],
        "IntDen": [
            3187.948995444869,
            3009.1151279708433,
            3554.087808325901,
            2819.4571053602317,
            2435.905521172519,
            2734.275710589709,
            2406.7273638478096,
            2415.1984417807894
        ],
        "FlagUp": 0,
        "Times": [
            -15,
            -10,
            -5,
            2,
            10,
            20,
            30,
            40
        ],
        "width": 0,
        "height": 0,
        "area": 0.4706154407211203,
        "distance": 13.817033164120037,
        "xpert": [
            [
                107.0,
                246.4
            ],
            [
                102.0,
                244.0
            ],
            [
                101.8,
                239.0
            ],
            [
                103.6,
                235.6
            ],
            [
                107.0,
                233.8
            ],
            [
                112.6,
                233.4
            ],
            [
                113.0,
                239.0
            ],
            [
                110.6,
                242.6
            ]
        ],
        "stack": 0
    },
    {
        "type": "Spine",
        "location": [
            115,
            259
        ],
        "radloc": [
            0,
            0
        ],
        "mean": [
            93.60975609756098,
            110.98780487804878,
            84.20731707317073,
            87.59756097560975,
            94.15853658536585,
            77.6829268292683,
            80.51219512195122,
            88.39024390243902
        ],
        "min": [
            18.0,
            26.0,
            17.0,
            14.0,
            17.0,
            11.0,
            22.0,
            32.0
        ],
        "max": [
            207.0,
            209.0,
            149.0,
            206.0,
            197.0,
            172.0,
            153.0,
            172.0
        ],
        "RawIntDen": [
            7676.0,
            9101.0,
            6905.0,
            7183.0,
            7721.0,
            6370.0,
            6602.0,
            7248.0
        ],
        "IntDen": [
            2729.245129308554,
            3235.9119231158356,
            2455.111727185457,
            2553.956196433474,
            2745.2451333235213,
            2264.889457229741,
            2347.378366818014,
            2577.0673133439814
        ],
        "FlagUp": 0,
        "Times": [
            -15,
            -10,
            -5,
            2,
            10,
            20,
            30,
            40
        ],
        "width": 0,
        "height": 0,
        "area": 0.3555556447770394,
        "distance": 13.289913164120037,
        "xpert": [
            [
                115.0,
                264.0
            ],
            [
                111.6,
                262.4
            ],
            [
                109.8,
                259.0
            ],
            [
                110.2,
                254.2
            ],
            [
                115.0,
                253.8
            ],
            [
                118.8,
                255.2
            ],
            [
                120.6,
                259.0
            ],
            [
                118.4,
                262.4
            ]
        ],
        "stack": 0
    },
    {
        "type": "Spine",
        "location": [
            89,
            242
        ],
        "radloc": [
            0,
            0
        ],
        "mean": [
            51.970588235294116,
            56.42156862745098,
            45.90196078431372,
            56.31372549019608,
            58.970588235294116,
            55.35294117647059,
            62.61764705882353,
            64.13725490196079
        ],
        "min": [
            10.0,
            13.0,
            13.0,
            14.0,
            12.0,
            18.0,
            17.0,
            20.0
        ],
        "max": [
            147.0,
            131.0,
            98.0,
            131.0,
            142.0,
            137.0,
            144.0,
            131.0
        ],
        "RawIntDen": [
            5301.0,
            5755.0,
            4682.0,
            5744.0,
            6015.0,
            5646.0,
            6387.0,
            6542.0
        ],
        "IntDen": [
            2385.699787052223,
            2590.0211798689957,
            2107.120619313056,
            2585.0706615408358,
            2707.0334312618606,
            2540.9660437081407,
            2874.4509601778063,
            2944.2082638927836
        ],
        "FlagUp": 0,
        "Times": [
            -15,
            -10,
            -5,
            2,
            10,
            20,
            30,
            40
        ],
        "width": 0,
        "height": 0,
        "area": 0.450047120741789,
        "distance": 15.003053164120038,
        "xpert": [
            [
                89.0,
                248.2
            ],
            [
                84.2,
                246.8
            ],
            [
                83.0,
                242.0
            ],
            [
                83.8,
                236.8
            ],
            [
                89.0,
                236.2
            ],
            [
                92.6,
                238.4
            ],
            [
                94.2,
                242.0
            ],
            [
                93.0,
                246.0
            ]
        ],
        "stack": 0
    },
    {
        "type": "Spine",
        "location": [
            78,
            235
        ],
        "radloc": [
            0,
            0
        ],
        "mean": [
            43.445454545454545,
            33.72727272727273,
            30.436363636363637,
            29.2,
            33.054545454545455,
            30.78181818181818,
            30.37272727272727,
            26.336363636363636
        ],
        "min": [
            10.0,
            10.0,
            9.0,
            7.0,
            7.0,
            7.0,
            6.0,
            7.0
        ],
        "max": [
            112.0,
            82.0,
            69.0,
            71.0,
            91.0,
            82.0,
            86.0,
            81.0
        ],
        "RawIntDen": [
            4779.0,
            3710.0,
            3348.0,
            3212.0,
            3636.0,
            3386.0,
            3341.0,
            2897.0
        ],
        "IntDen": [
            2318.025102482619,
            1799.5131052961951,
            1623.9271904398008,
            1557.96121137773,
            1763.6198519830095,
            1642.3588610600852,
            1620.531882693959,
            1405.1723628148457
        ],
        "FlagUp": 0,
        "Times": [
            -15,
            -10,
            -5,
            2,
            10,
            20,
            30,
            40
        ],
        "width": 0,
        "height": 0,
        "area": 0.4850439636916968,
        "distance": 15.755135695744803,
        "xpert": [
            [
                78.0,
                241.4
            ],
            [
                73.6,
                239.4
            ],
            [
                73.2,
                235.0
            ],
            [
                74.6,
                231.6
            ],
            [
                78.0,
                229.6
            ],
            [
                82.8,
                230.2
            ],
            [
                85.8,
                235.0
            ],
            [
                83.2,
                240.2
            ]
        ],
        "stack": 0
    },
    {
        "type": "Spine",
        "location": [
            80,
            268
        ],
        "radloc": [
            0,
            0
        ],
        "mean": [
            54.083969465648856,
            39.969465648854964,
            45.18320610687023,
            57.213740458015266,
            55.74045801526717,
            60.25190839694657,
            62.79389312977099,
            60.23664122137404
        ],
        "min": [
            8.0,
            10.0,
            10.0,
            10.0,
            12.0,
            14.0,
            18.0,
            12.0
        ],
        "max": [
            133.0,
            105.0,
            127.0,
            190.0,
            192.0,
            197.0,
            190.0,
            190.0
        ],
        "RawIntDen": [
            7085.0,
            5236.0,
            5919.0,
            7495.0,
            7302.0,
            7893.0,
            8226.0,
            7891.0
        ],
        "IntDen": [
            4120.363742362239,
            3045.0563944966384,
            3442.262948629794,
            4358.803987156666,
            4246.562603631484,
            4590.265493079061,
            4783.92549677795,
            4589.102369933723
        ],
        "FlagUp": 0,
        "Times": [
            -15,
            -10,
            -5,
            2,
            10,
            20,
            30,
            40
        ],
        "width": 0,
        "height": 0,
        "area": 0.5815615726693351,
        "distance": 15.59606316412004,
        "xpert": [
            [
                80.0,
                272.8
            ],
            [
                74.8,
                273.2
            ],
            [
                73.0,
                268.0
            ],
            [
                72.8,
                260.8
            ],
            [
                80.0,
                259.8
            ],
            [
                83.8,
                264.2
            ],
            [
                85.2,
                268.0
            ],
            [
                83.6,
                271.6
            ]
        ],
        "stack": 0
    },
    {
        "type": "Spine",
        "location": [
            67,
            270
        ],
        "radloc": [
            0,
            0
        ],
        "mean": [
            48.957264957264954,
            56.12820512820513,
            53.05128205128205,
            50.957264957264954,
            52.52991452991453,
            67.66666666666667,
            55.35042735042735,
            48.7008547008547
        ],
        "min": [
            9.0,
            8.0,
            10.0,
            9.0,
            15.0,
            15.0,
            8.0,
            8.0
        ],
        "max": [
            128.0,
            140.0,
            146.0,
            126.0,
            114.0,
            161.0,
            118.0,
            118.0
        ],
        "RawIntDen": [
            5728.0,
            6567.0,
            6207.0,
            5962.0,
            6146.0,
            7917.0,
            6476.0,
            5698.0
        ],
        "IntDen": [
            2907.0494756201547,
            3332.8550814241544,
            3150.1494579564073,
            3025.8081308741907,
            3119.191005091039,
            4018.0011694282066,
            3286.671159936474,
            2891.824006997843
        ],
        "FlagUp": 0,
        "Times": [
            -15,
            -10,
            -5,
            2,
            10,
            20,
            30,
            40
        ],
        "width": 0,
        "height": 0,
        "area": 0.5075156207437421,
        "distance": 16.479925695744804,
        "xpert": [
            [
                67.0,
                274.8
            ],
            [
                63.2,
                273.8
            ],
            [
                60.2,
                270.0
            ],
            [
                62.4,
                265.4
            ],
            [
                67.0,
                262.8
            ],
            [
                73.2,
                263.8
            ],
            [
                73.4,
                270.0
            ],
            [
                70.2,
                273.2
            ]
        ],
        "stack": 0
    },
    {
        "type": "Spine",
        "location": [
            42,
            265
        ],
        "radloc": [
            0,
            0
        ],
        "mean": [
            77.55704697986577,
            62.53691275167785,
            69.73825503355705,
            73.99328859060402,
            75.58389261744966,
            65.69798657718121,
            62.053691275167786,
            72.24832214765101
        ],
        "min": [
            13.0,
            13.0,
            14.0,
            17.0,
            13.0,
            14.0,
            10.0,
            11.0
        ],
        "max": [
            153.0,
            150.0,
            128.0,
            164.0,
            174.0,
            142.0,
            159.0,
            150.0
        ],
        "RawIntDen": [
            11556.0,
            9318.0,
            10391.0,
            11025.0,
            11262.0,
            9789.0,
            9246.0,
            10765.0
        ],
        "IntDen": [
            7872.06828517135,
            6347.519235135569,
            7078.458078159873,
            7510.345521288866,
            7671.792404603647,
            6668.369370330767,
            6298.472080710826,
            7333.230796977292
        ],
        "FlagUp": 0,
        "Times": [
            -15,
            -10,
            -5,
            2,
            10,
            20,
            30,
            40
        ],
        "width": 0,
        "height": 0,
        "area": 0.6812104781214391,
        "distance": 18.18176075899433,
        "xpert": [
            [
                42.0,
                271.0
            ],
            [
                36.4,
                270.6
            ],
            [
                36.0,
                265.0
            ],
            [
                35.6,
                258.6
            ],
            [
                42.0,
                256.8
            ],
            [
                49.0,
                258.0
            ],
            [
                48.0,
                265.0
            ],
            [
                45.6,
                268.6
            ]
        ],
        "stack": 0
    },
    {
        "type": "Spine",
        "location": [
            47,
            238
        ],
        "radloc": [
            0,
            0
        ],
        "mean": [
            56.61971830985915,
            50.30281690140845,
            46.056338028169016,
            46.50704225352113,
            44.30281690140845,
            37.41549295774648,
            47.37323943661972,
            43.13380281690141
        ],
        "min": [
            17.0,
            14.0,
            13.0,
            12.0,
            12.0,
            9.0,
            9.0,
            11.0
        ],
        "max": [
            127.0,
            124.0,
            105.0,
            102.0,
            99.0,
            85.0,
            115.0,
            88.0
        ],
        "RawIntDen": [
            8040.0,
            7143.0,
            6540.0,
            6604.0,
            6291.0,
            5313.0,
            6727.0,
            6125.0
        ],
        "IntDen": [
            5043.516605491901,
            4480.825760326946,
            4102.562014915054,
            4142.709410779666,
            3946.3635528792965,
            3332.8611598231923,
            4219.867687206967,
            3842.231244855459
        ],
        "FlagUp": 0,
        "Times": [
            -15,
            -10,
            -5,
            2,
            10,
            20,
            30,
            40
        ],
        "width": 0,
        "height": 0,
        "area": 0.6273030603845647,
        "distance": 17.852310758994328,
        "xpert": [
            [
                47.0,
                244.0
            ],
            [
                40.8,
                244.2
            ],
            [
                38.2,
                238.0
            ],
            [
                42.6,
                233.6
            ],
            [
                47.0,
                232.2
            ],
            [
                52.0,
                233.0
            ],
            [
                55.0,
                238.0
            ],
            [
                51.0,
                242.0
            ]
        ],
        "stack": 0
    },
    {
        "type": "Spine",
        "location": [
            66,
            237
        ],
        "radloc": [
            0,
            0
        ],
        "mean": [
            24.6,
            22.685714285714287,
            19.714285714285715,
            18.39047619047619,
            19.39047619047619,
            24.83809523809524,
            20.761904761904763,
            23.98095238095238
        ],
        "min": [
            8.0,
            8.0,
            7.0,
            6.0,
            8.0,
            10.0,
            9.0,
            7.0
        ],
        "max": [
            58.0,
            56.0,
            37.0,
            40.0,
            39.0,
            56.0,
            48.0,
            62.0
        ],
        "RawIntDen": [
            2583.0,
            2382.0,
            2070.0,
            1931.0,
            2036.0,
            2608.0,
            2180.0,
            2518.0
        ],
        "IntDen": [
            1208.1459084160554,
            1114.132231454527,
            968.2005537829015,
            903.1861204612477,
            952.2977427545833,
            1219.8391518192304,
            1019.650824756872,
            1177.7434755677998
        ],
        "FlagUp": 0,
        "Times": [
            -15,
            -10,
            -5,
            2,
            10,
            20,
            30,
            40
        ],
        "width": 0,
        "height": 0,
        "area": 0.4677297361270055,
        "distance": 16.545815695744803,
        "xpert": [
            [
                66.0,
                241.6
            ],
            [
                61.8,
                241.2
            ],
            [
                58.0,
                237.0
            ],
            [
                60.4,
                231.4
            ],
            [
                66.0,
                231.2
            ],
            [
                70.0,
                233.0
            ],
            [
                71.2,
                237.0
            ],
            [
                69.8,
                240.8
            ]
        ],
        "stack": 0
    },
    {
        "type": "Spine",
        "location": [
            59,
            245
        ],
        "radloc": [
            0,
            0
        ],
        "mean": [
            27.598039215686274,
            27.61764705882353,
            27.205882352941178,
            33.754901960784316,
            30.95098039215686,
            26.970588235294116,
            27.431372549019606,
            37.77450980392157
        ],
        "min": [
            10.0,
            12.0,
            9.0,
            13.0,
            13.0,
            11.0,
            12.0,
            15.0
        ],
        "max": [
            55.0,
            63.0,
            50.0,
            62.0,
            60.0,
            55.0,
            62.0,
            85.0
        ],
        "RawIntDen": [
            2815.0,
            2817.0,
            2775.0,
            3443.0,
            3157.0,
            2751.0,
            2798.0,
            3853.0
        ],
        "IntDen": [
            1366.4357695069036,
            1367.4065942099282,
            1347.019275446415,
            1671.2747262565788,
            1532.4467937240834,
            1335.3693790101215,
            1358.1837595311958,
            1870.2937903765896
        ],
        "FlagUp": 0,
        "Times": [
            -15,
            -10,
            -5,
            2,
            10,
            20,
            30,
            40
        ],
        "width": 0,
        "height": 0,
        "area": 0.48541235151222156,
        "distance": 17.152899428264753,
        "xpert": [
            [
                59.0,
                249.0
            ],
            [
                55.6,
                248.4
            ],
            [
                52.2,
                245.0
            ],
            [
                53.2,
                239.2
            ],
            [
                59.0,
                237.8
            ],
            [
                63.4,
                240.6
            ],
            [
                63.8,
                245.0
            ],
            [
                64.0,
                250.0
            ]
        ],
        "stack": 0
    },
    {
        "type": "Spine",
        "location": [
            25,
            234
        ],
        "radloc": [
            0,
            0
        ],
        "mean": [
            39.40384615384615,
            33.63461538461539,
            37.83653846153846,
            32.44230769230769,
            34.45192307692308,
            32.38461538461539,
            34.50961538461539,
            24.240384615384617
        ],
        "min": [
            7.0,
            7.0,
            9.0,
            11.0,
            12.0,
            9.0,
            9.0,
            7.0
        ],
        "max": [
            105.0,
            73.0,
            98.0,
            85.0,
            90.0,
            76.0,
            74.0,
            72.0
        ],
        "RawIntDen": [
            4098.0,
            3498.0,
            3935.0,
            3374.0,
            3583.0,
            3368.0,
            3589.0,
            2521.0
        ],
        "IntDen": [
            2018.6580556230856,
            1723.100507215606,
            1938.3649216390536,
            1662.0186138780603,
            1764.9711599066657,
            1659.0630383939854,
            1767.9267353907405,
            1241.8342992254268
        ],
        "FlagUp": 0,
        "Times": [
            -15,
            -10,
            -5,
            2,
            10,
            20,
            30,
            40
        ],
        "width": 0,
        "height": 0,
        "area": 0.492595914012466,
        "distance": 19.30189075899433,
        "xpert": [
            [
                25.0,
                242.8
            ],
            [
                21.4,
                237.6
            ],
            [
                18.8,
                234.0
            ],
            [
                19.4,
                228.4
            ],
            [
                25.0,
                228.0
            ],
            [
                28.6,
                230.4
            ],
            [
                30.6,
                234.0
            ],
            [
                28.4,
                237.4
            ]
        ],
        "stack": 0
    },
    {
        "type": "Spine",
        "location": [
            17,
            260
        ],
        "radloc": [
            0,
            0
        ],
        "mean": [
            30.31132075471698,
            36.028301886792455,
            30.066037735849058,
            38.39622641509434,
            37.31132075471698,
            38.5188679245283,
            34.594339622641506,
            36.867924528301884
        ],
        "min": [
            9.0,
            7.0,
            11.0,
            9.0,
            13.0,
            13.0,
            10.0,
            10.0
        ],
        "max": [
            79.0,
            88.0,
            66.0,
            106.0,
            98.0,
            89.0,
            93.0,
            102.0
        ],
        "RawIntDen": [
            3213.0,
            3819.0,
            3187.0,
            4070.0,
            3955.0,
            4083.0,
            3667.0,
            3908.0
        ],
        "IntDen": [
            1478.9457691512184,
            1757.8879216895434,
            1466.9779540258119,
            1873.4233677078926,
            1820.4888008070554,
            1879.407275270596,
            1687.922233264089,
            1798.854673464974
        ],
        "FlagUp": 0,
        "Times": [
            -15,
            -10,
            -5,
            2,
            10,
            20,
            30,
            40
        ],
        "width": 0,
        "height": 0,
        "area": 0.460300581746411,
        "distance": 19.856303290619092,
        "xpert": [
            [
                17.0,
                266.0
            ],
            [
                12.2,
                264.8
            ],
            [
                10.6,
                260.0
            ],
            [
                11.8,
                254.8
            ],
            [
                17.0,
                254.8
            ],
            [
                21.4,
                255.6
            ],
            [
                22.0,
                260.0
            ],
            [
                21.0,
                264.0
            ]
        ],
        "stack": 0
    }
]