[
    {
        "type": "Stim",
        "location": [
            310,
            263
        ],
        "radloc": [
            0,
            0
        ],
        "mean": [
            42.458333333333336,
            58.78333333333333,
            57.25,
            69.75,
            50.36666666666667,
            59.59166666666667,
            52.15833333333333,
            37.0
        ],
        "min": [
            11,
            10,
            12,
            12,
            9,
            10,
            9,
            6
        ],
        "max": [
            107,
            149,
            124,
            156,
            143,
            149,
            137,
            94
        ],
        "RawIntDen": [
            5095,
            7054,
            6870,
            8370,
            6044,
            7151,
            6259,
            4440
        ],
        "IntDen": [
            2654.719667811055,
            3675.4450513717725,
            3579.5729377550438,
            4361.139081369682,
            3149.1905146712493,
            3725.9863286588525,
            3261.2149952560144,
            2313.4357850993297
        ],
        "FlagUp": 0,
        "Times": [
            -15,
            -10,
            -5,
            2,
            10,
            20,
            30,
            40
        ],
        "width": 0,
        "height": 0,
        "area": [
            0.5210440957430922,
            0.5210440957430922,
            0.5210440957430922,
            0.5210440957430922,
            0.5210440957430922,
            0.5210440957430922,
            0.5210440957430922,
            0.5210440957430922
        ],
        "distance": 0,
        "xpert": [
            [
                310.0,
                270.6
            ],
            [
                306.0,
                267.0
            ],
            [
                304.6,
                263.0
            ],
            [
                303.4,
                256.4
            ],
            [
                310.0,
                257.0
            ],
            [
                314.0,
                259.0
            ],
            [
                315.0,
                263.0
            ],
            [
                315.2,
                268.2
            ]
        ],
        "stack": 0,
        "shift": [
            [
                0,
                0
            ],
            [
                2,
                0
            ],
            [
                2,
                0
            ],
            [
                2,
                0
            ],
            [
                2,
                0
            ],
            [
                3,
                0
            ],
            [
                3,
                0
            ],
            [
                3,
                0
            ]
        ],
        "channel": 0
    },
    {
        "type": "Stim",
        "location": [
            359,
            259
        ],
        "radloc": [
            0,
            0
        ],
        "mean": [
            61.0,
            88.52136752136752,
            68.86324786324786,
            84.28205128205128,
            57.17948717948718,
            55.666666666666664,
            63.15384615384615,
            71.54700854700855
        ],
        "min": [
            7,
            11,
            8,
            12,
            6,
            6,
            10,
            12
        ],
        "max": [
            167,
            229,
            186,
            191,
            157,
            166,
            147,
            150
        ],
        "RawIntDen": [
            7137,
            10357,
            8057,
            9861,
            6690,
            6513,
            7389,
            8371
        ],
        "IntDen": [
            3625.724418535488,
            5261.542357120926,
            4093.1009724170417,
            5009.565432419567,
            3398.6403755082547,
            3308.721190685391,
            3753.7449528595657,
            4252.61862232879
        ],
        "FlagUp": 0,
        "Times": [
            -15,
            -10,
            -5,
            2,
            10,
            20,
            30,
            40
        ],
        "width": 0,
        "height": 0,
        "area": [
            0.5080179933495149,
            0.5080179933495149,
            0.5080179933495149,
            0.5080179933495149,
            0.5080179933495149,
            0.5080179933495149,
            0.5080179933495149,
            0.5080179933495149
        ],
        "distance": 0,
        "xpert": [
            [
                359.0,
                264.6
            ],
            [
                353.8,
                264.2
            ],
            [
                350.8,
                259.0
            ],
            [
                354.0,
                254.0
            ],
            [
                359.0,
                252.8
            ],
            [
                363.6,
                254.4
            ],
            [
                363.8,
                259.0
            ],
            [
                363.0,
                263.0
            ]
        ],
        "stack": 0,
        "shift": [
            [
                0,
                0
            ],
            [
                2,
                0
            ],
            [
                2,
                0
            ],
            [
                1,
                0
            ],
            [
                1,
                0
            ],
            [
                2,
                0
            ],
            [
                2,
                0
            ],
            [
                2,
                0
            ]
        ],
        "channel": 0
    },
    {
        "type": "Stim",
        "location": [
            319,
            228
        ],
        "radloc": [
            0,
            0
        ],
        "mean": [
            66.20731707317073,
            67.45731707317073,
            76.32317073170732,
            76.51219512195122,
            113.09146341463415,
            87.01219512195122,
            78.79268292682927,
            71.78048780487805
        ],
        "min": [
            11,
            10,
            12,
            9,
            19,
            12,
            14,
            10
        ],
        "max": [
            162,
            169,
            173,
            200,
            225,
            245,
            184,
            196
        ],
        "RawIntDen": [
            10858,
            11063,
            12517,
            12548,
            18547,
            14270,
            12922,
            11772
        ],
        "IntDen": [
            7731.912281823944,
            7877.8914693146335,
            8913.275560102256,
            8935.35046162524,
            13207.19995312108,
            10161.575636547032,
            9201.673467096058,
            8382.765829953165
        ],
        "FlagUp": 0,
        "Times": [
            -15,
            -10,
            -5,
            2,
            10,
            20,
            30,
            40
        ],
        "width": 0,
        "height": 0,
        "area": [
            0.7120935975155593,
            0.7120935975155593,
            0.7120935975155593,
            0.7120935975155593,
            0.7120935975155593,
            0.7120935975155593,
            0.7120935975155593,
            0.7120935975155593
        ],
        "distance": 0,
        "xpert": [
            [
                319.0,
                234.6
            ],
            [
                311.0,
                236.0
            ],
            [
                312.0,
                228.0
            ],
            [
                314.4,
                223.4
            ],
            [
                319.0,
                221.4
            ],
            [
                324.6,
                222.4
            ],
            [
                327.4,
                228.0
            ],
            [
                324.2,
                233.2
            ]
        ],
        "stack": 0,
        "shift": [
            [
                0,
                0
            ],
            [
                2,
                0
            ],
            [
                2,
                0
            ],
            [
                2,
                0
            ],
            [
                2,
                0
            ],
            [
                3,
                0
            ],
            [
                3,
                3
            ],
            [
                4,
                4
            ]
        ],
        "channel": 0
    },
    {
        "type": "Spine",
        "location": [
            333,
            267
        ],
        "radloc": [
            0,
            0
        ],
        "mean": [
            91.23636363636363,
            92.33636363636364,
            84.4,
            91.10909090909091,
            104.54545454545455,
            105.80909090909091,
            110.52727272727273,
            107.7909090909091
        ],
        "min": [
            19,
            23,
            27,
            20,
            21,
            19,
            32,
            25
        ],
        "max": [
            220,
            206,
            195,
            207,
            215,
            204,
            223,
            250
        ],
        "RawIntDen": [
            10036,
            10157,
            9284,
            10022,
            11500,
            11639,
            12158,
            11857
        ],
        "IntDen": [
            4793.4319994712005,
            4851.224473757372,
            4434.258936138963,
            4786.7452669091645,
            5492.673175958431,
            5559.062877824363,
            5806.949606374139,
            5663.184856290358
        ],
        "FlagUp": 0,
        "Times": [
            -15,
            -10,
            -5,
            2,
            10,
            20,
            30,
            40
        ],
        "width": 0,
        "height": 0,
        "area": [
            0.4776237544311679,
            0.4776237544311679,
            0.4776237544311679,
            0.4776237544311679,
            0.4776237544311679,
            0.4776237544311679,
            0.4776237544311679,
            0.4776237544311679
        ],
        "distance": -1.3043596540629239,
        "xpert": [
            [
                333.0,
                272.8
            ],
            [
                329.0,
                271.0
            ],
            [
                326.2,
                267.0
            ],
            [
                327.4,
                261.4
            ],
            [
                333.0,
                261.6
            ],
            [
                337.0,
                263.0
            ],
            [
                338.4,
                267.0
            ],
            [
                338.0,
                272.0
            ]
        ],
        "stack": 0,
        "shift": [
            [
                0,
                0
            ],
            [
                0,
                0
            ],
            [
                0,
                0
            ],
            [
                -1,
                0
            ],
            [
                -1,
                0
            ],
            [
                0,
                0
            ],
            [
                0,
                0
            ],
            [
                0,
                0
            ]
        ],
        "channel": 0
    },
    {
        "type": "Spine",
        "location": [
            356,
            239
        ],
        "radloc": [
            0,
            0
        ],
        "mean": [
            103.24742268041237,
            101.77319587628865,
            87.17525773195877,
            79.10309278350516,
            61.597938144329895,
            59.16494845360825,
            59.49484536082474,
            55.70103092783505
        ],
        "min": [
            22,
            42,
            25,
            11,
            11,
            14,
            13,
            9
        ],
        "max": [
            188,
            201,
            171,
            171,
            115,
            97,
            121,
            104
        ],
        "RawIntDen": [
            10015,
            9872,
            8456,
            7673,
            5975,
            5739,
            5771,
            5403
        ],
        "IntDen": [
            4218.090766917547,
            4157.862411483777,
            3561.4753394962336,
            3231.6935051980367,
            2516.5344315858556,
            2417.1365862545986,
            2430.61426019782,
            2275.6210098507745
        ],
        "FlagUp": 0,
        "Times": [
            -15,
            -10,
            -5,
            2,
            10,
            20,
            30,
            40
        ],
        "width": 0,
        "height": 0,
        "area": [
            0.4211773107256662,
            0.4211773107256662,
            0.4211773107256662,
            0.4211773107256662,
            0.4211773107256662,
            0.4211773107256662,
            0.4211773107256662,
            0.4211773107256662
        ],
        "distance": -1.0430001659469,
        "xpert": [
            [
                356.0,
                244.2
            ],
            [
                350.8,
                244.2
            ],
            [
                350.4,
                239.0
            ],
            [
                352.0,
                235.0
            ],
            [
                356.0,
                233.0
            ],
            [
                359.8,
                235.2
            ],
            [
                361.4,
                239.0
            ],
            [
                360.2,
                243.2
            ]
        ],
        "stack": 0,
        "shift": [
            [
                0,
                0
            ],
            [
                2,
                0
            ],
            [
                2,
                0
            ],
            [
                1,
                0
            ],
            [
                1,
                0
            ],
            [
                2,
                0
            ],
            [
                2,
                0
            ],
            [
                2,
                0
            ]
        ],
        "channel": 0
    },
    {
        "type": "Spine",
        "location": [
            373,
            240
        ],
        "radloc": [
            0,
            0
        ],
        "mean": [
            92.3082191780822,
            91.98630136986301,
            97.57534246575342,
            89.05479452054794,
            87.68493150684931,
            88.64383561643835,
            105.04794520547945,
            74.9931506849315
        ],
        "min": [
            25,
            17,
            15,
            15,
            16,
            14,
            35,
            11
        ],
        "max": [
            177,
            213,
            208,
            208,
            221,
            198,
            171,
            208
        ],
        "RawIntDen": [
            13477,
            13430,
            14246,
            13002,
            12802,
            12942,
            15337,
            10949
        ],
        "IntDen": [
            8543.568721967746,
            8513.773683759504,
            9031.066262013244,
            8242.44865496955,
            8115.661258338731,
            8204.412435980305,
            9722.691510634364,
            6940.976028554192
        ],
        "FlagUp": 0,
        "Times": [
            -15,
            -10,
            -5,
            2,
            10,
            20,
            30,
            40
        ],
        "width": 0,
        "height": 0,
        "area": [
            0.6339369831540955,
            0.6339369831540955,
            0.6339369831540955,
            0.6339369831540955,
            0.6339369831540955,
            0.6339369831540955,
            0.6339369831540955,
            0.6339369831540955
        ],
        "distance": 0.9498118176281058,
        "xpert": [
            [
                373.0,
                244.6
            ],
            [
                368.4,
                244.6
            ],
            [
                364.0,
                240.0
            ],
            [
                367.4,
                234.4
            ],
            [
                373.0,
                233.2
            ],
            [
                377.6,
                235.4
            ],
            [
                382.2,
                240.0
            ],
            [
                378.0,
                245.0
            ]
        ],
        "stack": 0,
        "shift": [
            [
                0,
                0
            ],
            [
                1,
                0
            ],
            [
                2,
                0
            ],
            [
                1,
                0
            ],
            [
                1,
                0
            ],
            [
                2,
                0
            ],
            [
                2,
                0
            ],
            [
                2,
                0
            ]
        ],
        "channel": 0
    },
    {
        "type": "Spine",
        "location": [
            411,
            234
        ],
        "radloc": [
            0,
            0
        ],
        "mean": [
            67.15436241610739,
            76.43624161073825,
            77.4496644295302,
            82.9261744966443,
            75.6510067114094,
            76.05369127516778,
            70.8255033557047,
            66.68456375838926
        ],
        "min": [
            12,
            7,
            11,
            13,
            18,
            11,
            11,
            19
        ],
        "max": [
            166,
            220,
            176,
            192,
            220,
            192,
            185,
            150
        ],
        "RawIntDen": [
            10006,
            11389,
            11540,
            12356,
            11272,
            11332,
            10553,
            9936
        ],
        "IntDen": [
            6473.512633990014,
            7368.262581302446,
            7465.954007220144,
            7993.875885027046,
            7292.567900293368,
            7331.3856854262285,
            6827.401441784592,
            6428.225218001678
        ],
        "FlagUp": 0,
        "Times": [
            -15,
            -10,
            -5,
            2,
            10,
            20,
            30,
            40
        ],
        "width": 0,
        "height": 0,
        "area": [
            0.6469630855476729,
            0.6469630855476729,
            0.6469630855476729,
            0.6469630855476729,
            0.6469630855476729,
            0.6469630855476729,
            0.6469630855476729,
            0.6469630855476729
        ],
        "distance": 3.4537881125322483,
        "xpert": [
            [
                411.0,
                241.0
            ],
            [
                405.6,
                239.4
            ],
            [
                401.8,
                234.0
            ],
            [
                405.0,
                228.0
            ],
            [
                411.0,
                228.2
            ],
            [
                415.4,
                229.6
            ],
            [
                418.0,
                234.0
            ],
            [
                415.8,
                238.8
            ]
        ],
        "stack": 0,
        "shift": [
            [
                0,
                0
            ],
            [
                0,
                0
            ],
            [
                0,
                0
            ],
            [
                0,
                0
            ],
            [
                0,
                0
            ],
            [
                1,
                0
            ],
            [
                1,
                0
            ],
            [
                1,
                0
            ]
        ],
        "channel": 0
    },
    {
        "type": "Spine",
        "location": [
            416,
            271
        ],
        "radloc": [
            0,
            0
        ],
        "mean": [
            53.11904761904762,
            46.53174603174603,
            60.111111111111114,
            65.66666666666667,
            60.72222222222222,
            39.94444444444444,
            52.73015873015873,
            63.785714285714285
        ],
        "min": [
            8,
            7,
            14,
            11,
            16,
            6,
            7,
            13
        ],
        "max": [
            136,
            125,
            126,
            140,
            128,
            101,
            163,
            137
        ],
        "RawIntDen": [
            6693,
            5863,
            7574,
            8274,
            7651,
            5033,
            6644,
            8037
        ],
        "IntDen": [
            3661.715539448942,
            3207.625610008837,
            4143.707380216089,
            4526.674790587263,
            4185.833795356919,
            2753.5356805687325,
            3634.90782072296,
            4397.012967361594
        ],
        "FlagUp": 0,
        "Times": [
            -15,
            -10,
            -5,
            2,
            10,
            20,
            30,
            40
        ],
        "width": 0,
        "height": 0,
        "area": [
            0.5470963005302468,
            0.5470963005302468,
            0.5470963005302468,
            0.5470963005302468,
            0.5470963005302468,
            0.5470963005302468,
            0.5470963005302468,
            0.5470963005302468
        ],
        "distance": 4.46016457212616,
        "xpert": [
            [
                416.0,
                276.2
            ],
            [
                410.6,
                276.4
            ],
            [
                410.0,
                271.0
            ],
            [
                409.6,
                264.6
            ],
            [
                416.0,
                263.6
            ],
            [
                422.0,
                265.0
            ],
            [
                420.6,
                271.0
            ],
            [
                419.2,
                274.2
            ]
        ],
        "stack": 0,
        "shift": [
            [
                0,
                0
            ],
            [
                0,
                0
            ],
            [
                1,
                0
            ],
            [
                0,
                0
            ],
            [
                1,
                0
            ],
            [
                2,
                0
            ],
            [
                2,
                0
            ],
            [
                2,
                0
            ]
        ],
        "channel": 0
    },
    {
        "type": "Spine",
        "location": [
            473,
            289
        ],
        "radloc": [
            0,
            0
        ],
        "mean": [
            55.3758865248227,
            56.276595744680854,
            44.758865248226954,
            67.29078014184397,
            50.99290780141844,
            43.851063829787236,
            57.40425531914894,
            50.290780141843975
        ],
        "min": [
            15,
            17,
            15,
            17,
            12,
            10,
            20,
            14
        ],
        "max": [
            115,
            133,
            110,
            144,
            107,
            108,
            154,
            125
        ],
        "RawIntDen": [
            7808,
            7935,
            6311,
            9488,
            7190,
            6183,
            8094,
            7091
        ],
        "IntDen": [
            4780.266951985425,
            4858.0197571726885,
            3863.7634136757197,
            5808.807996982289,
            4401.9107818615785,
            3785.3983816759587,
            4955.363820359891,
            4341.300327424264
        ],
        "FlagUp": 0,
        "Times": [
            -15,
            -10,
            -5,
            2,
            10,
            20,
            30,
            40
        ],
        "width": 0,
        "height": 0,
        "area": [
            0.6122268124981334,
            0.6122268124981334,
            0.6122268124981334,
            0.6122268124981334,
            0.6122268124981334,
            0.6122268124981334,
            0.6122268124981334,
            0.6122268124981334
        ],
        "distance": 8.276167472972444,
        "xpert": [
            [
                473.0,
                294.8
            ],
            [
                465.8,
                296.2
            ],
            [
                463.2,
                289.0
            ],
            [
                469.0,
                285.0
            ],
            [
                473.0,
                283.2
            ],
            [
                478.2,
                283.8
            ],
            [
                479.2,
                289.0
            ],
            [
                477.0,
                293.0
            ]
        ],
        "stack": 0,
        "shift": [
            [
                0,
                0
            ],
            [
                0,
                0
            ],
            [
                0,
                0
            ],
            [
                0,
                0
            ],
            [
                0,
                0
            ],
            [
                0,
                0
            ],
            [
                0,
                0
            ],
            [
                0,
                0
            ]
        ],
        "channel": 0
    },
    {
        "type": "Spine",
        "location": [
            484,
            287
        ],
        "radloc": [
            0,
            0
        ],
        "mean": [
            62.567796610169495,
            51.57627118644068,
            78.05932203389831,
            58.71186440677966,
            69.16101694915254,
            61.28813559322034,
            70.85593220338983,
            70.16949152542372
        ],
        "min": [
            12,
            15,
            15,
            14,
            14,
            14,
            13,
            13
        ],
        "max": [
            147,
            118,
            172,
            160,
            154,
            152,
            149,
            155
        ],
        "RawIntDen": [
            7383,
            6086,
            9211,
            6928,
            8161,
            7232,
            8361,
            8280
        ],
        "IntDen": [
            3782.7540828900624,
            3118.223127247585,
            4719.348213124796,
            3549.6302703863407,
            4181.370184270053,
            3705.3877187404755,
            4283.842189766194,
            4242.341027540257
        ],
        "FlagUp": 0,
        "Times": [
            -15,
            -10,
            -5,
            2,
            10,
            20,
            30,
            40
        ],
        "width": 0,
        "height": 0,
        "area": [
            0.5123600274807073,
            0.5123600274807073,
            0.5123600274807073,
            0.5123600274807073,
            0.5123600274807073,
            0.5123600274807073,
            0.5123600274807073,
            0.5123600274807073
        ],
        "distance": 9.001002716234169,
        "xpert": [
            [
                484.0,
                294.0
            ],
            [
                478.6,
                292.4
            ],
            [
                478.0,
                287.0
            ],
            [
                479.0,
                282.0
            ],
            [
                484.0,
                280.2
            ],
            [
                488.4,
                282.6
            ],
            [
                489.6,
                287.0
            ],
            [
                487.8,
                290.8
            ]
        ],
        "stack": 0,
        "shift": [
            [
                0,
                0
            ],
            [
                0,
                0
            ],
            [
                0,
                0
            ],
            [
                0,
                0
            ],
            [
                0,
                0
            ],
            [
                0,
                0
            ],
            [
                0,
                0
            ],
            [
                0,
                0
            ]
        ],
        "channel": 0
    },
    {
        "type": "Spine",
        "location": [
            275,
            250
        ],
        "radloc": [
            0,
            0
        ],
        "mean": [
            30.383333333333333,
            33.275,
            49.925,
            38.31666666666667,
            35.175,
            43.975,
            83.95833333333333,
            68.3
        ],
        "min": [
            7,
            7,
            9,
            8,
            8,
            6,
            20,
            10
        ],
        "max": [
            142,
            153,
            200,
            155,
            176,
            170,
            185,
            154
        ],
        "RawIntDen": [
            3646,
            3993,
            5991,
            4598,
            4221,
            5277,
            10075,
            8196
        ],
        "IntDen": [
            1899.7267730793142,
            2080.5290743021674,
            3121.5751775968656,
            2395.760752226738,
            2199.3271281315924,
            2749.5496932362976,
            5249.519264611654,
            4270.477408710384
        ],
        "FlagUp": 0,
        "Times": [
            -15,
            -10,
            -5,
            2,
            10,
            20,
            30,
            40
        ],
        "width": 0,
        "height": 0,
        "area": [
            0.5210440957430922,
            0.5210440957430922,
            0.5210440957430922,
            0.5210440957430922,
            0.5210440957430922,
            0.5210440957430922,
            0.5210440957430922,
            0.5210440957430922
        ],
        "distance": 2.686717876612694,
        "xpert": [
            [
                275.0,
                255.2
            ],
            [
                270.6,
                254.4
            ],
            [
                269.0,
                250.0
            ],
            [
                268.2,
                243.2
            ],
            [
                275.0,
                242.8
            ],
            [
                280.2,
                244.8
            ],
            [
                280.2,
                250.0
            ],
            [
                278.2,
                253.2
            ]
        ],
        "stack": 0,
        "shift": [
            [
                0,
                0
            ],
            [
                1,
                0
            ],
            [
                1,
                0
            ],
            [
                1,
                0
            ],
            [
                1,
                0
            ],
            [
                2,
                0
            ],
            [
                2,
                0
            ],
            [
                3,
                0
            ]
        ],
        "channel": 0
    },
    {
        "type": "Spine",
        "location": [
            231,
            257
        ],
        "radloc": [
            0,
            0
        ],
        "mean": [
            43.07913669064748,
            31.848920863309353,
            29.73381294964029,
            60.776978417266186,
            52.28776978417266,
            60.07194244604317,
            56.510791366906474,
            80.9568345323741
        ],
        "min": [
            6,
            6,
            8,
            8,
            8,
            10,
            11,
            22
        ],
        "max": [
            183,
            112,
            126,
            182,
            119,
            131,
            138,
            168
        ],
        "RawIntDen": [
            5988,
            4427,
            4133,
            8448,
            7268,
            8350,
            7855,
            11253
        ],
        "IntDen": [
            3614.013952483662,
            2671.8837287316587,
            2494.4421619263485,
            5098.729103303604,
            4386.54866510542,
            5039.5819143685,
            4740.8282559718045,
            6791.666500884878
        ],
        "FlagUp": 0,
        "Times": [
            -15,
            -10,
            -5,
            2,
            10,
            20,
            30,
            40
        ],
        "width": 0,
        "height": 0,
        "area": [
            0.6035427442357485,
            0.6035427442357485,
            0.6035427442357485,
            0.6035427442357485,
            0.6035427442357485,
            0.6035427442357485,
            0.6035427442357485,
            0.6035427442357485
        ],
        "distance": 5.586058849659594,
        "xpert": [
            [
                231.0,
                263.2
            ],
            [
                226.4,
                261.6
            ],
            [
                223.4,
                257.0
            ],
            [
                226.0,
                252.0
            ],
            [
                231.0,
                248.0
            ],
            [
                236.4,
                251.6
            ],
            [
                237.6,
                257.0
            ],
            [
                234.8,
                260.8
            ]
        ],
        "stack": 0,
        "shift": [
            [
                0,
                0
            ],
            [
                1,
                0
            ],
            [
                0,
                0
            ],
            [
                -1,
                0
            ],
            [
                -1,
                0
            ],
            [
                -1,
                0
            ],
            [
                -1,
                0
            ],
            [
                0,
                0
            ]
        ],
        "channel": 0
    },
    {
        "type": "Spine",
        "location": [
            240,
            227
        ],
        "radloc": [
            0,
            0
        ],
        "mean": [
            70.68333333333334,
            74.68333333333334,
            97.25,
            61.90833333333333,
            76.93333333333334,
            65.43333333333334,
            56.666666666666664,
            35.99166666666667
        ],
        "min": [
            12,
            13,
            48,
            11,
            15,
            14,
            10,
            6
        ],
        "max": [
            143,
            134,
            153,
            184,
            138,
            143,
            161,
            95
        ],
        "RawIntDen": [
            8482,
            8962,
            11670,
            7429,
            9232,
            7852,
            6800,
            4319
        ],
        "IntDen": [
            4419.496020092908,
            4669.597186049593,
            6080.584597321887,
            3870.836587275432,
            4810.279091900227,
            4091.23823977476,
            3543.099851053027,
            2250.3894495144154
        ],
        "FlagUp": 0,
        "Times": [
            -15,
            -10,
            -5,
            2,
            10,
            20,
            30,
            40
        ],
        "width": 0,
        "height": 0,
        "area": [
            0.5210440957430922,
            0.5210440957430922,
            0.5210440957430922,
            0.5210440957430922,
            0.5210440957430922,
            0.5210440957430922,
            0.5210440957430922,
            0.5210440957430922
        ],
        "distance": 4.993011832445455,
        "xpert": [
            [
                240.0,
                232.8
            ],
            [
                234.2,
                232.8
            ],
            [
                233.0,
                227.0
            ],
            [
                235.8,
                222.8
            ],
            [
                240.0,
                222.2
            ],
            [
                244.2,
                222.8
            ],
            [
                247.2,
                227.0
            ],
            [
                245.8,
                232.8
            ]
        ],
        "stack": 0,
        "shift": [
            [
                0,
                0
            ],
            [
                1,
                0
            ],
            [
                1,
                0
            ],
            [
                0,
                0
            ],
            [
                0,
                0
            ],
            [
                0,
                0
            ],
            [
                0,
                0
            ],
            [
                0,
                0
            ]
        ],
        "channel": 0
    },
    {
        "type": "Spine",
        "location": [
            223,
            248
        ],
        "radloc": [
            0,
            0
        ],
        "mean": [
            80.2258064516129,
            97.0241935483871,
            66.85483870967742,
            85.0725806451613,
            85.98387096774194,
            98.79838709677419,
            69.71774193548387,
            63.54838709677419
        ],
        "min": [
            17,
            27,
            17,
            19,
            14,
            23,
            15,
            13
        ],
        "max": [
            174,
            208,
            146,
            148,
            191,
            226,
            173,
            139
        ],
        "RawIntDen": [
            9948,
            12031,
            8290,
            10549,
            10662,
            12251,
            8645,
            7880
        ],
        "IntDen": [
            5356.124886600691,
            6477.637566414647,
            4463.437405500576,
            5679.710638193676,
            5740.551220439945,
            6596.0882575135765,
            4654.5737479556665,
            4242.688390270752
        ],
        "FlagUp": 0,
        "Times": [
            -15,
            -10,
            -5,
            2,
            10,
            20,
            30,
            40
        ],
        "width": 0,
        "height": 0,
        "area": [
            0.538412232267862,
            0.538412232267862,
            0.538412232267862,
            0.538412232267862,
            0.538412232267862,
            0.538412232267862,
            0.538412232267862,
            0.538412232267862
        ],
        "distance": 6.1132117538499395,
        "xpert": [
            [
                223.0,
                253.6
            ],
            [
                219.4,
                251.6
            ],
            [
                216.2,
                248.0
            ],
            [
                218.0,
                243.0
            ],
            [
                223.0,
                242.0
            ],
            [
                228.2,
                242.8
            ],
            [
                230.6,
                248.0
            ],
            [
                228.0,
                253.0
            ]
        ],
        "stack": 0,
        "shift": [
            [
                0,
                0
            ],
            [
                1,
                0
            ],
            [
                0,
                0
            ],
            [
                -1,
                0
            ],
            [
                1,
                0
            ],
            [
                1,
                0
            ],
            [
                1,
                0
            ],
            [
                2,
                0
            ]
        ],
        "channel": 0
    },
    {
        "type": "Spine",
        "location": [
            199,
            222
        ],
        "radloc": [
            0,
            0
        ],
        "mean": [
            55.72,
            63.43,
            83.48,
            76.82,
            58.51,
            72.16,
            80.23,
            84.69
        ],
        "min": [
            12,
            21,
            20,
            11,
            10,
            11,
            12,
            14
        ],
        "max": [
            139,
            153,
            185,
            150,
            150,
            240,
            200,
            211
        ],
        "RawIntDen": [
            5572,
            6343,
            8348,
            7682,
            5851,
            7216,
            8023,
            8469
        ],
        "IntDen": [
            2419.381417900425,
            2754.1522494153614,
            3624.730092719445,
            3335.5506195820285,
            2540.5241701606938,
            3133.211829068461,
            3483.6139834556907,
            3677.2687057068733
        ],
        "FlagUp": 0,
        "Times": [
            -15,
            -10,
            -5,
            2,
            10,
            20,
            30,
            40
        ],
        "width": 0,
        "height": 0,
        "area": [
            0.43420341311924354,
            0.43420341311924354,
            0.43420341311924354,
            0.43420341311924354,
            0.43420341311924354,
            0.43420341311924354,
            0.43420341311924354,
            0.43420341311924354
        ],
        "distance": 7.694670466420977,
        "xpert": [
            [
                199.0,
                226.8
            ],
            [
                193.0,
                228.0
            ],
            [
                190.6,
                222.0
            ],
            [
                195.0,
                218.0
            ],
            [
                199.0,
                216.8
            ],
            [
                202.4,
                218.6
            ],
            [
                204.0,
                222.0
            ],
            [
                202.2,
                225.2
            ]
        ],
        "stack": 0,
        "shift": [
            [
                0,
                0
            ],
            [
                1,
                0
            ],
            [
                1,
                0
            ],
            [
                0,
                0
            ],
            [
                2,
                0
            ],
            [
                2,
                0
            ],
            [
                2,
                0
            ],
            [
                1,
                0
            ]
        ],
        "channel": 0
    },
    {
        "type": "Spine",
        "location": [
            185,
            227
        ],
        "radloc": [
            0,
            0
        ],
        "mean": [
            163.9646017699115,
            168.641592920354,
            177.64601769911505,
            157.4070796460177,
            176.69026548672565,
            162.36725663716814,
            156.48230088495575,
            144.3230088495575
        ],
        "min": [
            50,
            31,
            37,
            16,
            27,
            28,
            23,
            18
        ],
        "max": [
            255,
            255,
            255,
            255,
            255,
            255,
            255,
            255
        ],
        "RawIntDen": [
            37056,
            38113,
            40148,
            35574,
            39932,
            36695,
            35365,
            32617
        ],
        "IntDen": [
            36363.04218899552,
            37400.275986323024,
            39397.22090359974,
            34908.75601336697,
            39185.26016545145,
            36008.79299236805,
            34703.664373214226,
            32007.052760105427
        ],
        "FlagUp": 0,
        "Times": [
            -15,
            -10,
            -5,
            2,
            10,
            20,
            30,
            40
        ],
        "width": 0,
        "height": 0,
        "area": [
            0.9812997136494903,
            0.9812997136494903,
            0.9812997136494903,
            0.9812997136494903,
            0.9812997136494903,
            0.9812997136494903,
            0.9812997136494903,
            0.9812997136494903
        ],
        "distance": 8.753659225229086,
        "xpert": [
            [
                185.0,
                235.2
            ],
            [
                178.8,
                233.2
            ],
            [
                175.6,
                227.0
            ],
            [
                177.6,
                219.6
            ],
            [
                185.0,
                218.2
            ],
            [
                190.4,
                221.6
            ],
            [
                193.4,
                227.0
            ],
            [
                192.0,
                234.0
            ]
        ],
        "stack": 0,
        "shift": [
            [
                0,
                0
            ],
            [
                1,
                0
            ],
            [
                1,
                0
            ],
            [
                0,
                0
            ],
            [
                2,
                0
            ],
            [
                2,
                0
            ],
            [
                2,
                0
            ],
            [
                2,
                0
            ]
        ],
        "channel": 0
    },
    {
        "type": "Spine",
        "location": [
            158,
            238
        ],
        "radloc": [
            0,
            0
        ],
        "mean": [
            66.60747663551402,
            46.93457943925234,
            58.7196261682243,
            49.47663551401869,
            59.63551401869159,
            56.86915887850467,
            73.80373831775701,
            61.2803738317757
        ],
        "min": [
            11,
            10,
            14,
            10,
            14,
            12,
            24,
            15
        ],
        "max": [
            165,
            122,
            136,
            118,
            154,
            134,
            141,
            140
        ],
        "RawIntDen": [
            7127,
            5022,
            6283,
            5294,
            6381,
            6085,
            7897,
            6557
        ],
        "IntDen": [
            3311.187466071908,
            2333.20940853278,
            2919.0670477521817,
            2459.5799698870046,
            2964.597617651865,
            2827.0767126487385,
            3668.9276581408526,
            3046.3668044104816
        ],
        "FlagUp": 0,
        "Times": [
            -15,
            -10,
            -5,
            2,
            10,
            20,
            30,
            40
        ],
        "width": 0,
        "height": 0,
        "area": [
            0.46459765203759057,
            0.46459765203759057,
            0.46459765203759057,
            0.46459765203759057,
            0.46459765203759057,
            0.46459765203759057,
            0.46459765203759057,
            0.46459765203759057
        ],
        "distance": 10.360138496914054,
        "xpert": [
            [
                158.0,
                244.8
            ],
            [
                151.6,
                244.4
            ],
            [
                151.6,
                238.0
            ],
            [
                154.4,
                234.4
            ],
            [
                158.0,
                233.2
            ],
            [
                161.2,
                234.8
            ],
            [
                163.4,
                238.0
            ],
            [
                162.6,
                242.6
            ]
        ],
        "stack": 0,
        "shift": [
            [
                0,
                0
            ],
            [
                0,
                0
            ],
            [
                0,
                0
            ],
            [
                -1,
                0
            ],
            [
                1,
                0
            ],
            [
                0,
                0
            ],
            [
                1,
                0
            ],
            [
                1,
                0
            ]
        ],
        "channel": 0
    },
    {
        "type": "Spine",
        "location": [
            145,
            233
        ],
        "radloc": [
            0,
            0
        ],
        "mean": [
            64.61538461538461,
            63.58974358974359,
            52.43589743589744,
            52.07692307692308,
            43.666666666666664,
            52.77777777777778,
            45.97435897435897,
            49.22222222222222
        ],
        "min": [
            15,
            14,
            20,
            16,
            10,
            12,
            9,
            15
        ],
        "max": [
            132,
            152,
            126,
            123,
            98,
            130,
            106,
            114
        ],
        "RawIntDen": [
            7560,
            7440,
            6135,
            6093,
            5109,
            6175,
            5379,
            5759
        ],
        "IntDen": [
            3840.6160297223328,
            3779.653870520391,
            3116.6903891992743,
            3095.3536334785945,
            2595.4639280226716,
            3137.0111089332545,
            2732.6287862270406,
            2925.6756236998563
        ],
        "FlagUp": 0,
        "Times": [
            -15,
            -10,
            -5,
            2,
            10,
            20,
            30,
            40
        ],
        "width": 0,
        "height": 0,
        "area": [
            0.5080179933495149,
            0.5080179933495149,
            0.5080179933495149,
            0.5080179933495149,
            0.5080179933495149,
            0.5080179933495149,
            0.5080179933495149,
            0.5080179933495149
        ],
        "distance": 10.937530855869102,
        "xpert": [
            [
                145.0,
                239.8
            ],
            [
                140.0,
                238.0
            ],
            [
                136.6,
                233.0
            ],
            [
                141.6,
                229.6
            ],
            [
                145.0,
                228.0
            ],
            [
                148.4,
                229.6
            ],
            [
                151.2,
                233.0
            ],
            [
                150.8,
                238.8
            ]
        ],
        "stack": 0,
        "shift": [
            [
                0,
                0
            ],
            [
                2,
                0
            ],
            [
                2,
                0
            ],
            [
                1,
                0
            ],
            [
                1,
                0
            ],
            [
                0,
                0
            ],
            [
                1,
                0
            ],
            [
                1,
                0
            ]
        ],
        "channel": 0
    },
    {
        "type": "Spine",
        "location": [
            139,
            244
        ],
        "radloc": [
            0,
            0
        ],
        "mean": [
            108.53225806451613,
            98.24193548387096,
            95.19354838709677,
            81.98387096774194,
            83.2258064516129,
            67.26612903225806,
            87.54838709677419,
            100.84677419354838
        ],
        "min": [
            22,
            23,
            28,
            21,
            23,
            18,
            18,
            25
        ],
        "max": [
            203,
            212,
            201,
            168,
            169,
            150,
            211,
            215
        ],
        "RawIntDen": [
            13458,
            12182,
            11804,
            10166,
            10320,
            8341,
            10856,
            12505
        ],
        "IntDen": [
            7245.951821860886,
            6558.937813487095,
            6355.417989689842,
            5473.498753235085,
            5556.4142370043355,
            4490.896429346237,
            5845.00319349991,
            6732.844964509614
        ],
        "FlagUp": 0,
        "Times": [
            -15,
            -10,
            -5,
            2,
            10,
            20,
            30,
            40
        ],
        "width": 0,
        "height": 0,
        "area": [
            0.538412232267862,
            0.538412232267862,
            0.538412232267862,
            0.538412232267862,
            0.538412232267862,
            0.538412232267862,
            0.538412232267862,
            0.538412232267862
        ],
        "distance": 12.194201953748593,
        "xpert": [
            [
                139.0,
                251.2
            ],
            [
                134.0,
                249.0
            ],
            [
                133.6,
                244.0
            ],
            [
                135.6,
                240.6
            ],
            [
                139.0,
                238.2
            ],
            [
                143.8,
                239.2
            ],
            [
                145.2,
                244.0
            ],
            [
                145.4,
                250.4
            ]
        ],
        "stack": 0,
        "shift": [
            [
                0,
                0
            ],
            [
                2,
                0
            ],
            [
                2,
                0
            ],
            [
                1,
                0
            ],
            [
                1,
                0
            ],
            [
                0,
                0
            ],
            [
                1,
                0
            ],
            [
                1,
                0
            ]
        ],
        "channel": 0
    },
    {
        "type": "Spine",
        "location": [
            129,
            251
        ],
        "radloc": [
            0,
            0
        ],
        "mean": [
            72.48648648648648,
            73.42342342342343,
            78.27927927927928,
            67.65765765765765,
            63.37837837837838,
            116.66666666666667,
            95.8018018018018,
            82.26126126126127
        ],
        "min": [
            19,
            24,
            21,
            20,
            16,
            47,
            18,
            21
        ],
        "max": [
            137,
            161,
            155,
            129,
            133,
            224,
            201,
            151
        ],
        "RawIntDen": [
            8046,
            8150,
            8689,
            7510,
            7035,
            12950,
            10634,
            9131
        ],
        "IntDen": [
            3877.896734772751,
            3928.0211767832366,
            4187.800736818349,
            3619.563072103326,
            3390.6293225362047,
            6241.456961882566,
            5125.224195572139,
            4400.829615362912
        ],
        "FlagUp": 0,
        "Times": [
            -15,
            -10,
            -5,
            2,
            10,
            20,
            30,
            40
        ],
        "width": 0,
        "height": 0,
        "area": [
            0.48196578856236033,
            0.48196578856236033,
            0.48196578856236033,
            0.48196578856236033,
            0.48196578856236033,
            0.48196578856236033,
            0.48196578856236033,
            0.48196578856236033
        ],
        "distance": 12.756643389664541,
        "xpert": [
            [
                129.0,
                256.6
            ],
            [
                123.4,
                256.6
            ],
            [
                122.4,
                251.0
            ],
            [
                124.8,
                246.8
            ],
            [
                129.0,
                245.6
            ],
            [
                133.4,
                246.6
            ],
            [
                135.8,
                251.0
            ],
            [
                132.8,
                254.8
            ]
        ],
        "stack": 0,
        "shift": [
            [
                0,
                0
            ],
            [
                1,
                0
            ],
            [
                1,
                0
            ],
            [
                0,
                0
            ],
            [
                0,
                0
            ],
            [
                0,
                0
            ],
            [
                1,
                0
            ],
            [
                1,
                0
            ]
        ],
        "channel": 0
    },
    {
        "type": "Spine",
        "location": [
            115,
            189
        ],
        "radloc": [
            0,
            0
        ],
        "mean": [
            47.96132596685083,
            70.46408839779005,
            54.41436464088398,
            36.651933701657455,
            51.71823204419889,
            53.850828729281766,
            56.790055248618785,
            46.353591160220994
        ],
        "min": [
            5,
            8,
            7,
            4,
            7,
            5,
            6,
            5
        ],
        "max": [
            159,
            223,
            171,
            155,
            178,
            179,
            217,
            189
        ],
        "RawIntDen": [
            8681,
            12754,
            9849,
            6634,
            9361,
            9747,
            10279,
            8390
        ],
        "IntDen": [
            6822.468891011557,
            10023.472898970325,
            7740.409642618687,
            5213.7148511658415,
            7356.886451878722,
            7660.247008488613,
            8078.350159049394,
            6593.76961128752
        ],
        "FlagUp": 0,
        "Times": [
            -15,
            -10,
            -5,
            2,
            10,
            20,
            30,
            40
        ],
        "width": 0,
        "height": 0,
        "area": [
            0.7859081777458308,
            0.7859081777458308,
            0.7859081777458308,
            0.7859081777458308,
            0.7859081777458308,
            0.7859081777458308,
            0.7859081777458308,
            0.7859081777458308
        ],
        "distance": 13.802954901614626,
        "xpert": [
            [
                115.0,
                198.4
            ],
            [
                109.0,
                195.0
            ],
            [
                108.2,
                189.0
            ],
            [
                110.0,
                184.0
            ],
            [
                115.0,
                180.6
            ],
            [
                122.4,
                181.6
            ],
            [
                121.6,
                189.0
            ],
            [
                120.0,
                194.0
            ]
        ],
        "stack": 0,
        "shift": [
            [
                0,
                0
            ],
            [
                0,
                0
            ],
            [
                0,
                0
            ],
            [
                0,
                1
            ],
            [
                0,
                1
            ],
            [
                0,
                1
            ],
            [
                0,
                3
            ],
            [
                0,
                5
            ]
        ],
        "channel": 0
    },
    {
        "type": "Spine",
        "location": [
            73,
            258
        ],
        "radloc": [
            0,
            0
        ],
        "mean": [
            107.36029411764706,
            94.69117647058823,
            116.46323529411765,
            115.33823529411765,
            120.88970588235294,
            138.98529411764707,
            103.13970588235294,
            102.23529411764706
        ],
        "min": [
            21,
            13,
            22,
            11,
            20,
            25,
            17,
            14
        ],
        "max": [
            207,
            171,
            233,
            232,
            228,
            255,
            240,
            211
        ],
        "RawIntDen": [
            14601,
            12878,
            15839,
            15686,
            16441,
            18902,
            14027,
            13904
        ],
        "IntDen": [
            8622.133487537541,
            7604.6733136434805,
            9353.19309013815,
            9262.844043936297,
            9708.684108527137,
            11161.945564100719,
            8283.176935120135,
            8210.543388173548
        ],
        "FlagUp": 0,
        "Times": [
            -15,
            -10,
            -5,
            2,
            10,
            20,
            30,
            40
        ],
        "width": 0,
        "height": 0,
        "area": [
            0.5905166418421712,
            0.5905166418421712,
            0.5905166418421712,
            0.5905166418421712,
            0.5905166418421712,
            0.5905166418421712,
            0.5905166418421712,
            0.5905166418421712
        ],
        "distance": 16.870744236858954,
        "xpert": [
            [
                73.0,
                263.6
            ],
            [
                66.8,
                264.2
            ],
            [
                65.2,
                258.0
            ],
            [
                68.4,
                253.4
            ],
            [
                73.0,
                252.2
            ],
            [
                78.0,
                253.0
            ],
            [
                79.0,
                258.0
            ],
            [
                79.2,
                264.2
            ]
        ],
        "stack": 0,
        "shift": [
            [
                0,
                0
            ],
            [
                0,
                0
            ],
            [
                0,
                0
            ],
            [
                -1,
                0
            ],
            [
                0,
                0
            ],
            [
                0,
                0
            ],
            [
                0,
                0
            ],
            [
                0,
                0
            ]
        ],
        "channel": 0
    },
    {
        "type": "Spine",
        "location": [
            23,
            291
        ],
        "radloc": [
            0,
            0
        ],
        "mean": [
            49.40952380952381,
            62.94285714285714,
            53.43809523809524,
            32.67619047619048,
            40.457142857142856,
            38.79047619047619,
            36.38095238095238,
            48.79047619047619
        ],
        "min": [
            10,
            17,
            14,
            6,
            6,
            5,
            4,
            6
        ],
        "max": [
            120,
            138,
            163,
            68,
            103,
            101,
            95,
            128
        ],
        "RawIntDen": [
            5188,
            6609,
            5611,
            3431,
            4248,
            4073,
            3820,
            5123
        ],
        "IntDen": [
            2365.279672625767,
            3013.1328751703345,
            2558.131118562679,
            1564.2395059327307,
            1936.7209038770739,
            1856.9360267164127,
            1741.5898900212858,
            2335.645289680379
        ],
        "FlagUp": 0,
        "Times": [
            -15,
            -10,
            -5,
            2,
            10,
            20,
            30,
            40
        ],
        "width": 0,
        "height": 0,
        "area": [
            0.4559135837752057,
            0.4559135837752057,
            0.4559135837752057,
            0.4559135837752057,
            0.4559135837752057,
            0.4559135837752057,
            0.4559135837752057,
            0.4559135837752057
        ],
        "distance": 20.35650953511363,
        "xpert": [
            [
                23.0,
                295.6
            ],
            [
                19.4,
                294.6
            ],
            [
                17.8,
                291.0
            ],
            [
                18.2,
                286.2
            ],
            [
                23.0,
                285.0
            ],
            [
                31.6,
                282.4
            ],
            [
                27.8,
                291.0
            ],
            [
                26.2,
                294.2
            ]
        ],
        "stack": 0,
        "shift": [
            [
                0,
                0
            ],
            [
                0,
                0
            ],
            [
                -1,
                0
            ],
            [
                -1,
                0
            ],
            [
                -1,
                0
            ],
            [
                0,
                0
            ],
            [
                0,
                0
            ],
            [
                0,
                0
            ]
        ],
        "channel": 0
    },
    {
        "type": "Spine",
        "location": [
            21,
            249
        ],
        "radloc": [
            0,
            0
        ],
        "mean": [
            49.0,
            54.152,
            54.688,
            69.616,
            65.36,
            49.92,
            70.52,
            93.928
        ],
        "min": [
            10,
            8,
            9,
            14,
            16,
            7,
            10,
            15
        ],
        "max": [
            135,
            187,
            154,
            146,
            139,
            120,
            161,
            192
        ],
        "RawIntDen": [
            6125,
            6769,
            6836,
            8702,
            8170,
            6240,
            8815,
            11741
        ],
        "IntDen": [
            3324.3698816942083,
            3673.903629255199,
            3710.268165103936,
            4723.047626204571,
            4434.302356480274,
            3386.7866223300994,
            4784.378858307665,
            6372.477841791298
        ],
        "FlagUp": 0,
        "Times": [
            -15,
            -10,
            -5,
            2,
            10,
            20,
            30,
            40
        ],
        "width": 0,
        "height": 0,
        "area": [
            0.5427542663990544,
            0.5427542663990544,
            0.5427542663990544,
            0.5427542663990544,
            0.5427542663990544,
            0.5427542663990544,
            0.5427542663990544,
            0.5427542663990544
        ],
        "distance": 20.597474702341216,
        "xpert": [
            [
                21.0,
                254.2
            ],
            [
                15.8,
                254.2
            ],
            [
                14.6,
                249.0
            ],
            [
                15.6,
                243.6
            ],
            [
                21.0,
                242.2
            ],
            [
                25.6,
                244.4
            ],
            [
                26.4,
                249.0
            ],
            [
                26.0,
                254.0
            ]
        ],
        "stack": 0,
        "shift": [
            [
                0,
                0
            ],
            [
                0,
                0
            ],
            [
                0,
                0
            ],
            [
                0,
                0
            ],
            [
                0,
                0
            ],
            [
                0,
                0
            ],
            [
                0,
                0
            ],
            [
                0,
                0
            ]
        ],
        "channel": 0
    }
]