[
    {
        "type": "Stim",
        "location": [
            311,
            91
        ],
        "radloc": [
            0,
            0
        ],
        "mean": [
            56.18396226415094,
            60.367924528301884,
            57.75,
            53.4622641509434,
            53.924528301886795,
            64.84905660377359,
            65.47169811320755,
            71.11792452830188
        ],
        "min": [
            6.0,
            6.0,
            6.0,
            4.0,
            5.0,
            7.0,
            7.0,
            5.0
        ],
        "max": [
            228.0,
            209.0,
            161.0,
            171.0,
            174.0,
            181.0,
            173.0,
            216.0
        ],
        "RawIntDen": [
            11911.0,
            12798.0,
            12243.0,
            11334.0,
            11432.0,
            13748.0,
            13880.0,
            15077.0
        ],
        "IntDen": [
            54.69656005414869,
            58.76975699546595,
            56.22113884165414,
            52.04691559514073,
            52.49694186374174,
            63.132256538026716,
            63.73841436920358,
            69.23516379283014
        ],
        "FlagUp": 0,
        "Times": [
            -15,
            -10,
            -5,
            2,
            10,
            20,
            30,
            40
        ],
        "width": 0,
        "height": 0,
        "area": 0.9735262137082967,
        "distance": 0,
        "xpert": [
            [
                311.0,
                101.2
            ],
            [
                305.8,
                96.2
            ],
            [
                303.0,
                91.0
            ],
            [
                305.2,
                85.2
            ],
            [
                311.0,
                84.4
            ],
            [
                318.6,
                83.4
            ],
            [
                318.6,
                91.0
            ],
            [
                319.0,
                99.0
            ]
        ],
        "stack": 0
    },
    {
        "type": "Spine",
        "location": [
            50,
            116
        ],
        "radloc": [
            0,
            0
        ],
        "mean": [
            61.577319587628864,
            61.21134020618557,
            61.21134020618557,
            64.15979381443299,
            63.396907216494846,
            53.08247422680412,
            47.81958762886598,
            50.396907216494846
        ],
        "min": [
            5.0,
            10.0,
            8.0,
            9.0,
            8.0,
            7.0,
            7.0,
            6.0
        ],
        "max": [
            163.0,
            144.0,
            167.0,
            185.0,
            201.0,
            128.0,
            105.0,
            136.0
        ],
        "RawIntDen": [
            11946.0,
            11875.0,
            11875.0,
            12447.0,
            12299.0,
            10298.0,
            9277.0,
            9777.0
        ],
        "IntDen": [
            58.907436121268894,
            58.5573249573136,
            58.5573249573136,
            61.37793884157324,
            60.648129654736834,
            50.78091220298235,
            45.74621504244195,
            48.211786619592
        ],
        "FlagUp": 0,
        "Times": [
            -15,
            -10,
            -5,
            2,
            10,
            20,
            30,
            40
        ],
        "width": 0,
        "height": 0,
        "area": 0.9566417719342178,
        "distance": 19.025889618859146,
        "xpert": [
            [
                50.0,
                123.0
            ],
            [
                43.8,
                122.2
            ],
            [
                44.2,
                116.0
            ],
            [
                45.6,
                111.6
            ],
            [
                50.0,
                100.4
            ],
            [
                56.2,
                109.8
            ],
            [
                57.4,
                116.0
            ],
            [
                55.0,
                121.0
            ]
        ],
        "stack": 0
    },
    {
        "type": "Spine",
        "location": [
            56,
            66
        ],
        "radloc": [
            0,
            0
        ],
        "mean": [
            42.93577981651376,
            55.981651376146786,
            71.28440366972477,
            60.34862385321101,
            46.57798165137615,
            69.45871559633028,
            60.522935779816514,
            74.78899082568807
        ],
        "min": [
            6.0,
            12.0,
            15.0,
            17.0,
            7.0,
            16.0,
            11.0,
            17.0
        ],
        "max": [
            124.0,
            132.0,
            134.0,
            127.0,
            99.0,
            154.0,
            141.0,
            141.0
        ],
        "RawIntDen": [
            4680.0,
            6102.0,
            7770.0,
            6578.0,
            5077.0,
            7571.0,
            6597.0,
            8152.0
        ],
        "IntDen": [
            21.287070528246304,
            27.755065034905755,
            35.34199530010123,
            29.920160242479525,
            23.092832707672326,
            34.436839950716404,
            30.006582110008733,
            37.07952968937262
        ],
        "FlagUp": 0,
        "Times": [
            -15,
            -10,
            -5,
            2,
            10,
            20,
            30,
            40
        ],
        "width": 0,
        "height": 0,
        "area": 0.4957886084570186,
        "distance": 18.794304808607727,
        "xpert": [
            [
                56.0,
                72.8
            ],
            [
                49.6,
                72.4
            ],
            [
                49.2,
                66.0
            ],
            [
                51.6,
                61.6
            ],
            [
                56.0,
                61.2
            ],
            [
                59.4,
                62.6
            ],
            [
                61.0,
                66.0
            ],
            [
                60.4,
                70.4
            ]
        ],
        "stack": 0
    },
    {
        "type": "Spine",
        "location": [
            23,
            62
        ],
        "radloc": [
            0,
            0
        ],
        "mean": [
            79.2090395480226,
            82.88135593220339,
            85.68361581920904,
            97.0225988700565,
            78.54802259887006,
            96.45197740112994,
            89.40112994350282,
            119.85875706214689
        ],
        "min": [
            8.0,
            20.0,
            11.0,
            9.0,
            7.0,
            23.0,
            14.0,
            27.0
        ],
        "max": [
            207.0,
            208.0,
            188.0,
            212.0,
            219.0,
            221.0,
            217.0,
            225.0
        ],
        "RawIntDen": [
            14020.0,
            14670.0,
            15166.0,
            17173.0,
            13903.0,
            17072.0,
            15824.0,
            21215.0
        ],
        "IntDen": [
            64.87607837271983,
            67.88388514463624,
            70.17907308136013,
            79.46625491403123,
            64.33467315377489,
            78.99888801562575,
            73.22389901354627,
            98.1701856403175
        ],
        "FlagUp": 0,
        "Times": [
            -15,
            -10,
            -5,
            2,
            10,
            20,
            30,
            40
        ],
        "width": 0,
        "height": 0,
        "area": 0.8190489209680036,
        "distance": 21.023259871857267,
        "xpert": [
            [
                23.0,
                69.8
            ],
            [
                16.6,
                68.4
            ],
            [
                15.8,
                62.0
            ],
            [
                15.2,
                54.2
            ],
            [
                23.0,
                55.8
            ],
            [
                28.4,
                56.6
            ],
            [
                31.4,
                62.0
            ],
            [
                28.0,
                67.0
            ]
        ],
        "stack": 0
    },
    {
        "type": "Spine",
        "location": [
            10,
            90
        ],
        "radloc": [
            0,
            0
        ],
        "mean": [
            127.94883720930233,
            142.43255813953488,
            117.19534883720931,
            116.23720930232558,
            120.86976744186046,
            107.45116279069768,
            98.92558139534884,
            103.56279069767442
        ],
        "min": [
            13.0,
            18.0,
            14.0,
            13.0,
            19.0,
            9.0,
            10.0,
            11.0
        ],
        "max": [
            239.0,
            255.0,
            241.0,
            252.0,
            242.0,
            241.0,
            232.0,
            240.0
        ],
        "RawIntDen": [
            27509.0,
            30623.0,
            25197.0,
            24991.0,
            25987.0,
            23102.0,
            21269.0,
            22266.0
        ],
        "IntDen": [
            123.10036844512435,
            137.03524602475707,
            112.75437070456208,
            111.83253872594796,
            116.289551593422,
            103.3794289803069,
            95.17691433564832,
            99.63840211563992
        ],
        "FlagUp": 0,
        "Times": [
            -15,
            -10,
            -5,
            2,
            10,
            20,
            30,
            40
        ],
        "width": 0,
        "height": 0,
        "area": 0.9621061912720104,
        "distance": 21.87982987185727,
        "xpert": [
            [
                10.0,
                99.0
            ],
            [
                3.8,
                96.2
            ],
            [
                0.8,
                90.0
            ],
            [
                4.0,
                84.0
            ],
            [
                10.0,
                82.2
            ],
            [
                17.8,
                82.2
            ],
            [
                17.6,
                90.0
            ],
            [
                16.0,
                96.0
            ]
        ],
        "stack": 0
    },
    {
        "type": "Spine",
        "location": [
            132,
            133
        ],
        "radloc": [
            0,
            0
        ],
        "mean": [
            63.12041884816754,
            66.24607329842932,
            69.87434554973822,
            82.99476439790575,
            51.596858638743456,
            68.66492146596859,
            74.79581151832461,
            76.56544502617801
        ],
        "min": [
            10.0,
            6.0,
            15.0,
            15.0,
            6.0,
            8.0,
            8.0,
            9.0
        ],
        "max": [
            161.0,
            188.0,
            168.0,
            204.0,
            182.0,
            178.0,
            216.0,
            167.0
        ],
        "RawIntDen": [
            12056.0,
            12653.0,
            13346.0,
            15852.0,
            9855.0,
            13115.0,
            14286.0,
            14624.0
        ],
        "IntDen": [
            54.57430641519858,
            57.27676667812771,
            60.4137934154977,
            71.75778909204776,
            44.610964641820004,
            59.36811783637437,
            64.66892347773117,
            66.19895960649171
        ],
        "FlagUp": 0,
        "Times": [
            -15,
            -10,
            -5,
            2,
            10,
            20,
            30,
            40
        ],
        "width": 0,
        "height": 0,
        "area": 0.8646062147729702,
        "distance": 11.896289746180056,
        "xpert": [
            [
                132.0,
                142.2
            ],
            [
                123.8,
                141.2
            ],
            [
                124.4,
                133.0
            ],
            [
                127.0,
                128.0
            ],
            [
                132.0,
                125.6
            ],
            [
                139.0,
                126.0
            ],
            [
                137.8,
                133.0
            ],
            [
                137.0,
                138.0
            ]
        ],
        "stack": 0
    },
    {
        "type": "Spine",
        "location": [
            155,
            148
        ],
        "radloc": [
            0,
            0
        ],
        "mean": [
            63.724489795918366,
            70.91836734693878,
            64.64285714285714,
            68.21428571428571,
            63.25,
            69.88775510204081,
            57.65816326530612,
            70.15306122448979
        ],
        "min": [
            10.0,
            7.0,
            7.0,
            8.0,
            12.0,
            9.0,
            8.0,
            7.0
        ],
        "max": [
            216.0,
            216.0,
            182.0,
            204.0,
            194.0,
            183.0,
            172.0,
            211.0
        ],
        "RawIntDen": [
            12490.0,
            13900.0,
            12670.0,
            13370.0,
            12397.0,
            13698.0,
            11301.0,
            13750.0
        ],
        "IntDen": [
            55.202228877382794,
            61.434025732235455,
            55.99777741204483,
            59.09157726906388,
            54.791195467807405,
            60.54124348778138,
            49.94718883453186,
            60.77106862001708
        ],
        "FlagUp": 0,
        "Times": [
            -15,
            -10,
            -5,
            2,
            10,
            20,
            30,
            40
        ],
        "width": 0,
        "height": 0,
        "area": 0.8662639599653345,
        "distance": 10.906568227369565,
        "xpert": [
            [
                155.0,
                155.2
            ],
            [
                148.4,
                154.6
            ],
            [
                145.6,
                148.0
            ],
            [
                147.2,
                140.2
            ],
            [
                155.0,
                139.2
            ],
            [
                160.2,
                142.8
            ],
            [
                162.2,
                148.0
            ],
            [
                159.0,
                152.0
            ]
        ],
        "stack": 0
    },
    {
        "type": "Spine",
        "location": [
            365,
            124
        ],
        "radloc": [
            0,
            0
        ],
        "mean": [
            56.2760736196319,
            51.20858895705521,
            46.877300613496935,
            52.668711656441715,
            58.79141104294479,
            72.13496932515338,
            69.96932515337423,
            80.23926380368098
        ],
        "min": [
            5.0,
            6.0,
            7.0,
            8.0,
            9.0,
            9.0,
            14.0,
            13.0
        ],
        "max": [
            187.0,
            174.0,
            153.0,
            149.0,
            184.0,
            175.0,
            182.0,
            162.0
        ],
        "RawIntDen": [
            9173.0,
            8347.0,
            7641.0,
            8585.0,
            9583.0,
            11758.0,
            11405.0,
            13079.0
        ],
        "IntDen": [
            42.7550987370135,
            38.905135632601294,
            35.614489201953575,
            40.01444703556752,
            44.66609737237549,
            54.80371208435678,
            53.15838886903291,
            60.96085646804748
        ],
        "FlagUp": 0,
        "Times": [
            -15,
            -10,
            -5,
            2,
            10,
            20,
            30,
            40
        ],
        "width": 0,
        "height": 0,
        "area": 0.7597384818634253,
        "distance": 3.5580600000000002,
        "xpert": [
            [
                365.0,
                130.8
            ],
            [
                359.4,
                129.6
            ],
            [
                356.4,
                124.0
            ],
            [
                358.6,
                117.6
            ],
            [
                365.0,
                117.4
            ],
            [
                372.0,
                117.0
            ],
            [
                371.8,
                124.0
            ],
            [
                369.6,
                128.6
            ]
        ],
        "stack": 0
    }
]