[
    {
        "type": "Stim",
        "location": [
            120,
            252
        ],
        "radloc": [
            0,
            0
        ],
        "mean": [
            39.84615384615385,
            36.928994082840234,
            44.27810650887574,
            154.2662721893491,
            74.62721893491124,
            73.55029585798816,
            80.09467455621302,
            69.15384615384616
        ],
        "min": [
            6.0,
            6.0,
            7.0,
            44.0,
            18.0,
            13.0,
            28.0,
            20.0
        ],
        "max": [
            159.0,
            112.0,
            151.0,
            251.0,
            178.0,
            151.0,
            155.0,
            145.0
        ],
        "RawIntDen": [
            6734.0,
            6241.0,
            7483.0,
            26071.0,
            12612.0,
            12430.0,
            13536.0,
            11687.0
        ],
        "IntDen": [
            5077.214267394755,
            4705.508500565884,
            5641.935604828474,
            19656.675551714976,
            9509.032720579542,
            9371.810713352657,
            10205.698295731421,
            8811.613178354988
        ],
        "FlagUp": 0,
        "Times": [
            -15,
            -10,
            -5,
            2,
            10,
            20,
            30,
            40
        ],
        "width": 0,
        "height": 0,
        "area": 0.7539670726751937,
        "distance": 0,
        "xpert": [
            [
                120.0,
                258.8
            ],
            [
                114.0,
                258.0
            ],
            [
                113.2,
                252.0
            ],
            [
                114.6,
                246.6
            ],
            [
                120.0,
                242.8
            ],
            [
                125.0,
                247.0
            ],
            [
                127.2,
                252.0
            ],
            [
                126.4,
                258.4
            ]
        ],
        "stack": 0
    },
    {
        "type": "Stim",
        "location": [
            129,
            295
        ],
        "radloc": [
            0,
            0
        ],
        "mean": [
            44.44805194805195,
            73.8051948051948,
            50.44155844155844,
            76.84415584415585,
            46.64935064935065,
            47.12987012987013,
            35.25974025974026,
            44.68181818181818
        ],
        "min": [
            13.0,
            14.0,
            13.0,
            14.0,
            11.0,
            14.0,
            11.0,
            11.0
        ],
        "max": [
            106.0,
            158.0,
            128.0,
            157.0,
            114.0,
            113.0,
            67.0,
            98.0
        ],
        "RawIntDen": [
            6845.0,
            11366.0,
            7768.0,
            11834.0,
            7184.0,
            7258.0,
            5430.0,
            6881.0
        ],
        "IntDen": [
            4792.748876263291,
            7958.273736684962,
            5439.017278424141,
            8285.959123696097,
            5030.1107271111005,
            5081.924228476109,
            3801.990708270222,
            4817.955444494917
        ],
        "FlagUp": 0,
        "Times": [
            -15,
            -10,
            -5,
            2,
            10,
            20,
            30,
            40
        ],
        "width": 0,
        "height": 0,
        "area": 0.700182450878494,
        "distance": 0,
        "xpert": [
            [
                129.0,
                301.6
            ],
            [
                122.6,
                301.4
            ],
            [
                120.6,
                295.0
            ],
            [
                124.4,
                290.4
            ],
            [
                129.0,
                288.6
            ],
            [
                136.4,
                287.6
            ],
            [
                135.2,
                295.0
            ],
            [
                132.8,
                298.8
            ]
        ],
        "stack": 0
    },
    {
        "type": "Stim",
        "location": [
            158,
            271
        ],
        "radloc": [
            0,
            0
        ],
        "mean": [
            77.90566037735849,
            70.0377358490566,
            80.66037735849056,
            173.53459119496856,
            109.28301886792453,
            94.58490566037736,
            80.52830188679245,
            72.29559748427673
        ],
        "min": [
            20.0,
            12.0,
            11.0,
            72.0,
            45.0,
            30.0,
            27.0,
            24.0
        ],
        "max": [
            202.0,
            184.0,
            197.0,
            255.0,
            225.0,
            199.0,
            193.0,
            165.0
        ],
        "RawIntDen": [
            12387.0,
            11136.0,
            12825.0,
            27592.0,
            17376.0,
            15039.0,
            12804.0,
            11495.0
        ],
        "IntDen": [
            8937.826775137062,
            8035.169045606388,
            9253.86521281447,
            19908.978475787666,
            12537.634459092726,
            10851.374575868756,
            9238.71268498062,
            8294.205116670746
        ],
        "FlagUp": 0,
        "Times": [
            -15,
            -10,
            -5,
            2,
            10,
            20,
            30,
            40
        ],
        "width": 0,
        "height": 0,
        "area": 0.7215489444689644,
        "distance": 0,
        "xpert": [
            [
                158.0,
                275.8
            ],
            [
                153.2,
                275.8
            ],
            [
                149.0,
                271.0
            ],
            [
                151.2,
                264.2
            ],
            [
                158.0,
                264.8
            ],
            [
                163.4,
                265.6
            ],
            [
                167.2,
                271.0
            ],
            [
                162.8,
                275.8
            ]
        ],
        "stack": 0
    },
    {
        "type": "Stim",
        "location": [
            177,
            276
        ],
        "radloc": [
            0,
            0
        ],
        "mean": [
            90.1340206185567,
            105.19587628865979,
            95.35051546391753,
            138.82474226804123,
            109.23711340206185,
            97.69072164948453,
            96.0,
            98.97938144329896
        ],
        "min": [
            12.0,
            18.0,
            20.0,
            27.0,
            17.0,
            27.0,
            36.0,
            29.0
        ],
        "max": [
            198.0,
            199.0,
            209.0,
            249.0,
            188.0,
            183.0,
            179.0,
            180.0
        ],
        "RawIntDen": [
            8743.0,
            10204.0,
            9249.0,
            13466.0,
            10596.0,
            9476.0,
            9312.0,
            9601.0
        ],
        "IntDen": [
            3736.6818716819894,
            4361.100516829809,
            3952.941854190406,
            5755.250838850471,
            4528.637894583365,
            4049.959672430348,
            3979.867504186513,
            4103.383581152782
        ],
        "FlagUp": 0,
        "Times": [
            -15,
            -10,
            -5,
            2,
            10,
            20,
            30,
            40
        ],
        "width": 0,
        "height": 0,
        "area": 0.4273912697794795,
        "distance": 0,
        "xpert": [
            [
                177.0,
                280.2
            ],
            [
                172.8,
                280.2
            ],
            [
                170.8,
                276.0
            ],
            [
                171.4,
                270.4
            ],
            [
                177.0,
                269.6
            ],
            [
                180.4,
                272.6
            ],
            [
                182.0,
                276.0
            ],
            [
                181.2,
                280.2
            ]
        ],
        "stack": 0
    },
    {
        "type": "Stim",
        "location": [
            173,
            307
        ],
        "radloc": [
            0,
            0
        ],
        "mean": [
            33.46739130434783,
            31.01086956521739,
            45.97826086956522,
            142.79891304347825,
            75.5,
            61.06521739130435,
            45.38586956521739,
            53.20108695652174
        ],
        "min": [
            8.0,
            6.0,
            11.0,
            54.0,
            19.0,
            14.0,
            10.0,
            12.0
        ],
        "max": [
            101.0,
            93.0,
            132.0,
            248.0,
            172.0,
            150.0,
            117.0,
            119.0
        ],
        "RawIntDen": [
            6158.0,
            5706.0,
            8460.0,
            26275.0,
            13892.0,
            11236.0,
            8351.0,
            9789.0
        ],
        "IntDen": [
            5041.812811821976,
            4671.741458956835,
            6926.556737254614,
            21512.444240114062,
            11373.962907085235,
            9199.384338036978,
            6837.313866762799,
            8014.66476370986
        ],
        "FlagUp": 0,
        "Times": [
            -15,
            -10,
            -5,
            2,
            10,
            20,
            30,
            40
        ],
        "width": 0,
        "height": 0,
        "area": 0.8187419311175667,
        "distance": 0,
        "xpert": [
            [
                173.0,
                316.4
            ],
            [
                167.4,
                312.6
            ],
            [
                162.4,
                307.0
            ],
            [
                167.2,
                301.2
            ],
            [
                173.0,
                299.0
            ],
            [
                178.6,
                301.4
            ],
            [
                178.8,
                307.0
            ],
            [
                177.6,
                311.6
            ]
        ],
        "stack": 0
    },
    {
        "type": "Stim",
        "location": [
            224,
            285
        ],
        "radloc": [
            0,
            0
        ],
        "mean": [
            52.50526315789474,
            63.93684210526316,
            53.43157894736842,
            52.49473684210526,
            63.78947368421053,
            47.09473684210526,
            42.73684210526316,
            50.589473684210525
        ],
        "min": [
            14.0,
            12.0,
            15.0,
            13.0,
            18.0,
            10.0,
            14.0,
            11.0
        ],
        "max": [
            116.0,
            136.0,
            113.0,
            165.0,
            148.0,
            96.0,
            107.0,
            90.0
        ],
        "RawIntDen": [
            4988.0,
            6074.0,
            5076.0,
            4987.0,
            6060.0,
            4474.0,
            4060.0,
            4806.0
        ],
        "IntDen": [
            2246.0600505592383,
            2735.0779364668833,
            2285.6858092699867,
            2245.6097578466165,
            2728.7738384901736,
            2014.609596271458,
            1828.1884132458918,
            2164.1067768620087
        ],
        "FlagUp": 0,
        "Times": [
            -15,
            -10,
            -5,
            2,
            10,
            20,
            30,
            40
        ],
        "width": 0,
        "height": 0,
        "area": 0.4502927126221408,
        "distance": 0,
        "xpert": [
            [
                224.0,
                289.6
            ],
            [
                219.2,
                289.8
            ],
            [
                216.2,
                285.0
            ],
            [
                219.2,
                280.2
            ],
            [
                224.0,
                280.0
            ],
            [
                227.4,
                281.6
            ],
            [
                229.0,
                285.0
            ],
            [
                228.8,
                289.8
            ]
        ],
        "stack": 0
    },
    {
        "type": "Stim",
        "location": [
            312,
            254
        ],
        "radloc": [
            0,
            0
        ],
        "mean": [
            61.71052631578947,
            58.805263157894736,
            51.15263157894737,
            142.26842105263157,
            135.6315789473684,
            78.47894736842105,
            81.19473684210526,
            68.11578947368422
        ],
        "min": [
            11.0,
            11.0,
            8.0,
            26.0,
            39.0,
            19.0,
            15.0,
            9.0
        ],
        "max": [
            183.0,
            174.0,
            193.0,
            255.0,
            233.0,
            162.0,
            187.0,
            165.0
        ],
        "RawIntDen": [
            11725.0,
            11173.0,
            9719.0,
            27031.0,
            25770.0,
            14911.0,
            15427.0,
            12942.0
        ],
        "IntDen": [
            11169.11195677645,
            10643.282549514992,
            9258.217407924121,
            25749.44693421102,
            24548.231567260482,
            14204.062122600739,
            14695.598307649492,
            12328.413385467022
        ],
        "FlagUp": 0,
        "Times": [
            -15,
            -10,
            -5,
            2,
            10,
            20,
            30,
            40
        ],
        "width": 0,
        "height": 0,
        "area": 0.9525895059084393,
        "distance": 0,
        "xpert": [
            [
                312.0,
                264.8
            ],
            [
                304.4,
                261.6
            ],
            [
                306.4,
                254.0
            ],
            [
                305.8,
                247.8
            ],
            [
                312.0,
                246.0
            ],
            [
                318.2,
                247.8
            ],
            [
                321.0,
                254.0
            ],
            [
                317.4,
                259.4
            ]
        ],
        "stack": 0
    },
    {
        "type": "Spine",
        "location": [
            283,
            297
        ],
        "radloc": [
            0,
            0
        ],
        "mean": [
            103.0,
            101.91525423728814,
            136.77966101694915,
            85.7457627118644,
            113.9322033898305,
            86.82485875706215,
            97.38983050847457,
            97.89830508474576
        ],
        "min": [
            20.0,
            15.0,
            41.0,
            14.0,
            20.0,
            30.0,
            32.0,
            20.0
        ],
        "max": [
            228.0,
            244.0,
            255.0,
            224.0,
            220.0,
            182.0,
            206.0,
            219.0
        ],
        "RawIntDen": [
            18231.0,
            18039.0,
            24210.0,
            15177.0,
            20166.0,
            15368.0,
            17238.0,
            17328.0
        ],
        "IntDen": [
            14485.461667493868,
            14332.90785036048,
            19236.082879163325,
            12058.902513715893,
            16022.918105791308,
            12210.661779718379,
            13696.47239450712,
            13767.981996288396
        ],
        "FlagUp": 0,
        "Times": [
            -15,
            -10,
            -5,
            2,
            10,
            20,
            30,
            40
        ],
        "width": 0,
        "height": 0,
        "area": 0.79455113090307,
        "distance": -3.0243177213733428,
        "xpert": [
            [
                283.0,
                305.0
            ],
            [
                276.6,
                303.4
            ],
            [
                274.2,
                297.0
            ],
            [
                277.0,
                291.0
            ],
            [
                283.0,
                289.2
            ],
            [
                288.6,
                291.4
            ],
            [
                289.0,
                297.0
            ],
            [
                288.6,
                302.6
            ]
        ],
        "stack": 0
    },
    {
        "type": "Spine",
        "location": [
            213,
            311
        ],
        "radloc": [
            0,
            0
        ],
        "mean": [
            37.640243902439025,
            40.30487804878049,
            30.51219512195122,
            56.08536585365854,
            65.34756097560975,
            49.90853658536585,
            57.5,
            40.08536585365854
        ],
        "min": [
            6.0,
            5.0,
            7.0,
            10.0,
            10.0,
            11.0,
            13.0,
            7.0
        ],
        "max": [
            107.0,
            121.0,
            77.0,
            128.0,
            143.0,
            132.0,
            124.0,
            81.0
        ],
        "RawIntDen": [
            6173.0,
            6610.0,
            5004.0,
            9198.0,
            10717.0,
            8185.0,
            9430.0,
            6574.0
        ],
        "IntDen": [
            4553.4221675767485,
            4875.768755496891,
            3691.126604010052,
            6784.76868578826,
            7905.236573776124,
            6037.54421539214,
            6955.900055118862,
            4849.213887842142
        ],
        "FlagUp": 0,
        "Times": [
            -15,
            -10,
            -5,
            2,
            10,
            20,
            30,
            40
        ],
        "width": 0,
        "height": 0,
        "area": 0.7376352126319048,
        "distance": -0.72479,
        "xpert": [
            [
                213.0,
                319.2
            ],
            [
                207.2,
                316.8
            ],
            [
                206.8,
                311.0
            ],
            [
                208.0,
                306.0
            ],
            [
                213.0,
                301.4
            ],
            [
                219.6,
                304.4
            ],
            [
                219.0,
                311.0
            ],
            [
                217.6,
                315.6
            ]
        ],
        "stack": 0
    },
    {
        "type": "Spine",
        "location": [
            342,
            258
        ],
        "radloc": [
            0,
            0
        ],
        "mean": [
            41.44202898550725,
            53.8768115942029,
            46.18840579710145,
            67.92753623188406,
            62.507246376811594,
            41.88405797101449,
            44.85507246376812,
            40.22463768115942
        ],
        "min": [
            9.0,
            9.0,
            8.0,
            15.0,
            11.0,
            7.0,
            6.0,
            8.0
        ],
        "max": [
            123.0,
            151.0,
            110.0,
            159.0,
            172.0,
            102.0,
            130.0,
            105.0
        ],
        "RawIntDen": [
            5719.0,
            7435.0,
            6374.0,
            9374.0,
            8626.0,
            5780.0,
            6190.0,
            5551.0
        ],
        "IntDen": [
            3955.184537843807,
            5141.947375217469,
            4408.173849312192,
            6482.934054510902,
            5965.627176681357,
            3997.3713286828474,
            4280.921890060004,
            3838.997966352679
        ],
        "FlagUp": 0,
        "Times": [
            -15,
            -10,
            -5,
            2,
            10,
            20,
            30,
            40
        ],
        "width": 0,
        "height": 0,
        "area": 0.6915867350662366,
        "distance": 2.05857759487429,
        "xpert": [
            [
                342.0,
                263.4
            ],
            [
                334.4,
                265.6
            ],
            [
                335.0,
                258.0
            ],
            [
                336.8,
                252.8
            ],
            [
                342.0,
                252.2
            ],
            [
                347.0,
                253.0
            ],
            [
                349.8,
                258.0
            ],
            [
                347.4,
                263.4
            ]
        ],
        "stack": 0
    },
    {
        "type": "Spine",
        "location": [
            62,
            261
        ],
        "radloc": [
            0,
            0
        ],
        "mean": [
            103.78494623655914,
            74.67204301075269,
            78.86021505376344,
            63.784946236559136,
            71.20430107526882,
            50.166666666666664,
            54.33870967741935,
            52.833333333333336
        ],
        "min": [
            20.0,
            14.0,
            16.0,
            10.0,
            16.0,
            13.0,
            11.0,
            10.0
        ],
        "max": [
            255.0,
            251.0,
            248.0,
            228.0,
            254.0,
            146.0,
            114.0,
            117.0
        ],
        "RawIntDen": [
            19304.0,
            13889.0,
            14668.0,
            11864.0,
            13244.0,
            9331.0,
            10107.0,
            9827.0
        ],
        "IntDen": [
            16264.862087146736,
            11702.376167031756,
            12358.733790627244,
            9996.18337142089,
            11158.922165466813,
            7861.967889306164,
            8515.797819871117,
            8279.879803687887
        ],
        "FlagUp": 0,
        "Times": [
            -15,
            -10,
            -5,
            2,
            10,
            20,
            30,
            40
        ],
        "width": 0,
        "height": 0,
        "area": 0.8425643435115383,
        "distance": 4.422055695744791,
        "xpert": [
            [
                62.0,
                267.8
            ],
            [
                57.8,
                265.2
            ],
            [
                54.8,
                261.0
            ],
            [
                56.0,
                255.0
            ],
            [
                62.0,
                251.6
            ],
            [
                70.8,
                252.2
            ],
            [
                68.8,
                261.0
            ],
            [
                67.2,
                266.2
            ]
        ],
        "stack": 0
    },
    {
        "type": "Spine",
        "location": [
            26,
            221
        ],
        "radloc": [
            0,
            0
        ],
        "mean": [
            51.45283018867924,
            55.20754716981132,
            60.72641509433962,
            48.386792452830186,
            46.160377358490564,
            39.10377358490566,
            34.20754716981132,
            41.0
        ],
        "min": [
            14.0,
            20.0,
            19.0,
            15.0,
            12.0,
            10.0,
            10.0,
            10.0
        ],
        "max": [
            112.0,
            109.0,
            131.0,
            93.0,
            99.0,
            82.0,
            94.0,
            94.0
        ],
        "RawIntDen": [
            5454.0,
            5852.0,
            6437.0,
            5129.0,
            4893.0,
            4145.0,
            3626.0,
            4346.0
        ],
        "IntDen": [
            2520.525308710653,
            2704.45803200857,
            2974.8114067052575,
            2370.328989434716,
            2261.2633545143426,
            1915.5807489192623,
            1675.7287805986116,
            2008.471395609919
        ],
        "FlagUp": 0,
        "Times": [
            -15,
            -10,
            -5,
            2,
            10,
            20,
            30,
            40
        ],
        "width": 0,
        "height": 0,
        "area": 0.46214252084903795,
        "distance": 7.097056581238157,
        "xpert": [
            [
                26.0,
                227.6
            ],
            [
                21.6,
                225.4
            ],
            [
                20.8,
                221.0
            ],
            [
                22.2,
                217.2
            ],
            [
                26.0,
                215.8
            ],
            [
                30.0,
                217.0
            ],
            [
                33.6,
                221.0
            ],
            [
                30.8,
                225.8
            ]
        ],
        "stack": 0
    },
    {
        "type": "Spine",
        "location": [
            8,
            175
        ],
        "radloc": [
            0,
            0
        ],
        "mean": [
            67.584,
            57.656,
            59.184,
            49.248,
            54.48,
            36.912,
            43.128,
            49.416
        ],
        "min": [
            17.0,
            16.0,
            18.0,
            10.0,
            14.0,
            10.0,
            15.0,
            16.0
        ],
        "max": [
            160.0,
            115.0,
            108.0,
            110.0,
            108.0,
            96.0,
            123.0,
            110.0
        ],
        "RawIntDen": [
            8448.0,
            7207.0,
            7398.0,
            6156.0,
            6810.0,
            4614.0,
            5391.0,
            6177.0
        ],
        "IntDen": [
            4893.840634012453,
            4174.941932922318,
            4285.586293847553,
            3566.1083029096426,
            3944.9638633552086,
            2672.8433576389034,
            3122.9515693609296,
            3578.2733897129406
        ],
        "FlagUp": 0,
        "Times": [
            -15,
            -10,
            -5,
            2,
            10,
            20,
            30,
            40
        ],
        "width": 0,
        "height": 0,
        "area": 0.5792898477760953,
        "distance": 9.344742276982947,
        "xpert": [
            [
                8.0,
                181.4
            ],
            [
                0.4,
                182.6
            ],
            [
                2.0,
                175.0
            ],
            [
                4.4,
                171.4
            ],
            [
                8.0,
                169.2
            ],
            [
                13.2,
                169.8
            ],
            [
                14.0,
                175.0
            ],
            [
                12.2,
                179.2
            ]
        ],
        "stack": 0
    },
    {
        "type": "Spine",
        "location": [
            50,
            221
        ],
        "radloc": [
            0,
            0
        ],
        "mean": [
            123.05405405405405,
            109.81981981981981,
            93.33333333333333,
            78.51351351351352,
            102.76576576576576,
            95.54054054054055,
            108.63963963963964,
            98.91891891891892
        ],
        "min": [
            45.0,
            23.0,
            22.0,
            15.0,
            23.0,
            26.0,
            32.0,
            29.0
        ],
        "max": [
            255.0,
            247.0,
            238.0,
            238.0,
            221.0,
            180.0,
            217.0,
            180.0
        ],
        "RawIntDen": [
            13659.0,
            12190.0,
            10360.0,
            8715.0,
            11407.0,
            10605.0,
            12059.0,
            10980.0
        ],
        "IntDen": [
            7092.335124563122,
            6329.5676966413685,
            5379.353678195617,
            4525.199546860503,
            5923.000714978514,
            5506.568123288082,
            6261.5469117143775,
            5701.284110674506
        ],
        "FlagUp": 0,
        "Times": [
            -15,
            -10,
            -5,
            2,
            10,
            20,
            30,
            40
        ],
        "width": 0,
        "height": 0,
        "area": 0.519242633030465,
        "distance": 5.978866201741,
        "xpert": [
            [
                50.0,
                226.2
            ],
            [
                47.0,
                224.0
            ],
            [
                44.4,
                221.0
            ],
            [
                44.4,
                215.4
            ],
            [
                50.0,
                215.4
            ],
            [
                54.6,
                216.4
            ],
            [
                56.6,
                221.0
            ],
            [
                56.4,
                227.4
            ]
        ],
        "stack": 0
    },
    {
        "type": "Spine",
        "location": [
            453,
            243
        ],
        "radloc": [
            0,
            0
        ],
        "mean": [
            56.40939597315436,
            51.83221476510067,
            57.19463087248322,
            52.33557046979866,
            48.26845637583892,
            56.49664429530201,
            62.22818791946309,
            59.369127516778526
        ],
        "min": [
            10.0,
            8.0,
            12.0,
            8.0,
            6.0,
            12.0,
            15.0,
            14.0
        ],
        "max": [
            123.0,
            131.0,
            137.0,
            161.0,
            136.0,
            145.0,
            153.0,
            143.0
        ],
        "RawIntDen": [
            8405.0,
            7723.0,
            8522.0,
            7798.0,
            7192.0,
            8418.0,
            9272.0,
            8846.0
        ],
        "IntDen": [
            5657.971526655953,
            5198.871398020694,
            5736.73210590863,
            5249.358948823691,
            4841.419538335469,
            5666.722702128473,
            6241.607613938609,
            5954.838325377581
        ],
        "FlagUp": 0,
        "Times": [
            -15,
            -10,
            -5,
            2,
            10,
            20,
            30,
            40
        ],
        "width": 0,
        "height": 0,
        "area": 0.6731673440399707,
        "distance": 10.278975589601423,
        "xpert": [
            [
                453.0,
                253.0
            ],
            [
                448.2,
                247.8
            ],
            [
                447.6,
                243.0
            ],
            [
                448.6,
                238.6
            ],
            [
                453.0,
                236.2
            ],
            [
                457.6,
                238.4
            ],
            [
                459.6,
                243.0
            ],
            [
                459.8,
                249.8
            ]
        ],
        "stack": 0
    },
    {
        "type": "Spine",
        "location": [
            444,
            256
        ],
        "radloc": [
            0,
            0
        ],
        "mean": [
            67.08333333333333,
            80.15,
            108.53333333333333,
            75.3,
            73.16666666666667,
            79.60833333333333,
            109.725,
            104.60833333333333
        ],
        "min": [
            9.0,
            9.0,
            20.0,
            11.0,
            13.0,
            14.0,
            26.0,
            22.0
        ],
        "max": [
            227.0,
            254.0,
            253.0,
            251.0,
            230.0,
            227.0,
            231.0,
            225.0
        ],
        "RawIntDen": [
            8050.0,
            9618.0,
            13024.0,
            9036.0,
            8780.0,
            9553.0,
            13167.0,
            12553.0
        ],
        "IntDen": [
            4291.110269216333,
            5126.943921654993,
            6942.536664133357,
            4816.704645048296,
            4680.2420079154535,
            5092.295205195482,
            7018.763840344281,
            6691.466734095979
        ],
        "FlagUp": 0,
        "Times": [
            -15,
            -10,
            -5,
            2,
            10,
            20,
            30,
            40
        ],
        "width": 0,
        "height": 0,
        "area": 0.5330571763001656,
        "distance": 9.28811730366033,
        "xpert": [
            [
                444.0,
                262.2
            ],
            [
                437.4,
                262.6
            ],
            [
                438.2,
                256.0
            ],
            [
                439.6,
                251.6
            ],
            [
                444.0,
                250.8
            ],
            [
                448.2,
                251.8
            ],
            [
                450.4,
                256.0
            ],
            [
                448.8,
                260.8
            ]
        ],
        "stack": 0
    },
    {
        "type": "Spine",
        "location": [
            470,
            261
        ],
        "radloc": [
            0,
            0
        ],
        "mean": [
            135.06486486486486,
            144.38918918918918,
            131.34594594594594,
            123.19459459459459,
            125.12972972972973,
            114.43243243243244,
            104.98378378378378,
            112.02702702702703
        ],
        "min": [
            14.0,
            12.0,
            15.0,
            18.0,
            29.0,
            17.0,
            9.0,
            12.0
        ],
        "max": [
            255.0,
            254.0,
            249.0,
            251.0,
            217.0,
            194.0,
            221.0,
            254.0
        ],
        "RawIntDen": [
            24987.0,
            26712.0,
            24299.0,
            22791.0,
            23149.0,
            21170.0,
            19422.0,
            20725.0
        ],
        "IntDen": [
            21556.3568050963,
            23044.51926912924,
            20962.817225238523,
            19661.86128566654,
            19970.708915883228,
            18263.41992091442,
            16755.415290694375,
            17879.517140337808
        ],
        "FlagUp": 0,
        "Times": [
            -15,
            -10,
            -5,
            2,
            10,
            20,
            30,
            40
        ],
        "width": 0,
        "height": 0,
        "area": 0.8627028777002561,
        "distance": 10.847300505996213,
        "xpert": [
            [
                470.0,
                267.2
            ],
            [
                465.0,
                266.0
            ],
            [
                463.4,
                261.0
            ],
            [
                460.8,
                251.8
            ],
            [
                470.0,
                248.4
            ],
            [
                474.8,
                256.2
            ],
            [
                475.2,
                261.0
            ],
            [
                473.8,
                264.8
            ]
        ],
        "stack": 0
    }
]