[
    {
        "type": "Spine",
        "location": [
            130,
            269
        ],
        "radloc": [
            0,
            0
        ],
        "mean": [
            36.25165562913907,
            33.23841059602649,
            26.198675496688743,
            19.1523178807947,
            19.32450331125828,
            23.496688741721854,
            30.556291390728475,
            37.09271523178808
        ],
        "min": [
            8.0,
            11.0,
            7.0,
            7.0,
            5.0,
            4.0,
            6.0,
            6.0
        ],
        "max": [
            88.0,
            68.0,
            65.0,
            54.0,
            62.0,
            80.0,
            106.0,
            129.0
        ],
        "RawIntDen": [
            5474.0,
            5019.0,
            3956.0,
            2892.0,
            2918.0,
            3548.0,
            4614.0,
            5601.0
        ],
        "IntDen": [
            3891.9510140425127,
            3568.451249448186,
            2812.670480736606,
            2056.1787235314114,
            2074.664424365373,
            2522.587175342133,
            3280.500909534555,
            3982.2465527314785
        ],
        "FlagUp": 0,
        "Times": [
            -15,
            -10,
            -5,
            2,
            10,
            20,
            30,
            40
        ],
        "width": 0,
        "height": 0,
        "area": 0.7109884936139044,
        "distance": 2.0971750632495265,
        "xpert": [
            [
                130.0,
                275.0
            ],
            [
                125.6,
                273.4
            ],
            [
                124.2,
                269.0
            ],
            [
                121.8,
                260.8
            ],
            [
                130.0,
                259.8
            ],
            [
                134.8,
                264.2
            ],
            [
                135.4,
                269.0
            ],
            [
                134.8,
                273.8
            ]
        ],
        "stack": 0
    },
    {
        "type": "Spine",
        "location": [
            131,
            242
        ],
        "radloc": [
            0,
            0
        ],
        "mean": [
            50.392857142857146,
            55.95238095238095,
            22.714285714285715,
            20.392857142857142,
            17.214285714285715,
            16.642857142857142,
            18.726190476190474,
            19.464285714285715
        ],
        "min": [
            14.0,
            19.0,
            8.0,
            8.0,
            7.0,
            6.0,
            7.0,
            6.0
        ],
        "max": [
            100.0,
            120.0,
            66.0,
            44.0,
            35.0,
            32.0,
            43.0,
            48.0
        ],
        "RawIntDen": [
            4233.0,
            4700.0,
            1908.0,
            1713.0,
            1446.0,
            1398.0,
            1573.0,
            1635.0
        ],
        "IntDen": [
            1630.8574863134322,
            1810.77963280726,
            735.0994764672877,
            659.9713853189014,
            557.103691284957,
            538.610622694585,
            606.033268596983,
            629.9201488595469
        ],
        "FlagUp": 0,
        "Times": [
            -15,
            -10,
            -5,
            2,
            10,
            20,
            30,
            40
        ],
        "width": 0,
        "height": 0,
        "area": 0.385272262299417,
        "distance": 2.333343369546293,
        "xpert": [
            [
                131.0,
                246.6
            ],
            [
                128.0,
                245.0
            ],
            [
                123.6,
                242.0
            ],
            [
                125.2,
                236.2
            ],
            [
                131.0,
                237.0
            ],
            [
                134.4,
                238.6
            ],
            [
                135.4,
                242.0
            ],
            [
                134.0,
                245.0
            ]
        ],
        "stack": 0
    },
    {
        "type": "Spine",
        "location": [
            111,
            234
        ],
        "radloc": [
            0,
            0
        ],
        "mean": [
            48.12154696132597,
            43.591160220994475,
            38.89502762430939,
            43.12707182320442,
            47.94475138121547,
            54.9060773480663,
            61.226519337016576,
            64.95027624309392
        ],
        "min": [
            7.0,
            6.0,
            6.0,
            9.0,
            11.0,
            12.0,
            10.0,
            7.0
        ],
        "max": [
            110.0,
            108.0,
            98.0,
            102.0,
            98.0,
            101.0,
            140.0,
            135.0
        ],
        "RawIntDen": [
            8710.0,
            7890.0,
            7040.0,
            7806.0,
            8678.0,
            9938.0,
            11082.0,
            11756.0
        ],
        "IntDen": [
            7620.562552342294,
            6903.127271869196,
            6159.444359183668,
            6829.633901674391,
            7592.565077982368,
            8694.965630904446,
            9695.875339271792,
            10285.572142977728
        ],
        "FlagUp": 0,
        "Times": [
            -15,
            -10,
            -5,
            2,
            10,
            20,
            30,
            40
        ],
        "width": 0,
        "height": 0,
        "area": 0.8749210737476801,
        "distance": 3.967447974371449,
        "xpert": [
            [
                111.0,
                243.0
            ],
            [
                103.8,
                241.2
            ],
            [
                104.0,
                234.0
            ],
            [
                104.6,
                227.6
            ],
            [
                111.0,
                227.0
            ],
            [
                115.6,
                229.4
            ],
            [
                117.2,
                234.0
            ],
            [
                117.2,
                240.2
            ]
        ],
        "stack": 0
    },
    {
        "type": "Spine",
        "location": [
            88,
            226
        ],
        "radloc": [
            0,
            0
        ],
        "mean": [
            46.53846153846154,
            37.80769230769231,
            39.0625,
            41.00480769230769,
            44.92307692307692,
            51.90384615384615,
            47.71153846153846,
            48.86538461538461
        ],
        "min": [
            7.0,
            6.0,
            7.0,
            9.0,
            8.0,
            11.0,
            8.0,
            7.0
        ],
        "max": [
            94.0,
            86.0,
            93.0,
            91.0,
            106.0,
            111.0,
            108.0,
            126.0
        ],
        "RawIntDen": [
            9680.0,
            7864.0,
            8125.0,
            8529.0,
            9344.0,
            10796.0,
            9924.0,
            10164.0
        ],
        "IntDen": [
            9530.119239426414,
            7742.237365583607,
            7999.196159125993,
            8396.940805068996,
            9199.321712107481,
            10628.839598021443,
            9770.341253312783,
            10006.625201397736
        ],
        "FlagUp": 0,
        "Times": [
            -15,
            -10,
            -5,
            2,
            10,
            20,
            30,
            40
        ],
        "width": 0,
        "height": 0,
        "area": 0.9845164503539684,
        "distance": 5.6240632906190795,
        "xpert": [
            [
                88.0,
                237.4
            ],
            [
                78.6,
                235.4
            ],
            [
                78.0,
                226.0
            ],
            [
                82.8,
                220.8
            ],
            [
                88.0,
                220.0
            ],
            [
                92.2,
                221.8
            ],
            [
                93.6,
                226.0
            ],
            [
                93.0,
                231.0
            ]
        ],
        "stack": 0
    },
    {
        "type": "Spine",
        "location": [
            37,
            219
        ],
        "radloc": [
            0,
            0
        ],
        "mean": [
            38.76646706586826,
            40.58083832335329,
            35.21556886227545,
            31.694610778443113,
            41.97005988023952,
            35.52095808383233,
            28.389221556886227,
            33.83832335329341
        ],
        "min": [
            6.0,
            8.0,
            7.0,
            7.0,
            6.0,
            5.0,
            5.0,
            5.0
        ],
        "max": [
            109.0,
            87.0,
            109.0,
            84.0,
            101.0,
            93.0,
            77.0,
            90.0
        ],
        "RawIntDen": [
            6474.0,
            6777.0,
            5881.0,
            5293.0,
            7009.0,
            5932.0,
            4741.0,
            5651.0
        ],
        "IntDen": [
            4885.157733082672,
            5113.795791952621,
            4437.691169023663,
            3993.9975102265344,
            5288.858596103869,
            4476.174802694843,
            3577.468769314944,
            4264.137526977167
        ],
        "FlagUp": 0,
        "Times": [
            -15,
            -10,
            -5,
            2,
            10,
            20,
            30,
            40
        ],
        "width": 0,
        "height": 0,
        "area": 0.7545810523760692,
        "distance": 8.739623923114342,
        "xpert": [
            [
                37.0,
                224.8
            ],
            [
                33.0,
                223.0
            ],
            [
                31.0,
                219.0
            ],
            [
                31.8,
                213.8
            ],
            [
                37.0,
                209.4
            ],
            [
                42.6,
                213.4
            ],
            [
                46.8,
                219.0
            ],
            [
                43.2,
                225.2
            ]
        ],
        "stack": 0
    }
]