[
    {
        "type": "Stim",
        "location": [
            112,
            242
        ],
        "radloc": [
            0,
            0
        ],
        "mean": [
            115.28014184397163,
            108.68439716312056,
            162.01063829787233,
            170.06028368794327,
            203.6595744680851,
            173.7659574468085,
            193.0709219858156
        ],
        "min": [
            8.0,
            10.0,
            24.0,
            33.0,
            52.0,
            38.0,
            50.0
        ],
        "max": [
            255.0,
            255.0,
            255.0,
            255.0,
            255.0,
            255.0,
            255.0
        ],
        "RawIntDen": [
            32509.0,
            30649.0,
            45687.0,
            47957.0,
            57432.0,
            49002.0,
            54446.0
        ],
        "IntDen": [
            41598.35693018124,
            39218.31005423497,
            58460.86108675106,
            61365.54195148117,
            73489.70547276658,
            62702.718825332704,
            69668.83452030661
        ],
        "FlagUp": 0,
        "Times": [
            -15,
            -10,
            -5,
            2,
            10,
            30,
            40
        ],
        "width": 0,
        "height": 0,
        "area": 1.2795950945947656,
        "distance": 0,
        "xpert": [
            [
                112.0,
                250.4
            ],
            [
                102.4,
                251.6
            ],
            [
                102.4,
                242.0
            ],
            [
                105.6,
                235.6
            ],
            [
                112.0,
                233.2
            ],
            [
                119.4,
                234.6
            ],
            [
                121.8,
                242.0
            ],
            [
                119.8,
                249.8
            ]
        ],
        "stack": 0
    },
    {
        "type": "Stim",
        "location": [
            129,
            225
        ],
        "radloc": [
            0,
            0
        ],
        "mean": [
            61.25,
            59.69444444444444,
            49.105555555555554,
            166.4388888888889,
            95.21666666666667,
            79.17222222222222,
            58.733333333333334
        ],
        "min": [
            14.0,
            5.0,
            7.0,
            54.0,
            27.0,
            7.0,
            6.0
        ],
        "max": [
            213.0,
            174.0,
            152.0,
            255.0,
            195.0,
            244.0,
            255.0
        ],
        "RawIntDen": [
            11025.0,
            10745.0,
            8839.0,
            29959.0,
            17139.0,
            14251.0,
            10572.0
        ],
        "IntDen": [
            8863.493849099264,
            8638.389243407853,
            7106.070034665614,
            24085.388863960532,
            13778.813703375265,
            11457.020484672437,
            8499.306754891377
        ],
        "FlagUp": 0,
        "Times": [
            -15,
            -10,
            -5,
            2,
            10,
            30,
            40
        ],
        "width": 0,
        "height": 0,
        "area": 0.8039450203264639,
        "distance": 0,
        "xpert": [
            [
                129.0,
                233.4
            ],
            [
                123.4,
                230.6
            ],
            [
                121.2,
                225.0
            ],
            [
                122.8,
                218.8
            ],
            [
                129.0,
                219.0
            ],
            [
                133.4,
                220.6
            ],
            [
                135.6,
                225.0
            ],
            [
                137.2,
                233.2
            ]
        ],
        "stack": 0
    },
    {
        "type": "Stim",
        "location": [
            154,
            228
        ],
        "radloc": [
            0,
            0
        ],
        "mean": [
            82.21343873517786,
            71.87351778656127,
            117.75098814229248,
            197.44268774703556,
            150.4822134387352,
            129.01581027667984,
            136.39525691699606
        ],
        "min": [
            10.0,
            7.0,
            14.0,
            56.0,
            18.0,
            13.0,
            12.0
        ],
        "max": [
            251.0,
            255.0,
            255.0,
            255.0,
            255.0,
            255.0,
            255.0
        ],
        "RawIntDen": [
            20800.0,
            18184.0,
            29791.0,
            49953.0,
            38072.0,
            32641.0,
            34508.0
        ],
        "IntDen": [
            22940.148123001753,
            20054.98333983961,
            32856.2477275166,
            55092.750922514744,
            41989.294198986674,
            35999.48917706251,
            38058.58804944925
        ],
        "FlagUp": 0,
        "Times": [
            -15,
            -10,
            -5,
            2,
            10,
            30,
            40
        ],
        "width": 0,
        "height": 0,
        "area": 1.1028917366827766,
        "distance": 0,
        "xpert": [
            [
                154.0,
                236.2
            ],
            [
                145.8,
                236.2
            ],
            [
                145.0,
                228.0
            ],
            [
                147.6,
                221.6
            ],
            [
                154.0,
                219.4
            ],
            [
                159.8,
                222.2
            ],
            [
                163.2,
                228.0
            ],
            [
                162.0,
                236.0
            ]
        ],
        "stack": 0
    },
    {
        "type": "Stim",
        "location": [
            180,
            225
        ],
        "radloc": [
            0,
            0
        ],
        "mean": [
            104.89449541284404,
            90.06422018348624,
            79.3256880733945,
            163.7018348623853,
            135.3348623853211,
            120.07798165137615,
            136.0
        ],
        "min": [
            15.0,
            9.0,
            10.0,
            46.0,
            21.0,
            13.0,
            23.0
        ],
        "max": [
            255.0,
            255.0,
            225.0,
            255.0,
            255.0,
            255.0,
            255.0
        ],
        "RawIntDen": [
            22867.0,
            19634.0,
            17293.0,
            35687.0,
            29503.0,
            26177.0,
            29648.0
        ],
        "IntDen": [
            23151.751929050617,
            19878.49291008789,
            17508.34154498064,
            36131.39332190622,
            29870.386896522516,
            26502.969792572618,
            30017.19251290037
        ],
        "FlagUp": 0,
        "Times": [
            -15,
            -10,
            -5,
            2,
            10,
            30,
            40
        ],
        "width": 0,
        "height": 0,
        "area": 1.0124525267438063,
        "distance": 0,
        "xpert": [
            [
                180.0,
                233.2
            ],
            [
                174.0,
                231.0
            ],
            [
                171.4,
                225.0
            ],
            [
                174.2,
                219.2
            ],
            [
                180.0,
                218.0
            ],
            [
                186.6,
                218.4
            ],
            [
                189.0,
                225.0
            ],
            [
                189.0,
                234.0
            ]
        ],
        "stack": 0
    },
    {
        "type": "Stim",
        "location": [
            201,
            217
        ],
        "radloc": [
            0,
            0
        ],
        "mean": [
            67.52173913043478,
            92.66956521739131,
            57.73913043478261,
            75.85217391304347,
            74.13913043478261,
            81.99130434782609,
            62.02608695652174
        ],
        "min": [
            16.0,
            8.0,
            10.0,
            17.0,
            9.0,
            10.0,
            9.0
        ],
        "max": [
            171.0,
            253.0,
            148.0,
            180.0,
            198.0,
            200.0,
            173.0
        ],
        "RawIntDen": [
            7765.0,
            10657.0,
            6640.0,
            8723.0,
            8526.0,
            9429.0,
            7133.0
        ],
        "IntDen": [
            4024.767716915615,
            5523.753967697323,
            3441.6558455015693,
            4521.319870528643,
            4419.21050282325,
            4887.254964944924,
            3697.188425596791
        ],
        "FlagUp": 0,
        "Times": [
            -15,
            -10,
            -5,
            2,
            10,
            30,
            40
        ],
        "width": 0,
        "height": 0,
        "area": 0.518321663479152,
        "distance": 0,
        "xpert": [
            [
                201.0,
                225.6
            ],
            [
                195.4,
                222.6
            ],
            [
                195.6,
                217.0
            ],
            [
                196.2,
                212.2
            ],
            [
                201.0,
                210.2
            ],
            [
                204.2,
                213.8
            ],
            [
                206.2,
                217.0
            ],
            [
                205.0,
                221.0
            ]
        ],
        "stack": 0
    },
    {
        "type": "Stim",
        "location": [
            309,
            233
        ],
        "radloc": [
            0,
            0
        ],
        "mean": [
            97.56666666666666,
            80.13333333333334,
            64.90666666666667,
            76.26666666666667,
            61.986666666666665,
            109.52666666666667,
            114.82
        ],
        "min": [
            26.0,
            23.0,
            16.0,
            18.0,
            11.0,
            18.0,
            24.0
        ],
        "max": [
            212.0,
            171.0,
            179.0,
            218.0,
            156.0,
            240.0,
            231.0
        ],
        "RawIntDen": [
            14635.0,
            12020.0,
            9736.0,
            11440.0,
            9298.0,
            16429.0,
            17223.0
        ],
        "IntDen": [
            10082.733818128443,
            8281.138400676726,
            6707.584315223678,
            7881.549359712292,
            6405.825694633295,
            11318.70405862878,
            11865.727676776643
        ],
        "FlagUp": 0,
        "Times": [
            -15,
            -10,
            -5,
            2,
            10,
            30,
            40
        ],
        "width": 0,
        "height": 0,
        "area": 0.6889466223524731,
        "distance": 0,
        "xpert": [
            [
                309.0,
                238.8
            ],
            [
                303.6,
                238.4
            ],
            [
                303.4,
                233.0
            ],
            [
                304.6,
                228.6
            ],
            [
                309.0,
                226.2
            ],
            [
                316.6,
                225.4
            ],
            [
                316.6,
                233.0
            ],
            [
                314.8,
                238.8
            ]
        ],
        "stack": 0
    },
    {
        "type": "Stim",
        "location": [
            353,
            271
        ],
        "radloc": [
            0,
            0
        ],
        "mean": [
            59.02162162162162,
            77.08648648648649,
            82.21621621621621,
            125.6108108108108,
            103.19459459459459,
            66.34054054054054,
            83.3891891891892
        ],
        "min": [
            6.0,
            7.0,
            14.0,
            27.0,
            18.0,
            19.0,
            16.0
        ],
        "max": [
            255.0,
            232.0,
            244.0,
            255.0,
            244.0,
            175.0,
            242.0
        ],
        "RawIntDen": [
            10919.0,
            14261.0,
            15210.0,
            23238.0,
            19091.0,
            12273.0,
            15427.0
        ],
        "IntDen": [
            9177.166315999355,
            11986.039823469806,
            12783.652318559409,
            19531.000169538696,
            16045.542827982754,
            10315.171920163026,
            12966.035786878107
        ],
        "FlagUp": 0,
        "Times": [
            -15,
            -10,
            -5,
            2,
            10,
            30,
            40
        ],
        "width": 0,
        "height": 0,
        "area": 0.8404768125285608,
        "distance": 0,
        "xpert": [
            [
                353.0,
                281.0
            ],
            [
                348.4,
                275.6
            ],
            [
                347.8,
                271.0
            ],
            [
                349.0,
                267.0
            ],
            [
                353.0,
                260.2
            ],
            [
                359.2,
                264.8
            ],
            [
                360.0,
                271.0
            ],
            [
                360.2,
                278.2
            ]
        ],
        "stack": 0
    },
    {
        "type": "Spine",
        "location": [
            55,
            231
        ],
        "radloc": [
            0,
            0
        ],
        "mean": [
            55.85443037974684,
            48.43037974683544,
            61.32911392405063,
            51.322784810126585,
            61.39873417721519,
            32.81645569620253,
            59.40506329113924
        ],
        "min": [
            6.0,
            6.0,
            9.0,
            8.0,
            9.0,
            6.0,
            12.0
        ],
        "max": [
            182.0,
            155.0,
            183.0,
            136.0,
            178.0,
            146.0,
            191.0
        ],
        "RawIntDen": [
            8825.0,
            7652.0,
            9690.0,
            8109.0,
            9701.0,
            5185.0,
            9386.0
        ],
        "IntDen": [
            6028.479419088402,
            5227.186913865661,
            6619.372869231345,
            5539.369927409389,
            6626.887121198481,
            3541.9451317816847,
            6411.706269412322
        ],
        "FlagUp": 0,
        "Times": [
            -15,
            -10,
            -5,
            2,
            10,
            30,
            40
        ],
        "width": 0,
        "height": 0,
        "area": 0.6831138151941533,
        "distance": 4.208116258930949,
        "xpert": [
            [
                55.0,
                240.2
            ],
            [
                48.8,
                237.2
            ],
            [
                49.0,
                231.0
            ],
            [
                50.6,
                226.6
            ],
            [
                55.0,
                223.6
            ],
            [
                59.4,
                226.6
            ],
            [
                61.2,
                231.0
            ],
            [
                61.2,
                237.2
            ]
        ],
        "stack": 0
    },
    {
        "type": "Spine",
        "location": [
            67,
            271
        ],
        "radloc": [
            0,
            0
        ],
        "mean": [
            122.37560975609756,
            148.4,
            91.86341463414634,
            77.42926829268292,
            102.23414634146341,
            127.87317073170732,
            106.25853658536586
        ],
        "min": [
            12.0,
            13.0,
            10.0,
            7.0,
            12.0,
            19.0,
            16.0
        ],
        "max": [
            255.0,
            255.0,
            255.0,
            245.0,
            252.0,
            248.0,
            254.0
        ],
        "RawIntDen": [
            25087.0,
            30422.0,
            18832.0,
            15873.0,
            20958.0,
            26214.0,
            21783.0
        ],
        "IntDen": [
            26791.8194899521,
            32489.366306187378,
            20111.7528853501,
            16951.67021820105,
            22382.227961510587,
            27995.406230701334,
            23263.29190216553
        ],
        "FlagUp": 0,
        "Times": [
            -15,
            -10,
            -5,
            2,
            10,
            30,
            40
        ],
        "width": 0,
        "height": 0,
        "area": 1.0679562917029577,
        "distance": 3.417436258930949,
        "xpert": [
            [
                67.0,
                278.0
            ],
            [
                61.4,
                276.6
            ],
            [
                60.2,
                271.0
            ],
            [
                55.8,
                259.8
            ],
            [
                67.0,
                259.2
            ],
            [
                71.4,
                266.6
            ],
            [
                72.2,
                271.0
            ],
            [
                73.4,
                277.4
            ]
        ],
        "stack": 0
    },
    {
        "type": "Spine",
        "location": [
            49,
            277
        ],
        "radloc": [
            0,
            0
        ],
        "mean": [
            116.67826086956522,
            102.1304347826087,
            38.426086956521736,
            44.608695652173914,
            57.48695652173913,
            66.75652173913043,
            65.92173913043479
        ],
        "min": [
            27.0,
            24.0,
            8.0,
            8.0,
            9.0,
            12.0,
            14.0
        ],
        "max": [
            254.0,
            228.0,
            175.0,
            127.0,
            186.0,
            188.0,
            168.0
        ],
        "RawIntDen": [
            13418.0,
            11745.0,
            4419.0,
            5130.0,
            6611.0,
            7677.0,
            7581.0
        ],
        "IntDen": [
            6911.176668543611,
            6049.468622152684,
            2276.083596534075,
            2642.2966395609424,
            3405.1117123074832,
            3954.1737430622525,
            3904.7272562400594
        ],
        "FlagUp": 0,
        "Times": [
            -15,
            -10,
            -5,
            2,
            10,
            30,
            40
        ],
        "width": 0,
        "height": 0,
        "area": 0.5150675710645112,
        "distance": 4.871698917054764,
        "xpert": [
            [
                49.0,
                281.8
            ],
            [
                44.4,
                281.6
            ],
            [
                41.4,
                277.0
            ],
            [
                43.6,
                271.6
            ],
            [
                49.0,
                269.8
            ],
            [
                54.0,
                272.0
            ],
            [
                54.4,
                277.0
            ],
            [
                52.4,
                280.4
            ]
        ],
        "stack": 0
    },
    {
        "type": "Spine",
        "location": [
            42,
            255
        ],
        "radloc": [
            0,
            0
        ],
        "mean": [
            57.65734265734266,
            47.88111888111888,
            129.8881118881119,
            101.67832167832168,
            96.3006993006993,
            87.27272727272727,
            97.93006993006993
        ],
        "min": [
            9.0,
            9.0,
            29.0,
            27.0,
            22.0,
            18.0,
            7.0
        ],
        "max": [
            150.0,
            166.0,
            249.0,
            223.0,
            183.0,
            249.0,
            212.0
        ],
        "RawIntDen": [
            8245.0,
            6847.0,
            18574.0,
            14540.0,
            13771.0,
            12480.0,
            14004.0
        ],
        "IntDen": [
            5477.368169683997,
            4548.640370870386,
            12339.191799115895,
            9659.300568490638,
            9148.433846539518,
            8290.788933615073,
            9303.221813008453
        ],
        "FlagUp": 0,
        "Times": [
            -15,
            -10,
            -5,
            2,
            10,
            30,
            40
        ],
        "width": 0,
        "height": 0,
        "area": 0.6643260363473616,
        "distance": 4.572852587992856,
        "xpert": [
            [
                42.0,
                264.8
            ],
            [
                35.2,
                261.8
            ],
            [
                36.6,
                255.0
            ],
            [
                38.2,
                251.2
            ],
            [
                42.0,
                249.8
            ],
            [
                45.2,
                251.8
            ],
            [
                51.2,
                255.0
            ],
            [
                47.2,
                260.2
            ]
        ],
        "stack": 0
    },
    {
        "type": "Spine",
        "location": [
            23,
            285
        ],
        "radloc": [
            0,
            0
        ],
        "mean": [
            88.84313725490196,
            96.95098039215686,
            57.78431372549019,
            54.03921568627451,
            44.09803921568628,
            49.14705882352941,
            76.15686274509804
        ],
        "min": [
            21.0,
            30.0,
            14.0,
            12.0,
            11.0,
            12.0,
            28.0
        ],
        "max": [
            199.0,
            242.0,
            131.0,
            141.0,
            97.0,
            138.0,
            148.0
        ],
        "RawIntDen": [
            9062.0,
            9889.0,
            5894.0,
            5512.0,
            4498.0,
            5013.0,
            7768.0
        ],
        "IntDen": [
            4064.9736864436964,
            4435.944028386859,
            2643.8926183954036,
            2472.5375148618023,
            2017.6839154296783,
            2248.699303701418,
            3484.5194875628595
        ],
        "FlagUp": 0,
        "Times": [
            -15,
            -10,
            -5,
            2,
            10,
            30,
            40
        ],
        "width": 0,
        "height": 0,
        "area": 0.4485735694596884,
        "distance": 6.644106638428106,
        "xpert": [
            [
                23.0,
                290.8
            ],
            [
                18.2,
                289.8
            ],
            [
                15.4,
                285.0
            ],
            [
                18.4,
                280.4
            ],
            [
                23.0,
                279.2
            ],
            [
                27.2,
                280.8
            ],
            [
                27.8,
                285.0
            ],
            [
                26.2,
                288.2
            ]
        ],
        "stack": 0
    },
    {
        "type": "Spine",
        "location": [
            21,
            295
        ],
        "radloc": [
            0,
            0
        ],
        "mean": [
            47.766666666666666,
            61.95,
            50.266666666666666,
            53.3,
            55.8,
            82.725,
            79.65
        ],
        "min": [
            9.0,
            18.0,
            7.0,
            6.0,
            11.0,
            33.0,
            15.0
        ],
        "max": [
            115.0,
            158.0,
            147.0,
            162.0,
            141.0,
            160.0,
            194.0
        ],
        "RawIntDen": [
            5732.0,
            7434.0,
            6032.0,
            6396.0,
            6696.0,
            9927.0,
            9558.0
        ],
        "IntDen": [
            3458.799141117537,
            4485.818704652437,
            3639.824916123689,
            3859.469523131153,
            4040.4952981373044,
            5990.1428949535575,
            5767.481191695991
        ],
        "FlagUp": 0,
        "Times": [
            -15,
            -10,
            -5,
            2,
            10,
            30,
            40
        ],
        "width": 0,
        "height": 0,
        "area": 0.6034192500205054,
        "distance": 6.775886638428106,
        "xpert": [
            [
                21.0,
                300.2
            ],
            [
                16.2,
                299.8
            ],
            [
                15.2,
                295.0
            ],
            [
                14.4,
                288.4
            ],
            [
                21.0,
                290.0
            ],
            [
                25.8,
                290.2
            ],
            [
                27.8,
                295.0
            ],
            [
                27.4,
                301.4
            ]
        ],
        "stack": 0
    },
    {
        "type": "Spine",
        "location": [
            17,
            261
        ],
        "radloc": [
            0,
            0
        ],
        "mean": [
            103.05633802816901,
            72.9530516431925,
            175.54929577464787,
            131.42723004694835,
            118.28169014084507,
            107.64319248826291,
            114.06572769953051
        ],
        "min": [
            8.0,
            7.0,
            57.0,
            11.0,
            16.0,
            11.0,
            9.0
        ],
        "max": [
            255.0,
            248.0,
            255.0,
            255.0,
            255.0,
            255.0,
            255.0
        ],
        "RawIntDen": [
            21951.0,
            15539.0,
            37392.0,
            27994.0,
            25194.0,
            22928.0,
            24296.0
        ],
        "IntDen": [
            22082.83199620716,
            15632.323192067015,
            37616.56662576548,
            28162.12468232988,
            25345.308610652963,
            23065.699604074427,
            24441.915456236577
        ],
        "FlagUp": 0,
        "Times": [
            -15,
            -10,
            -5,
            2,
            10,
            30,
            40
        ],
        "width": 0,
        "height": 0,
        "area": 1.0060057398846138,
        "distance": 7.039446638428106,
        "xpert": [
            [
                17.0,
                269.8
            ],
            [
                10.0,
                268.0
            ],
            [
                7.2,
                261.0
            ],
            [
                12.6,
                256.6
            ],
            [
                17.0,
                252.8
            ],
            [
                21.6,
                256.4
            ],
            [
                23.6,
                261.0
            ],
            [
                26.8,
                270.8
            ]
        ],
        "stack": 0
    },
    {
        "type": "Spine",
        "location": [
            126,
            260
        ],
        "radloc": [
            0,
            0
        ],
        "mean": [
            88.74657534246575,
            118.91780821917808,
            59.80821917808219,
            130.6095890410959,
            113.4041095890411,
            93.04794520547945,
            75.95205479452055
        ],
        "min": [
            13.0,
            15.0,
            11.0,
            29.0,
            24.0,
            16.0,
            12.0
        ],
        "max": [
            242.0,
            255.0,
            245.0,
            251.0,
            253.0,
            236.0,
            253.0
        ],
        "RawIntDen": [
            12957.0,
            17362.0,
            8732.0,
            19069.0,
            16557.0,
            13585.0,
            11089.0
        ],
        "IntDen": [
            8593.352849981122,
            11514.840795043006,
            5791.244662038679,
            12646.958825059042,
            10980.94799236995,
            9009.855558153395,
            7354.456259430475
        ],
        "FlagUp": 0,
        "Times": [
            -15,
            -10,
            -5,
            2,
            10,
            30,
            40
        ],
        "width": 0,
        "height": 0,
        "area": 0.6632208728857855,
        "distance": -0.6370421872549307,
        "xpert": [
            [
                126.0,
                265.6
            ],
            [
                121.0,
                265.0
            ],
            [
                117.2,
                260.0
            ],
            [
                117.8,
                251.8
            ],
            [
                126.0,
                253.8
            ],
            [
                130.6,
                255.4
            ],
            [
                131.4,
                260.0
            ],
            [
                129.8,
                263.8
            ]
        ],
        "stack": 0
    },
    {
        "type": "Spine",
        "location": [
            137,
            252
        ],
        "radloc": [
            0,
            0
        ],
        "mean": [
            135.59574468085106,
            142.7127659574468,
            126.47872340425532,
            160.31205673758865,
            176.62765957446808,
            157.44326241134752,
            160.3368794326241
        ],
        "min": [
            14.0,
            16.0,
            13.0,
            23.0,
            26.0,
            20.0,
            19.0
        ],
        "max": [
            255.0,
            255.0,
            251.0,
            255.0,
            255.0,
            255.0,
            255.0
        ],
        "RawIntDen": [
            38238.0,
            40245.0,
            35667.0,
            45208.0,
            49809.0,
            44399.0,
            45215.0
        ],
        "IntDen": [
            48724.90423163648,
            51282.33094832915,
            45448.79855718862,
            57606.45092588059,
            63469.29114685866,
            56575.5798676821,
            57615.370700178966
        ],
        "FlagUp": 0,
        "Times": [
            -15,
            -10,
            -5,
            2,
            10,
            30,
            40
        ],
        "width": 0,
        "height": 0,
        "area": 1.2742534711971463,
        "distance": -0.8852340504352508,
        "xpert": [
            [
                137.0,
                259.8
            ],
            [
                131.6,
                257.4
            ],
            [
                128.0,
                252.0
            ],
            [
                128.4,
                243.4
            ],
            [
                137.0,
                236.8
            ],
            [
                144.2,
                244.8
            ],
            [
                146.2,
                252.0
            ],
            [
                142.6,
                257.6
            ]
        ],
        "stack": 0
    },
    {
        "type": "Spine",
        "location": [
            154,
            251
        ],
        "radloc": [
            0,
            0
        ],
        "mean": [
            57.33613445378151,
            68.22689075630252,
            65.26050420168067,
            105.54621848739495,
            66.47899159663865,
            75.95798319327731,
            52.0
        ],
        "min": [
            14.0,
            12.0,
            16.0,
            31.0,
            18.0,
            14.0,
            15.0
        ],
        "max": [
            157.0,
            159.0,
            157.0,
            191.0,
            167.0,
            192.0,
            129.0
        ],
        "RawIntDen": [
            6823.0,
            8119.0,
            7766.0,
            12560.0,
            7911.0,
            9039.0,
            6188.0
        ],
        "IntDen": [
            3575.8870348095484,
            4255.111656986475,
            4070.10680233489,
            6582.6089927023195,
            4146.10029787166,
            4737.277283840467,
            3243.087933665761
        ],
        "FlagUp": 0,
        "Times": [
            -15,
            -10,
            -5,
            2,
            10,
            30,
            40
        ],
        "width": 0,
        "height": 0,
        "area": 0.5240930726673821,
        "distance": -0.44992506324952647,
        "xpert": [
            [
                154.0,
                260.0
            ],
            [
                149.6,
                255.4
            ],
            [
                147.4,
                251.0
            ],
            [
                149.6,
                246.6
            ],
            [
                154.0,
                245.4
            ],
            [
                158.4,
                246.6
            ],
            [
                159.2,
                251.0
            ],
            [
                158.6,
                255.6
            ]
        ],
        "stack": 0
    },
    {
        "type": "Spine",
        "location": [
            209,
            229
        ],
        "radloc": [
            0,
            0
        ],
        "mean": [
            137.0388888888889,
            144.5888888888889,
            163.7888888888889,
            155.39444444444445,
            166.7888888888889,
            128.05,
            117.02222222222223
        ],
        "min": [
            18.0,
            23.0,
            34.0,
            38.0,
            42.0,
            21.0,
            20.0
        ],
        "max": [
            255.0,
            255.0,
            255.0,
            255.0,
            255.0,
            250.0,
            245.0
        ],
        "RawIntDen": [
            24667.0,
            26026.0,
            29482.0,
            27971.0,
            30022.0,
            23049.0,
            21064.0
        ],
        "IntDen": [
            20195.907214877054,
            21308.57749926583,
            24138.149613208145,
            22901.0305552895,
            24580.270256011634,
            18871.18277032883,
            17245.980037060457
        ],
        "FlagUp": 0,
        "Times": [
            -15,
            -10,
            -5,
            2,
            10,
            30,
            40
        ],
        "width": 0,
        "height": 0,
        "area": 0.8187419311175682,
        "distance": -0.52712,
        "xpert": [
            [
                209.0,
                236.8
            ],
            [
                201.2,
                236.8
            ],
            [
                199.6,
                229.0
            ],
            [
                203.2,
                223.2
            ],
            [
                209.0,
                222.6
            ],
            [
                213.4,
                224.6
            ],
            [
                214.8,
                229.0
            ],
            [
                215.4,
                235.4
            ]
        ],
        "stack": 0
    },
    {
        "type": "Spine",
        "location": [
            224,
            229
        ],
        "radloc": [
            0,
            0
        ],
        "mean": [
            128.49242424242425,
            126.87878787878788,
            89.75757575757575,
            74.27272727272727,
            72.25757575757575,
            58.21969696969697,
            46.446969696969695
        ],
        "min": [
            34.0,
            33.0,
            15.0,
            18.0,
            10.0,
            10.0,
            8.0
        ],
        "max": [
            255.0,
            255.0,
            255.0,
            215.0,
            178.0,
            203.0,
            135.0
        ],
        "RawIntDen": [
            16961.0,
            16748.0,
            11848.0,
            9804.0,
            9538.0,
            7685.0,
            6131.0
        ],
        "IntDen": [
            10557.418900500874,
            10424.836492281625,
            7374.818650618145,
            6102.525493809951,
            5936.953096691076,
            4783.548390445682,
            3816.257017803836
        ],
        "FlagUp": 0,
        "Times": [
            -15,
            -10,
            -5,
            2,
            10,
            30,
            40
        ],
        "width": 0,
        "height": 0,
        "area": 0.622452620747649,
        "distance": -1.51547,
        "xpert": [
            [
                224.0,
                236.8
            ],
            [
                216.2,
                236.8
            ],
            [
                218.6,
                229.0
            ],
            [
                220.4,
                225.4
            ],
            [
                224.0,
                223.2
            ],
            [
                228.6,
                224.4
            ],
            [
                229.8,
                229.0
            ],
            [
                229.4,
                234.4
            ]
        ],
        "stack": 0
    },
    {
        "type": "Spine",
        "location": [
            234,
            230
        ],
        "radloc": [
            0,
            0
        ],
        "mean": [
            62.88235294117647,
            56.65686274509804,
            44.09803921568628,
            28.264705882352942,
            51.13725490196079,
            113.17647058823529,
            36.31372549019608
        ],
        "min": [
            10.0,
            11.0,
            11.0,
            9.0,
            11.0,
            20.0,
            8.0
        ],
        "max": [
            239.0,
            219.0,
            187.0,
            112.0,
            142.0,
            212.0,
            135.0
        ],
        "RawIntDen": [
            6414.0,
            5779.0,
            4498.0,
            2883.0,
            5216.0,
            11544.0,
            3704.0
        ],
        "IntDen": [
            3005.5318196405965,
            2707.9776092458696,
            2107.714706071625,
            1350.9429741228312,
            2444.161829006135,
            5409.394968183824,
            1735.6547957512892
        ],
        "FlagUp": 0,
        "Times": [
            -15,
            -10,
            -5,
            2,
            10,
            30,
            40
        ],
        "width": 0,
        "height": 0,
        "area": 0.46858930770823143,
        "distance": -2.17437,
        "xpert": [
            [
                234.0,
                237.0
            ],
            [
                227.6,
                236.4
            ],
            [
                228.2,
                230.0
            ],
            [
                229.4,
                225.4
            ],
            [
                234.0,
                224.2
            ],
            [
                237.2,
                226.8
            ],
            [
                238.6,
                230.0
            ],
            [
                237.4,
                233.4
            ]
        ],
        "stack": 0
    },
    {
        "type": "Spine",
        "location": [
            246,
            230
        ],
        "radloc": [
            0,
            0
        ],
        "mean": [
            102.92086330935251,
            104.46043165467626,
            75.0863309352518,
            75.43165467625899,
            95.25179856115108,
            90.10071942446044,
            71.58992805755396
        ],
        "min": [
            34.0,
            41.0,
            8.0,
            11.0,
            18.0,
            11.0,
            17.0
        ],
        "max": [
            222.0,
            232.0,
            199.0,
            197.0,
            234.0,
            222.0,
            204.0
        ],
        "RawIntDen": [
            14306.0,
            14520.0,
            10437.0,
            10485.0,
            13240.0,
            12524.0,
            9951.0
        ],
        "IntDen": [
            8746.702507602771,
            8877.542318634996,
            6381.192092258502,
            6410.539339592832,
            8094.949056386181,
            7657.185950315749,
            6084.051212998405
        ],
        "FlagUp": 0,
        "Times": [
            -15,
            -10,
            -5,
            2,
            10,
            30,
            40
        ],
        "width": 0,
        "height": 0,
        "area": 0.6114009861318868,
        "distance": -2.96505,
        "xpert": [
            [
                246.0,
                237.2
            ],
            [
                241.0,
                235.0
            ],
            [
                240.0,
                230.0
            ],
            [
                241.4,
                225.4
            ],
            [
                246.0,
                223.6
            ],
            [
                251.2,
                224.8
            ],
            [
                252.8,
                230.0
            ],
            [
                252.2,
                236.2
            ]
        ],
        "stack": 0
    },
    {
        "type": "Spine",
        "location": [
            217,
            246
        ],
        "radloc": [
            0,
            0
        ],
        "mean": [
            114.46820809248555,
            138.08670520231215,
            141.1849710982659,
            190.89595375722544,
            178.76878612716763,
            162.35260115606937,
            178.121387283237
        ],
        "min": [
            14.0,
            17.0,
            15.0,
            53.0,
            18.0,
            20.0,
            20.0
        ],
        "max": [
            255.0,
            255.0,
            255.0,
            255.0,
            255.0,
            255.0,
            255.0
        ],
        "RawIntDen": [
            19803.0,
            23889.0,
            24425.0,
            33025.0,
            30927.0,
            28087.0,
            30815.0
        ],
        "IntDen": [
            15745.438821288282,
            18994.232591110223,
            19420.408181081973,
            26258.300109733147,
            24590.172520627315,
            22332.077976747158,
            24501.12090481232
        ],
        "FlagUp": 0,
        "Times": [
            -15,
            -10,
            -5,
            2,
            10,
            30,
            40
        ],
        "width": 0,
        "height": 0,
        "area": 0.7951037126338576,
        "distance": -1.05424,
        "xpert": [
            [
                217.0,
                251.8
            ],
            [
                212.6,
                250.4
            ],
            [
                210.6,
                246.0
            ],
            [
                209.2,
                238.2
            ],
            [
                217.0,
                235.8
            ],
            [
                224.8,
                238.2
            ],
            [
                222.6,
                246.0
            ],
            [
                220.6,
                249.6
            ]
        ],
        "stack": 0
    },
    {
        "type": "Spine",
        "location": [
            277,
            229
        ],
        "radloc": [
            0,
            0
        ],
        "mean": [
            107.75,
            120.92361111111111,
            80.32638888888889,
            53.02777777777778,
            61.263888888888886,
            56.625,
            39.791666666666664
        ],
        "min": [
            25.0,
            23.0,
            11.0,
            11.0,
            18.0,
            12.0,
            11.0
        ],
        "max": [
            232.0,
            234.0,
            188.0,
            211.0,
            230.0,
            231.0,
            246.0
        ],
        "RawIntDen": [
            15516.0,
            17413.0,
            11567.0,
            7636.0,
            8822.0,
            8154.0,
            5730.0
        ],
        "IntDen": [
            10290.535063695854,
            11548.66505956019,
            7671.475836669885,
            5064.354585355861,
            5850.934540598403,
            5407.902997510699,
            3800.2556016355534
        ],
        "FlagUp": 0,
        "Times": [
            -15,
            -10,
            -5,
            2,
            10,
            30,
            40
        ],
        "width": 0,
        "height": 0,
        "area": 0.6632208728857859,
        "distance": -2.10848,
        "xpert": [
            [
                277.0,
                235.6
            ],
            [
                272.4,
                233.6
            ],
            [
                271.0,
                229.0
            ],
            [
                272.0,
                224.0
            ],
            [
                277.0,
                221.4
            ],
            [
                281.6,
                224.4
            ],
            [
                283.2,
                229.0
            ],
            [
                284.8,
                236.8
            ]
        ],
        "stack": 0
    }
]