[
    {
        "type": "Stim",
        "location": [
            229,
            266
        ],
        "radloc": [
            0,
            0
        ],
        "mean": [
            22.761194029850746,
            32.701492537313435,
            29.791044776119403,
            89.77611940298507,
            48.12686567164179,
            49.61940298507463,
            61.17910447761194,
            64.83582089552239
        ],
        "min": [
            5.0,
            6.0,
            7.0,
            34.0,
            8.0,
            7.0,
            8.0,
            16.0
        ],
        "max": [
            90.0,
            109.0,
            77.0,
            174.0,
            117.0,
            143.0,
            157.0,
            169.0
        ],
        "RawIntDen": [
            3050.0,
            4382.0,
            3992.0,
            12030.0,
            6449.0,
            6649.0,
            8198.0,
            8688.0
        ],
        "IntDen": [
            1787.4330546814654,
            2568.0431624964526,
            2339.4861489470195,
            7050.104802563288,
            3779.395334308449,
            3896.6040592055942,
            4804.385633533984,
            5091.547009531991
        ],
        "FlagUp": 0,
        "Times": [
            -15,
            -10,
            -5,
            2,
            10,
            20,
            30,
            40
        ],
        "width": 0,
        "height": 0,
        "area": 0.5860436244857263,
        "distance": 0,
        "xpert": [
            [
                229.0,
                272.8
            ],
            [
                223.2,
                271.8
            ],
            [
                222.4,
                266.0
            ],
            [
                224.0,
                261.0
            ],
            [
                229.0,
                259.6
            ],
            [
                234.2,
                260.8
            ],
            [
                235.4,
                266.0
            ],
            [
                233.4,
                270.4
            ]
        ],
        "stack": 0
    },
    {
        "type": "Stim",
        "location": [
            247,
            308
        ],
        "radloc": [
            0,
            0
        ],
        "mean": [
            29.006711409395972,
            31.79194630872483,
            31.23489932885906,
            93.47651006711409,
            52.12080536912752,
            41.48322147651007,
            74.09395973154362,
            49.02013422818792
        ],
        "min": [
            7.0,
            7.0,
            6.0,
            14.0,
            15.0,
            9.0,
            9.0,
            7.0
        ],
        "max": [
            93.0,
            83.0,
            123.0,
            206.0,
            110.0,
            118.0,
            176.0,
            130.0
        ],
        "RawIntDen": [
            4322.0,
            4737.0,
            4654.0,
            13928.0,
            7766.0,
            6181.0,
            11040.0,
            7304.0
        ],
        "IntDen": [
            2814.429655375555,
            3084.6722067362343,
            3030.6236964640984,
            9069.730735786841,
            5057.117238233817,
            4024.986048097248,
            7189.103053064814,
            4756.268903947953
        ],
        "FlagUp": 0,
        "Times": [
            -15,
            -10,
            -5,
            2,
            10,
            20,
            30,
            40
        ],
        "width": 0,
        "height": 0,
        "area": 0.6511868707486245,
        "distance": 0,
        "xpert": [
            [
                247.0,
                315.8
            ],
            [
                241.4,
                313.6
            ],
            [
                240.0,
                308.0
            ],
            [
                241.6,
                302.6
            ],
            [
                247.0,
                300.0
            ],
            [
                251.2,
                303.8
            ],
            [
                252.6,
                308.0
            ],
            [
                252.6,
                313.6
            ]
        ],
        "stack": 0
    },
    {
        "type": "Stim",
        "location": [
            292,
            275
        ],
        "radloc": [
            0,
            0
        ],
        "mean": [
            88.95212765957447,
            78.14893617021276,
            88.40425531914893,
            123.94680851063829,
            106.43617021276596,
            105.78191489361703,
            100.17021276595744,
            113.74468085106383
        ],
        "min": [
            16.0,
            14.0,
            15.0,
            36.0,
            31.0,
            32.0,
            22.0,
            21.0
        ],
        "max": [
            232.0,
            206.0,
            235.0,
            221.0,
            204.0,
            215.0,
            208.0,
            248.0
        ],
        "RawIntDen": [
            16723.0,
            14692.0,
            16620.0,
            23302.0,
            20010.0,
            19887.0,
            18832.0,
            21384.0
        ],
        "IntDen": [
            13556.289224580823,
            11909.884667077764,
            13472.793572477025,
            18889.472673036078,
            16220.854355310787,
            16121.145955225667,
            15265.92349921103,
            17334.670141627477
        ],
        "FlagUp": 0,
        "Times": [
            -15,
            -10,
            -5,
            2,
            10,
            20,
            30,
            40
        ],
        "width": 0,
        "height": 0,
        "area": 0.8106373990660063,
        "distance": 0,
        "xpert": [
            [
                292.0,
                281.2
            ],
            [
                285.8,
                281.2
            ],
            [
                284.6,
                275.0
            ],
            [
                286.6,
                269.6
            ],
            [
                292.0,
                267.0
            ],
            [
                299.0,
                268.0
            ],
            [
                299.8,
                275.0
            ],
            [
                298.2,
                281.2
            ]
        ],
        "stack": 0
    },
    {
        "type": "Spine",
        "location": [
            275,
            273
        ],
        "radloc": [
            0,
            0
        ],
        "mean": [
            24.905797101449274,
            37.7463768115942,
            32.572463768115945,
            85.92753623188406,
            48.31159420289855,
            40.67391304347826,
            36.833333333333336,
            40.26086956521739
        ],
        "min": [
            7.0,
            10.0,
            8.0,
            36.0,
            15.0,
            11.0,
            11.0,
            10.0
        ],
        "max": [
            74.0,
            115.0,
            87.0,
            158.0,
            121.0,
            92.0,
            97.0,
            101.0
        ],
        "RawIntDen": [
            3437.0,
            5209.0,
            4495.0,
            11858.0,
            6667.0,
            5613.0,
            5083.0,
            5556.0
        ],
        "IntDen": [
            2189.8045902522995,
            3318.793165732973,
            2863.8846765155913,
            7555.048830727894,
            4247.723946235695,
            3576.1923669147973,
            3238.515197047553,
            3539.8761429856786
        ],
        "FlagUp": 0,
        "Times": [
            -15,
            -10,
            -5,
            2,
            10,
            20,
            30,
            40
        ],
        "width": 0,
        "height": 0,
        "area": 0.6371267355985742,
        "distance": -1.4655675948742897,
        "xpert": [
            [
                275.0,
                278.8
            ],
            [
                269.2,
                278.8
            ],
            [
                266.2,
                273.0
            ],
            [
                270.6,
                268.6
            ],
            [
                275.0,
                267.4
            ],
            [
                280.0,
                268.0
            ],
            [
                284.2,
                273.0
            ],
            [
                279.0,
                277.0
            ]
        ],
        "stack": 0
    },
    {
        "type": "Spine",
        "location": [
            259,
            275
        ],
        "radloc": [
            0,
            0
        ],
        "mean": [
            61.648148148148145,
            77.21296296296296,
            89.79629629629629,
            133.94444444444446,
            100.55555555555556,
            80.23148148148148,
            105.97222222222223,
            105.37962962962963
        ],
        "min": [
            11.0,
            14.0,
            11.0,
            20.0,
            18.0,
            10.0,
            18.0,
            44.0
        ],
        "max": [
            154.0,
            187.0,
            211.0,
            239.0,
            237.0,
            193.0,
            196.0,
            184.0
        ],
        "RawIntDen": [
            6658.0,
            8339.0,
            9698.0,
            14466.0,
            10860.0,
            8665.0,
            11445.0,
            11381.0
        ],
        "IntDen": [
            3215.9327166594985,
            4027.885690030573,
            4684.306921923072,
            6987.3359385996255,
            5245.573641171846,
            4185.349502831865,
            5528.139072118948,
            5497.225930955505
        ],
        "FlagUp": 0,
        "Times": [
            -15,
            -10,
            -5,
            2,
            10,
            20,
            30,
            40
        ],
        "width": 0,
        "height": 0,
        "area": 0.4830178306788072,
        "distance": -0.79068,
        "xpert": [
            [
                259.0,
                279.8
            ],
            [
                254.2,
                279.8
            ],
            [
                252.8,
                275.0
            ],
            [
                254.6,
                270.6
            ],
            [
                259.0,
                269.4
            ],
            [
                264.0,
                270.0
            ],
            [
                265.4,
                275.0
            ],
            [
                263.8,
                279.8
            ]
        ],
        "stack": 0
    },
    {
        "type": "Spine",
        "location": [
            276,
            303
        ],
        "radloc": [
            0,
            0
        ],
        "mean": [
            26.91578947368421,
            30.08421052631579,
            36.2,
            49.61052631578947,
            26.57894736842105,
            23.726315789473684,
            21.557894736842105,
            22.88421052631579
        ],
        "min": [
            9.0,
            7.0,
            6.0,
            14.0,
            6.0,
            7.0,
            8.0,
            7.0
        ],
        "max": [
            69.0,
            69.0,
            78.0,
            112.0,
            58.0,
            61.0,
            63.0,
            54.0
        ],
        "RawIntDen": [
            2557.0,
            2858.0,
            3439.0,
            4713.0,
            2525.0,
            2254.0,
            2048.0,
            2174.0
        ],
        "IntDen": [
            1115.9176844246692,
            1247.2791326107567,
            1500.837276783902,
            2056.832243525016,
            1101.952347740434,
            983.6834026958172,
            893.7815477910531,
            948.7700609852292
        ],
        "FlagUp": 0,
        "Times": [
            -15,
            -10,
            -5,
            2,
            10,
            20,
            30,
            40
        ],
        "width": 0,
        "height": 0,
        "area": 0.43641677138235013,
        "distance": -1.0815325316247633,
        "xpert": [
            [
                276.0,
                307.4
            ],
            [
                272.6,
                306.4
            ],
            [
                271.0,
                303.0
            ],
            [
                272.8,
                299.8
            ],
            [
                276.0,
                297.0
            ],
            [
                282.8,
                296.2
            ],
            [
                281.4,
                303.0
            ],
            [
                280.4,
                307.4
            ]
        ],
        "stack": 0
    },
    {
        "type": "Spine",
        "location": [
            285,
            305
        ],
        "radloc": [
            0,
            0
        ],
        "mean": [
            32.16,
            34.03333333333333,
            37.806666666666665,
            90.19333333333333,
            51.2,
            46.64,
            41.8,
            36.96
        ],
        "min": [
            7.0,
            7.0,
            7.0,
            44.0,
            10.0,
            8.0,
            8.0,
            6.0
        ],
        "max": [
            81.0,
            73.0,
            80.0,
            183.0,
            116.0,
            96.0,
            101.0,
            91.0
        ],
        "RawIntDen": [
            4824.0,
            5105.0,
            5671.0,
            13529.0,
            7680.0,
            6996.0,
            6270.0,
            5544.0
        ],
        "IntDen": [
            3241.139407687063,
            3429.9371219408076,
            3810.22006239497,
            9089.837281633141,
            5160.022937611245,
            4700.4583947302435,
            4212.67497640918,
            3724.891558088117
        ],
        "FlagUp": 0,
        "Times": [
            -15,
            -10,
            -5,
            2,
            10,
            20,
            30,
            40
        ],
        "width": 0,
        "height": 0,
        "area": 0.6718779866681308,
        "distance": -0.46123000000000003,
        "xpert": [
            [
                285.0,
                312.8
            ],
            [
                280.8,
                309.2
            ],
            [
                279.8,
                305.0
            ],
            [
                280.6,
                300.6
            ],
            [
                285.0,
                295.0
            ],
            [
                291.0,
                299.0
            ],
            [
                292.6,
                305.0
            ],
            [
                289.8,
                309.8
            ]
        ],
        "stack": 0
    },
    {
        "type": "Spine",
        "location": [
            297,
            312
        ],
        "radloc": [
            0,
            0
        ],
        "mean": [
            13.237037037037037,
            16.755555555555556,
            18.933333333333334,
            107.32592592592593,
            49.592592592592595,
            45.18518518518518,
            23.79259259259259,
            15.377777777777778
        ],
        "min": [
            5.0,
            4.0,
            5.0,
            40.0,
            11.0,
            9.0,
            4.0,
            4.0
        ],
        "max": [
            47.0,
            52.0,
            71.0,
            206.0,
            132.0,
            118.0,
            80.0,
            53.0
        ],
        "RawIntDen": [
            1787.0,
            2262.0,
            2556.0,
            14489.0,
            6695.0,
            6100.0,
            3212.0,
            2076.0
        ],
        "IntDen": [
            1076.3352726808084,
            1362.4344637963002,
            1539.5148052446257,
            8726.92880015234,
            4032.492809512038,
            3674.1159280094744,
            1934.632846027284,
            1250.4040436963392
        ],
        "FlagUp": 0,
        "Times": [
            -15,
            -10,
            -5,
            2,
            10,
            20,
            30,
            40
        ],
        "width": 0,
        "height": 0,
        "area": 0.6023140865589303,
        "distance": 0.6203025316247633,
        "xpert": [
            [
                297.0,
                319.0
            ],
            [
                292.2,
                316.8
            ],
            [
                291.0,
                312.0
            ],
            [
                291.2,
                306.2
            ],
            [
                297.0,
                303.4
            ],
            [
                301.4,
                307.6
            ],
            [
                302.6,
                312.0
            ],
            [
                302.0,
                317.0
            ]
        ],
        "stack": 0
    },
    {
        "type": "Spine",
        "location": [
            217,
            299
        ],
        "radloc": [
            0,
            0
        ],
        "mean": [
            29.59090909090909,
            25.363636363636363,
            25.19090909090909,
            22.681818181818183,
            28.990909090909092,
            24.8,
            29.227272727272727,
            37.9
        ],
        "min": [
            10.0,
            8.0,
            7.0,
            8.0,
            8.0,
            8.0,
            12.0,
            13.0
        ],
        "max": [
            82.0,
            66.0,
            50.0,
            51.0,
            70.0,
            65.0,
            67.0,
            92.0
        ],
        "RawIntDen": [
            3255.0,
            2790.0,
            2771.0,
            2495.0,
            3189.0,
            2728.0,
            3215.0,
            4169.0
        ],
        "IntDen": [
            1651.9633455208834,
            1415.968581875043,
            1406.3257850809118,
            1266.251473755639,
            1618.4673145517966,
            1384.502613388931,
            1631.6627206911337,
            2115.8326228806645
        ],
        "FlagUp": 0,
        "Times": [
            -15,
            -10,
            -5,
            2,
            10,
            20,
            30,
            40
        ],
        "width": 0,
        "height": 0,
        "area": 0.507515620743743,
        "distance": 0.79068,
        "xpert": [
            [
                217.0,
                304.8
            ],
            [
                212.0,
                304.0
            ],
            [
                211.4,
                299.0
            ],
            [
                213.0,
                295.0
            ],
            [
                217.0,
                289.2
            ],
            [
                221.6,
                294.4
            ],
            [
                221.4,
                299.0
            ],
            [
                220.6,
                302.6
            ]
        ],
        "stack": 0
    },
    {
        "type": "Spine",
        "location": [
            199,
            295
        ],
        "radloc": [
            0,
            0
        ],
        "mean": [
            44.79020979020979,
            45.84615384615385,
            40.3006993006993,
            73.53846153846153,
            49.05594405594405,
            53.15384615384615,
            81.05594405594405,
            86.68531468531468
        ],
        "min": [
            12.0,
            11.0,
            11.0,
            21.0,
            13.0,
            16.0,
            29.0,
            30.0
        ],
        "max": [
            98.0,
            119.0,
            100.0,
            153.0,
            120.0,
            117.0,
            175.0,
            171.0
        ],
        "RawIntDen": [
            6405.0,
            6556.0,
            5763.0,
            10516.0,
            7015.0,
            7601.0,
            11591.0,
            12396.0
        ],
        "IntDen": [
            4294.726916644344,
            4395.976528574601,
            3864.2484341329205,
            7051.264364626373,
            4703.74852775333,
            5096.677485310485,
            7772.081138302045,
            8311.85555951964
        ],
        "FlagUp": 0,
        "Times": [
            -15,
            -10,
            -5,
            2,
            10,
            20,
            30,
            40
        ],
        "width": 0,
        "height": 0,
        "area": 0.6705272313262052,
        "distance": 1.9767000000000001,
        "xpert": [
            [
                199.0,
                301.2
            ],
            [
                194.6,
                299.4
            ],
            [
                192.6,
                295.0
            ],
            [
                191.2,
                287.2
            ],
            [
                199.0,
                288.8
            ],
            [
                203.6,
                290.4
            ],
            [
                206.0,
                295.0
            ],
            [
                204.8,
                300.8
            ]
        ],
        "stack": 0
    },
    {
        "type": "Spine",
        "location": [
            202,
            256
        ],
        "radloc": [
            0,
            0
        ],
        "mean": [
            68.52020202020202,
            76.53030303030303,
            80.72727272727273,
            73.92929292929293,
            81.62626262626263,
            80.1919191919192,
            101.13636363636364,
            95.29797979797979
        ],
        "min": [
            9.0,
            12.0,
            11.0,
            11.0,
            19.0,
            17.0,
            14.0,
            20.0
        ],
        "max": [
            180.0,
            213.0,
            203.0,
            208.0,
            178.0,
            208.0,
            211.0,
            204.0
        ],
        "RawIntDen": [
            13567.0,
            15153.0,
            15984.0,
            14638.0,
            16162.0,
            15878.0,
            20025.0,
            18869.0
        ],
        "IntDen": [
            12161.599398597056,
            13583.306234756483,
            14328.223246640771,
            13121.654897668144,
            14487.784291304313,
            14233.20374813327,
            17950.61752464849,
            16914.367144698743
        ],
        "FlagUp": 0,
        "Times": [
            -15,
            -10,
            -5,
            2,
            10,
            20,
            30,
            40
        ],
        "width": 0,
        "height": 0,
        "area": 0.8964103632783266,
        "distance": 1.7790300000000001,
        "xpert": [
            [
                202.0,
                268.6
            ],
            [
                196.2,
                261.8
            ],
            [
                193.6,
                256.0
            ],
            [
                196.0,
                250.0
            ],
            [
                202.0,
                249.0
            ],
            [
                207.6,
                250.4
            ],
            [
                208.4,
                256.0
            ],
            [
                207.6,
                261.6
            ]
        ],
        "stack": 0
    },
    {
        "type": "Spine",
        "location": [
            184,
            272
        ],
        "radloc": [
            0,
            0
        ],
        "mean": [
            52.92079207920792,
            54.257425742574256,
            58.20792079207921,
            55.801980198019805,
            45.57425742574257,
            57.91089108910891,
            63.613861386138616,
            72.6930693069307
        ],
        "min": [
            9.0,
            10.0,
            9.0,
            12.0,
            10.0,
            10.0,
            12.0,
            19.0
        ],
        "max": [
            197.0,
            150.0,
            161.0,
            129.0,
            143.0,
            153.0,
            165.0,
            146.0
        ],
        "RawIntDen": [
            5345.0,
            5480.0,
            5879.0,
            5636.0,
            4603.0,
            5849.0,
            6425.0,
            7342.0
        ],
        "IntDen": [
            2353.9788327963342,
            2413.43386412047,
            2589.156512256249,
            2482.1374558728044,
            2027.1963643333072,
            2575.9442830731073,
            2829.6190833894198,
            3233.472888754104
        ],
        "FlagUp": 0,
        "Times": [
            -15,
            -10,
            -5,
            2,
            10,
            20,
            30,
            40
        ],
        "width": 0,
        "height": 0,
        "area": 0.44040763943804195,
        "distance": 2.96505,
        "xpert": [
            [
                184.0,
                277.2
            ],
            [
                179.0,
                277.0
            ],
            [
                177.4,
                272.0
            ],
            [
                180.2,
                268.2
            ],
            [
                184.0,
                267.0
            ],
            [
                188.2,
                267.8
            ],
            [
                190.2,
                272.0
            ],
            [
                188.4,
                276.4
            ]
        ],
        "stack": 0
    },
    {
        "type": "Spine",
        "location": [
            175,
            300
        ],
        "radloc": [
            0,
            0
        ],
        "mean": [
            44.01136363636363,
            45.26136363636363,
            49.82386363636363,
            40.21022727272727,
            45.65909090909091,
            47.08522727272727,
            47.11363636363637,
            61.93181818181818
        ],
        "min": [
            7.0,
            8.0,
            10.0,
            10.0,
            11.0,
            14.0,
            12.0,
            15.0
        ],
        "max": [
            124.0,
            126.0,
            129.0,
            88.0,
            109.0,
            110.0,
            94.0,
            130.0
        ],
        "RawIntDen": [
            7746.0,
            7966.0,
            8769.0,
            7077.0,
            8036.0,
            8287.0,
            8292.0,
            10900.0
        ],
        "IntDen": [
            6186.933089963444,
            6362.652852394629,
            7004.029985268454,
            5652.585266934069,
            6418.563685895461,
            6619.043960305586,
            6623.037591269931,
            8706.11550227234
        ],
        "FlagUp": 0,
        "Times": [
            -15,
            -10,
            -5,
            2,
            10,
            20,
            30,
            40
        ],
        "width": 0,
        "height": 0,
        "area": 0.798726192869022,
        "distance": 3.5580600000000002,
        "xpert": [
            [
                175.0,
                308.2
            ],
            [
                168.0,
                307.0
            ],
            [
                169.2,
                300.0
            ],
            [
                171.4,
                296.4
            ],
            [
                175.0,
                292.6
            ],
            [
                182.4,
                292.6
            ],
            [
                183.0,
                300.0
            ],
            [
                180.8,
                305.8
            ]
        ],
        "stack": 0
    },
    {
        "type": "Spine",
        "location": [
            147,
            273
        ],
        "radloc": [
            0,
            0
        ],
        "mean": [
            49.870370370370374,
            65.38888888888889,
            62.416666666666664,
            51.861111111111114,
            55.73148148148148,
            54.0,
            37.083333333333336,
            48.25
        ],
        "min": [
            16.0,
            18.0,
            21.0,
            15.0,
            10.0,
            12.0,
            14.0,
            16.0
        ],
        "max": [
            93.0,
            134.0,
            123.0,
            117.0,
            135.0,
            139.0,
            88.0,
            118.0
        ],
        "RawIntDen": [
            5386.0,
            7062.0,
            6741.0,
            5601.0,
            6019.0,
            5832.0,
            4005.0,
            5211.0
        ],
        "IntDen": [
            2630.304019655622,
            3448.7944646877095,
            3292.0310799291774,
            2735.3013022820533,
            2939.435554085999,
            2848.1123361737073,
            1955.87961357608,
            2544.841115192248
        ],
        "FlagUp": 0,
        "Times": [
            -15,
            -10,
            -5,
            2,
            10,
            20,
            30,
            40
        ],
        "width": 0,
        "height": 0,
        "area": 0.48835945407642445,
        "distance": 5.40298,
        "xpert": [
            [
                147.0,
                277.8
            ],
            [
                142.2,
                277.8
            ],
            [
                140.8,
                273.0
            ],
            [
                142.8,
                268.8
            ],
            [
                147.0,
                267.6
            ],
            [
                151.6,
                268.4
            ],
            [
                154.6,
                273.0
            ],
            [
                151.8,
                277.8
            ]
        ],
        "stack": 0
    },
    {
        "type": "Spine",
        "location": [
            147,
            306
        ],
        "radloc": [
            0,
            0
        ],
        "mean": [
            17.818181818181817,
            19.170454545454547,
            19.28409090909091,
            18.136363636363637,
            15.636363636363637,
            22.386363636363637,
            28.09090909090909,
            18.227272727272727
        ],
        "min": [
            7.0,
            8.0,
            6.0,
            7.0,
            7.0,
            8.0,
            11.0,
            9.0
        ],
        "max": [
            36.0,
            40.0,
            41.0,
            46.0,
            29.0,
            43.0,
            59.0,
            43.0
        ],
        "RawIntDen": [
            1568.0,
            1687.0,
            1697.0,
            1596.0,
            1376.0,
            1970.0,
            2472.0,
            1604.0
        ],
        "IntDen": [
            607.6689719180845,
            653.7867063940106,
            657.662146265937,
            618.5202035594789,
            533.2605263770946,
            763.4616547695322,
            958.0087363402455,
            621.6205554570201
        ],
        "FlagUp": 0,
        "Times": [
            -15,
            -10,
            -5,
            2,
            10,
            20,
            30,
            40
        ],
        "width": 0,
        "height": 0,
        "area": 0.3875439871926559,
        "distance": 5.40298,
        "xpert": [
            [
                147.0,
                312.2
            ],
            [
                143.6,
                309.4
            ],
            [
                142.6,
                306.0
            ],
            [
                143.6,
                302.6
            ],
            [
                147.0,
                298.6
            ],
            [
                151.6,
                301.4
            ],
            [
                151.4,
                306.0
            ],
            [
                151.0,
                310.0
            ]
        ],
        "stack": 0
    },
    {
        "type": "Spine",
        "location": [
            127,
            301
        ],
        "radloc": [
            0,
            0
        ],
        "mean": [
            54.79213483146067,
            56.52247191011236,
            60.241573033707866,
            59.0,
            64.2247191011236,
            58.752808988764045,
            66.85955056179775,
            73.14606741573034
        ],
        "min": [
            6.0,
            11.0,
            11.0,
            11.0,
            15.0,
            10.0,
            10.0,
            14.0
        ],
        "max": [
            154.0,
            141.0,
            189.0,
            152.0,
            166.0,
            157.0,
            184.0,
            173.0
        ],
        "RawIntDen": [
            9753.0,
            10061.0,
            10723.0,
            10502.0,
            11432.0,
            10458.0,
            11901.0,
            13020.0
        ],
        "IntDen": [
            7967.824436523968,
            8219.448544639357,
            8760.276984809445,
            8579.728517622754,
            9339.50261030883,
            8543.782216463413,
            9722.657502211807,
            10636.83729760505
        ],
        "FlagUp": 0,
        "Times": [
            -15,
            -10,
            -5,
            2,
            10,
            20,
            30,
            40
        ],
        "width": 0,
        "height": 0,
        "area": 0.816961389985027,
        "distance": 6.72078,
        "xpert": [
            [
                127.0,
                308.2
            ],
            [
                120.8,
                307.2
            ],
            [
                119.8,
                301.0
            ],
            [
                118.2,
                292.2
            ],
            [
                127.0,
                292.2
            ],
            [
                132.0,
                296.0
            ],
            [
                132.2,
                301.0
            ],
            [
                131.6,
                305.6
            ]
        ],
        "stack": 0
    },
    {
        "type": "Spine",
        "location": [
            108,
            302
        ],
        "radloc": [
            0,
            0
        ],
        "mean": [
            78.48717948717949,
            68.08974358974359,
            79.16666666666667,
            69.21794871794872,
            81.01282051282051,
            80.60897435897436,
            104.06410256410257,
            92.94871794871794
        ],
        "min": [
            17.0,
            16.0,
            21.0,
            14.0,
            9.0,
            10.0,
            19.0,
            11.0
        ],
        "max": [
            165.0,
            174.0,
            196.0,
            160.0,
            182.0,
            211.0,
            204.0,
            218.0
        ],
        "RawIntDen": [
            12244.0,
            10622.0,
            12350.0,
            10798.0,
            12638.0,
            12575.0,
            16234.0,
            14500.0
        ],
        "IntDen": [
            8427.944876626141,
            7311.469330245252,
            8500.90813674721,
            7432.615875351934,
            8699.14793783087,
            8655.78298134382,
            11174.39212080601,
            9980.823318448141
        ],
        "FlagUp": 0,
        "Times": [
            -15,
            -10,
            -5,
            2,
            10,
            20,
            30,
            40
        ],
        "width": 0,
        "height": 0,
        "area": 0.688332642651596,
        "distance": 7.97269,
        "xpert": [
            [
                108.0,
                310.6
            ],
            [
                103.4,
                306.6
            ],
            [
                101.8,
                302.0
            ],
            [
                103.0,
                297.0
            ],
            [
                108.0,
                291.8
            ],
            [
                113.0,
                297.0
            ],
            [
                113.6,
                302.0
            ],
            [
                113.4,
                307.4
            ]
        ],
        "stack": 0
    },
    {
        "type": "Spine",
        "location": [
            91,
            300
        ],
        "radloc": [
            0,
            0
        ],
        "mean": [
            30.170886075949365,
            40.75949367088607,
            39.89873417721519,
            34.67088607594937,
            44.677215189873415,
            42.13291139240506,
            56.15822784810127,
            59.51898734177215
        ],
        "min": [
            6.0,
            7.0,
            8.0,
            6.0,
            8.0,
            10.0,
            14.0,
            12.0
        ],
        "max": [
            103.0,
            136.0,
            101.0,
            96.0,
            133.0,
            109.0,
            116.0,
            153.0
        ],
        "RawIntDen": [
            4767.0,
            6440.0,
            6304.0,
            5478.0,
            7059.0,
            6657.0,
            8873.0,
            9404.0
        ],
        "IntDen": [
            3592.990298949021,
            4853.966336318795,
            4751.460214930696,
            4128.886271794155,
            5320.519932930803,
            5017.523897651276,
            6687.77069909265,
            7087.996805394712
        ],
        "FlagUp": 0,
        "Times": [
            -15,
            -10,
            -5,
            2,
            10,
            20,
            30,
            40
        ],
        "width": 0,
        "height": 0,
        "area": 0.7537214807948439,
        "distance": 9.09282,
        "xpert": [
            [
                91.0,
                306.8
            ],
            [
                87.2,
                303.8
            ],
            [
                84.8,
                300.0
            ],
            [
                83.4,
                292.4
            ],
            [
                91.0,
                290.6
            ],
            [
                97.8,
                293.2
            ],
            [
                96.2,
                300.0
            ],
            [
                96.2,
                305.2
            ]
        ],
        "stack": 0
    },
    {
        "type": "Spine",
        "location": [
            76,
            261
        ],
        "radloc": [
            0,
            0
        ],
        "mean": [
            65.37037037037037,
            63.26543209876543,
            58.78395061728395,
            59.23456790123457,
            73.75925925925925,
            70.4074074074074,
            77.64197530864197,
            76.88271604938272
        ],
        "min": [
            9.0,
            8.0,
            8.0,
            8.0,
            7.0,
            8.0,
            10.0,
            7.0
        ],
        "max": [
            190.0,
            164.0,
            179.0,
            169.0,
            175.0,
            195.0,
            220.0,
            184.0
        ],
        "RawIntDen": [
            10590.0,
            10249.0,
            9523.0,
            9596.0,
            11949.0,
            11406.0,
            12578.0,
            12455.0
        ],
        "IntDen": [
            7599.5902337197795,
            7354.881992955054,
            6833.890254552734,
            6886.27647618272,
            8574.835099406766,
            8185.167724816601,
            9026.217748793899,
            8937.950553444745
        ],
        "FlagUp": 0,
        "Times": [
            -15,
            -10,
            -5,
            2,
            10,
            20,
            30,
            40
        ],
        "width": 0,
        "height": 0,
        "area": 0.7176194743833597,
        "distance": 10.190340126499052,
        "xpert": [
            [
                76.0,
                269.4
            ],
            [
                70.2,
                266.8
            ],
            [
                69.2,
                261.0
            ],
            [
                71.8,
                256.8
            ],
            [
                76.0,
                252.8
            ],
            [
                82.4,
                254.6
            ],
            [
                83.0,
                261.0
            ],
            [
                81.0,
                266.0
            ]
        ],
        "stack": 0
    },
    {
        "type": "Spine",
        "location": [
            53,
            291
        ],
        "radloc": [
            0,
            0
        ],
        "mean": [
            110.20350877192982,
            132.17894736842106,
            122.1438596491228,
            127.28771929824562,
            132.8701754385965,
            128.88070175438597,
            138.3122807017544,
            162.8140350877193
        ],
        "min": [
            17.0,
            31.0,
            27.0,
            25.0,
            31.0,
            27.0,
            22.0,
            38.0
        ],
        "max": [
            254.0,
            255.0,
            242.0,
            255.0,
            255.0,
            255.0,
            255.0,
            255.0
        ],
        "RawIntDen": [
            31408.0,
            37671.0,
            34811.0,
            36277.0,
            37868.0,
            36731.0,
            39419.0,
            46402.0
        ],
        "IntDen": [
            40345.72211403769,
            48390.97356590404,
            44717.10814161252,
            46600.28531364447,
            48644.0335269479,
            47183.47933554249,
            50636.39900704444,
            59606.53965663452
        ],
        "FlagUp": 0,
        "Times": [
            -15,
            -10,
            -5,
            2,
            10,
            20,
            30,
            40
        ],
        "width": 0,
        "height": 0,
        "area": 1.2845683301718573,
        "distance": 11.787687721373343,
        "xpert": [
            [
                53.0,
                301.8
            ],
            [
                46.0,
                298.0
            ],
            [
                44.2,
                291.0
            ],
            [
                44.2,
                282.2
            ],
            [
                53.0,
                281.8
            ],
            [
                62.2,
                281.8
            ],
            [
                61.0,
                291.0
            ],
            [
                59.0,
                297.0
            ]
        ],
        "stack": 0
    },
    {
        "type": "Spine",
        "location": [
            36,
            259
        ],
        "radloc": [
            0,
            0
        ],
        "mean": [
            38.01459854014598,
            45.88321167883212,
            44.160583941605836,
            57.44525547445255,
            35.2992700729927,
            33.03649635036496,
            28.861313868613138,
            32.64233576642336
        ],
        "min": [
            8.0,
            9.0,
            9.0,
            16.0,
            8.0,
            8.0,
            7.0,
            9.0
        ],
        "max": [
            100.0,
            114.0,
            104.0,
            119.0,
            95.0,
            88.0,
            90.0,
            92.0
        ],
        "RawIntDen": [
            5208.0,
            6286.0,
            6050.0,
            7870.0,
            4836.0,
            4526.0,
            3954.0,
            4472.0
        ],
        "IntDen": [
            3136.2122415424724,
            3785.3744528294897,
            3643.2573082434637,
            4739.245457169596,
            2912.197081432296,
            2725.517781340482,
            2381.0643631065545,
            2692.9994516470692
        ],
        "FlagUp": 0,
        "Times": [
            -15,
            -10,
            -5,
            2,
            10,
            20,
            30,
            40
        ],
        "width": 0,
        "height": 0,
        "area": 0.6021912906187543,
        "distance": 12.989695316247634,
        "xpert": [
            [
                36.0,
                265.8
            ],
            [
                30.6,
                264.4
            ],
            [
                30.8,
                259.0
            ],
            [
                31.2,
                254.2
            ],
            [
                36.0,
                251.8
            ],
            [
                40.6,
                254.4
            ],
            [
                43.6,
                259.0
            ],
            [
                41.6,
                264.6
            ]
        ],
        "stack": 0
    },
    {
        "type": "Spine",
        "location": [
            3,
            255
        ],
        "radloc": [
            0,
            0
        ],
        "mean": [
            85.05050505050505,
            102.55555555555556,
            98.11111111111111,
            110.34343434343434,
            109.20202020202021,
            99.76767676767676,
            91.65656565656566,
            78.03030303030303
        ],
        "min": [
            16.0,
            28.0,
            18.0,
            34.0,
            32.0,
            32.0,
            12.0,
            10.0
        ],
        "max": [
            185.0,
            193.0,
            212.0,
            192.0,
            187.0,
            172.0,
            198.0,
            216.0
        ],
        "RawIntDen": [
            8420.0,
            10153.0,
            9713.0,
            10924.0,
            10811.0,
            9877.0,
            9074.0,
            7725.0
        ],
        "IntDen": [
            3913.4697745987974,
            4718.938078563134,
            4514.433719795501,
            5077.285489040055,
            5024.765051447458,
            4590.6580716998005,
            4217.4376169488705,
            3590.4458442726495
        ],
        "FlagUp": 0,
        "Times": [
            -15,
            -10,
            -5,
            2,
            10,
            20,
            30,
            40
        ],
        "width": 0,
        "height": 0,
        "area": 0.4647826335628025,
        "distance": 15.191357847872393,
        "xpert": [
            [
                3.0,
                263.2
            ],
            [
                0.0,
                258.0
            ],
            [
                0.0,
                255.0
            ],
            [
                0.0,
                252.0
            ],
            [
                3.0,
                246.2
            ],
            [
                7.0,
                251.0
            ],
            [
                8.2,
                255.0
            ],
            [
                8.2,
                260.2
            ]
        ],
        "stack": 0
    },
    {
        "type": "Spine",
        "location": [
            21,
            291
        ],
        "radloc": [
            0,
            0
        ],
        "mean": [
            25.653333333333332,
            25.12,
            25.526666666666667,
            27.946666666666665,
            30.2,
            28.466666666666665,
            25.32,
            27.78
        ],
        "min": [
            8.0,
            11.0,
            7.0,
            12.0,
            8.0,
            9.0,
            9.0,
            8.0
        ],
        "max": [
            58.0,
            53.0,
            56.0,
            69.0,
            74.0,
            73.0,
            55.0,
            90.0
        ],
        "RawIntDen": [
            3848.0,
            3768.0,
            3829.0,
            4192.0,
            4530.0,
            4270.0,
            3798.0,
            4167.0
        ],
        "IntDen": [
            3059.795345603978,
            2996.1821367556627,
            3044.6872085025034,
            3333.3321436517354,
            3602.0979510358684,
            3395.3550222788426,
            3020.037090073781,
            3313.4530158866364
        ],
        "FlagUp": 0,
        "Times": [
            -15,
            -10,
            -5,
            2,
            10,
            20,
            30,
            40
        ],
        "width": 0,
        "height": 0,
        "area": 0.7951651106039445,
        "distance": 13.978045316247632,
        "xpert": [
            [
                21.0,
                303.2
            ],
            [
                16.2,
                295.8
            ],
            [
                15.6,
                291.0
            ],
            [
                17.2,
                287.2
            ],
            [
                21.0,
                281.2
            ],
            [
                28.2,
                283.8
            ],
            [
                25.8,
                291.0
            ],
            [
                25.6,
                295.6
            ]
        ],
        "stack": 0
    },
    {
        "type": "Spine",
        "location": [
            356,
            311
        ],
        "radloc": [
            0,
            0
        ],
        "mean": [
            30.523076923076925,
            32.49230769230769,
            32.1,
            25.646153846153847,
            29.146153846153847,
            20.56153846153846,
            20.176923076923078,
            15.4
        ],
        "min": [
            9.0,
            10.0,
            8.0,
            7.0,
            8.0,
            5.0,
            6.0,
            5.0
        ],
        "max": [
            78.0,
            91.0,
            84.0,
            69.0,
            84.0,
            66.0,
            66.0,
            41.0
        ],
        "RawIntDen": [
            3968.0,
            4224.0,
            4173.0,
            3334.0,
            3789.0,
            2673.0,
            2623.0,
            2002.0
        ],
        "IntDen": [
            2401.4327712952922,
            2556.3639178304725,
            2525.498728481667,
            2017.7361037042601,
            2293.1020086788967,
            1617.6990417520958,
            1587.4390521944435,
            1211.609981888401
        ],
        "FlagUp": 0,
        "Times": [
            -15,
            -10,
            -5,
            2,
            10,
            20,
            30,
            40
        ],
        "width": 0,
        "height": 0,
        "area": 0.6051997911530475,
        "distance": 4.748762658123815,
        "xpert": [
            [
                356.0,
                317.0
            ],
            [
                351.4,
                315.6
            ],
            [
                349.0,
                311.0
            ],
            [
                351.4,
                306.4
            ],
            [
                356.0,
                303.8
            ],
            [
                363.6,
                303.4
            ],
            [
                361.6,
                311.0
            ],
            [
                359.6,
                314.6
            ]
        ],
        "stack": 0
    },
    {
        "type": "Spine",
        "location": [
            334,
            311
        ],
        "radloc": [
            0,
            0
        ],
        "mean": [
            43.34905660377358,
            42.306603773584904,
            44.179245283018865,
            35.556603773584904,
            36.471698113207545,
            29.066037735849058,
            28.32075471698113,
            24.66509433962264
        ],
        "min": [
            12.0,
            11.0,
            12.0,
            9.0,
            10.0,
            6.0,
            6.0,
            6.0
        ],
        "max": [
            120.0,
            131.0,
            105.0,
            88.0,
            82.0,
            91.0,
            85.0,
            82.0
        ],
        "RawIntDen": [
            9190.0,
            8969.0,
            9366.0,
            7538.0,
            7732.0,
            6162.0,
            6004.0,
            5229.0
        ],
        "IntDen": [
            8942.7561725635,
            8727.701861993693,
            9114.021143877013,
            7335.20087364349,
            7523.98158065952,
            5996.220188828759,
            5842.470953217765,
            5088.321221581561
        ],
        "FlagUp": 0,
        "Times": [
            -15,
            -10,
            -5,
            2,
            10,
            20,
            30,
            40
        ],
        "width": 0,
        "height": 0,
        "area": 0.9730964279176824,
        "distance": 2.821965063249526,
        "xpert": [
            [
                334.0,
                319.2
            ],
            [
                330.0,
                315.0
            ],
            [
                328.6,
                311.0
            ],
            [
                329.4,
                306.4
            ],
            [
                334.0,
                298.8
            ],
            [
                343.8,
                301.2
            ],
            [
                342.0,
                311.0
            ],
            [
                339.4,
                316.4
            ]
        ],
        "stack": 0
    },
    {
        "type": "Spine",
        "location": [
            342,
            272
        ],
        "radloc": [
            0,
            0
        ],
        "mean": [
            37.797687861271676,
            42.179190751445084,
            39.51445086705202,
            43.27745664739884,
            36.994219653179194,
            44.59537572254335,
            56.445086705202314,
            62.809248554913296
        ],
        "min": [
            5.0,
            8.0,
            7.0,
            6.0,
            5.0,
            7.0,
            8.0,
            12.0
        ],
        "max": [
            115.0,
            127.0,
            115.0,
            125.0,
            122.0,
            108.0,
            153.0,
            136.0
        ],
        "RawIntDen": [
            6539.0,
            7297.0,
            6836.0,
            7487.0,
            6400.0,
            7715.0,
            9765.0,
            10866.0
        ],
        "IntDen": [
            5384.266068384356,
            6008.409466432275,
            5628.8182969070895,
            6164.857020032677,
            5269.812331803009,
            6352.594084353159,
            8040.58084688381,
            8947.153249589297
        ],
        "FlagUp": 0,
        "Times": [
            -15,
            -10,
            -5,
            2,
            10,
            20,
            30,
            40
        ],
        "width": 0,
        "height": 0,
        "area": 0.8234081768442202,
        "distance": 3.349085063249526,
        "xpert": [
            [
                342.0,
                280.2
            ],
            [
                336.2,
                277.8
            ],
            [
                335.6,
                272.0
            ],
            [
                336.0,
                266.0
            ],
            [
                342.0,
                264.0
            ],
            [
                346.4,
                267.6
            ],
            [
                347.6,
                272.0
            ],
            [
                350.8,
                280.8
            ]
        ],
        "stack": 0
    },
    {
        "type": "Spine",
        "location": [
            366,
            279
        ],
        "radloc": [
            0,
            0
        ],
        "mean": [
            35.17857142857143,
            49.973214285714285,
            52.19642857142857,
            36.375,
            47.098214285714285,
            39.339285714285715,
            36.25,
            37.142857142857146
        ],
        "min": [
            6.0,
            9.0,
            7.0,
            7.0,
            8.0,
            12.0,
            9.0,
            12.0
        ],
        "max": [
            122.0,
            110.0,
            119.0,
            94.0,
            108.0,
            111.0,
            88.0,
            84.0
        ],
        "RawIntDen": [
            3940.0,
            5597.0,
            5846.0,
            4074.0,
            5275.0,
            4406.0,
            4060.0,
            4160.0
        ],
        "IntDen": [
            1947.8432332713278,
            2767.0250194466043,
            2890.1247567777114,
            2014.0896782607588,
            2607.835800889912,
            2178.2226613689013,
            2007.1684078887286,
            2056.6060534032295
        ],
        "FlagUp": 0,
        "Times": [
            -15,
            -10,
            -5,
            2,
            10,
            20,
            30,
            40
        ],
        "width": 0,
        "height": 0,
        "area": 0.49437645514500705,
        "distance": 5.012322658123816,
        "xpert": [
            [
                366.0,
                285.8
            ],
            [
                361.2,
                283.8
            ],
            [
                360.0,
                279.0
            ],
            [
                361.4,
                274.4
            ],
            [
                366.0,
                273.8
            ],
            [
                370.8,
                274.2
            ],
            [
                372.0,
                279.0
            ],
            [
                370.6,
                283.6
            ]
        ],
        "stack": 0
    },
    {
        "type": "Spine",
        "location": [
            398,
            317
        ],
        "radloc": [
            0,
            0
        ],
        "mean": [
            27.990384615384617,
            22.35576923076923,
            20.557692307692307,
            15.798076923076923,
            26.576923076923077,
            24.03846153846154,
            29.365384615384617,
            30.875
        ],
        "min": [
            11.0,
            7.0,
            7.0,
            6.0,
            9.0,
            7.0,
            9.0,
            9.0
        ],
        "max": [
            79.0,
            47.0,
            48.0,
            37.0,
            66.0,
            69.0,
            66.0,
            73.0
        ],
        "RawIntDen": [
            2911.0,
            2325.0,
            2138.0,
            1643.0,
            2764.0,
            2500.0,
            3054.0,
            3211.0
        ],
        "IntDen": [
            1349.9438449555967,
            1078.1928682658063,
            991.4736999364704,
            761.9229602411698,
            1281.7742313491133,
            1159.3471701782864,
            1416.2585030897947,
            1489.065505376991
        ],
        "FlagUp": 0,
        "Times": [
            -15,
            -10,
            -5,
            2,
            10,
            20,
            30,
            40
        ],
        "width": 0,
        "height": 0,
        "area": 0.46373886807131454,
        "distance": 8.057310632495264,
        "xpert": [
            [
                398.0,
                323.0
            ],
            [
                392.8,
                322.2
            ],
            [
                392.8,
                317.0
            ],
            [
                394.8,
                313.8
            ],
            [
                398.0,
                310.8
            ],
            [
                403.6,
                311.4
            ],
            [
                403.6,
                317.0
            ],
            [
                402.0,
                321.0
            ]
        ],
        "stack": 0
    },
    {
        "type": "Spine",
        "location": [
            413,
            318
        ],
        "radloc": [
            0,
            0
        ],
        "mean": [
            36.91472868217054,
            32.52713178294574,
            29.62015503875969,
            21.875968992248062,
            20.868217054263567,
            22.767441860465116,
            21.728682170542637,
            16.984496124031008
        ],
        "min": [
            14.0,
            8.0,
            8.0,
            7.0,
            6.0,
            7.0,
            6.0,
            6.0
        ],
        "max": [
            100.0,
            75.0,
            65.0,
            45.0,
            61.0,
            65.0,
            53.0,
            48.0
        ],
        "RawIntDen": [
            4762.0,
            4196.0,
            3821.0,
            2822.0,
            2692.0,
            2937.0,
            2803.0,
            2191.0
        ],
        "IntDen": [
            2787.815968465457,
            2456.4627895172316,
            2236.926672722913,
            1652.0824575828474,
            1575.976603760817,
            1719.4068667331053,
            1640.9592943319353,
            1282.676351723607
        ],
        "FlagUp": 0,
        "Times": [
            -15,
            -10,
            -5,
            2,
            10,
            20,
            30,
            40
        ],
        "width": 0,
        "height": 0,
        "area": 0.5854296447848503,
        "distance": 8.545833164120026,
        "xpert": [
            [
                413.0,
                323.4
            ],
            [
                407.4,
                323.6
            ],
            [
                407.2,
                318.0
            ],
            [
                407.6,
                312.6
            ],
            [
                413.0,
                311.8
            ],
            [
                419.0,
                312.0
            ],
            [
                421.0,
                318.0
            ],
            [
                416.4,
                321.4
            ]
        ],
        "stack": 0
    },
    {
        "type": "Spine",
        "location": [
            407,
            273
        ],
        "radloc": [
            0,
            0
        ],
        "mean": [
            20.383561643835616,
            19.589041095890412,
            17.80821917808219,
            17.904109589041095,
            17.904109589041095,
            18.28767123287671,
            17.82191780821918,
            17.410958904109588
        ],
        "min": [
            5.0,
            7.0,
            6.0,
            7.0,
            6.0,
            7.0,
            7.0,
            6.0
        ],
        "max": [
            64.0,
            49.0,
            34.0,
            55.0,
            36.0,
            40.0,
            53.0,
            40.0
        ],
        "RawIntDen": [
            1488.0,
            1430.0,
            1300.0,
            1307.0,
            1307.0,
            1335.0,
            1301.0,
            1271.0
        ],
        "IntDen": [
            503.760029709428,
            484.1242220997864,
            440.11292918162394,
            442.4827680310635,
            442.4827680310635,
            451.96212342882154,
            440.45147758868677,
            430.2950253768031
        ],
        "FlagUp": 0,
        "Times": [
            -15,
            -10,
            -5,
            2,
            10,
            20,
            30,
            40
        ],
        "width": 0,
        "height": 0,
        "area": 0.33854840706278766,
        "distance": 8.041323037620975,
        "xpert": [
            [
                407.0,
                278.8
            ],
            [
                403.4,
                276.6
            ],
            [
                403.4,
                273.0
            ],
            [
                404.0,
                270.0
            ],
            [
                407.0,
                268.0
            ],
            [
                411.0,
                269.0
            ],
            [
                411.8,
                273.0
            ],
            [
                412.0,
                278.0
            ]
        ],
        "stack": 0
    },
    {
        "type": "Spine",
        "location": [
            431,
            279
        ],
        "radloc": [
            0,
            0
        ],
        "mean": [
            12.364963503649635,
            20.751824817518248,
            19.094890510948904,
            22.32116788321168,
            25.802919708029197,
            39.68613138686131,
            31.087591240875913,
            41.051094890510946
        ],
        "min": [
            3.0,
            5.0,
            5.0,
            3.0,
            5.0,
            7.0,
            8.0,
            8.0
        ],
        "max": [
            72.0,
            87.0,
            88.0,
            74.0,
            69.0,
            114.0,
            88.0,
            87.0
        ],
        "RawIntDen": [
            1694.0,
            2843.0,
            2616.0,
            3058.0,
            3535.0,
            5437.0,
            4259.0,
            5624.0
        ],
        "IntDen": [
            1060.3632047422343,
            1779.5824032362293,
            1637.4912299915497,
            1914.162148820397,
            2212.741398325737,
            3403.302682516841,
            2665.9308671766094,
            3520.355763559815
        ],
        "FlagUp": 0,
        "Times": [
            -15,
            -10,
            -5,
            2,
            10,
            20,
            30,
            40
        ],
        "width": 0,
        "height": 0,
        "area": 0.6259523050426413,
        "distance": 9.731853164120025,
        "xpert": [
            [
                431.0,
                285.8
            ],
            [
                426.2,
                283.8
            ],
            [
                425.6,
                279.0
            ],
            [
                427.4,
                275.4
            ],
            [
                431.0,
                273.4
            ],
            [
                436.8,
                273.2
            ],
            [
                437.8,
                279.0
            ],
            [
                438.6,
                286.6
            ]
        ],
        "stack": 0
    },
    {
        "type": "Spine",
        "location": [
            424,
            289
        ],
        "radloc": [
            0,
            0
        ],
        "mean": [
            21.747524752475247,
            30.762376237623762,
            33.04455445544554,
            22.019801980198018,
            28.084158415841586,
            24.712871287128714,
            33.01485148514851,
            39.054455445544555
        ],
        "min": [
            6.0,
            7.0,
            7.0,
            6.0,
            7.0,
            8.0,
            8.0,
            7.0
        ],
        "max": [
            72.0,
            72.0,
            84.0,
            59.0,
            87.0,
            67.0,
            72.0,
            107.0
        ],
        "RawIntDen": [
            4393.0,
            6214.0,
            6675.0,
            4448.0,
            5673.0,
            4992.0,
            6669.0,
            7889.0
        ],
        "IntDen": [
            3968.9486733800627,
            5614.169600815777,
            6030.6697916712765,
            4018.6395855211745,
            5125.3917195732065,
            4510.127880153261,
            6025.2489648922465,
            7127.483743295086
        ],
        "FlagUp": 0,
        "Times": [
            -15,
            -10,
            -5,
            2,
            10,
            20,
            30,
            40
        ],
        "width": 0,
        "height": 0,
        "area": 0.9034711298383935,
        "distance": 9.270623164120025,
        "xpert": [
            [
                424.0,
                298.8
            ],
            [
                418.0,
                295.0
            ],
            [
                418.0,
                289.0
            ],
            [
                419.4,
                284.4
            ],
            [
                424.0,
                281.6
            ],
            [
                428.6,
                284.4
            ],
            [
                434.2,
                289.0
            ],
            [
                432.4,
                297.4
            ]
        ],
        "stack": 0
    },
    {
        "type": "Spine",
        "location": [
            470,
            285
        ],
        "radloc": [
            0,
            0
        ],
        "mean": [
            43.152,
            39.748,
            47.2,
            33.38,
            36.5,
            49.636,
            42.564,
            34.624
        ],
        "min": [
            5.0,
            8.0,
            10.0,
            9.0,
            6.0,
            10.0,
            10.0,
            6.0
        ],
        "max": [
            120.0,
            139.0,
            110.0,
            105.0,
            115.0,
            102.0,
            92.0,
            99.0
        ],
        "RawIntDen": [
            10788.0,
            9937.0,
            11800.0,
            8345.0,
            9125.0,
            12409.0,
            10641.0,
            8656.0
        ],
        "IntDen": [
            12357.012437137857,
            11382.242546147469,
            13516.198253450752,
            9558.70122246157,
            10452.144835825264,
            14213.771536192406,
            12188.632679234699,
            9914.933227277093
        ],
        "FlagUp": 0,
        "Times": [
            -15,
            -10,
            -5,
            2,
            10,
            20,
            30,
            40
        ],
        "width": 0,
        "height": 0,
        "area": 1.1454405299534536,
        "distance": 12.383440758994318,
        "xpert": [
            [
                470.0,
                294.8
            ],
            [
                459.0,
                296.0
            ],
            [
                457.6,
                285.0
            ],
            [
                465.2,
                280.2
            ],
            [
                470.0,
                278.8
            ],
            [
                476.0,
                279.0
            ],
            [
                477.2,
                285.0
            ],
            [
                474.8,
                289.8
            ]
        ],
        "stack": 0
    }
]