[
    {
        "type": "Stim",
        "location": [
            361,
            238
        ],
        "radloc": [
            0,
            0
        ],
        "mean": [
            45.80952380952381,
            41.63492063492063,
            43.301587301587304,
            38.166666666666664,
            42.03174603174603,
            42.992063492063494,
            43.095238095238095,
            54.46825396825397
        ],
        "min": [
            12.0,
            11.0,
            8.0,
            11.0,
            10.0,
            14.0,
            11.0,
            16.0
        ],
        "max": [
            174.0,
            94.0,
            116.0,
            85.0,
            91.0,
            104.0,
            94.0,
            121.0
        ],
        "RawIntDen": [
            5772.0,
            5246.0,
            5456.0,
            4809.0,
            5296.0,
            5417.0,
            5430.0,
            6863.0
        ],
        "IntDen": [
            3340.4714996135167,
            3036.055697673685,
            3157.5905235431997,
            2783.1475124118856,
            3064.9925609759503,
            3135.0197701674324,
            3142.5433546260215,
            3971.8738568689478
        ],
        "FlagUp": 0,
        "Times": [
            -15,
            -10,
            -5,
            2,
            10,
            20,
            30,
            40
        ],
        "width": 0,
        "height": 0,
        "area": 0.5787372660453078,
        "distance": 0,
        "xpert": [
            [
                361.0,
                244.8
            ],
            [
                355.6,
                243.4
            ],
            [
                355.6,
                238.0
            ],
            [
                355.6,
                232.6
            ],
            [
                361.0,
                232.6
            ],
            [
                365.0,
                234.0
            ],
            [
                366.6,
                238.0
            ],
            [
                367.8,
                244.8
            ]
        ],
        "stack": 0
    },
    {
        "type": "Stim",
        "location": [
            358,
            263
        ],
        "radloc": [
            0,
            0
        ],
        "mean": [
            81.45108695652173,
            67.96739130434783,
            81.77173913043478,
            102.93478260869566,
            89.80978260869566,
            93.90760869565217,
            88.71195652173913,
            89.1086956521739
        ],
        "min": [
            11.0,
            10.0,
            18.0,
            13.0,
            24.0,
            25.0,
            28.0,
            24.0
        ],
        "max": [
            180.0,
            164.0,
            165.0,
            211.0,
            176.0,
            184.0,
            154.0,
            164.0
        ],
        "RawIntDen": [
            14987.0,
            12506.0,
            15046.0,
            18940.0,
            16525.0,
            17279.0,
            16323.0,
            16396.0
        ],
        "IntDen": [
            12114.976358827282,
            10109.421121204643,
            12162.669933603474,
            15310.445868832236,
            13358.242765705,
            13967.750484031267,
            13194.9528995221,
            13253.963593736713
        ],
        "FlagUp": 0,
        "Times": [
            -15,
            -10,
            -5,
            2,
            10,
            20,
            30,
            40
        ],
        "width": 0,
        "height": 0,
        "area": 0.8083656741727685,
        "distance": 0,
        "xpert": [
            [
                358.0,
                270.8
            ],
            [
                351.8,
                269.2
            ],
            [
                350.4,
                263.0
            ],
            [
                351.6,
                256.6
            ],
            [
                358.0,
                256.4
            ],
            [
                363.6,
                257.4
            ],
            [
                367.2,
                263.0
            ],
            [
                363.4,
                268.4
            ]
        ],
        "stack": 0
    },
    {
        "type": "Stim",
        "location": [
            336,
            236
        ],
        "radloc": [
            0,
            0
        ],
        "mean": [
            57.78125,
            45.2109375,
            50.671875,
            119.7265625,
            90.953125,
            76.34375,
            56.90625,
            58.3125
        ],
        "min": [
            14.0,
            6.0,
            16.0,
            45.0,
            25.0,
            14.0,
            9.0,
            16.0
        ],
        "max": [
            134.0,
            89.0,
            98.0,
            224.0,
            167.0,
            165.0,
            127.0,
            126.0
        ],
        "RawIntDen": [
            7396.0,
            5787.0,
            6486.0,
            15325.0,
            11642.0,
            9772.0,
            7284.0,
            7464.0
        ],
        "IntDen": [
            4114.594543500933,
            3219.4643892969034,
            3608.3369671642845,
            8525.71138171333,
            6476.759015067314,
            5436.427512045851,
            4052.2859187210374,
            4152.424779974441
        ],
        "FlagUp": 0,
        "Times": [
            -15,
            -10,
            -5,
            2,
            10,
            20,
            30,
            40
        ],
        "width": 0,
        "height": 0,
        "area": 0.5563270069633495,
        "distance": 0,
        "xpert": [
            [
                336.0,
                243.2
            ],
            [
                330.4,
                241.6
            ],
            [
                329.0,
                236.0
            ],
            [
                331.0,
                231.0
            ],
            [
                336.0,
                230.6
            ],
            [
                340.0,
                232.0
            ],
            [
                341.8,
                236.0
            ],
            [
                341.2,
                241.2
            ]
        ],
        "stack": 0
    },
    {
        "type": "Stim",
        "location": [
            323,
            260
        ],
        "radloc": [
            0,
            0
        ],
        "mean": [
            44.62264150943396,
            52.77358490566038,
            63.899371069182386,
            184.7987421383648,
            100.27672955974843,
            119.79874213836477,
            115.39622641509433,
            105.48427672955975
        ],
        "min": [
            6.0,
            7.0,
            6.0,
            71.0,
            13.0,
            18.0,
            25.0,
            14.0
        ],
        "max": [
            186.0,
            192.0,
            210.0,
            255.0,
            234.0,
            255.0,
            235.0,
            232.0
        ],
        "RawIntDen": [
            7095.0,
            8391.0,
            10160.0,
            29383.0,
            15944.0,
            19048.0,
            18348.0,
            16772.0
        ],
        "IntDen": [
            4971.279437765079,
            5879.352468257473,
            7118.844127934207,
            20587.893406603427,
            11171.540430687302,
            13346.431392607361,
            12855.959848359924,
            11751.698200168556
        ],
        "FlagUp": 0,
        "Times": [
            -15,
            -10,
            -5,
            2,
            10,
            20,
            30,
            40
        ],
        "width": 0,
        "height": 0,
        "area": 0.7006736346391936,
        "distance": 0,
        "xpert": [
            [
                323.0,
                268.8
            ],
            [
                316.6,
                266.4
            ],
            [
                314.2,
                260.0
            ],
            [
                317.6,
                254.6
            ],
            [
                323.0,
                254.0
            ],
            [
                327.2,
                255.8
            ],
            [
                329.0,
                260.0
            ],
            [
                328.2,
                265.2
            ]
        ],
        "stack": 0
    },
    {
        "type": "Stim",
        "location": [
            273,
            267
        ],
        "radloc": [
            0,
            0
        ],
        "mean": [
            41.753846153846155,
            40.26923076923077,
            46.715384615384615,
            77.79230769230769,
            93.41538461538461,
            86.11538461538461,
            87.9,
            79.96153846153847
        ],
        "min": [
            7.0,
            7.0,
            11.0,
            14.0,
            27.0,
            28.0,
            29.0,
            20.0
        ],
        "max": [
            110.0,
            118.0,
            112.0,
            175.0,
            187.0,
            186.0,
            217.0,
            177.0
        ],
        "RawIntDen": [
            5428.0,
            5235.0,
            6073.0,
            10113.0,
            12144.0,
            11195.0,
            11427.0,
            10395.0
        ],
        "IntDen": [
            3148.0512437266325,
            3036.1179552153503,
            3522.128814139985,
            5865.188324946101,
            7043.097697829076,
            6492.710698879818,
            6627.262631183536,
            6028.738518522171
        ],
        "FlagUp": 0,
        "Times": [
            -15,
            -10,
            -5,
            2,
            10,
            20,
            30,
            40
        ],
        "width": 0,
        "height": 0,
        "area": 0.5799652254470583,
        "distance": 0,
        "xpert": [
            [
                273.0,
                273.0
            ],
            [
                267.4,
                272.6
            ],
            [
                265.2,
                267.0
            ],
            [
                268.0,
                262.0
            ],
            [
                273.0,
                258.8
            ],
            [
                277.4,
                262.6
            ],
            [
                278.2,
                267.0
            ],
            [
                277.2,
                271.2
            ]
        ],
        "stack": 0
    },
    {
        "type": "Stim",
        "location": [
            266,
            240
        ],
        "radloc": [
            0,
            0
        ],
        "mean": [
            53.02758620689655,
            55.51034482758621,
            44.40689655172414,
            76.11724137931034,
            67.99310344827586,
            80.11724137931034,
            70.66896551724138,
            79.51034482758621
        ],
        "min": [
            8.0,
            7.0,
            8.0,
            13.0,
            10.0,
            19.0,
            12.0,
            9.0
        ],
        "max": [
            104.0,
            141.0,
            118.0,
            163.0,
            152.0,
            168.0,
            180.0,
            176.0
        ],
        "RawIntDen": [
            7689.0,
            8049.0,
            6439.0,
            11037.0,
            9859.0,
            11617.0,
            10247.0,
            11529.0
        ],
        "IntDen": [
            5352.072902340531,
            5602.657665618277,
            4481.986918737245,
            7682.511200823571,
            6862.542169875835,
            8086.2310972154955,
            7132.616859186294,
            8024.977043969824
        ],
        "FlagUp": 0,
        "Times": [
            -15,
            -10,
            -5,
            2,
            10,
            20,
            30,
            40
        ],
        "width": 0,
        "height": 0,
        "area": 0.6960687868826285,
        "distance": 0,
        "xpert": [
            [
                266.0,
                246.2
            ],
            [
                260.0,
                246.0
            ],
            [
                259.6,
                240.0
            ],
            [
                258.4,
                232.4
            ],
            [
                266.0,
                233.6
            ],
            [
                270.6,
                235.4
            ],
            [
                272.0,
                240.0
            ],
            [
                271.8,
                245.8
            ]
        ],
        "stack": 0
    },
    {
        "type": "Stim",
        "location": [
            239,
            231
        ],
        "radloc": [
            0,
            0
        ],
        "mean": [
            37.13669064748201,
            52.223021582733814,
            61.05755395683453,
            56.94244604316547,
            71.28776978417267,
            68.10791366906474,
            58.89208633093525,
            62.41726618705036
        ],
        "min": [
            10.0,
            10.0,
            11.0,
            10.0,
            15.0,
            12.0,
            16.0,
            12.0
        ],
        "max": [
            109.0,
            143.0,
            153.0,
            143.0,
            162.0,
            177.0,
            156.0,
            139.0
        ],
        "RawIntDen": [
            5162.0,
            7259.0,
            8487.0,
            7915.0,
            9909.0,
            9467.0,
            8186.0,
            8676.0
        ],
        "IntDen": [
            3195.351994290209,
            4493.425053574705,
            5253.574656245836,
            4899.498456956026,
            6133.813039794979,
            5860.208703980126,
            5067.25134158459,
            5370.568365451734
        ],
        "FlagUp": 0,
        "Times": [
            -15,
            -10,
            -5,
            2,
            10,
            20,
            30,
            40
        ],
        "width": 0,
        "height": 0,
        "area": 0.6190143344227449,
        "distance": 0,
        "xpert": [
            [
                239.0,
                239.4
            ],
            [
                233.6,
                236.4
            ],
            [
                233.6,
                231.0
            ],
            [
                235.6,
                227.6
            ],
            [
                239.0,
                225.6
            ],
            [
                245.2,
                224.8
            ],
            [
                246.6,
                231.0
            ],
            [
                244.4,
                236.4
            ]
        ],
        "stack": 0
    },
    {
        "type": "Spine",
        "location": [
            18,
            252
        ],
        "radloc": [
            0,
            0
        ],
        "mean": [
            30.30817610062893,
            24.20754716981132,
            27.61635220125786,
            22.89308176100629,
            30.89308176100629,
            30.433962264150942,
            34.534591194968556,
            38.45283018867924
        ],
        "min": [
            5.0,
            7.0,
            6.0,
            6.0,
            8.0,
            7.0,
            7.0,
            9.0
        ],
        "max": [
            104.0,
            82.0,
            95.0,
            63.0,
            79.0,
            85.0,
            88.0,
            94.0
        ],
        "RawIntDen": [
            4819.0,
            3849.0,
            4391.0,
            3640.0,
            4912.0,
            4839.0,
            5491.0,
            6114.0
        ],
        "IntDen": [
            3534.8403428770607,
            2823.3244407001052,
            3220.893120060837,
            2670.0184370351735,
            3603.057846900212,
            3549.5107738497813,
            4027.7668235604774,
            4484.750748360729
        ],
        "FlagUp": 0,
        "Times": [
            -15,
            -10,
            -5,
            2,
            10,
            20,
            30,
            40
        ],
        "width": 0,
        "height": 0,
        "area": 0.7335215486360367,
        "distance": 15.127100154272187,
        "xpert": [
            [
                18.0,
                259.4
            ],
            [
                13.0,
                257.0
            ],
            [
                11.6,
                252.0
            ],
            [
                10.4,
                244.4
            ],
            [
                18.0,
                244.0
            ],
            [
                23.4,
                246.6
            ],
            [
                24.0,
                252.0
            ],
            [
                23.4,
                257.4
            ]
        ],
        "stack": 0
    },
    {
        "type": "Spine",
        "location": [
            84,
            240
        ],
        "radloc": [
            0,
            0
        ],
        "mean": [
            134.9727626459144,
            123.56809338521401,
            133.06614785992218,
            117.83657587548637,
            122.4863813229572,
            131.96887159533074,
            139.5330739299611,
            122.94163424124514
        ],
        "min": [
            15.0,
            12.0,
            19.0,
            13.0,
            18.0,
            15.0,
            23.0,
            19.0
        ],
        "max": [
            251.0,
            255.0,
            255.0,
            255.0,
            255.0,
            255.0,
            255.0,
            250.0
        ],
        "RawIntDen": [
            34688.0,
            31757.0,
            34198.0,
            30284.0,
            31479.0,
            33916.0,
            35860.0,
            31596.0
        ],
        "IntDen": [
            39287.9185906684,
            35968.2435044931,
            38732.94049710788,
            34299.9113987489,
            35653.378382024064,
            38413.544941222026,
            40615.33558179684,
            35785.893559466065
        ],
        "FlagUp": 0,
        "Times": [
            -15,
            -10,
            -5,
            2,
            10,
            20,
            30,
            40
        ],
        "width": 0,
        "height": 0,
        "area": 1.1326083542051546,
        "distance": 10.560019901274067,
        "xpert": [
            [
                84.0,
                250.0
            ],
            [
                77.4,
                246.6
            ],
            [
                74.4,
                240.0
            ],
            [
                77.6,
                233.6
            ],
            [
                84.0,
                232.8
            ],
            [
                91.2,
                232.8
            ],
            [
                95.8,
                240.0
            ],
            [
                90.4,
                246.4
            ]
        ],
        "stack": 0
    },
    {
        "type": "Spine",
        "location": [
            117,
            216
        ],
        "radloc": [
            0,
            0
        ],
        "mean": [
            53.5,
            48.57258064516129,
            51.54838709677419,
            38.403225806451616,
            37.79032258064516,
            47.903225806451616,
            34.04032258064516,
            38.91935483870968
        ],
        "min": [
            10.0,
            13.0,
            9.0,
            7.0,
            8.0,
            6.0,
            6.0,
            5.0
        ],
        "max": [
            117.0,
            135.0,
            142.0,
            91.0,
            92.0,
            137.0,
            107.0,
            146.0
        ],
        "RawIntDen": [
            6634.0,
            6023.0,
            6392.0,
            4762.0,
            4686.0,
            5940.0,
            4221.0,
            4826.0
        ],
        "IntDen": [
            3805.128635725457,
            3454.671355588548,
            3666.3223152784326,
            2731.38718168897,
            2687.7951141105655,
            3407.064229154238,
            2421.080490111118,
            2768.096291228679
        ],
        "FlagUp": 0,
        "Times": [
            -15,
            -10,
            -5,
            2,
            10,
            20,
            30,
            40
        ],
        "width": 0,
        "height": 0,
        "area": 0.5735798365579525,
        "distance": 8.385649901274066,
        "xpert": [
            [
                117.0,
                222.0
            ],
            [
                110.8,
                222.2
            ],
            [
                111.0,
                216.0
            ],
            [
                111.4,
                210.4
            ],
            [
                117.0,
                210.6
            ],
            [
                121.0,
                212.0
            ],
            [
                122.8,
                216.0
            ],
            [
                122.8,
                221.8
            ]
        ],
        "stack": 0
    },
    {
        "type": "Spine",
        "location": [
            134,
            246
        ],
        "radloc": [
            0,
            0
        ],
        "mean": [
            33.733870967741936,
            38.943548387096776,
            34.564516129032256,
            37.70967741935484,
            43.70967741935484,
            60.79032258064516,
            47.74193548387097,
            55.193548387096776
        ],
        "min": [
            6.0,
            9.0,
            8.0,
            7.0,
            9.0,
            12.0,
            13.0,
            11.0
        ],
        "max": [
            116.0,
            103.0,
            98.0,
            116.0,
            103.0,
            148.0,
            107.0,
            130.0
        ],
        "RawIntDen": [
            4183.0,
            4829.0,
            4286.0,
            4676.0,
            5420.0,
            7538.0,
            5920.0,
            6844.0
        ],
        "IntDen": [
            2460.923106452218,
            2840.97482215103,
            2521.519587438251,
            2750.9625736960484,
            3188.6691936339994,
            4434.721103618651,
            3482.826868323483,
            4026.430251149648
        ],
        "FlagUp": 0,
        "Times": [
            -15,
            -10,
            -5,
            2,
            10,
            20,
            30,
            40
        ],
        "width": 0,
        "height": 0,
        "area": 0.5883153493789667,
        "distance": 7.156349774775015,
        "xpert": [
            [
                134.0,
                252.0
            ],
            [
                129.0,
                251.0
            ],
            [
                128.6,
                246.0
            ],
            [
                127.2,
                239.2
            ],
            [
                134.0,
                237.6
            ],
            [
                139.0,
                241.0
            ],
            [
                139.4,
                246.0
            ],
            [
                137.6,
                249.6
            ]
        ],
        "stack": 0
    },
    {
        "type": "Spine",
        "location": [
            149,
            223
        ],
        "radloc": [
            0,
            0
        ],
        "mean": [
            71.57272727272728,
            73.04545454545455,
            63.28181818181818,
            50.18181818181818,
            52.00909090909091,
            49.81818181818182,
            54.39090909090909,
            47.82727272727273
        ],
        "min": [
            11.0,
            11.0,
            15.0,
            7.0,
            9.0,
            10.0,
            8.0,
            6.0
        ],
        "max": [
            131.0,
            185.0,
            142.0,
            131.0,
            126.0,
            112.0,
            124.0,
            121.0
        ],
        "RawIntDen": [
            7873.0,
            8035.0,
            6961.0,
            5520.0,
            5721.0,
            5480.0,
            5983.0,
            5261.0
        ],
        "IntDen": [
            3691.1371644608876,
            3767.0884181942374,
            3263.559736036103,
            2587.96864572896,
            2682.2044605462643,
            2569.2152497454167,
            2805.039204238472,
            2466.5404067355175
        ],
        "FlagUp": 0,
        "Times": [
            -15,
            -10,
            -5,
            2,
            10,
            20,
            30,
            40
        ],
        "width": 0,
        "height": 0,
        "area": 0.46883489958857966,
        "distance": 6.272487243150251,
        "xpert": [
            [
                149.0,
                228.2
            ],
            [
                143.8,
                228.2
            ],
            [
                142.4,
                223.0
            ],
            [
                144.8,
                218.8
            ],
            [
                149.0,
                217.8
            ],
            [
                152.6,
                219.4
            ],
            [
                155.2,
                223.0
            ],
            [
                154.2,
                228.2
            ]
        ],
        "stack": 0
    },
    {
        "type": "Spine",
        "location": [
            155,
            261
        ],
        "radloc": [
            0,
            0
        ],
        "mean": [
            50.38636363636363,
            62.43939393939394,
            80.8030303030303,
            67.22727272727273,
            66.4469696969697,
            78.48484848484848,
            65.93939393939394,
            65.59848484848484
        ],
        "min": [
            8.0,
            9.0,
            16.0,
            11.0,
            15.0,
            18.0,
            10.0,
            9.0
        ],
        "max": [
            100.0,
            128.0,
            159.0,
            143.0,
            136.0,
            181.0,
            157.0,
            152.0
        ],
        "RawIntDen": [
            6651.0,
            8242.0,
            10666.0,
            8874.0,
            8771.0,
            10360.0,
            8704.0,
            8659.0
        ],
        "IntDen": [
            3893.692567464045,
            4825.111132316743,
            6244.192591275222,
            5195.102667820769,
            5134.803414407929,
            6065.051119971058,
            5095.579628207344,
            5069.235294192026
        ],
        "FlagUp": 0,
        "Times": [
            -15,
            -10,
            -5,
            2,
            10,
            20,
            30,
            40
        ],
        "width": 0,
        "height": 0,
        "area": 0.5854296447848512,
        "distance": 5.4724419269026185,
        "xpert": [
            [
                155.0,
                266.6
            ],
            [
                151.0,
                265.0
            ],
            [
                148.0,
                261.0
            ],
            [
                148.8,
                254.8
            ],
            [
                155.0,
                252.8
            ],
            [
                160.0,
                256.0
            ],
            [
                162.0,
                261.0
            ],
            [
                158.6,
                264.6
            ]
        ],
        "stack": 0
    },
    {
        "type": "Spine",
        "location": [
            165,
            253
        ],
        "radloc": [
            0,
            0
        ],
        "mean": [
            83.34507042253522,
            77.30985915492958,
            75.21126760563381,
            83.40140845070422,
            94.5774647887324,
            91.91549295774648,
            104.67605633802818,
            99.43661971830986
        ],
        "min": [
            17.0,
            12.0,
            15.0,
            20.0,
            21.0,
            16.0,
            40.0,
            33.0
        ],
        "max": [
            179.0,
            179.0,
            157.0,
            186.0,
            206.0,
            186.0,
            196.0,
            222.0
        ],
        "RawIntDen": [
            11835.0,
            10978.0,
            10680.0,
            11843.0,
            13430.0,
            13052.0,
            14864.0,
            14120.0
        ],
        "IntDen": [
            7471.363643090418,
            6930.3447464171195,
            6742.219155741924,
            7476.41399451794,
            8478.277458952625,
            8239.648354002209,
            9383.552952335951,
            8913.8702695764
        ],
        "FlagUp": 0,
        "Times": [
            -15,
            -10,
            -5,
            2,
            10,
            20,
            30,
            40
        ],
        "width": 0,
        "height": 0,
        "area": 0.631293928440255,
        "distance": 4.813541926902619,
        "xpert": [
            [
                165.0,
                258.4
            ],
            [
                160.0,
                258.0
            ],
            [
                156.8,
                253.0
            ],
            [
                159.6,
                247.6
            ],
            [
                165.0,
                247.0
            ],
            [
                171.2,
                246.8
            ],
            [
                173.4,
                253.0
            ],
            [
                168.4,
                256.4
            ]
        ],
        "stack": 0
    },
    {
        "type": "Spine",
        "location": [
            201,
            238
        ],
        "radloc": [
            0,
            0
        ],
        "mean": [
            79.2909090909091,
            91.62727272727273,
            64.02727272727273,
            56.53636363636364,
            58.263636363636365,
            73.10909090909091,
            68.54545454545455,
            68.19090909090909
        ],
        "min": [
            19.0,
            41.0,
            15.0,
            10.0,
            11.0,
            12.0,
            11.0,
            15.0
        ],
        "max": [
            153.0,
            188.0,
            145.0,
            134.0,
            167.0,
            171.0,
            179.0,
            149.0
        ],
        "RawIntDen": [
            8722.0,
            10079.0,
            7043.0,
            6219.0,
            6409.0,
            8042.0,
            7540.0,
            7501.0
        ],
        "IntDen": [
            4390.671866754981,
            5073.7883220618505,
            3545.459981375296,
            3130.656769015046,
            3226.3031407971425,
            4048.3585361664254,
            3795.650753878991,
            3776.0180775658237
        ],
        "FlagUp": 0,
        "Times": [
            -15,
            -10,
            -5,
            2,
            10,
            20,
            30,
            40
        ],
        "width": 0,
        "height": 0,
        "area": 0.5034019567478768,
        "distance": 2.332331800403567,
        "xpert": [
            [
                201.0,
                242.8
            ],
            [
                196.2,
                242.8
            ],
            [
                193.0,
                238.0
            ],
            [
                196.6,
                233.6
            ],
            [
                201.0,
                232.6
            ],
            [
                204.4,
                234.6
            ],
            [
                208.6,
                238.0
            ],
            [
                205.8,
                242.8
            ]
        ],
        "stack": 0
    },
    {
        "type": "Spine",
        "location": [
            211,
            261
        ],
        "radloc": [
            0,
            0
        ],
        "mean": [
            45.142857142857146,
            59.9,
            64.84285714285714,
            67.7,
            82.82142857142857,
            62.6,
            75.28571428571429,
            72.2
        ],
        "min": [
            10.0,
            9.0,
            11.0,
            10.0,
            14.0,
            9.0,
            21.0,
            10.0
        ],
        "max": [
            107.0,
            163.0,
            161.0,
            195.0,
            193.0,
            163.0,
            173.0,
            210.0
        ],
        "RawIntDen": [
            6320.0,
            8386.0,
            9078.0,
            9478.0,
            11595.0,
            8764.0,
            10540.0,
            10108.0
        ],
        "IntDen": [
            3975.032291246187,
            5274.465315568121,
            5709.706193027356,
            5961.290515258127,
            7292.800540664484,
            5512.2125000762,
            6629.246890780825,
            6357.5358227715915
        ],
        "FlagUp": 0,
        "Times": [
            -15,
            -10,
            -5,
            2,
            10,
            20,
            30,
            40
        ],
        "width": 0,
        "height": 0,
        "area": 0.6289608055769284,
        "distance": 1.6188467371540405,
        "xpert": [
            [
                211.0,
                267.8
            ],
            [
                206.0,
                266.0
            ],
            [
                205.4,
                261.0
            ],
            [
                204.6,
                254.6
            ],
            [
                211.0,
                253.8
            ],
            [
                216.2,
                255.8
            ],
            [
                217.0,
                261.0
            ],
            [
                216.4,
                266.4
            ]
        ],
        "stack": 0
    },
    {
        "type": "Spine",
        "location": [
            230,
            261
        ],
        "radloc": [
            0,
            0
        ],
        "mean": [
            90.51079136690647,
            67.80575539568345,
            69.7410071942446,
            95.55395683453237,
            87.83453237410072,
            106.49640287769785,
            119.56834532374101,
            106.87050359712231
        ],
        "min": [
            22.0,
            18.0,
            11.0,
            25.0,
            13.0,
            18.0,
            36.0,
            24.0
        ],
        "max": [
            183.0,
            154.0,
            189.0,
            209.0,
            194.0,
            227.0,
            249.0,
            255.0
        ],
        "RawIntDen": [
            12581.0,
            9425.0,
            9694.0,
            13282.0,
            12209.0,
            14803.0,
            16620.0,
            14855.0
        ],
        "IntDen": [
            8562.584546629103,
            6414.621997613806,
            6597.702455688938,
            9039.682692021917,
            8309.402649216654,
            10074.869966119595,
            11311.513803749758,
            10110.260984037464
        ],
        "FlagUp": 0,
        "Times": [
            -15,
            -10,
            -5,
            2,
            10,
            20,
            30,
            40
        ],
        "width": 0,
        "height": 0,
        "area": 0.680596498420563,
        "distance": 0.2006048158885836,
        "xpert": [
            [
                230.0,
                267.2
            ],
            [
                226.6,
                264.4
            ],
            [
                223.8,
                261.0
            ],
            [
                221.8,
                252.8
            ],
            [
                230.0,
                254.2
            ],
            [
                236.4,
                254.6
            ],
            [
                236.2,
                261.0
            ],
            [
                234.6,
                265.6
            ]
        ],
        "stack": 0
    },
    {
        "type": "Spine",
        "location": [
            241,
            262
        ],
        "radloc": [
            0,
            0
        ],
        "mean": [
            56.27906976744186,
            63.44186046511628,
            62.06201550387597,
            56.72093023255814,
            61.16279069767442,
            50.83720930232558,
            55.08527131782946,
            53.713178294573645
        ],
        "min": [
            16.0,
            10.0,
            13.0,
            14.0,
            14.0,
            11.0,
            13.0,
            16.0
        ],
        "max": [
            117.0,
            150.0,
            128.0,
            113.0,
            123.0,
            106.0,
            114.0,
            117.0
        ],
        "RawIntDen": [
            7260.0,
            8184.0,
            8006.0,
            7317.0,
            7890.0,
            6558.0,
            7106.0,
            6929.0
        ],
        "IntDen": [
            4177.562091295811,
            4709.251812006187,
            4606.826735938604,
            4210.361132508464,
            4540.0778099619765,
            3773.616004782084,
            4088.9471378440817,
            3987.0974835521592
        ],
        "FlagUp": 0,
        "Times": [
            -15,
            -10,
            -5,
            2,
            10,
            20,
            30,
            40
        ],
        "width": 0,
        "height": 0,
        "area": 0.5754217756605801,
        "distance": -0.5721263989339601,
        "xpert": [
            [
                241.0,
                269.0
            ],
            [
                236.4,
                266.6
            ],
            [
                234.8,
                262.0
            ],
            [
                235.4,
                256.4
            ],
            [
                241.0,
                255.2
            ],
            [
                246.2,
                256.8
            ],
            [
                247.0,
                262.0
            ],
            [
                245.8,
                266.8
            ]
        ],
        "stack": 0
    },
    {
        "type": "Spine",
        "location": [
            306,
            233
        ],
        "radloc": [
            0,
            0
        ],
        "mean": [
            51.71875,
            47.66015625,
            48.44921875,
            94.2109375,
            60.5546875,
            67.48046875,
            58.40625,
            64.40625
        ],
        "min": [
            12.0,
            11.0,
            11.0,
            23.0,
            8.0,
            11.0,
            7.0,
            12.0
        ],
        "max": [
            130.0,
            109.0,
            110.0,
            214.0,
            155.0,
            188.0,
            149.0,
            173.0
        ],
        "RawIntDen": [
            13240.0,
            12201.0,
            12403.0,
            24118.0,
            15502.0,
            17275.0,
            14952.0,
            16488.0
        ],
        "IntDen": [
            15589.158270166505,
            14365.80967177504,
            14603.650303993592,
            28397.229543797264,
            18252.502379465343,
            20340.08377017571,
            17604.916499662355,
            19413.447247621247
        ],
        "FlagUp": 0,
        "Times": [
            -15,
            -10,
            -5,
            2,
            10,
            20,
            30,
            40
        ],
        "width": 0,
        "height": 0,
        "area": 1.1774288723690713,
        "distance": -1.12013,
        "xpert": [
            [
                306.0,
                241.4
            ],
            [
                298.0,
                241.0
            ],
            [
                297.0,
                233.0
            ],
            [
                299.6,
                226.6
            ],
            [
                306.0,
                226.4
            ],
            [
                312.0,
                227.0
            ],
            [
                320.6,
                233.0
            ],
            [
                312.2,
                239.2
            ]
        ],
        "stack": 0
    },
    {
        "type": "Spine",
        "location": [
            344,
            261
        ],
        "radloc": [
            0,
            0
        ],
        "mean": [
            36.15079365079365,
            42.888888888888886,
            37.96031746031746,
            36.95238095238095,
            34.56349206349206,
            42.492063492063494,
            44.01587301587302,
            36.13492063492063
        ],
        "min": [
            10.0,
            12.0,
            11.0,
            10.0,
            12.0,
            9.0,
            12.0,
            8.0
        ],
        "max": [
            94.0,
            107.0,
            104.0,
            121.0,
            110.0,
            159.0,
            137.0,
            133.0
        ],
        "RawIntDen": [
            4555.0,
            5404.0,
            4783.0,
            4656.0,
            4355.0,
            5354.0,
            5546.0,
            4553.0
        ],
        "IntDen": [
            2701.0311657061006,
            3204.472539950772,
            2836.230969390182,
            2760.922306811768,
            2582.4348466849765,
            3174.8234601954914,
            3288.6759264557704,
            2699.8452025158895
        ],
        "FlagUp": 0,
        "Times": [
            -15,
            -10,
            -5,
            2,
            10,
            20,
            30,
            40
        ],
        "width": 0,
        "height": 0,
        "area": 0.5929815951056203,
        "distance": -0.7188880680037273,
        "xpert": [
            [
                344.0,
                266.0
            ],
            [
                340.6,
                264.4
            ],
            [
                338.6,
                261.0
            ],
            [
                337.2,
                254.2
            ],
            [
                344.0,
                254.6
            ],
            [
                349.6,
                255.4
            ],
            [
                350.0,
                261.0
            ],
            [
                350.2,
                267.2
            ]
        ],
        "stack": 0
    },
    {
        "type": "Spine",
        "location": [
            379,
            240
        ],
        "radloc": [
            0,
            0
        ],
        "mean": [
            69.86274509803921,
            85.69607843137256,
            104.37254901960785,
            64.88235294117646,
            77.6470588235294,
            52.754901960784316,
            52.6764705882353,
            56.745098039215684
        ],
        "min": [
            22.0,
            24.0,
            37.0,
            15.0,
            21.0,
            12.0,
            12.0,
            13.0
        ],
        "max": [
            214.0,
            196.0,
            215.0,
            128.0,
            164.0,
            108.0,
            134.0,
            131.0
        ],
        "RawIntDen": [
            7126.0,
            8741.0,
            10646.0,
            6618.0,
            7920.0,
            5381.0,
            5373.0,
            5788.0
        ],
        "IntDen": [
            3441.1100175474967,
            4220.985498650389,
            5140.900539827484,
            3195.799339900271,
            3824.528675129971,
            2598.4581819285827,
            2594.5950216506735,
            2794.996461067206
        ],
        "FlagUp": 0,
        "Times": [
            -15,
            -10,
            -5,
            2,
            10,
            20,
            30,
            40
        ],
        "width": 0,
        "height": 0,
        "area": 0.4828950347386327,
        "distance": 1.18602,
        "xpert": [
            [
                379.0,
                245.8
            ],
            [
                373.2,
                245.8
            ],
            [
                373.0,
                240.0
            ],
            [
                375.2,
                236.2
            ],
            [
                379.0,
                234.8
            ],
            [
                383.0,
                236.0
            ],
            [
                384.2,
                240.0
            ],
            [
                384.6,
                245.6
            ]
        ],
        "stack": 0
    },
    {
        "type": "Spine",
        "location": [
            397,
            242
        ],
        "radloc": [
            0,
            0
        ],
        "mean": [
            55.87378640776699,
            62.349514563106794,
            65.35922330097087,
            39.320388349514566,
            44.18446601941748,
            49.19417475728155,
            57.76699029126213,
            57.41747572815534
        ],
        "min": [
            18.0,
            14.0,
            20.0,
            13.0,
            14.0,
            16.0,
            11.0,
            15.0
        ],
        "max": [
            115.0,
            152.0,
            128.0,
            96.0,
            95.0,
            101.0,
            142.0,
            128.0
        ],
        "RawIntDen": [
            5755.0,
            6422.0,
            6732.0,
            4050.0,
            4551.0,
            5067.0,
            5950.0,
            5914.0
        ],
        "IntDen": [
            2682.9509984645765,
            2993.90292131008,
            3138.4233052412733,
            1888.088886843012,
            2121.6524750672957,
            2362.208985094702,
            2773.858981905166,
            2757.0759695776724
        ],
        "FlagUp": 0,
        "Times": [
            -15,
            -10,
            -5,
            2,
            10,
            20,
            30,
            40
        ],
        "width": 0,
        "height": 0,
        "area": 0.4661947868748178,
        "distance": 2.37204,
        "xpert": [
            [
                397.0,
                246.8
            ],
            [
                392.2,
                246.8
            ],
            [
                389.4,
                242.0
            ],
            [
                392.6,
                237.6
            ],
            [
                397.0,
                236.6
            ],
            [
                401.2,
                237.8
            ],
            [
                402.6,
                242.0
            ],
            [
                401.6,
                246.6
            ]
        ],
        "stack": 0
    },
    {
        "type": "Spine",
        "location": [
            411,
            267
        ],
        "radloc": [
            0,
            0
        ],
        "mean": [
            80.77729257641921,
            73.5065502183406,
            81.78602620087337,
            69.31441048034935,
            80.33187772925764,
            91.5065502183406,
            87.82096069868996,
            82.20087336244542
        ],
        "min": [
            13.0,
            13.0,
            14.0,
            10.0,
            15.0,
            21.0,
            26.0,
            16.0
        ],
        "max": [
            166.0,
            152.0,
            208.0,
            154.0,
            190.0,
            204.0,
            166.0,
            155.0
        ],
        "RawIntDen": [
            18498.0,
            16833.0,
            18729.0,
            15873.0,
            18396.0,
            20955.0,
            20111.0,
            18824.0
        ],
        "IntDen": [
            19855.000573181103,
            18067.85731691845,
            20102.946574500424,
            17037.432376370616,
            19745.517923247895,
            22492.24440539572,
            21586.32914516408,
            20204.915709242137
        ],
        "FlagUp": 0,
        "Times": [
            -15,
            -10,
            -5,
            2,
            10,
            20,
            30,
            40
        ],
        "width": 0,
        "height": 0,
        "area": 1.0733593130706618,
        "distance": 3.542916445413349,
        "xpert": [
            [
                411.0,
                272.6
            ],
            [
                406.0,
                272.0
            ],
            [
                397.0,
                267.0
            ],
            [
                401.8,
                257.8
            ],
            [
                411.0,
                259.0
            ],
            [
                418.2,
                259.8
            ],
            [
                417.8,
                267.0
            ],
            [
                415.4,
                271.4
            ]
        ],
        "stack": 0
    },
    {
        "type": "Spine",
        "location": [
            432,
            248
        ],
        "radloc": [
            0,
            0
        ],
        "mean": [
            54.863157894736844,
            66.23157894736842,
            70.46315789473684,
            59.17894736842105,
            62.85263157894737,
            53.90526315789474,
            50.78947368421053,
            55.94736842105263
        ],
        "min": [
            14.0,
            18.0,
            20.0,
            16.0,
            15.0,
            18.0,
            9.0,
            9.0
        ],
        "max": [
            112.0,
            126.0,
            138.0,
            119.0,
            133.0,
            104.0,
            129.0,
            143.0
        ],
        "RawIntDen": [
            5212.0,
            6292.0,
            6694.0,
            5622.0,
            5971.0,
            5121.0,
            4825.0,
            5315.0
        ],
        "IntDen": [
            2193.0026263202476,
            2647.4237384510743,
            2816.569374633104,
            2365.5143448143576,
            2512.3596856788563,
            2154.7134400203354,
            2030.1683944733682,
            2236.34093608828
        ],
        "FlagUp": 0,
        "Times": [
            -15,
            -10,
            -5,
            2,
            10,
            20,
            30,
            40
        ],
        "width": 0,
        "height": 0,
        "area": 0.4207602890100245,
        "distance": 4.8146526581238165,
        "xpert": [
            [
                432.0,
                252.2
            ],
            [
                427.8,
                252.2
            ],
            [
                426.2,
                248.0
            ],
            [
                427.6,
                243.6
            ],
            [
                432.0,
                243.0
            ],
            [
                436.6,
                243.4
            ],
            [
                438.8,
                248.0
            ],
            [
                436.2,
                252.2
            ]
        ],
        "stack": 0
    },
    {
        "type": "Spine",
        "location": [
            444,
            238
        ],
        "radloc": [
            0,
            0
        ],
        "mean": [
            42.94488188976378,
            45.968503937007874,
            33.724409448818896,
            33.960629921259844,
            35.15748031496063,
            37.45669291338583,
            32.90551181102362,
            24.023622047244096
        ],
        "min": [
            10.0,
            14.0,
            9.0,
            9.0,
            8.0,
            6.0,
            6.0,
            5.0
        ],
        "max": [
            97.0,
            104.0,
            88.0,
            71.0,
            94.0,
            136.0,
            100.0,
            105.0
        ],
        "RawIntDen": [
            5454.0,
            5838.0,
            4283.0,
            4313.0,
            4465.0,
            4757.0,
            4179.0,
            3051.0
        ],
        "IntDen": [
            3153.4192682513985,
            3375.442187028175,
            2476.3650029190944,
            2493.7105434485297,
            2581.594615464337,
            2750.424543284177,
            2416.233795750384,
            1764.041471843604
        ],
        "FlagUp": 0,
        "Times": [
            -15,
            -10,
            -5,
            2,
            10,
            20,
            30,
            40
        ],
        "width": 0,
        "height": 0,
        "area": 0.5781846843145212,
        "distance": 5.6326251897485795,
        "xpert": [
            [
                444.0,
                247.6
            ],
            [
                438.2,
                243.8
            ],
            [
                439.2,
                238.0
            ],
            [
                440.4,
                234.4
            ],
            [
                444.0,
                231.2
            ],
            [
                448.6,
                233.4
            ],
            [
                449.8,
                238.0
            ],
            [
                448.8,
                242.8
            ]
        ],
        "stack": 0
    },
    {
        "type": "Spine",
        "location": [
            439,
            271
        ],
        "radloc": [
            0,
            0
        ],
        "mean": [
            92.1195652173913,
            83.95108695652173,
            89.22282608695652,
            78.21739130434783,
            98.32065217391305,
            81.09239130434783,
            81.40217391304348,
            84.81521739130434
        ],
        "min": [
            19.0,
            9.0,
            15.0,
            10.0,
            19.0,
            20.0,
            26.0,
            22.0
        ],
        "max": [
            216.0,
            207.0,
            211.0,
            219.0,
            207.0,
            222.0,
            203.0,
            190.0
        ],
        "RawIntDen": [
            16950.0,
            15447.0,
            16417.0,
            14392.0,
            18091.0,
            14921.0,
            14978.0,
            15606.0
        ],
        "IntDen": [
            13729.896958239013,
            12512.431758933217,
            13298.154475717396,
            11657.857051503,
            14654.133679734628,
            12086.359440347156,
            12132.530775250969,
            12641.225482612272
        ],
        "FlagUp": 0,
        "Times": [
            -15,
            -10,
            -5,
            2,
            10,
            20,
            30,
            40
        ],
        "width": 0,
        "height": 0,
        "area": 0.8100234193651334,
        "distance": 5.771262220055124,
        "xpert": [
            [
                439.0,
                279.6
            ],
            [
                432.4,
                277.6
            ],
            [
                431.2,
                271.0
            ],
            [
                433.2,
                265.2
            ],
            [
                439.0,
                263.6
            ],
            [
                444.0,
                266.0
            ],
            [
                446.2,
                271.0
            ],
            [
                445.4,
                277.4
            ]
        ],
        "stack": 0
    },
    {
        "type": "Spine",
        "location": [
            457,
            282
        ],
        "radloc": [
            0,
            0
        ],
        "mean": [
            58.325714285714284,
            57.38857142857143,
            83.91428571428571,
            68.35428571428571,
            74.41142857142857,
            64.54285714285714,
            63.245714285714286,
            75.67428571428572
        ],
        "min": [
            15.0,
            14.0,
            18.0,
            18.0,
            16.0,
            18.0,
            16.0,
            15.0
        ],
        "max": [
            117.0,
            122.0,
            202.0,
            133.0,
            161.0,
            131.0,
            132.0,
            183.0
        ],
        "RawIntDen": [
            10207.0,
            10043.0,
            14685.0,
            11962.0,
            13022.0,
            11295.0,
            11068.0,
            13243.0
        ],
        "IntDen": [
            11017.194038419224,
            10840.176322900388,
            15850.64117313474,
            12911.49946973359,
            14055.638362721184,
            12191.555468202716,
            11946.53704489311,
            14294.180528145956
        ],
        "FlagUp": 0,
        "Times": [
            -15,
            -10,
            -5,
            2,
            10,
            20,
            30,
            40
        ],
        "width": 0,
        "height": 0,
        "area": 1.07937631413924,
        "distance": 6.680242911121922,
        "xpert": [
            [
                457.0,
                288.8
            ],
            [
                449.8,
                289.2
            ],
            [
                449.8,
                282.0
            ],
            [
                451.6,
                276.6
            ],
            [
                457.0,
                272.6
            ],
            [
                465.2,
                273.8
            ],
            [
                463.6,
                282.0
            ],
            [
                466.4,
                291.4
            ]
        ],
        "stack": 0
    },
    {
        "type": "Spine",
        "location": [
            471,
            246
        ],
        "radloc": [
            0,
            0
        ],
        "mean": [
            27.74576271186441,
            37.347457627118644,
            38.110169491525426,
            32.3728813559322,
            38.07627118644068,
            28.008474576271187,
            32.73728813559322,
            28.822033898305083
        ],
        "min": [
            9.0,
            10.0,
            9.0,
            9.0,
            9.0,
            7.0,
            9.0,
            7.0
        ],
        "max": [
            89.0,
            85.0,
            79.0,
            84.0,
            118.0,
            66.0,
            77.0,
            77.0
        ],
        "RawIntDen": [
            3274.0,
            4407.0,
            4497.0,
            3820.0,
            4493.0,
            3305.0,
            3863.0,
            3401.0
        ],
        "IntDen": [
            1750.2546190584096,
            2355.9474973092274,
            2404.0607886089397,
            2042.1419196099953,
            2401.92242010673,
            1766.8269749505325,
            2065.129381008747,
            1818.1478190035587
        ],
        "FlagUp": 0,
        "Times": [
            -15,
            -10,
            -5,
            2,
            10,
            20,
            30,
            40
        ],
        "width": 0,
        "height": 0,
        "area": 0.5345921255523548,
        "distance": 7.629995442746685,
        "xpert": [
            [
                471.0,
                253.8
            ],
            [
                465.2,
                251.8
            ],
            [
                465.2,
                246.0
            ],
            [
                467.4,
                242.4
            ],
            [
                471.0,
                239.8
            ],
            [
                474.4,
                242.6
            ],
            [
                476.2,
                246.0
            ],
            [
                477.0,
                252.0
            ]
        ],
        "stack": 0
    }
]