[
    {
        "type": "Stim",
        "location": [
            442,
            334
        ],
        "radloc": [
            0,
            0
        ],
        "mean": [
            30.754716981132077,
            33.443396226415096,
            31.141509433962263,
            44.990566037735846,
            48.339622641509436,
            45.5377358490566,
            31.99056603773585,
            28.39622641509434
        ],
        "min": [
            7.0,
            10.0,
            8.0,
            8.0,
            11.0,
            11.0,
            9.0,
            9.0
        ],
        "max": [
            68.0,
            69.0,
            69.0,
            104.0,
            126.0,
            126.0,
            74.0,
            87.0
        ],
        "RawIntDen": [
            3260.0,
            3545.0,
            3301.0,
            4769.0,
            5124.0,
            4827.0,
            3391.0,
            3010.0
        ],
        "IntDen": [
            1705.340898775898,
            1854.4274497425026,
            1726.7884376868833,
            2494.7149528411833,
            2680.419253168007,
            2525.0553737396503,
            1773.8684011500216,
            1574.563222489403
        ],
        "FlagUp": 0,
        "Times": [
            -15,
            -10,
            -5,
            2,
            10,
            20,
            30,
            40
        ],
        "width": 0,
        "height": 0,
        "area": 0.523110705145981,
        "distance": 0,
        "xpert": [
            [
                442.0,
                339.8
            ],
            [
                435.6,
                340.4
            ],
            [
                436.2,
                334.0
            ],
            [
                435.8,
                327.8
            ],
            [
                442.0,
                328.4
            ],
            [
                445.8,
                330.2
            ],
            [
                447.6,
                334.0
            ],
            [
                445.4,
                337.4
            ]
        ],
        "stack": 0
    },
    {
        "type": "Spine",
        "location": [
            483,
            343
        ],
        "radloc": [
            0,
            0
        ],
        "mean": [
            33.93162393162393,
            33.51282051282051,
            43.17094017094017,
            65.7094017094017,
            51.56410256410256,
            52.15384615384615,
            61.29059829059829,
            34.70940170940171
        ],
        "min": [
            6.0,
            8.0,
            10.0,
            14.0,
            10.0,
            13.0,
            15.0,
            10.0
        ],
        "max": [
            95.0,
            97.0,
            122.0,
            129.0,
            117.0,
            113.0,
            115.0,
            85.0
        ],
        "RawIntDen": [
            3970.0,
            3921.0,
            5051.0,
            7688.0,
            6033.0,
            6102.0,
            7171.0,
            4061.0
        ],
        "IntDen": [
            2045.793256891098,
            2020.5429119067999,
            2602.8467860344927,
            3961.7275967200912,
            3108.884312046346,
            3144.4409202895417,
            3695.310691477598,
            2092.6867547190805
        ],
        "FlagUp": 0,
        "Times": [
            -15,
            -10,
            -5,
            2,
            10,
            20,
            30,
            40
        ],
        "width": 0,
        "height": 0,
        "area": 0.515313162944861,
        "distance": 2.837952658123816,
        "xpert": [
            [
                483.0,
                348.2
            ],
            [
                477.8,
                348.2
            ],
            [
                476.0,
                343.0
            ],
            [
                477.6,
                337.6
            ],
            [
                483.0,
                337.2
            ],
            [
                486.6,
                339.4
            ],
            [
                488.8,
                343.0
            ],
            [
                488.2,
                348.2
            ]
        ],
        "stack": 0
    },
    {
        "type": "Spine",
        "location": [
            463,
            371
        ],
        "radloc": [
            0,
            0
        ],
        "mean": [
            64.18543046357615,
            67.01986754966887,
            74.75496688741723,
            66.87417218543047,
            66.70198675496688,
            60.47682119205298,
            95.02649006622516,
            59.50993377483444
        ],
        "min": [
            20.0,
            20.0,
            22.0,
            19.0,
            18.0,
            11.0,
            16.0,
            14.0
        ],
        "max": [
            174.0,
            167.0,
            203.0,
            170.0,
            167.0,
            142.0,
            219.0,
            123.0
        ],
        "RawIntDen": [
            9692.0,
            10120.0,
            11288.0,
            10098.0,
            10072.0,
            9132.0,
            14349.0,
            8986.0
        ],
        "IntDen": [
            7150.945688206693,
            7466.732394206741,
            8328.505461047995,
            7450.500367262814,
            7431.317062692718,
            6737.76682054308,
            10586.97066447357,
            6630.045187187923
        ],
        "FlagUp": 0,
        "Times": [
            -15,
            -10,
            -5,
            2,
            10,
            20,
            30,
            40
        ],
        "width": 0,
        "height": 0,
        "area": 0.7378194065421682,
        "distance": 1.5201526581238165,
        "xpert": [
            [
                463.0,
                377.0
            ],
            [
                457.0,
                377.0
            ],
            [
                455.8,
                371.0
            ],
            [
                455.4,
                363.4
            ],
            [
                463.0,
                365.4
            ],
            [
                468.0,
                366.0
            ],
            [
                471.6,
                371.0
            ],
            [
                468.0,
                376.0
            ]
        ],
        "stack": 0
    },
    {
        "type": "Spine",
        "location": [
            449,
            376
        ],
        "radloc": [
            0,
            0
        ],
        "mean": [
            40.93893129770992,
            44.19083969465649,
            49.908396946564885,
            57.786259541984734,
            50.656488549618324,
            70.22900763358778,
            75.98473282442748,
            66.86259541984732
        ],
        "min": [
            7.0,
            10.0,
            10.0,
            11.0,
            11.0,
            14.0,
            31.0,
            20.0
        ],
        "max": [
            103.0,
            120.0,
            99.0,
            119.0,
            108.0,
            135.0,
            151.0,
            139.0
        ],
        "RawIntDen": [
            5363.0,
            5789.0,
            6538.0,
            7570.0,
            6636.0,
            9200.0,
            9954.0,
            8759.0
        ],
        "IntDen": [
            3033.961167322106,
            3274.9582691828587,
            3698.68322057653,
            4282.507185647649,
            3754.1238684224304,
            5204.632246758041,
            5631.185802633646,
            4955.149331451487
        ],
        "FlagUp": 0,
        "Times": [
            -15,
            -10,
            -5,
            2,
            10,
            20,
            30,
            40
        ],
        "width": 0,
        "height": 0,
        "area": 0.5657208963867436,
        "distance": 0.9758188668364248,
        "xpert": [
            [
                449.0,
                383.0
            ],
            [
                444.6,
                380.4
            ],
            [
                443.6,
                376.0
            ],
            [
                444.0,
                371.0
            ],
            [
                449.0,
                370.8
            ],
            [
                454.2,
                370.8
            ],
            [
                457.4,
                376.0
            ],
            [
                454.0,
                381.0
            ]
        ],
        "stack": 0
    },
    {
        "type": "Spine",
        "location": [
            331,
            329
        ],
        "radloc": [
            0,
            0
        ],
        "mean": [
            105.63120567375887,
            91.34751773049645,
            87.61702127659575,
            65.7517730496454,
            101.62411347517731,
            108.51063829787235,
            102.13475177304964,
            88.04255319148936
        ],
        "min": [
            28.0,
            12.0,
            17.0,
            11.0,
            28.0,
            21.0,
            14.0,
            16.0
        ],
        "max": [
            210.0,
            214.0,
            182.0,
            146.0,
            212.0,
            223.0,
            201.0,
            207.0
        ],
        "RawIntDen": [
            14894.0,
            12880.0,
            12354.0,
            9271.0,
            14329.0,
            15300.0,
            14401.0,
            12414.0
        ],
        "IntDen": [
            9142.784742107711,
            7906.476935567834,
            7583.588203571818,
            5691.067365656008,
            8795.955590819214,
            9392.01064551148,
            8840.153287974563,
            7620.419617867941
        ],
        "FlagUp": 0,
        "Times": [
            -15,
            -10,
            -5,
            2,
            10,
            20,
            30,
            40
        ],
        "width": 0,
        "height": 0,
        "area": 0.6138569049353908,
        "distance": 7.6413003794971575,
        "xpert": [
            [
                331.0,
                334.2
            ],
            [
                326.8,
                333.2
            ],
            [
                325.4,
                329.0
            ],
            [
                325.6,
                323.6
            ],
            [
                331.0,
                320.2
            ],
            [
                336.6,
                323.4
            ],
            [
                338.6,
                329.0
            ],
            [
                336.0,
                334.0
            ]
        ],
        "stack": 0
    },
    {
        "type": "Spine",
        "location": [
            318,
            339
        ],
        "radloc": [
            0,
            0
        ],
        "mean": [
            151.44444444444446,
            102.94685990338164,
            115.45893719806763,
            92.15458937198068,
            86.20772946859903,
            86.6328502415459,
            93.03381642512078,
            93.14009661835749
        ],
        "min": [
            44.0,
            18.0,
            24.0,
            23.0,
            11.0,
            16.0,
            16.0,
            20.0
        ],
        "max": [
            254.0,
            242.0,
            235.0,
            201.0,
            225.0,
            218.0,
            249.0,
            233.0
        ],
        "RawIntDen": [
            31349.0,
            21310.0,
            23900.0,
            19076.0,
            17845.0,
            17933.0,
            19258.0,
            19280.0
        ],
        "IntDen": [
            29676.026219188978,
            20172.768468879938,
            22624.550277157694,
            18057.988330002518,
            16892.681995643477,
            16975.98577909075,
            18230.27570031393,
            18251.101646175746
        ],
        "FlagUp": 0,
        "Times": [
            -15,
            -10,
            -5,
            2,
            10,
            20,
            30,
            40
        ],
        "width": 0,
        "height": 0,
        "area": 0.9466339028099454,
        "distance": 8.497870379497158,
        "xpert": [
            [
                318.0,
                345.0
            ],
            [
                312.4,
                344.6
            ],
            [
                307.6,
                339.0
            ],
            [
                311.4,
                332.4
            ],
            [
                318.0,
                329.6
            ],
            [
                323.4,
                333.6
            ],
            [
                328.2,
                339.0
            ],
            [
                324.0,
                345.0
            ]
        ],
        "stack": 0
    },
    {
        "type": "Spine",
        "location": [
            358,
            339
        ],
        "radloc": [
            0,
            0
        ],
        "mean": [
            102.32765957446809,
            104.52765957446809,
            114.8936170212766,
            103.57446808510639,
            105.62978723404255,
            119.2468085106383,
            163.17021276595744,
            96.06808510638298
        ],
        "min": [
            11.0,
            12.0,
            12.0,
            13.0,
            17.0,
            20.0,
            27.0,
            14.0
        ],
        "max": [
            254.0,
            255.0,
            255.0,
            255.0,
            242.0,
            255.0,
            255.0,
            223.0
        ],
        "RawIntDen": [
            24047.0,
            24564.0,
            27000.0,
            24340.0,
            24823.0,
            28023.0,
            38345.0,
            22576.0
        ],
        "IntDen": [
            24863.198855951752,
            25397.746774965646,
            27916.42903941021,
            25166.143808120167,
            25665.537705380728,
            28974.151517458977,
            39646.49894504387,
            23342.270444212034
        ],
        "FlagUp": 0,
        "Times": [
            -15,
            -10,
            -5,
            2,
            10,
            20,
            30,
            40
        ],
        "width": 0,
        "height": 0,
        "area": 1.0339418162744523,
        "distance": 5.862270379497159,
        "xpert": [
            [
                358.0,
                348.8
            ],
            [
                351.6,
                345.4
            ],
            [
                349.4,
                339.0
            ],
            [
                350.6,
                331.6
            ],
            [
                358.0,
                330.4
            ],
            [
                363.6,
                333.4
            ],
            [
                367.4,
                339.0
            ],
            [
                364.6,
                345.6
            ]
        ],
        "stack": 0
    },
    {
        "type": "Spine",
        "location": [
            288,
            346
        ],
        "radloc": [
            0,
            0
        ],
        "mean": [
            66.72857142857143,
            93.96428571428571,
            93.42142857142858,
            75.61428571428571,
            95.09285714285714,
            108.66428571428571,
            119.91428571428571,
            88.20714285714286
        ],
        "min": [
            10.0,
            15.0,
            12.0,
            10.0,
            19.0,
            17.0,
            23.0,
            24.0
        ],
        "max": [
            187.0,
            227.0,
            213.0,
            182.0,
            200.0,
            230.0,
            223.0,
            190.0
        ],
        "RawIntDen": [
            9342.0,
            13155.0,
            13079.0,
            10586.0,
            13313.0,
            15213.0,
            16788.0,
            12349.0
        ],
        "IntDen": [
            6057.003074052007,
            8529.209531059105,
            8479.933976185635,
            6863.566103823009,
            8631.650816190791,
            9863.53968802753,
            10884.710726523774,
            8006.629304374677
        ],
        "FlagUp": 0,
        "Times": [
            -15,
            -10,
            -5,
            2,
            10,
            20,
            30,
            40
        ],
        "width": 0,
        "height": 0,
        "area": 0.6483625641245994,
        "distance": 10.556447974371448,
        "xpert": [
            [
                288.0,
                351.6
            ],
            [
                283.4,
                350.6
            ],
            [
                282.0,
                346.0
            ],
            [
                280.8,
                338.8
            ],
            [
                288.0,
                339.2
            ],
            [
                292.6,
                341.4
            ],
            [
                295.6,
                346.0
            ],
            [
                293.6,
                351.6
            ]
        ],
        "stack": 0
    },
    {
        "type": "Spine",
        "location": [
            304,
            348
        ],
        "radloc": [
            0,
            0
        ],
        "mean": [
            85.51724137931035,
            114.62068965517241,
            109.88505747126437,
            99.13218390804597,
            96.20689655172414,
            98.36781609195403,
            111.82183908045977,
            105.03448275862068
        ],
        "min": [
            14.0,
            41.0,
            20.0,
            13.0,
            17.0,
            20.0,
            24.0,
            19.0
        ],
        "max": [
            215.0,
            242.0,
            232.0,
            208.0,
            223.0,
            198.0,
            219.0,
            235.0
        ],
        "RawIntDen": [
            14880.0,
            19944.0,
            19120.0,
            17249.0,
            16740.0,
            17116.0,
            19457.0,
            18276.0
        ],
        "IntDen": [
            11392.614382438425,
            15269.77830936505,
            14638.896975283782,
            13206.39821792207,
            12816.691180243228,
            13104.569070552156,
            14896.91519080003,
            13992.702987462679
        ],
        "FlagUp": 0,
        "Times": [
            -15,
            -10,
            -5,
            2,
            10,
            20,
            30,
            40
        ],
        "width": 0,
        "height": 0,
        "area": 0.7656326869918296,
        "distance": 9.420330379497157,
        "xpert": [
            [
                304.0,
                356.4
            ],
            [
                299.0,
                353.0
            ],
            [
                295.4,
                348.0
            ],
            [
                297.4,
                341.4
            ],
            [
                304.0,
                340.8
            ],
            [
                310.2,
                341.8
            ],
            [
                310.2,
                348.0
            ],
            [
                309.0,
                353.0
            ]
        ],
        "stack": 0
    },
    {
        "type": "Spine",
        "location": [
            260,
            322
        ],
        "radloc": [
            0,
            0
        ],
        "mean": [
            70.20114942528735,
            76.46551724137932,
            65.45402298850574,
            81.17816091954023,
            76.77586206896552,
            79.13793103448276,
            80.99425287356321,
            72.52298850574712
        ],
        "min": [
            11.0,
            11.0,
            11.0,
            17.0,
            16.0,
            9.0,
            13.0,
            14.0
        ],
        "max": [
            189.0,
            194.0,
            157.0,
            195.0,
            145.0,
            176.0,
            166.0,
            163.0
        ],
        "RawIntDen": [
            12215.0,
            13305.0,
            11389.0,
            14125.0,
            13359.0,
            13770.0,
            14093.0,
            12619.0
        ],
        "IntDen": [
            9821.68837569702,
            10698.122295427658,
            9157.528359460775,
            11357.457904766305,
            10741.541957506057,
            11072.013829991647,
            11331.727734645772,
            10146.531773468743
        ],
        "FlagUp": 0,
        "Times": [
            -15,
            -10,
            -5,
            2,
            10,
            20,
            30,
            40
        ],
        "width": 0,
        "height": 0,
        "area": 0.804067816266641,
        "distance": 12.428660505996215,
        "xpert": [
            [
                260.0,
                327.8
            ],
            [
                254.6,
                327.4
            ],
            [
                251.4,
                322.0
            ],
            [
                253.2,
                315.2
            ],
            [
                260.0,
                315.2
            ],
            [
                264.2,
                317.8
            ],
            [
                270.8,
                322.0
            ],
            [
                265.8,
                327.8
            ]
        ],
        "stack": 0
    },
    {
        "type": "Spine",
        "location": [
            232,
            332
        ],
        "radloc": [
            0,
            0
        ],
        "mean": [
            107.31095406360424,
            99.77031802120142,
            112.68551236749117,
            108.59010600706713,
            138.13780918727915,
            122.06007067137809,
            128.63957597173146,
            154.19787985865725
        ],
        "min": [
            11.0,
            20.0,
            11.0,
            18.0,
            21.0,
            13.0,
            16.0,
            30.0
        ],
        "max": [
            226.0,
            219.0,
            240.0,
            239.0,
            241.0,
            232.0,
            255.0,
            253.0
        ],
        "RawIntDen": [
            30369.0,
            28235.0,
            31890.0,
            30731.0,
            39093.0,
            34543.0,
            36405.0,
            43638.0
        ],
        "IntDen": [
            39132.254290972465,
            36382.46896195487,
            41092.15283147657,
            39598.71272073084,
            50373.64473630961,
            44510.70038437426,
            46909.997611473955,
            56230.14629225383
        ],
        "FlagUp": 0,
        "Times": [
            -15,
            -10,
            -5,
            2,
            10,
            20,
            30,
            40
        ],
        "width": 0,
        "height": 0,
        "area": 1.28855919822755,
        "distance": 14.382750632495274,
        "xpert": [
            [
                232.0,
                341.6
            ],
            [
                226.4,
                337.6
            ],
            [
                222.4,
                332.0
            ],
            [
                224.0,
                324.0
            ],
            [
                232.0,
                322.4
            ],
            [
                238.0,
                326.0
            ],
            [
                246.6,
                332.0
            ],
            [
                238.6,
                338.6
            ]
        ],
        "stack": 0
    },
    {
        "type": "Spine",
        "location": [
            213,
            301
        ],
        "radloc": [
            0,
            0
        ],
        "mean": [
            52.584210526315786,
            55.06315789473684,
            61.757894736842104,
            55.39473684210526,
            43.642105263157895,
            57.23684210526316,
            39.95263157894737,
            63.636842105263156
        ],
        "min": [
            6.0,
            6.0,
            6.0,
            9.0,
            9.0,
            9.0,
            8.0,
            8.0
        ],
        "max": [
            141.0,
            140.0,
            151.0,
            130.0,
            115.0,
            141.0,
            103.0,
            187.0
        ],
        "RawIntDen": [
            9991.0,
            10462.0,
            11734.0,
            10525.0,
            8292.0,
            10875.0,
            7591.0,
            12091.0
        ],
        "IntDen": [
            8302.122630505412,
            8693.50485040012,
            9750.486132153988,
            8745.855338411515,
            6890.321374452094,
            9036.691382919262,
            6307.818325309436,
            10047.13889755189
        ],
        "FlagUp": 0,
        "Times": [
            -15,
            -10,
            -5,
            2,
            10,
            20,
            30,
            40
        ],
        "width": 0,
        "height": 0,
        "area": 0.8309601271649896,
        "distance": 15.634660632495272,
        "xpert": [
            [
                213.0,
                310.0
            ],
            [
                207.4,
                306.6
            ],
            [
                206.0,
                301.0
            ],
            [
                206.8,
                294.8
            ],
            [
                213.0,
                292.2
            ],
            [
                218.4,
                295.6
            ],
            [
                221.0,
                301.0
            ],
            [
                219.0,
                307.0
            ]
        ],
        "stack": 0
    },
    {
        "type": "Spine",
        "location": [
            207,
            317
        ],
        "radloc": [
            0,
            0
        ],
        "mean": [
            93.95135135135135,
            87.14594594594594,
            135.64324324324323,
            123.23783783783784,
            153.55135135135134,
            159.43243243243242,
            133.4918918918919,
            134.2108108108108
        ],
        "min": [
            13.0,
            12.0,
            21.0,
            17.0,
            27.0,
            39.0,
            48.0,
            28.0
        ],
        "max": [
            255.0,
            227.0,
            255.0,
            254.0,
            255.0,
            255.0,
            245.0,
            255.0
        ],
        "RawIntDen": [
            17381.0,
            16122.0,
            25094.0,
            22799.0,
            28407.0,
            29495.0,
            24696.0,
            24829.0
        ],
        "IntDen": [
            14969.026922473979,
            13884.739200513519,
            21611.68871713722,
            19635.16741300755,
            24464.941475560572,
            25401.958982703527,
            21268.919445222793,
            21383.46294563641
        ],
        "FlagUp": 0,
        "Times": [
            -15,
            -10,
            -5,
            2,
            10,
            20,
            30,
            40
        ],
        "width": 0,
        "height": 0,
        "area": 0.8612293264181565,
        "distance": 16.030000632495273,
        "xpert": [
            [
                207.0,
                322.8
            ],
            [
                201.2,
                322.8
            ],
            [
                200.2,
                317.0
            ],
            [
                200.0,
                310.0
            ],
            [
                207.0,
                309.0
            ],
            [
                213.8,
                310.2
            ],
            [
                216.6,
                317.0
            ],
            [
                212.8,
                322.8
            ]
        ],
        "stack": 0
    },
    {
        "type": "Spine",
        "location": [
            151,
            317
        ],
        "radloc": [
            0,
            0
        ],
        "mean": [
            103.08219178082192,
            80.58219178082192,
            118.3082191780822,
            95.01369863013699,
            104.8972602739726,
            80.70547945205479,
            77.62328767123287,
            83.73287671232876
        ],
        "min": [
            10.0,
            9.0,
            13.0,
            15.0,
            20.0,
            18.0,
            12.0,
            13.0
        ],
        "max": [
            232.0,
            189.0,
            253.0,
            205.0,
            243.0,
            184.0,
            208.0,
            235.0
        ],
        "RawIntDen": [
            15050.0,
            11765.0,
            17273.0,
            13872.0,
            15315.0,
            11783.0,
            11333.0,
            12225.0
        ],
        "IntDen": [
            9882.601915800575,
            7725.502427866694,
            11342.337733662678,
            9109.066696078775,
            10056.614507673474,
            7737.32215108825,
            7441.829070549363,
            8027.562021306447
        ],
        "FlagUp": 0,
        "Times": [
            -15,
            -10,
            -5,
            2,
            10,
            20,
            30,
            40
        ],
        "width": 0,
        "height": 0,
        "area": 0.6566512900864169,
        "distance": 20.047351011992433,
        "xpert": [
            [
                151.0,
                324.8
            ],
            [
                146.4,
                321.6
            ],
            [
                145.4,
                317.0
            ],
            [
                145.6,
                311.6
            ],
            [
                151.0,
                307.8
            ],
            [
                155.6,
                312.4
            ],
            [
                157.0,
                317.0
            ],
            [
                157.0,
                323.0
            ]
        ],
        "stack": 0
    },
    {
        "type": "Spine",
        "location": [
            144,
            343
        ],
        "radloc": [
            0,
            0
        ],
        "mean": [
            57.5,
            46.27536231884058,
            44.731884057971016,
            46.28260869565217,
            40.19565217391305,
            44.44927536231884,
            40.15217391304348,
            22.463768115942027
        ],
        "min": [
            12.0,
            8.0,
            8.0,
            7.0,
            15.0,
            13.0,
            13.0,
            7.0
        ],
        "max": [
            150.0,
            124.0,
            131.0,
            115.0,
            96.0,
            97.0,
            94.0,
            92.0
        ],
        "RawIntDen": [
            7935.0,
            6386.0,
            6173.0,
            6387.0,
            5547.0,
            6134.0,
            5541.0,
            3100.0
        ],
        "IntDen": [
            5259.734468992834,
            4232.975969626747,
            4091.788390307847,
            4233.638822111812,
            3676.8427346569947,
            4065.937143390302,
            3672.865619746603,
            2054.8427037023043
        ],
        "FlagUp": 0,
        "Times": [
            -15,
            -10,
            -5,
            2,
            10,
            20,
            30,
            40
        ],
        "width": 0,
        "height": 0,
        "area": 0.6628524850652595,
        "distance": 20.535873543617196,
        "xpert": [
            [
                144.0,
                348.4
            ],
            [
                136.8,
                350.2
            ],
            [
                133.2,
                343.0
            ],
            [
                140.0,
                339.0
            ],
            [
                144.0,
                337.8
            ],
            [
                148.0,
                339.0
            ],
            [
                151.0,
                343.0
            ],
            [
                148.6,
                347.6
            ]
        ],
        "stack": 0
    },
    {
        "type": "Spine",
        "location": [
            14,
            352
        ],
        "radloc": [
            0,
            0
        ],
        "mean": [
            58.0,
            52.562790697674416,
            62.22790697674419,
            59.59069767441861,
            67.36279069767441,
            78.46976744186047,
            64.43720930232558,
            59.56744186046512
        ],
        "min": [
            12.0,
            13.0,
            14.0,
            10.0,
            8.0,
            29.0,
            13.0,
            17.0
        ],
        "max": [
            135.0,
            130.0,
            167.0,
            141.0,
            156.0,
            137.0,
            145.0,
            108.0
        ],
        "RawIntDen": [
            12470.0,
            11301.0,
            13379.0,
            12812.0,
            14483.0,
            16871.0,
            13854.0,
            12807.0
        ],
        "IntDen": [
            11813.712360283942,
            10706.236037174725,
            12674.8723069959,
            12137.713132314184,
            13720.7695360058,
            15983.090716146784,
            13124.873379260123,
            12132.976278921928
        ],
        "FlagUp": 0,
        "Times": [
            -15,
            -10,
            -5,
            2,
            10,
            20,
            30,
            40
        ],
        "width": 0,
        "height": 0,
        "area": 0.9473706784509978,
        "distance": 29.483668986363895,
        "xpert": [
            [
                14.0,
                359.8
            ],
            [
                7.8,
                358.2
            ],
            [
                5.0,
                352.0
            ],
            [
                7.6,
                345.6
            ],
            [
                14.0,
                343.4
            ],
            [
                21.6,
                344.4
            ],
            [
                23.0,
                352.0
            ],
            [
                18.8,
                356.8
            ]
        ],
        "stack": 0
    },
    {
        "type": "Spine",
        "location": [
            50,
            365
        ],
        "radloc": [
            0,
            0
        ],
        "mean": [
            39.4,
            49.0,
            56.323076923076925,
            51.16923076923077,
            38.55384615384615,
            72.7,
            43.792307692307695,
            37.57692307692308
        ],
        "min": [
            9.0,
            8.0,
            11.0,
            7.0,
            8.0,
            18.0,
            9.0,
            7.0
        ],
        "max": [
            96.0,
            111.0,
            135.0,
            154.0,
            92.0,
            156.0,
            115.0,
            116.0
        ],
        "RawIntDen": [
            5122.0,
            6370.0,
            7322.0,
            6652.0,
            5012.0,
            9451.0,
            5693.0,
            4885.0
        ],
        "IntDen": [
            3000.4575230047362,
            3731.5334676962457,
            4289.213194736564,
            3896.728512890962,
            2936.019739418145,
            5536.377206153409,
            3334.9481996224063,
            2861.6233892772625
        ],
        "FlagUp": 0,
        "Times": [
            -15,
            -10,
            -5,
            2,
            10,
            20,
            30,
            40
        ],
        "width": 0,
        "height": 0,
        "area": 0.5857980326053761,
        "distance": 26.947873796615315,
        "xpert": [
            [
                50.0,
                371.0
            ],
            [
                45.0,
                370.0
            ],
            [
                41.4,
                365.0
            ],
            [
                44.2,
                359.2
            ],
            [
                50.0,
                359.0
            ],
            [
                54.4,
                360.6
            ],
            [
                56.4,
                365.0
            ],
            [
                54.4,
                369.4
            ]
        ],
        "stack": 0
    },
    {
        "type": "Spine",
        "location": [
            38,
            358
        ],
        "radloc": [
            0,
            0
        ],
        "mean": [
            75.44375,
            80.7625,
            85.31875,
            74.3375,
            90.15,
            87.70625,
            83.90625,
            85.80625
        ],
        "min": [
            10.0,
            10.0,
            9.0,
            16.0,
            14.0,
            25.0,
            16.0,
            25.0
        ],
        "max": [
            199.0,
            205.0,
            217.0,
            188.0,
            198.0,
            169.0,
            205.0,
            188.0
        ],
        "RawIntDen": [
            12071.0,
            12922.0,
            13651.0,
            11894.0,
            14424.0,
            14033.0,
            13425.0,
            13729.0
        ],
        "IntDen": [
            8662.384675281532,
            9273.07884798177,
            9796.22344480724,
            8535.366028315677,
            10350.943298505576,
            10070.354084021683,
            9634.0414435966,
            9852.197763809141
        ],
        "FlagUp": 0,
        "Times": [
            -15,
            -10,
            -5,
            2,
            10,
            20,
            30,
            40
        ],
        "width": 0,
        "height": 0,
        "area": 0.7176194743833594,
        "distance": 27.320603923114366,
        "xpert": [
            [
                38.0,
                364.6
            ],
            [
                31.6,
                364.4
            ],
            [
                32.4,
                358.0
            ],
            [
                33.6,
                353.6
            ],
            [
                38.0,
                350.6
            ],
            [
                45.2,
                350.8
            ],
            [
                44.8,
                358.0
            ],
            [
                43.8,
                363.8
            ]
        ],
        "stack": 0
    },
    {
        "type": "Spine",
        "location": [
            81,
            329
        ],
        "radloc": [
            0,
            0
        ],
        "mean": [
            36.833333333333336,
            41.022222222222226,
            46.31111111111111,
            37.58888888888889,
            24.622222222222224,
            24.1,
            27.42222222222222,
            27.133333333333333
        ],
        "min": [
            7.0,
            6.0,
            10.0,
            8.0,
            7.0,
            7.0,
            8.0,
            7.0
        ],
        "max": [
            100.0,
            114.0,
            111.0,
            89.0,
            61.0,
            64.0,
            77.0,
            74.0
        ],
        "RawIntDen": [
            3315.0,
            3692.0,
            4168.0,
            3383.0,
            2216.0,
            2169.0,
            2468.0,
            2442.0
        ],
        "IntDen": [
            1388.5107956721854,
            1546.4198665525516,
            1745.7957756747114,
            1416.9930684039225,
            928.1870054930807,
            908.5007287520272,
            1033.7389573812832,
            1022.848676630913
        ],
        "FlagUp": 0,
        "Times": [
            -15,
            -10,
            -5,
            2,
            10,
            20,
            30,
            40
        ],
        "width": 0,
        "height": 0,
        "area": 0.4188569519373108,
        "distance": 24.85069873336578,
        "xpert": [
            [
                81.0,
                334.8
            ],
            [
                76.2,
                333.8
            ],
            [
                76.0,
                329.0
            ],
            [
                77.8,
                325.8
            ],
            [
                81.0,
                324.4
            ],
            [
                84.2,
                325.8
            ],
            [
                86.4,
                329.0
            ],
            [
                87.2,
                335.2
            ]
        ],
        "stack": 0
    }
]