[
    {
        "type": "Stim",
        "location": [
            59,
            248
        ],
        "radloc": [
            0,
            0
        ],
        "mean": [
            119.71428571428571,
            114.90683229813665,
            94.0248447204969,
            98.15527950310559,
            58.149068322981364,
            53.63975155279503,
            58.19875776397515,
            60.47826086956522
        ],
        "min": [
            25.0,
            26.0,
            12.0,
            10.0,
            9.0,
            8.0,
            9.0,
            10.0
        ],
        "max": [
            233.0,
            242.0,
            211.0,
            226.0,
            214.0,
            214.0,
            215.0,
            188.0
        ],
        "RawIntDen": [
            19274.0,
            18500.0,
            15138.0,
            15803.0,
            9362.0,
            8636.0,
            9370.0,
            9737.0
        ],
        "IntDen": [
            17404.035480701474,
            16705.129002437337,
            13669.310423724131,
            14269.792087865797,
            8453.69825517937,
            7798.134814326965,
            8460.922094747992,
            8792.315734958505
        ],
        "FlagUp": 0,
        "Times": [
            -15,
            -10,
            -5,
            2,
            10,
            20,
            30,
            40
        ],
        "width": 0,
        "height": 0,
        "area": 0.9029799460776939,
        "distance": 0,
        "xpert": [
            [
                59.0,
                256.8
            ],
            [
                52.6,
                254.4
            ],
            [
                52.6,
                248.0
            ],
            [
                54.2,
                243.2
            ],
            [
                59.0,
                241.6
            ],
            [
                67.0,
                240.0
            ],
            [
                65.2,
                248.0
            ],
            [
                67.2,
                256.2
            ]
        ],
        "stack": 0
    },
    {
        "type": "Stim",
        "location": [
            145,
            226
        ],
        "radloc": [
            0,
            0
        ],
        "mean": [
            114.06201550387597,
            117.62790697674419,
            112.82945736434108,
            101.18604651162791,
            79.76744186046511,
            85.03100775193798,
            78.82170542635659,
            61.37984496124031
        ],
        "min": [
            18.0,
            20.0,
            22.0,
            15.0,
            11.0,
            13.0,
            11.0,
            12.0
        ],
        "max": [
            242.0,
            215.0,
            227.0,
            213.0,
            185.0,
            186.0,
            173.0,
            160.0
        ],
        "RawIntDen": [
            14714.0,
            15174.0,
            14555.0,
            13053.0,
            10290.0,
            10969.0,
            10168.0,
            7918.0
        ],
        "IntDen": [
            8263.488817399402,
            8521.828144299207,
            8174.193267449253,
            7330.659204398152,
            5778.938421302151,
            6160.2697320955585,
            5710.422338950464,
            4446.806066070985
        ],
        "FlagUp": 0,
        "Times": [
            -15,
            -10,
            -5,
            2,
            10,
            20,
            30,
            40
        ],
        "width": 0,
        "height": 0,
        "area": 0.5616072323908796,
        "distance": 0,
        "xpert": [
            [
                145.0,
                233.8
            ],
            [
                140.6,
                230.4
            ],
            [
                138.2,
                226.0
            ],
            [
                140.4,
                221.4
            ],
            [
                145.0,
                220.0
            ],
            [
                148.8,
                222.2
            ],
            [
                151.0,
                226.0
            ],
            [
                151.2,
                232.2
            ]
        ],
        "stack": 0
    },
    {
        "type": "Stim",
        "location": [
            122,
            243
        ],
        "radloc": [
            0,
            0
        ],
        "mean": [
            103.01935483870967,
            102.54193548387097,
            93.64516129032258,
            101.13548387096775,
            81.85161290322581,
            58.41935483870968,
            59.0,
            57.94838709677419
        ],
        "min": [
            14.0,
            10.0,
            12.0,
            13.0,
            13.0,
            8.0,
            9.0,
            12.0
        ],
        "max": [
            210.0,
            235.0,
            241.0,
            236.0,
            188.0,
            148.0,
            153.0,
            155.0
        ],
        "RawIntDen": [
            15968.0,
            15894.0,
            14515.0,
            15676.0,
            12687.0,
            9055.0,
            9145.0,
            8982.0
        ],
        "IntDen": [
            10854.039247770546,
            10803.738715184436,
            9866.38149307299,
            10655.55606513346,
            8623.82239081068,
            6155.017872530204,
            6216.1941959457445,
            6105.397076870932
        ],
        "FlagUp": 0,
        "Times": [
            -15,
            -10,
            -5,
            2,
            10,
            20,
            30,
            40
        ],
        "width": 0,
        "height": 0,
        "area": 0.6797369268393378,
        "distance": 0,
        "xpert": [
            [
                122.0,
                250.8
            ],
            [
                115.4,
                249.6
            ],
            [
                114.2,
                243.0
            ],
            [
                117.0,
                238.0
            ],
            [
                122.0,
                237.4
            ],
            [
                125.6,
                239.4
            ],
            [
                129.4,
                243.0
            ],
            [
                128.0,
                249.0
            ]
        ],
        "stack": 0
    },
    {
        "type": "Stim",
        "location": [
            198,
            232
        ],
        "radloc": [
            0,
            0
        ],
        "mean": [
            130.2992700729927,
            83.61313868613139,
            72.4014598540146,
            81.60583941605839,
            55.62043795620438,
            81.5036496350365,
            86.01459854014598,
            85.45985401459853
        ],
        "min": [
            40.0,
            15.0,
            13.0,
            9.0,
            9.0,
            7.0,
            11.0,
            12.0
        ],
        "max": [
            245.0,
            231.0,
            192.0,
            229.0,
            207.0,
            223.0,
            242.0,
            255.0
        ],
        "RawIntDen": [
            17851.0,
            11455.0,
            9919.0,
            11180.0,
            7620.0,
            11166.0,
            11784.0,
            11708.0
        ],
        "IntDen": [
            11065.369096076896,
            7100.655593275494,
            6148.529273653394,
            6930.190269124401,
            4723.439163750263,
            6921.512034440346,
            7304.5941083508005,
            7257.483691494499
        ],
        "FlagUp": 0,
        "Times": [
            -15,
            -10,
            -5,
            2,
            10,
            20,
            30,
            40
        ],
        "width": 0,
        "height": 0,
        "area": 0.6198739060039715,
        "distance": 0,
        "xpert": [
            [
                198.0,
                240.2
            ],
            [
                193.2,
                236.8
            ],
            [
                192.6,
                232.0
            ],
            [
                193.6,
                227.6
            ],
            [
                198.0,
                226.2
            ],
            [
                201.8,
                228.2
            ],
            [
                204.2,
                232.0
            ],
            [
                205.8,
                239.8
            ]
        ],
        "stack": 0
    },
    {
        "type": "Stim",
        "location": [
            214,
            259
        ],
        "radloc": [
            0,
            0
        ],
        "mean": [
            100.97837837837838,
            102.01081081081081,
            109.76216216216216,
            112.45405405405405,
            98.2,
            81.4972972972973,
            90.8972972972973,
            88.29729729729729
        ],
        "min": [
            13.0,
            16.0,
            34.0,
            15.0,
            14.0,
            11.0,
            13.0,
            16.0
        ],
        "max": [
            246.0,
            248.0,
            232.0,
            245.0,
            246.0,
            219.0,
            252.0,
            237.0
        ],
        "RawIntDen": [
            18681.0,
            18872.0,
            20306.0,
            20804.0,
            18167.0,
            15077.0,
            16816.0,
            16335.0
        ],
        "IntDen": [
            15341.944009854698,
            15498.80452620191,
            16676.49028767783,
            17085.477393127625,
            14919.816756438644,
            12382.125680454968,
            13810.29551253769,
            13415.269814302044
        ],
        "FlagUp": 0,
        "Times": [
            -15,
            -10,
            -5,
            2,
            10,
            20,
            30,
            40
        ],
        "width": 0,
        "height": 0,
        "area": 0.8212592478911567,
        "distance": 0,
        "xpert": [
            [
                214.0,
                266.6
            ],
            [
                209.0,
                264.0
            ],
            [
                207.0,
                259.0
            ],
            [
                207.8,
                252.8
            ],
            [
                214.0,
                252.2
            ],
            [
                220.0,
                253.0
            ],
            [
                223.8,
                259.0
            ],
            [
                220.6,
                265.6
            ]
        ],
        "stack": 0
    },
    {
        "type": "Stim",
        "location": [
            105,
            266
        ],
        "radloc": [
            0,
            0
        ],
        "mean": [
            70.6082474226804,
            54.81443298969072,
            49.98969072164948,
            47.855670103092784,
            46.30927835051546,
            43.597938144329895,
            53.30927835051546,
            51.11340206185567
        ],
        "min": [
            19.0,
            12.0,
            11.0,
            10.0,
            9.0,
            11.0,
            17.0,
            15.0
        ],
        "max": [
            138.0,
            110.0,
            130.0,
            113.0,
            108.0,
            103.0,
            118.0,
            113.0
        ],
        "RawIntDen": [
            6849.0,
            5317.0,
            4849.0,
            4642.0,
            4492.0,
            4229.0,
            5171.0,
            4958.0
        ],
        "IntDen": [
            2969.67479112976,
            2305.4111351200077,
            2102.489861613112,
            2012.736221408139,
            1947.6973516943906,
            1833.6625334629514,
            2242.1066352652924,
            2149.7514402717693
        ],
        "FlagUp": 0,
        "Times": [
            -15,
            -10,
            -5,
            2,
            10,
            20,
            30,
            40
        ],
        "width": 0,
        "height": 0,
        "area": 0.4335924647583238,
        "distance": 0,
        "xpert": [
            [
                105.0,
                271.6
            ],
            [
                100.6,
                270.4
            ],
            [
                98.8,
                266.0
            ],
            [
                100.6,
                261.6
            ],
            [
                105.0,
                259.8
            ],
            [
                109.6,
                261.4
            ],
            [
                110.6,
                266.0
            ],
            [
                108.4,
                269.4
            ]
        ],
        "stack": 0
    },
    {
        "type": "Stim",
        "location": [
            44,
            290
        ],
        "radloc": [
            0,
            0
        ],
        "mean": [
            95.19277108433735,
            132.28313253012047,
            138.81927710843374,
            154.43975903614458,
            156.0120481927711,
            162.3132530120482,
            191.40361445783134,
            153.0843373493976
        ],
        "min": [
            10.0,
            15.0,
            15.0,
            29.0,
            21.0,
            28.0,
            46.0,
            27.0
        ],
        "max": [
            255.0,
            255.0,
            255.0,
            255.0,
            255.0,
            255.0,
            255.0,
            255.0
        ],
        "RawIntDen": [
            15802.0,
            21959.0,
            23044.0,
            25637.0,
            25898.0,
            26944.0,
            31773.0,
            25412.0
        ],
        "IntDen": [
            11833.660192377516,
            16444.459192786853,
            17256.984272443202,
            19198.8068821657,
            19394.262223907917,
            20177.581332959104,
            23793.87959071072,
            19030.310897905165
        ],
        "FlagUp": 0,
        "Times": [
            -15,
            -10,
            -5,
            2,
            10,
            20,
            30,
            40
        ],
        "width": 0,
        "height": 0,
        "area": 0.748871041157924,
        "distance": 0,
        "xpert": [
            [
                44.0,
                299.4
            ],
            [
                37.6,
                296.4
            ],
            [
                38.6,
                290.0
            ],
            [
                41.0,
                287.0
            ],
            [
                44.0,
                284.6
            ],
            [
                50.4,
                283.6
            ],
            [
                52.8,
                290.0
            ],
            [
                50.4,
                296.4
            ]
        ],
        "stack": 0
    },
    {
        "type": "Spine",
        "location": [
            76,
            277
        ],
        "radloc": [
            0,
            0
        ],
        "mean": [
            42.99305555555556,
            50.50694444444444,
            50.604166666666664,
            48.40277777777778,
            45.708333333333336,
            34.68055555555556,
            39.9375,
            38.611111111111114
        ],
        "min": [
            8.0,
            10.0,
            12.0,
            8.0,
            8.0,
            7.0,
            9.0,
            9.0
        ],
        "max": [
            152.0,
            129.0,
            128.0,
            134.0,
            135.0,
            91.0,
            108.0,
            118.0
        ],
        "RawIntDen": [
            6191.0,
            7273.0,
            7287.0,
            6970.0,
            6582.0,
            4994.0,
            5751.0,
            5560.0
        ],
        "IntDen": [
            3987.0244813657237,
            4683.836060890471,
            4692.852107205948,
            4488.703058491212,
            4238.82977489084,
            3216.152521392412,
            3703.6630257364363,
            3580.6583938609956
        ],
        "FlagUp": 0,
        "Times": [
            -15,
            -10,
            -5,
            2,
            10,
            20,
            30,
            40
        ],
        "width": 0,
        "height": 0,
        "area": 0.6440033082483805,
        "distance": -1.1474225316247633,
        "xpert": [
            [
                76.0,
                283.2
            ],
            [
                71.4,
                281.6
            ],
            [
                68.4,
                277.0
            ],
            [
                71.2,
                272.2
            ],
            [
                76.0,
                271.2
            ],
            [
                81.2,
                271.8
            ],
            [
                83.4,
                277.0
            ],
            [
                82.8,
                283.8
            ]
        ],
        "stack": 0
    },
    {
        "type": "Spine",
        "location": [
            237,
            226
        ],
        "radloc": [
            0,
            0
        ],
        "mean": [
            65.33928571428571,
            63.910714285714285,
            50.607142857142854,
            59.74404761904762,
            53.92857142857143,
            48.19642857142857,
            59.93452380952381,
            54.51190476190476
        ],
        "min": [
            11.0,
            9.0,
            8.0,
            10.0,
            12.0,
            9.0,
            16.0,
            20.0
        ],
        "max": [
            231.0,
            235.0,
            188.0,
            197.0,
            156.0,
            145.0,
            172.0,
            136.0
        ],
        "RawIntDen": [
            10977.0,
            10737.0,
            8502.0,
            10037.0,
            9060.0,
            8097.0,
            10069.0,
            9158.0
        ],
        "IntDen": [
            8508.140694827569,
            8322.119580975093,
            6589.797958223921,
            7779.557998905375,
            7022.297047930925,
            6275.88732859787,
            7804.360814085705,
            7098.255669420686
        ],
        "FlagUp": 0,
        "Times": [
            -15,
            -10,
            -5,
            2,
            10,
            20,
            30,
            40
        ],
        "width": 0,
        "height": 0,
        "area": 0.7750879743853119,
        "distance": 2.3108326581238163,
        "xpert": [
            [
                237.0,
                234.8
            ],
            [
                228.8,
                234.2
            ],
            [
                231.8,
                226.0
            ],
            [
                233.6,
                222.6
            ],
            [
                237.0,
                220.8
            ],
            [
                243.2,
                219.8
            ],
            [
                244.2,
                226.0
            ],
            [
                243.6,
                232.6
            ]
        ],
        "stack": 0
    },
    {
        "type": "Spine",
        "location": [
            250,
            226
        ],
        "radloc": [
            0,
            0
        ],
        "mean": [
            65.95215311004785,
            66.91387559808612,
            53.98086124401914,
            55.04306220095694,
            55.96650717703349,
            51.27751196172249,
            56.057416267942585,
            62.569377990430624
        ],
        "min": [
            11.0,
            10.0,
            9.0,
            8.0,
            13.0,
            17.0,
            17.0,
            25.0
        ],
        "max": [
            195.0,
            204.0,
            144.0,
            174.0,
            133.0,
            122.0,
            133.0,
            128.0
        ],
        "RawIntDen": [
            13784.0,
            13985.0,
            11282.0,
            11504.0,
            11697.0,
            10717.0,
            11716.0,
            13077.0
        ],
        "IntDen": [
            12906.2217002249,
            13094.421828035784,
            10563.551452549138,
            10771.414280280562,
            10952.123855740761,
            10034.53119278223,
            10969.91391757363,
            12244.244136233388
        ],
        "FlagUp": 0,
        "Times": [
            -15,
            -10,
            -5,
            2,
            10,
            20,
            30,
            40
        ],
        "width": 0,
        "height": 0,
        "area": 0.9363190438352366,
        "distance": 2.5085026581238163,
        "xpert": [
            [
                250.0,
                234.8
            ],
            [
                243.4,
                232.6
            ],
            [
                243.2,
                226.0
            ],
            [
                242.8,
                218.8
            ],
            [
                250.0,
                219.0
            ],
            [
                255.0,
                221.0
            ],
            [
                260.2,
                226.0
            ],
            [
                256.8,
                232.8
            ]
        ],
        "stack": 0
    },
    {
        "type": "Spine",
        "location": [
            267,
            232
        ],
        "radloc": [
            0,
            0
        ],
        "mean": [
            40.06586826347306,
            43.62874251497006,
            49.88622754491018,
            72.26347305389221,
            60.56287425149701,
            59.01796407185629,
            60.40119760479042,
            77.23952095808383
        ],
        "min": [
            10.0,
            8.0,
            13.0,
            19.0,
            12.0,
            24.0,
            20.0,
            30.0
        ],
        "max": [
            106.0,
            187.0,
            138.0,
            154.0,
            139.0,
            125.0,
            130.0,
            144.0
        ],
        "RawIntDen": [
            6691.0,
            7286.0,
            8331.0,
            12068.0,
            10114.0,
            9856.0,
            10087.0,
            12899.0
        ],
        "IntDen": [
            5126.956446840894,
            5582.873213523055,
            6383.600980216932,
            9247.064773647573,
            7749.818786930026,
            7552.127146923309,
            7729.1301269293235,
            9883.815753669212
        ],
        "FlagUp": 0,
        "Times": [
            -15,
            -10,
            -5,
            2,
            10,
            20,
            30,
            40
        ],
        "width": 0,
        "height": 0,
        "area": 0.7662466666927058,
        "distance": 3.6286326581238164,
        "xpert": [
            [
                267.0,
                237.8
            ],
            [
                261.4,
                237.6
            ],
            [
                257.6,
                232.0
            ],
            [
                261.0,
                226.0
            ],
            [
                267.0,
                226.6
            ],
            [
                272.0,
                227.0
            ],
            [
                276.8,
                232.0
            ],
            [
                272.8,
                237.8
            ]
        ],
        "stack": 0
    },
    {
        "type": "Spine",
        "location": [
            231,
            248
        ],
        "radloc": [
            0,
            0
        ],
        "mean": [
            79.97737556561086,
            83.84615384615384,
            85.30316742081448,
            88.6289592760181,
            76.7420814479638,
            69.1945701357466,
            78.19909502262443,
            74.49321266968326
        ],
        "min": [
            22.0,
            25.0,
            28.0,
            17.0,
            21.0,
            17.0,
            14.0,
            12.0
        ],
        "max": [
            189.0,
            170.0,
            201.0,
            187.0,
            188.0,
            151.0,
            157.0,
            145.0
        ],
        "RawIntDen": [
            17675.0,
            18530.0,
            18852.0,
            19587.0,
            16960.0,
            15292.0,
            17282.0,
            16463.0
        ],
        "IntDen": [
            17094.214078679168,
            17921.119483899573,
            18232.538829491354,
            18943.387335733456,
            16402.708388933446,
            14789.51749313504,
            16714.127734525224,
            15922.03939899831
        ],
        "FlagUp": 0,
        "Times": [
            -15,
            -10,
            -5,
            2,
            10,
            20,
            30,
            40
        ],
        "width": 0,
        "height": 0,
        "area": 0.9671408248191891,
        "distance": 1.12013,
        "xpert": [
            [
                231.0,
                254.0
            ],
            [
                224.4,
                254.6
            ],
            [
                222.6,
                248.0
            ],
            [
                224.4,
                241.4
            ],
            [
                231.0,
                239.8
            ],
            [
                239.0,
                240.0
            ],
            [
                241.2,
                248.0
            ],
            [
                236.0,
                253.0
            ]
        ],
        "stack": 0
    },
    {
        "type": "Spine",
        "location": [
            271,
            257
        ],
        "radloc": [
            0,
            0
        ],
        "mean": [
            73.75,
            60.25735294117647,
            69.70588235294117,
            60.61764705882353,
            53.588235294117645,
            47.419117647058826,
            46.68382352941177,
            63.580882352941174
        ],
        "min": [
            12.0,
            10.0,
            10.0,
            11.0,
            11.0,
            8.0,
            12.0,
            12.0
        ],
        "max": [
            183.0,
            160.0,
            148.0,
            134.0,
            142.0,
            117.0,
            110.0,
            134.0
        ],
        "RawIntDen": [
            10030.0,
            8195.0,
            9480.0,
            8244.0,
            7288.0,
            6449.0,
            6349.0,
            8647.0
        ],
        "IntDen": [
            8075.269165034023,
            6597.889412507859,
            7632.457795067053,
            6637.339880014007,
            5867.653207853236,
            5192.164590758167,
            5111.653432582354,
            6961.799847462532
        ],
        "FlagUp": 0,
        "Times": [
            -15,
            -10,
            -5,
            2,
            10,
            20,
            30,
            40
        ],
        "width": 0,
        "height": 0,
        "area": 0.8051115817581279,
        "distance": 3.892192658123816,
        "xpert": [
            [
                271.0,
                264.8
            ],
            [
                267.0,
                261.0
            ],
            [
                264.6,
                257.0
            ],
            [
                262.8,
                248.8
            ],
            [
                271.0,
                250.8
            ],
            [
                278.8,
                249.2
            ],
            [
                278.8,
                257.0
            ],
            [
                275.2,
                261.2
            ]
        ],
        "stack": 0
    },
    {
        "type": "Spine",
        "location": [
            323,
            262
        ],
        "radloc": [
            0,
            0
        ],
        "mean": [
            50.51973684210526,
            44.598684210526315,
            34.48026315789474,
            39.098684210526315,
            27.43421052631579,
            20.125,
            16.38157894736842,
            33.4671052631579
        ],
        "min": [
            18.0,
            12.0,
            10.0,
            13.0,
            8.0,
            8.0,
            7.0,
            8.0
        ],
        "max": [
            116.0,
            90.0,
            79.0,
            89.0,
            88.0,
            83.0,
            63.0,
            82.0
        ],
        "RawIntDen": [
            7679.0,
            6779.0,
            5241.0,
            5943.0,
            4170.0,
            3059.0,
            2490.0,
            5087.0
        ],
        "IntDen": [
            5218.756911174676,
            4607.104193365429,
            3561.857660042516,
            4038.9467799337285,
            2833.9909258495118,
            2078.939626420541,
            1692.239185938917,
            3457.1970838840443
        ],
        "FlagUp": 0,
        "Times": [
            -15,
            -10,
            -5,
            2,
            10,
            20,
            30,
            40
        ],
        "width": 0,
        "height": 0,
        "area": 0.6796141308991634,
        "distance": 7.454935316247631,
        "xpert": [
            [
                323.0,
                268.2
            ],
            [
                318.6,
                266.4
            ],
            [
                316.4,
                262.0
            ],
            [
                317.0,
                256.0
            ],
            [
                323.0,
                254.0
            ],
            [
                329.8,
                255.2
            ],
            [
                329.6,
                262.0
            ],
            [
                328.0,
                267.0
            ]
        ],
        "stack": 0
    },
    {
        "type": "Spine",
        "location": [
            337,
            241
        ],
        "radloc": [
            0,
            0
        ],
        "mean": [
            25.02803738317757,
            35.90654205607477,
            37.87850467289719,
            60.570093457943926,
            57.981308411214954,
            62.57943925233645,
            97.88785046728972,
            60.570093457943926
        ],
        "min": [
            12.0,
            14.0,
            17.0,
            22.0,
            18.0,
            22.0,
            39.0,
            15.0
        ],
        "max": [
            65.0,
            116.0,
            87.0,
            150.0,
            138.0,
            119.0,
            166.0,
            151.0
        ],
        "RawIntDen": [
            2678.0,
            3842.0,
            4053.0,
            6481.0,
            6204.0,
            6696.0,
            10474.0,
            6481.0
        ],
        "IntDen": [
            1270.666847376513,
            1822.965656318358,
            1923.0816775268884,
            3075.1276466942422,
            2943.6957136384935,
            3177.141601954119,
            4969.740313450932,
            3075.1276466942422
        ],
        "FlagUp": 0,
        "Times": [
            -15,
            -10,
            -5,
            2,
            10,
            20,
            30,
            40
        ],
        "width": 0,
        "height": 0,
        "area": 0.47448351283663665,
        "distance": 8.37739531624763,
        "xpert": [
            [
                337.0,
                246.8
            ],
            [
                332.0,
                246.0
            ],
            [
                331.6,
                241.0
            ],
            [
                333.2,
                237.2
            ],
            [
                337.0,
                235.8
            ],
            [
                341.8,
                236.2
            ],
            [
                343.0,
                241.0
            ],
            [
                342.4,
                246.4
            ]
        ],
        "stack": 0
    },
    {
        "type": "Spine",
        "location": [
            365,
            240
        ],
        "radloc": [
            0,
            0
        ],
        "mean": [
            38.77450980392157,
            44.76470588235294,
            55.254901960784316,
            71.45098039215686,
            72.49019607843137,
            98.6078431372549,
            118.30392156862744,
            62.833333333333336
        ],
        "min": [
            15.0,
            19.0,
            20.0,
            28.0,
            35.0,
            40.0,
            44.0,
            21.0
        ],
        "max": [
            105.0,
            94.0,
            111.0,
            130.0,
            139.0,
            169.0,
            188.0,
            143.0
        ],
        "RawIntDen": [
            3955.0,
            4566.0,
            5636.0,
            7288.0,
            7394.0,
            10058.0,
            12067.0,
            6409.0
        ],
        "IntDen": [
            1726.7568177322837,
            1993.5200075260702,
            2460.683040389166,
            3181.9478350525624,
            3228.2275373735793,
            4391.332508913099,
            5268.463848185959,
            2798.1755865603554
        ],
        "FlagUp": 0,
        "Times": [
            -15,
            -10,
            -5,
            2,
            10,
            20,
            30,
            40
        ],
        "width": 0,
        "height": 0,
        "area": 0.43660096529261283,
        "distance": 10.222315316247633,
        "xpert": [
            [
                365.0,
                244.2
            ],
            [
                360.8,
                244.2
            ],
            [
                358.8,
                240.0
            ],
            [
                360.6,
                235.6
            ],
            [
                365.0,
                234.4
            ],
            [
                370.2,
                234.8
            ],
            [
                370.8,
                240.0
            ],
            [
                369.2,
                244.2
            ]
        ],
        "stack": 0
    },
    {
        "type": "Spine",
        "location": [
            394,
            262
        ],
        "radloc": [
            0,
            0
        ],
        "mean": [
            35.36666666666667,
            32.40833333333333,
            25.258333333333333,
            27.358333333333334,
            26.975,
            28.575,
            27.25,
            52.675
        ],
        "min": [
            16.0,
            16.0,
            10.0,
            10.0,
            11.0,
            9.0,
            9.0,
            15.0
        ],
        "max": [
            80.0,
            61.0,
            58.0,
            57.0,
            62.0,
            76.0,
            69.0,
            109.0
        ],
        "RawIntDen": [
            4244.0,
            3889.0,
            3031.0,
            3283.0,
            3237.0,
            3429.0,
            3270.0,
            6321.0
        ],
        "IntDen": [
            2263.858094128212,
            2074.492018865367,
            1616.812884849814,
            1751.236127008228,
            1726.6985510586762,
            1829.1162593698489,
            1744.301594674659,
            3371.782990806887
        ],
        "FlagUp": 0,
        "Times": [
            -15,
            -10,
            -5,
            2,
            10,
            20,
            30,
            40
        ],
        "width": 0,
        "height": 0,
        "area": 0.5334255641206909,
        "distance": 12.870591771808598,
        "xpert": [
            [
                394.0,
                267.8
            ],
            [
                390.6,
                265.4
            ],
            [
                388.8,
                262.0
            ],
            [
                389.4,
                257.4
            ],
            [
                394.0,
                254.4
            ],
            [
                398.6,
                257.4
            ],
            [
                402.2,
                262.0
            ],
            [
                399.2,
                267.2
            ]
        ],
        "stack": 0
    }
]