[
    {
        "type": "Stim",
        "location": [
            280,
            109
        ],
        "radloc": [
            0,
            0
        ],
        "mean": [
            69.75757575757575,
            62.97727272727273,
            77.22727272727273,
            75.68939393939394,
            73.53030303030303,
            68.75,
            63.083333333333336,
            57.06818181818182
        ],
        "min": [
            11.0,
            10.0,
            18.0,
            18.0,
            17.0,
            15.0,
            15.0,
            10.0
        ],
        "max": [
            180.0,
            158.0,
            202.0,
            152.0,
            162.0,
            151.0,
            143.0,
            139.0
        ],
        "RawIntDen": [
            9208.0,
            8313.0,
            10194.0,
            9991.0,
            9706.0,
            9075.0,
            8327.0,
            7533.0
        ],
        "IntDen": [
            40.79104008776272,
            36.826228958467794,
            45.1589772648407,
            44.25969608132464,
            42.99715845914693,
            40.20185586407978,
            36.888248350434424,
            33.37086283461301
        ],
        "FlagUp": 0,
        "Times": [
            -15,
            -10,
            -5,
            2,
            10,
            20,
            30,
            40
        ],
        "width": 0,
        "height": 0,
        "area": 0.5847542671138878,
        "distance": 0,
        "xpert": [
            [
                280.0,
                116.8
            ],
            [
                274.8,
                114.2
            ],
            [
                274.2,
                109.0
            ],
            [
                275.6,
                104.6
            ],
            [
                280.0,
                100.8
            ],
            [
                284.4,
                104.6
            ],
            [
                285.8,
                109.0
            ],
            [
                285.2,
                114.2
            ]
        ],
        "stack": 0
    },
    {
        "type": "Spine",
        "location": [
            17,
            68
        ],
        "radloc": [
            0,
            0
        ],
        "mean": [
            99.50961538461539,
            55.70192307692308,
            103.125,
            74.39423076923077,
            73.29807692307692,
            83.4326923076923,
            74.27884615384616,
            95.29807692307692
        ],
        "min": [
            8.0,
            6.0,
            22.0,
            12.0,
            14.0,
            13.0,
            17.0,
            27.0
        ],
        "max": [
            217.0,
            157.0,
            177.0,
            154.0,
            146.0,
            192.0,
            177.0,
            176.0
        ],
        "RawIntDen": [
            10349.0,
            5793.0,
            10725.0,
            7737.0,
            7623.0,
            8677.0,
            7725.0,
            9911.0
        ],
        "IntDen": [
            43.86145294325888,
            24.552072364508525,
            45.45502781103986,
            32.79119348941869,
            32.308035151846795,
            36.77513065887113,
            32.7403347170427,
            42.0051077515353
        ],
        "FlagUp": 0,
        "Times": [
            -15,
            -10,
            -5,
            2,
            10,
            20,
            30,
            40
        ],
        "width": 0,
        "height": 0,
        "area": 0.44077602725856835,
        "distance": 18.284308606866727,
        "xpert": [
            [
                17.0,
                72.2
            ],
            [
                12.8,
                72.2
            ],
            [
                9.8,
                68.0
            ],
            [
                12.0,
                63.0
            ],
            [
                17.0,
                62.8
            ],
            [
                21.4,
                63.6
            ],
            [
                22.6,
                68.0
            ],
            [
                21.2,
                72.2
            ]
        ],
        "stack": 0
    },
    {
        "type": "Spine",
        "location": [
            9,
            89
        ],
        "radloc": [
            0,
            0
        ],
        "mean": [
            37.27972027972028,
            36.25874125874126,
            32.91608391608391,
            40.37762237762238,
            38.95804195804196,
            42.50349650349651,
            34.51748251748252,
            33.36363636363637
        ],
        "min": [
            6.0,
            8.0,
            7.0,
            9.0,
            7.0,
            8.0,
            6.0,
            6.0
        ],
        "max": [
            101.0,
            89.0,
            83.0,
            83.0,
            81.0,
            109.0,
            94.0,
            84.0
        ],
        "RawIntDen": [
            5331.0,
            5185.0,
            4707.0,
            5774.0,
            5571.0,
            6078.0,
            4936.0,
            4771.0
        ],
        "IntDen": [
            24.514109902998168,
            23.84274242113028,
            21.644703679124436,
            26.551204385652117,
            25.617727681411143,
            27.949120238308552,
            22.69773897602682,
            21.9390017533679
        ],
        "FlagUp": 0,
        "Times": [
            -15,
            -10,
            -5,
            2,
            10,
            20,
            30,
            40
        ],
        "width": 0,
        "height": 0,
        "area": 0.6575722596377299,
        "distance": 18.811428606866727,
        "xpert": [
            [
                9.0,
                95.6
            ],
            [
                3.8,
                94.2
            ],
            [
                2.2,
                89.0
            ],
            [
                1.2,
                81.2
            ],
            [
                9.0,
                81.2
            ],
            [
                12.8,
                85.2
            ],
            [
                14.2,
                89.0
            ],
            [
                13.8,
                93.8
            ]
        ],
        "stack": 0
    },
    {
        "type": "Spine",
        "location": [
            71,
            105
        ],
        "radloc": [
            0,
            0
        ],
        "mean": [
            41.00970873786408,
            50.25242718446602,
            42.57281553398058,
            35.980582524271846,
            33.271844660194176,
            32.45631067961165,
            23.961165048543688,
            15.669902912621358
        ],
        "min": [
            7.0,
            16.0,
            8.0,
            6.0,
            5.0,
            3.0,
            5.0,
            4.0
        ],
        "max": [
            126.0,
            106.0,
            141.0,
            163.0,
            120.0,
            140.0,
            93.0,
            68.0
        ],
        "RawIntDen": [
            4224.0,
            5176.0,
            4385.0,
            3706.0,
            3427.0,
            3343.0,
            2468.0,
            1614.0
        ],
        "IntDen": [
            19.18901398521768,
            23.51381069779515,
            19.920413429256516,
            16.835815773962292,
            15.568359594540954,
            15.186759884607646,
            11.211762906135707,
            7.332165855147096
        ],
        "FlagUp": 0,
        "Times": [
            -15,
            -10,
            -5,
            2,
            10,
            20,
            30,
            40
        ],
        "width": 0,
        "height": 0,
        "area": 0.4679139300372682,
        "distance": 14.398738227369563,
        "xpert": [
            [
                71.0,
                110.6
            ],
            [
                67.4,
                108.6
            ],
            [
                65.4,
                105.0
            ],
            [
                66.8,
                100.8
            ],
            [
                71.0,
                97.8
            ],
            [
                77.4,
                98.6
            ],
            [
                76.4,
                105.0
            ],
            [
                74.0,
                108.0
            ]
        ],
        "stack": 0
    },
    {
        "type": "Spine",
        "location": [
            139,
            104
        ],
        "radloc": [
            0,
            0
        ],
        "mean": [
            31.96078431372549,
            40.27450980392157,
            42.44117647058823,
            56.21568627450981,
            34.94117647058823,
            20.813725490196077,
            35.18627450980392,
            15.147058823529411
        ],
        "min": [
            6.0,
            7.0,
            7.0,
            21.0,
            6.0,
            5.0,
            8.0,
            4.0
        ],
        "max": [
            110.0,
            119.0,
            121.0,
            122.0,
            99.0,
            74.0,
            90.0,
            50.0
        ],
        "RawIntDen": [
            3260.0,
            4108.0,
            4329.0,
            5734.0,
            3564.0,
            2123.0,
            3589.0,
            1545.0
        ],
        "IntDen": [
            14.65073546702208,
            18.461724324701443,
            19.454918354827786,
            25.769115695676263,
            16.01693901977506,
            9.540954416100575,
            16.129291285626458,
            6.943370029616293
        ],
        "FlagUp": 0,
        "Times": [
            -15,
            -10,
            -5,
            2,
            10,
            20,
            30,
            40
        ],
        "width": 0,
        "height": 0,
        "area": 0.458397244673697,
        "distance": 9.754463037620976,
        "xpert": [
            [
                139.0,
                109.4
            ],
            [
                135.8,
                107.2
            ],
            [
                134.2,
                104.0
            ],
            [
                133.0,
                98.0
            ],
            [
                139.0,
                97.8
            ],
            [
                145.0,
                98.0
            ],
            [
                143.8,
                104.0
            ],
            [
                142.2,
                107.2
            ]
        ],
        "stack": 0
    },
    {
        "type": "Spine",
        "location": [
            171,
            112
        ],
        "radloc": [
            0,
            0
        ],
        "mean": [
            34.32743362831859,
            33.69911504424779,
            31.283185840707965,
            29.893805309734514,
            42.92035398230089,
            54.876106194690266,
            64.30088495575221,
            49.9646017699115
        ],
        "min": [
            5.0,
            6.0,
            5.0,
            6.0,
            7.0,
            7.0,
            15.0,
            9.0
        ],
        "max": [
            83.0,
            99.0,
            70.0,
            77.0,
            126.0,
            147.0,
            140.0,
            145.0
        ],
        "RawIntDen": [
            3879.0,
            3808.0,
            3535.0,
            3378.0,
            4850.0,
            6201.0,
            7266.0,
            5646.0
        ],
        "IntDen": [
            17.30368124080244,
            16.986960083778214,
            15.76914493071323,
            15.068789696166702,
            21.635177627711222,
            27.66180133390459,
            32.41261868926798,
            25.186023275475783
        ],
        "FlagUp": 0,
        "Times": [
            -15,
            -10,
            -5,
            2,
            10,
            20,
            30,
            40
        ],
        "width": 0,
        "height": 0,
        "area": 0.5040773344188387,
        "distance": 7.564105442746684,
        "xpert": [
            [
                171.0,
                116.6
            ],
            [
                167.0,
                116.0
            ],
            [
                165.0,
                112.0
            ],
            [
                165.4,
                106.4
            ],
            [
                171.0,
                103.2
            ],
            [
                175.6,
                107.4
            ],
            [
                176.8,
                112.0
            ],
            [
                174.4,
                115.4
            ]
        ],
        "stack": 0
    },
    {
        "type": "Spine",
        "location": [
            174,
            84
        ],
        "radloc": [
            0,
            0
        ],
        "mean": [
            64.83739837398375,
            62.90243902439025,
            63.58536585365854,
            94.52845528455285,
            68.82926829268293,
            61.6910569105691,
            51.959349593495936,
            49.552845528455286
        ],
        "min": [
            10.0,
            14.0,
            21.0,
            30.0,
            24.0,
            16.0,
            14.0,
            13.0
        ],
        "max": [
            141.0,
            141.0,
            130.0,
            201.0,
            143.0,
            120.0,
            97.0,
            101.0
        ],
        "RawIntDen": [
            7975.0,
            7737.0,
            7821.0,
            11627.0,
            8466.0,
            7588.0,
            6391.0,
            6095.0
        ],
        "IntDen": [
            33.95694602970476,
            32.943560054147426,
            33.30122569257942,
            49.50688545296266,
            36.04758684482514,
            32.30912933835733,
            27.21239399070133,
            25.952048407655237
        ],
        "FlagUp": 0,
        "Times": [
            -15,
            -10,
            -5,
            2,
            10,
            20,
            30,
            40
        ],
        "width": 0,
        "height": 0,
        "area": 0.5237246848468571,
        "distance": 7.366435442746684,
        "xpert": [
            [
                174.0,
                90.8
            ],
            [
                170.2,
                87.8
            ],
            [
                167.8,
                84.0
            ],
            [
                168.0,
                78.0
            ],
            [
                174.0,
                77.6
            ],
            [
                178.6,
                79.4
            ],
            [
                179.8,
                84.0
            ],
            [
                178.4,
                88.4
            ]
        ],
        "stack": 0
    },
    {
        "type": "Spine",
        "location": [
            181,
            74
        ],
        "radloc": [
            0,
            0
        ],
        "mean": [
            33.379629629629626,
            34.657407407407405,
            26.99074074074074,
            36.06481481481482,
            31.444444444444443,
            22.055555555555557,
            22.63888888888889,
            28.37037037037037
        ],
        "min": [
            6.0,
            5.0,
            5.0,
            5.0,
            10.0,
            7.0,
            7.0,
            9.0
        ],
        "max": [
            85.0,
            92.0,
            63.0,
            86.0,
            67.0,
            43.0,
            55.0,
            58.0
        ],
        "RawIntDen": [
            3605.0,
            3743.0,
            2915.0,
            3895.0,
            3396.0,
            2382.0,
            2445.0,
            3064.0
        ],
        "IntDen": [
            15.559359879643958,
            16.15497476546667,
            12.581285450530414,
            16.811014349851103,
            14.657305451115363,
            10.280830855287633,
            10.55274199881539,
            13.22437688522305
        ],
        "FlagUp": 0,
        "Times": [
            -15,
            -10,
            -5,
            2,
            10,
            20,
            30,
            40
        ],
        "width": 0,
        "height": 0,
        "area": 0.4661333889047289,
        "distance": 6.905205442746685,
        "xpert": [
            [
                181.0,
                81.2
            ],
            [
                176.0,
                79.0
            ],
            [
                175.2,
                74.0
            ],
            [
                177.0,
                70.0
            ],
            [
                181.0,
                68.6
            ],
            [
                186.2,
                68.8
            ],
            [
                186.2,
                74.0
            ],
            [
                184.6,
                77.6
            ]
        ],
        "stack": 0
    },
    {
        "type": "Spine",
        "location": [
            159,
            88
        ],
        "radloc": [
            0,
            0
        ],
        "mean": [
            55.26086956521739,
            46.18478260869565,
            47.75,
            59.27173913043478,
            51.91304347826087,
            47.96739130434783,
            43.25,
            49.27173913043478
        ],
        "min": [
            15.0,
            10.0,
            15.0,
            16.0,
            15.0,
            13.0,
            13.0,
            14.0
        ],
        "max": [
            131.0,
            97.0,
            101.0,
            131.0,
            103.0,
            120.0,
            106.0,
            118.0
        ],
        "RawIntDen": [
            5084.0,
            4249.0,
            4393.0,
            5453.0,
            4776.0,
            4413.0,
            3979.0,
            4533.0
        ],
        "IntDen": [
            22.01995485558846,
            18.403380838197354,
            19.027077435208515,
            23.618177385429554,
            20.685937134203474,
            19.113701962571177,
            17.23394971880143,
            19.633449126747145
        ],
        "FlagUp": 0,
        "Times": [
            -15,
            -10,
            -5,
            2,
            10,
            20,
            30,
            40
        ],
        "width": 0,
        "height": 0,
        "area": 0.3984728258682412,
        "distance": 8.40937050599621,
        "xpert": [
            [
                159.0,
                93.6
            ],
            [
                154.4,
                92.6
            ],
            [
                153.8,
                88.0
            ],
            [
                155.4,
                84.4
            ],
            [
                159.0,
                82.8
            ],
            [
                162.8,
                84.2
            ],
            [
                164.2,
                88.0
            ],
            [
                164.0,
                93.0
            ]
        ],
        "stack": 0
    },
    {
        "type": "Spine",
        "location": [
            144,
            76
        ],
        "radloc": [
            0,
            0
        ],
        "mean": [
            20.203703703703702,
            20.97222222222222,
            13.50925925925926,
            10.592592592592593,
            19.824074074074073,
            23.85185185185185,
            43.7037037037037,
            30.916666666666668
        ],
        "min": [
            6.0,
            5.0,
            3.0,
            4.0,
            3.0,
            6.0,
            9.0,
            9.0
        ],
        "max": [
            104.0,
            93.0,
            63.0,
            47.0,
            80.0,
            69.0,
            95.0,
            74.0
        ],
        "RawIntDen": [
            2182.0,
            2265.0,
            1459.0,
            1144.0,
            2141.0,
            2576.0,
            4720.0,
            3339.0
        ],
        "IntDen": [
            9.616095499139693,
            9.981877316934648,
            6.429827375455917,
            5.0416192717762645,
            9.43540809516869,
            11.352457381202496,
            20.80108650593004,
            14.715005899004325
        ],
        "FlagUp": 0,
        "Times": [
            -15,
            -10,
            -5,
            2,
            10,
            20,
            30,
            40
        ],
        "width": 0,
        "height": 0,
        "area": 0.4759570641187382,
        "distance": 9.425013037620975,
        "xpert": [
            [
                144.0,
                83.0
            ],
            [
                138.0,
                82.0
            ],
            [
                137.8,
                76.0
            ],
            [
                140.2,
                72.2
            ],
            [
                144.0,
                70.6
            ],
            [
                147.8,
                72.2
            ],
            [
                149.0,
                76.0
            ],
            [
                148.4,
                80.4
            ]
        ],
        "stack": 0
    },
    {
        "type": "Spine",
        "location": [
            132,
            85
        ],
        "radloc": [
            0,
            0
        ],
        "mean": [
            52.588235294117645,
            48.91596638655462,
            39.81512605042017,
            44.2436974789916,
            36.831932773109244,
            30.15126050420168,
            24.176470588235293,
            26.478991596638654
        ],
        "min": [
            15.0,
            15.0,
            17.0,
            8.0,
            12.0,
            12.0,
            7.0,
            5.0
        ],
        "max": [
            118.0,
            114.0,
            82.0,
            80.0,
            70.0,
            64.0,
            55.0,
            85.0
        ],
        "RawIntDen": [
            6258.0,
            5821.0,
            4738.0,
            5265.0,
            4383.0,
            3588.0,
            2877.0,
            3151.0
        ],
        "IntDen": [
            31.580999388893705,
            29.375678722075783,
            23.910318808657458,
            26.569824509831474,
            22.118811173141758,
            18.10684336966293,
            14.51878159824979,
            15.901522702845007
        ],
        "FlagUp": 0,
        "Times": [
            -15,
            -10,
            -5,
            2,
            10,
            20,
            30,
            40
        ],
        "width": 0,
        "height": 0,
        "area": 0.6005335454263904,
        "distance": 10.215693037620976,
        "xpert": [
            [
                132.0,
                89.8
            ],
            [
                127.2,
                89.8
            ],
            [
                125.2,
                85.0
            ],
            [
                125.4,
                78.4
            ],
            [
                132.0,
                79.6
            ],
            [
                137.8,
                79.2
            ],
            [
                138.8,
                85.0
            ],
            [
                136.8,
                89.8
            ]
        ],
        "stack": 0
    },
    {
        "type": "Spine",
        "location": [
            119,
            86
        ],
        "radloc": [
            0,
            0
        ],
        "mean": [
            39.18627450980392,
            48.166666666666664,
            36.549019607843135,
            40.0,
            42.931372549019606,
            48.15686274509804,
            45.009803921568626,
            47.61764705882353
        ],
        "min": [
            9.0,
            11.0,
            10.0,
            8.0,
            15.0,
            16.0,
            10.0,
            5.0
        ],
        "max": [
            91.0,
            136.0,
            85.0,
            95.0,
            97.0,
            97.0,
            102.0,
            145.0
        ],
        "RawIntDen": [
            3997.0,
            4913.0,
            3728.0,
            4080.0,
            4379.0,
            4912.0,
            4591.0,
            4857.0
        ],
        "IntDen": [
            17.195379754768815,
            21.136077241726092,
            16.038122523337037,
            17.552451688630665,
            18.838771064831786,
            21.13177517023378,
            19.75081022120181,
            20.895161238156653
        ],
        "FlagUp": 0,
        "Times": [
            -15,
            -10,
            -5,
            2,
            10,
            20,
            30,
            40
        ],
        "width": 0,
        "height": 0,
        "area": 0.43881129221576665,
        "distance": 11.072263037620978,
        "xpert": [
            [
                119.0,
                90.2
            ],
            [
                114.8,
                90.2
            ],
            [
                112.4,
                86.0
            ],
            [
                114.8,
                81.8
            ],
            [
                119.0,
                80.4
            ],
            [
                124.4,
                80.6
            ],
            [
                124.4,
                86.0
            ],
            [
                123.2,
                90.2
            ]
        ],
        "stack": 0
    },
    {
        "type": "Spine",
        "location": [
            227,
            56
        ],
        "radloc": [
            0,
            0
        ],
        "mean": [
            30.365384615384617,
            16.221153846153847,
            15.932692307692308,
            27.5,
            29.115384615384617,
            21.08653846153846,
            19.846153846153847,
            19.0
        ],
        "min": [
            7.0,
            5.0,
            5.0,
            6.0,
            7.0,
            6.0,
            5.0,
            3.0
        ],
        "max": [
            70.0,
            40.0,
            31.0,
            68.0,
            73.0,
            45.0,
            52.0,
            53.0
        ],
        "RawIntDen": [
            3158.0,
            1687.0,
            1657.0,
            2860.0,
            3028.0,
            2193.0,
            2064.0,
            1976.0
        ],
        "IntDen": [
            13.919408641149372,
            7.4357322285050635,
            7.303502254079959,
            12.605924228526664,
            13.346412085307252,
            9.666011130475164,
            9.097422240447214,
            8.70954764880024
        ],
        "FlagUp": 0,
        "Times": [
            -15,
            -10,
            -5,
            2,
            10,
            20,
            30,
            40
        ],
        "width": 0,
        "height": 0,
        "area": 0.45839724467369686,
        "distance": 3.655925189748579,
        "xpert": [
            [
                227.0,
                64.2
            ],
            [
                222.2,
                60.8
            ],
            [
                221.8,
                56.0
            ],
            [
                223.8,
                52.8
            ],
            [
                227.0,
                51.0
            ],
            [
                230.4,
                52.6
            ],
            [
                232.6,
                56.0
            ],
            [
                232.4,
                61.4
            ]
        ],
        "stack": 0
    },
    {
        "type": "Spine",
        "location": [
            225,
            71
        ],
        "radloc": [
            0,
            0
        ],
        "mean": [
            29.228395061728396,
            35.925925925925924,
            33.166666666666664,
            36.17283950617284,
            52.17901234567901,
            42.68518518518518,
            52.58024691358025,
            44.00617283950617
        ],
        "min": [
            5.0,
            6.0,
            6.0,
            5.0,
            8.0,
            6.0,
            9.0,
            7.0
        ],
        "max": [
            96.0,
            100.0,
            109.0,
            98.0,
            144.0,
            107.0,
            128.0,
            130.0
        ],
        "RawIntDen": [
            4735.0,
            5820.0,
            5373.0,
            5860.0,
            8453.0,
            6915.0,
            8518.0,
            7129.0
        ],
        "IntDen": [
            20.777463447438947,
            25.53850839790806,
            23.57704563951203,
            25.714030792395402,
            37.09227001503726,
            30.34343394699901,
            37.37749390607919,
            31.282478757506283
        ],
        "FlagUp": 0,
        "Times": [
            -15,
            -10,
            -5,
            2,
            10,
            20,
            30,
            40
        ],
        "width": 0,
        "height": 0,
        "area": 0.7108656976737295,
        "distance": 3.787705189748579,
        "xpert": [
            [
                225.0,
                80.2
            ],
            [
                218.0,
                78.0
            ],
            [
                217.4,
                71.0
            ],
            [
                219.6,
                65.6
            ],
            [
                225.0,
                64.8
            ],
            [
                230.0,
                66.0
            ],
            [
                230.8,
                71.0
            ],
            [
                229.6,
                75.6
            ]
        ],
        "stack": 0
    },
    {
        "type": "Spine",
        "location": [
            203,
            76
        ],
        "radloc": [
            0,
            0
        ],
        "mean": [
            49.48251748251748,
            48.10489510489511,
            42.13986013986014,
            36.04195804195804,
            44.21678321678322,
            46.48951048951049,
            43.95804195804196,
            57.72027972027972
        ],
        "min": [
            5.0,
            5.0,
            6.0,
            6.0,
            8.0,
            7.0,
            11.0,
            11.0
        ],
        "max": [
            149.0,
            128.0,
            115.0,
            98.0,
            126.0,
            107.0,
            99.0,
            135.0
        ],
        "RawIntDen": [
            7076.0,
            6879.0,
            6026.0,
            5154.0,
            6323.0,
            6648.0,
            6286.0,
            8254.0
        ],
        "IntDen": [
            32.60213148223573,
            31.69446897488688,
            27.764336392305324,
            23.746662755715505,
            29.132741289171356,
            30.63015405510219,
            28.962266605049997,
            38.029676830748116
        ],
        "FlagUp": 0,
        "Times": [
            -15,
            -10,
            -5,
            2,
            10,
            20,
            30,
            40
        ],
        "width": 0,
        "height": 0,
        "area": 0.6588616170095688,
        "distance": 5.023528432795818,
        "xpert": [
            [
                203.0,
                84.0
            ],
            [
                196.4,
                82.6
            ],
            [
                197.8,
                76.0
            ],
            [
                199.4,
                72.4
            ],
            [
                203.0,
                71.0
            ],
            [
                209.4,
                69.6
            ],
            [
                209.8,
                76.0
            ],
            [
                209.0,
                82.0
            ]
        ],
        "stack": 0
    },
    {
        "type": "Spine",
        "location": [
            204,
            98
        ],
        "radloc": [
            0,
            0
        ],
        "mean": [
            65.62608695652175,
            58.80869565217391,
            54.8,
            55.678260869565214,
            53.68695652173913,
            58.73913043478261,
            56.40869565217391,
            60.017391304347825
        ],
        "min": [
            10.0,
            13.0,
            12.0,
            10.0,
            15.0,
            7.0,
            10.0,
            9.0
        ],
        "max": [
            136.0,
            120.0,
            115.0,
            112.0,
            103.0,
            129.0,
            121.0,
            150.0
        ],
        "RawIntDen": [
            7547.0,
            6763.0,
            6302.0,
            6403.0,
            6174.0,
            6755.0,
            6487.0,
            6902.0
        ],
        "IntDen": [
            33.02824197057151,
            29.597190996021602,
            27.579698012262035,
            28.02170840566706,
            27.01952642458042,
            29.562180271791505,
            28.389321010083123,
            30.20550232951961
        ],
        "FlagUp": 0,
        "Times": [
            -15,
            -10,
            -5,
            2,
            10,
            20,
            30,
            40
        ],
        "width": 0,
        "height": 0,
        "area": 0.5032791608077014,
        "distance": 5.544125316247632,
        "xpert": [
            [
                204.0,
                104.4
            ],
            [
                198.8,
                103.2
            ],
            [
                196.6,
                98.0
            ],
            [
                199.2,
                93.2
            ],
            [
                204.0,
                92.6
            ],
            [
                208.8,
                93.2
            ],
            [
                209.8,
                98.0
            ],
            [
                207.4,
                101.4
            ]
        ],
        "stack": 0
    },
    {
        "type": "Spine",
        "location": [
            260,
            82
        ],
        "radloc": [
            0,
            0
        ],
        "mean": [
            40.28089887640449,
            43.651685393258425,
            45.258426966292134,
            46.2247191011236,
            63.50561797752809,
            62.38202247191011,
            55.92134831460674,
            56.17977528089887
        ],
        "min": [
            7.0,
            9.0,
            6.0,
            7.0,
            9.0,
            12.0,
            11.0,
            16.0
        ],
        "max": [
            147.0,
            119.0,
            132.0,
            125.0,
            115.0,
            143.0,
            119.0,
            112.0
        ],
        "RawIntDen": [
            3585.0,
            3885.0,
            4028.0,
            4114.0,
            5652.0,
            5552.0,
            4977.0,
            5000.0
        ],
        "IntDen": [
            16.424291582865123,
            17.798709288544213,
            18.453848394917912,
            18.847848137212587,
            25.89402957499405,
            25.43589033976769,
            22.801589737216098,
            22.90696176131816
        ],
        "FlagUp": 0,
        "Times": [
            -15,
            -10,
            -5,
            2,
            10,
            20,
            30,
            40
        ],
        "width": 0,
        "height": 0,
        "area": 0.4077439193514633,
        "distance": 1.6766177417290231,
        "xpert": [
            [
                260.0,
                87.0
            ],
            [
                256.0,
                86.0
            ],
            [
                254.0,
                82.0
            ],
            [
                256.4,
                78.4
            ],
            [
                260.0,
                77.4
            ],
            [
                264.0,
                78.0
            ],
            [
                266.6,
                82.0
            ],
            [
                265.0,
                87.0
            ]
        ],
        "stack": 0
    },
    {
        "type": "Spine",
        "location": [
            302,
            77
        ],
        "radloc": [
            0,
            0
        ],
        "mean": [
            76.07692307692308,
            77.56410256410257,
            71.3931623931624,
            63.64102564102564,
            84.83760683760684,
            114.8119658119658,
            74.14529914529915,
            70.25641025641026
        ],
        "min": [
            7.0,
            9.0,
            6.0,
            6.0,
            9.0,
            24.0,
            11.0,
            10.0
        ],
        "max": [
            245.0,
            232.0,
            231.0,
            233.0,
            233.0,
            220.0,
            167.0,
            183.0
        ],
        "RawIntDen": [
            8901.0,
            9075.0,
            8353.0,
            7446.0,
            9926.0,
            13433.0,
            8675.0,
            8220.0
        ],
        "IntDen": [
            39.98816259065041,
            40.76986580273593,
            37.52624672730063,
            33.45150642062498,
            44.59302346644152,
            60.34838648244095,
            38.972846924378416,
            36.928737950246756
        ],
        "FlagUp": 0,
        "Times": [
            -15,
            -10,
            -5,
            2,
            10,
            20,
            30,
            40
        ],
        "width": 0,
        "height": 0,
        "area": 0.5256280219195706,
        "distance": 1.7451151897485795,
        "xpert": [
            [
                302.0,
                83.2
            ],
            [
                296.6,
                82.4
            ],
            [
                295.8,
                77.0
            ],
            [
                297.8,
                72.8
            ],
            [
                302.0,
                72.0
            ],
            [
                306.4,
                72.6
            ],
            [
                307.6,
                77.0
            ],
            [
                308.2,
                83.2
            ]
        ],
        "stack": 0
    },
    {
        "type": "Spine",
        "location": [
            334,
            76
        ],
        "radloc": [
            0,
            0
        ],
        "mean": [
            121.81884057971014,
            130.97826086956522,
            123.78260869565217,
            133.0,
            135.7173913043478,
            107.84782608695652,
            82.55072463768116,
            91.23188405797102
        ],
        "min": [
            50.0,
            23.0,
            18.0,
            19.0,
            42.0,
            15.0,
            17.0,
            14.0
        ],
        "max": [
            220.0,
            248.0,
            227.0,
            246.0,
            246.0,
            217.0,
            163.0,
            200.0
        ],
        "RawIntDen": [
            16811.0,
            18075.0,
            17082.0,
            18354.0,
            18729.0,
            14883.0,
            11392.0,
            12590.0
        ],
        "IntDen": [
            80.57589432683929,
            86.63430432202844,
            81.87480976093444,
            87.97156412318175,
            89.76895632903296,
            71.33490186582293,
            54.6023786908187,
            60.34444765777805
        ],
        "FlagUp": 0,
        "Times": [
            -15,
            -10,
            -5,
            2,
            10,
            20,
            30,
            40
        ],
        "width": 0,
        "height": 0,
        "area": 0.6614403317532462,
        "distance": 3.7218151897485785,
        "xpert": [
            [
                334.0,
                82.8
            ],
            [
                327.2,
                82.8
            ],
            [
                327.0,
                76.0
            ],
            [
                329.6,
                71.6
            ],
            [
                334.0,
                70.8
            ],
            [
                338.4,
                71.6
            ],
            [
                340.8,
                76.0
            ],
            [
                340.8,
                82.8
            ]
        ],
        "stack": 0
    },
    {
        "type": "Spine",
        "location": [
            419,
            64
        ],
        "radloc": [
            0,
            0
        ],
        "mean": [
            71.78301886792453,
            62.24528301886792,
            64.90566037735849,
            60.39622641509434,
            61.783018867924525,
            52.83018867924528,
            48.89622641509434,
            41.716981132075475
        ],
        "min": [
            19.0,
            12.0,
            10.0,
            15.0,
            11.0,
            11.0,
            8.0,
            8.0
        ],
        "max": [
            135.0,
            187.0,
            144.0,
            165.0,
            121.0,
            119.0,
            117.0,
            128.0
        ],
        "RawIntDen": [
            7609.0,
            6598.0,
            6880.0,
            6402.0,
            6549.0,
            5600.0,
            5183.0,
            4422.0
        ],
        "IntDen": [
            32.631883501411245,
            28.29611872024069,
            29.5055011814574,
            27.455555023792193,
            28.085977796128564,
            24.016105612814165,
            22.22776346271711,
            18.964146253547188
        ],
        "FlagUp": 0,
        "Times": [
            -15,
            -10,
            -5,
            2,
            10,
            20,
            30,
            40
        ],
        "width": 0,
        "height": 0,
        "area": 0.4545905705282681,
        "distance": 9.731853164120027,
        "xpert": [
            [
                419.0,
                69.2
            ],
            [
                413.8,
                69.2
            ],
            [
                412.2,
                64.0
            ],
            [
                414.6,
                59.6
            ],
            [
                419.0,
                59.2
            ],
            [
                422.6,
                60.4
            ],
            [
                424.2,
                64.0
            ],
            [
                424.2,
                69.2
            ]
        ],
        "stack": 0
    },
    {
        "type": "Spine",
        "location": [
            433,
            67
        ],
        "radloc": [
            0,
            0
        ],
        "mean": [
            55.08988764044944,
            55.561797752808985,
            57.37078651685393,
            55.51685393258427,
            63.60674157303371,
            55.87640449438202,
            64.71910112359551,
            54.06741573033708
        ],
        "min": [
            10.0,
            15.0,
            22.0,
            20.0,
            19.0,
            14.0,
            9.0,
            10.0
        ],
        "max": [
            138.0,
            127.0,
            136.0,
            99.0,
            124.0,
            128.0,
            159.0,
            133.0
        ],
        "RawIntDen": [
            4903.0,
            4945.0,
            5106.0,
            4941.0,
            5661.0,
            4973.0,
            5760.0,
            4812.0
        ],
        "IntDen": [
            21.948440797580314,
            22.136455179285058,
            22.85717697581992,
            22.11854904769413,
            25.341652734061217,
            22.261798100421558,
            25.784829490936694,
            21.541076303886697
        ],
        "FlagUp": 0,
        "Times": [
            -15,
            -10,
            -5,
            2,
            10,
            20,
            30,
            40
        ],
        "width": 0,
        "height": 0,
        "area": 0.39841142789815376,
        "distance": 10.65431316412003,
        "xpert": [
            [
                433.0,
                72.4
            ],
            [
                428.4,
                71.6
            ],
            [
                425.6,
                67.0
            ],
            [
                429.0,
                63.0
            ],
            [
                433.0,
                62.2
            ],
            [
                436.0,
                64.0
            ],
            [
                438.0,
                67.0
            ],
            [
                437.2,
                71.2
            ]
        ],
        "stack": 0
    },
    {
        "type": "Spine",
        "location": [
            428,
            103
        ],
        "radloc": [
            0,
            0
        ],
        "mean": [
            52.863945578231295,
            43.795918367346935,
            62.374149659863946,
            65.05442176870748,
            77.20408163265306,
            61.45578231292517,
            74.83673469387755,
            71.33333333333333
        ],
        "min": [
            14.0,
            8.0,
            9.0,
            18.0,
            19.0,
            12.0,
            18.0,
            11.0
        ],
        "max": [
            108.0,
            91.0,
            143.0,
            124.0,
            149.0,
            117.0,
            162.0,
            155.0
        ],
        "RawIntDen": [
            7771.0,
            6438.0,
            9169.0,
            9563.0,
            11349.0,
            9034.0,
            11001.0,
            10486.0
        ],
        "IntDen": [
            39.27344128680176,
            32.53666387909274,
            46.338718718142495,
            48.32993424600247,
            57.35610412609872,
            45.656449438292,
            55.59736553803965,
            52.994634581572925
        ],
        "FlagUp": 0,
        "Times": [
            -15,
            -10,
            -5,
            2,
            10,
            20,
            30,
            40
        ],
        "width": 0,
        "height": 0,
        "area": 0.7429154380594336,
        "distance": 11.938198353868609,
        "xpert": [
            [
                428.0,
                110.0
            ],
            [
                422.8,
                108.2
            ],
            [
                422.6,
                103.0
            ],
            [
                423.4,
                98.4
            ],
            [
                428.0,
                93.4
            ],
            [
                436.6,
                94.4
            ],
            [
                433.2,
                103.0
            ],
            [
                432.6,
                107.6
            ]
        ],
        "stack": 0
    }
]