[
    {
        "type": "Stim",
        "location": [
            223,
            283
        ],
        "radloc": [
            0,
            0
        ],
        "mean": [
            80.90728476821192,
            75.23841059602648,
            79.6158940397351,
            71.20529801324503,
            90.6158940397351,
            117.19205298013244,
            102.05960264900662,
            108.18543046357615
        ],
        "min": [
            14.0,
            10.0,
            13.0,
            15.0,
            11.0,
            28.0,
            20.0,
            17.0
        ],
        "max": [
            153.0,
            162.0,
            171.0,
            183.0,
            172.0,
            218.0,
            211.0,
            201.0
        ],
        "RawIntDen": [
            12217.0,
            11361.0,
            12022.0,
            10752.0,
            13683.0,
            17696.0,
            15411.0,
            16336.0
        ],
        "IntDen": [
            8209.083462125102,
            7633.903348874787,
            8078.055282120649,
            7224.692263630113,
            9194.146600004728,
            11890.639350557894,
            10355.257856659568,
            10976.801787449918
        ],
        "FlagUp": 0,
        "Times": [
            -15,
            -10,
            -5,
            2,
            10,
            20,
            30,
            40
        ],
        "width": 0,
        "height": 0,
        "area": 0.6719393846382173,
        "distance": 0,
        "xpert": [
            [
                223.0,
                289.2
            ],
            [
                217.8,
                288.2
            ],
            [
                214.8,
                283.0
            ],
            [
                216.6,
                276.6
            ],
            [
                223.0,
                276.0
            ],
            [
                228.0,
                278.0
            ],
            [
                230.4,
                283.0
            ],
            [
                227.6,
                287.6
            ]
        ],
        "stack": 0
    },
    {
        "type": "Stim",
        "location": [
            186,
            287
        ],
        "radloc": [
            0,
            0
        ],
        "mean": [
            71.95945945945945,
            73.6554054054054,
            73.83108108108108,
            113.17567567567568,
            105.35810810810811,
            91.14864864864865,
            76.10810810810811,
            85.29729729729729
        ],
        "min": [
            9.0,
            10.0,
            17.0,
            24.0,
            17.0,
            22.0,
            15.0,
            12.0
        ],
        "max": [
            175.0,
            202.0,
            176.0,
            211.0,
            205.0,
            193.0,
            182.0,
            225.0
        ],
        "RawIntDen": [
            10650.0,
            10901.0,
            10927.0,
            16750.0,
            15593.0,
            13490.0,
            11264.0,
            12624.0
        ],
        "IntDen": [
            7298.702113549298,
            7470.7184732207415,
            7488.536900915791,
            11479.179380464859,
            10686.259348035137,
            9245.022677162444,
            7719.4911368093235,
            8651.531970088858
        ],
        "FlagUp": 0,
        "Times": [
            -15,
            -10,
            -5,
            2,
            10,
            20,
            30,
            40
        ],
        "width": 0,
        "height": 0,
        "area": 0.685324142117305,
        "distance": 0,
        "xpert": [
            [
                186.0,
                295.4
            ],
            [
                180.6,
                292.4
            ],
            [
                179.6,
                287.0
            ],
            [
                179.0,
                280.0
            ],
            [
                186.0,
                280.2
            ],
            [
                190.6,
                282.4
            ],
            [
                192.0,
                287.0
            ],
            [
                191.2,
                292.2
            ]
        ],
        "stack": 0
    },
    {
        "type": "Stim",
        "location": [
            159,
            294
        ],
        "radloc": [
            0,
            0
        ],
        "mean": [
            49.03529411764706,
            33.44117647058823,
            39.40588235294118,
            41.98235294117647,
            57.8,
            78.48235294117647,
            101.66470588235295,
            83.88235294117646
        ],
        "min": [
            6.0,
            6.0,
            7.0,
            7.0,
            8.0,
            21.0,
            19.0,
            17.0
        ],
        "max": [
            128.0,
            96.0,
            98.0,
            115.0,
            186.0,
            150.0,
            205.0,
            172.0
        ],
        "RawIntDen": [
            8336.0,
            5685.0,
            6699.0,
            7137.0,
            9826.0,
            13342.0,
            17283.0,
            14260.0
        ],
        "IntDen": [
            6163.769723380401,
            4203.578560150861,
            4953.346134468006,
            5277.210234616833,
            7265.499196489422,
            9865.284986725204,
            12779.322472310876,
            10544.068648680965
        ],
        "FlagUp": 0,
        "Times": [
            -15,
            -10,
            -5,
            2,
            10,
            20,
            30,
            40
        ],
        "width": 0,
        "height": 0,
        "area": 0.7394157537644435,
        "distance": 0,
        "xpert": [
            [
                159.0,
                301.4
            ],
            [
                153.0,
                300.0
            ],
            [
                151.0,
                294.0
            ],
            [
                154.0,
                289.0
            ],
            [
                159.0,
                286.4
            ],
            [
                164.6,
                288.4
            ],
            [
                166.6,
                294.0
            ],
            [
                164.6,
                299.6
            ]
        ],
        "stack": 0
    },
    {
        "type": "Stim",
        "location": [
            118,
            276
        ],
        "radloc": [
            0,
            0
        ],
        "mean": [
            41.12844036697248,
            44.944954128440365,
            55.44954128440367,
            70.6697247706422,
            81.96330275229357,
            95.42201834862385,
            81.23853211009174,
            80.56880733944953
        ],
        "min": [
            6.0,
            7.0,
            10.0,
            13.0,
            10.0,
            11.0,
            15.0,
            16.0
        ],
        "max": [
            134.0,
            185.0,
            141.0,
            149.0,
            180.0,
            201.0,
            154.0,
            153.0
        ],
        "RawIntDen": [
            4483.0,
            4899.0,
            6044.0,
            7703.0,
            8934.0,
            10401.0,
            8855.0,
            8782.0
        ],
        "IntDen": [
            2136.743236543229,
            2335.0223323277446,
            2880.766478176952,
            3671.4996991060657,
            4258.234234949187,
            4957.454027054679,
            4220.580272047801,
            4185.786103797153
        ],
        "FlagUp": 0,
        "Times": [
            -15,
            -10,
            -5,
            2,
            10,
            20,
            30,
            40
        ],
        "width": 0,
        "height": 0,
        "area": 0.4766324417897009,
        "distance": 0,
        "xpert": [
            [
                118.0,
                280.8
            ],
            [
                113.6,
                280.4
            ],
            [
                111.4,
                276.0
            ],
            [
                113.6,
                271.6
            ],
            [
                118.0,
                269.2
            ],
            [
                123.4,
                270.6
            ],
            [
                124.0,
                276.0
            ],
            [
                121.6,
                279.6
            ]
        ],
        "stack": 0
    },
    {
        "type": "Stim",
        "location": [
            77,
            254
        ],
        "radloc": [
            0,
            0
        ],
        "mean": [
            78.97350993377484,
            88.03973509933775,
            84.90066225165563,
            157.47682119205297,
            124.3841059602649,
            115.70860927152317,
            96.35099337748345,
            97.05298013245033
        ],
        "min": [
            8.0,
            10.0,
            8.0,
            45.0,
            28.0,
            20.0,
            19.0,
            17.0
        ],
        "max": [
            214.0,
            238.0,
            231.0,
            255.0,
            255.0,
            247.0,
            234.0,
            219.0
        ],
        "RawIntDen": [
            11925.0,
            13294.0,
            12820.0,
            23779.0,
            18782.0,
            17472.0,
            14549.0,
            14655.0
        ],
        "IntDen": [
            7952.839156760644,
            8865.831761004276,
            8549.718908987124,
            15858.328076193824,
            12525.8050349919,
            11652.159811062638,
            9702.797223623531,
            9773.489127239181
        ],
        "FlagUp": 0,
        "Times": [
            -15,
            -10,
            -5,
            2,
            10,
            20,
            30,
            40
        ],
        "width": 0,
        "height": 0,
        "area": 0.6669047510910393,
        "distance": 0,
        "xpert": [
            [
                77.0,
                260.6
            ],
            [
                73.0,
                258.0
            ],
            [
                70.8,
                254.0
            ],
            [
                71.4,
                248.4
            ],
            [
                77.0,
                246.6
            ],
            [
                82.0,
                249.0
            ],
            [
                86.0,
                254.0
            ],
            [
                83.0,
                260.0
            ]
        ],
        "stack": 0
    },
    {
        "type": "Stim",
        "location": [
            95,
            274
        ],
        "radloc": [
            0,
            0
        ],
        "mean": [
            78.21111111111111,
            91.37777777777778,
            74.63333333333334,
            89.95555555555555,
            83.82222222222222,
            77.54444444444445,
            91.95555555555555,
            82.28888888888889
        ],
        "min": [
            9.0,
            17.0,
            15.0,
            15.0,
            12.0,
            17.0,
            19.0,
            22.0
        ],
        "max": [
            178.0,
            196.0,
            172.0,
            187.0,
            180.0,
            140.0,
            196.0,
            157.0
        ],
        "RawIntDen": [
            7039.0,
            8224.0,
            6717.0,
            8096.0,
            7544.0,
            6979.0,
            8276.0,
            7406.0
        ],
        "IntDen": [
            2779.783763222662,
            3247.7541793924097,
            2652.6221817824435,
            3197.2054762112048,
            2979.2141937422593,
            2756.0890586064725,
            3268.289590059774,
            2924.7163731250225
        ],
        "FlagUp": 0,
        "Times": [
            -15,
            -10,
            -5,
            2,
            10,
            20,
            30,
            40
        ],
        "width": 0,
        "height": 0,
        "area": 0.39491174360316267,
        "distance": 0,
        "xpert": [
            [
                95.0,
                280.4
            ],
            [
                90.6,
                278.4
            ],
            [
                88.2,
                274.0
            ],
            [
                90.8,
                269.8
            ],
            [
                95.0,
                270.2
            ],
            [
                98.2,
                270.8
            ],
            [
                100.4,
                274.0
            ],
            [
                99.0,
                278.0
            ]
        ],
        "stack": 0
    },
    {
        "type": "Stim",
        "location": [
            33,
            263
        ],
        "radloc": [
            0,
            0
        ],
        "mean": [
            53.02298850574713,
            48.67816091954023,
            53.51724137931034,
            59.71264367816092,
            58.632183908045974,
            62.48275862068966,
            67.49425287356321,
            70.11494252873563
        ],
        "min": [
            10.0,
            14.0,
            10.0,
            17.0,
            20.0,
            23.0,
            14.0,
            17.0
        ],
        "max": [
            105.0,
            123.0,
            119.0,
            115.0,
            112.0,
            115.0,
            149.0,
            162.0
        ],
        "RawIntDen": [
            4613.0,
            4235.0,
            4656.0,
            5195.0,
            5101.0,
            5436.0,
            5872.0,
            6100.0
        ],
        "IntDen": [
            1900.7487184892755,
            1744.9969266859055,
            1918.466514911352,
            2140.5570328531944,
            2101.8251057909806,
            2239.859101172274,
            2419.509316056585,
            2513.454841271316
        ],
        "FlagUp": 0,
        "Times": [
            -15,
            -10,
            -5,
            2,
            10,
            20,
            30,
            40
        ],
        "width": 0,
        "height": 0,
        "area": 0.4120417772575928,
        "distance": 0,
        "xpert": [
            [
                33.0,
                267.6
            ],
            [
                30.0,
                266.0
            ],
            [
                28.0,
                263.0
            ],
            [
                28.2,
                258.2
            ],
            [
                33.0,
                257.2
            ],
            [
                36.6,
                259.4
            ],
            [
                38.6,
                263.0
            ],
            [
                38.8,
                268.8
            ]
        ],
        "stack": 0
    },
    {
        "type": "Spine",
        "location": [
            59,
            302
        ],
        "radloc": [
            0,
            0
        ],
        "mean": [
            91.83870967741936,
            89.08064516129032,
            96.45161290322581,
            99.20967741935483,
            99.40322580645162,
            84.83064516129032,
            91.87096774193549,
            89.88709677419355
        ],
        "min": [
            15.0,
            22.0,
            27.0,
            27.0,
            31.0,
            12.0,
            15.0,
            15.0
        ],
        "max": [
            226.0,
            183.0,
            195.0,
            191.0,
            212.0,
            180.0,
            220.0,
            177.0
        ],
        "RawIntDen": [
            11388.0,
            11046.0,
            11960.0,
            12302.0,
            12326.0,
            10519.0,
            11392.0,
            11146.0
        ],
        "IntDen": [
            6312.378352547842,
            6122.807453656785,
            6629.438452447505,
            6819.009351338564,
            6832.312572313374,
            5830.690893084892,
            6314.595556043644,
            6178.237541051831
        ],
        "FlagUp": 0,
        "Times": [
            -15,
            -10,
            -5,
            2,
            10,
            20,
            30,
            40
        ],
        "width": 0,
        "height": 0,
        "area": 0.5543008739504603,
        "distance": -1.3780802548487407,
        "xpert": [
            [
                59.0,
                307.4
            ],
            [
                53.8,
                307.2
            ],
            [
                50.8,
                302.0
            ],
            [
                53.4,
                296.4
            ],
            [
                59.0,
                296.0
            ],
            [
                64.0,
                297.0
            ],
            [
                65.0,
                302.0
            ],
            [
                62.6,
                305.6
            ]
        ],
        "stack": 0
    },
    {
        "type": "Spine",
        "location": [
            69,
            260
        ],
        "radloc": [
            0,
            0
        ],
        "mean": [
            160.36893203883494,
            155.49514563106797,
            131.9126213592233,
            131.25242718446603,
            138.20388349514562,
            118.14563106796116,
            104.5631067961165,
            115.67961165048544
        ],
        "min": [
            50.0,
            26.0,
            22.0,
            18.0,
            21.0,
            21.0,
            15.0,
            17.0
        ],
        "max": [
            255.0,
            255.0,
            255.0,
            255.0,
            255.0,
            255.0,
            255.0,
            255.0
        ],
        "RawIntDen": [
            16518.0,
            16016.0,
            13587.0,
            13519.0,
            14235.0,
            12169.0,
            10770.0,
            11915.0
        ],
        "IntDen": [
            7637.726846064048,
            7405.608013473894,
            6282.467287654208,
            6251.02489598861,
            6582.094784702853,
            5626.800943803935,
            4979.91997409552,
            5509.35436317067
        ],
        "FlagUp": 0,
        "Times": [
            -15,
            -10,
            -5,
            2,
            10,
            20,
            30,
            40
        ],
        "width": 0,
        "height": 0,
        "area": 0.462388112729389,
        "distance": -0.30673427678725795,
        "xpert": [
            [
                69.0,
                264.8
            ],
            [
                62.4,
                266.6
            ],
            [
                63.0,
                260.0
            ],
            [
                65.0,
                256.0
            ],
            [
                69.0,
                254.6
            ],
            [
                73.0,
                256.0
            ],
            [
                75.0,
                260.0
            ],
            [
                72.6,
                263.6
            ]
        ],
        "stack": 0
    },
    {
        "type": "Spine",
        "location": [
            108,
            258
        ],
        "radloc": [
            0,
            0
        ],
        "mean": [
            90.81294964028777,
            72.4748201438849,
            85.44604316546763,
            90.24460431654676,
            87.10071942446044,
            136.15827338129498,
            100.13669064748201,
            89.2158273381295
        ],
        "min": [
            36.0,
            27.0,
            31.0,
            32.0,
            33.0,
            30.0,
            35.0,
            29.0
        ],
        "max": [
            161.0,
            137.0,
            159.0,
            198.0,
            157.0,
            247.0,
            205.0,
            159.0
        ],
        "RawIntDen": [
            12623.0,
            10074.0,
            11877.0,
            12544.0,
            12107.0,
            18926.0,
            13919.0,
            12401.0
        ],
        "IntDen": [
            8463.29021445426,
            6754.272805229519,
            7963.122702770597,
            8410.323413619128,
            8117.3298444425045,
            12689.236362097863,
            9332.213934483787,
            8314.446799449202
        ],
        "FlagUp": 0,
        "Times": [
            -15,
            -10,
            -5,
            2,
            10,
            20,
            30,
            40
        ],
        "width": 0,
        "height": 0,
        "area": 0.6704658333561166,
        "distance": -0.6835511854905296,
        "xpert": [
            [
                108.0,
                263.2
            ],
            [
                102.8,
                263.2
            ],
            [
                99.4,
                258.0
            ],
            [
                103.4,
                253.4
            ],
            [
                108.0,
                249.0
            ],
            [
                112.2,
                253.8
            ],
            [
                114.0,
                258.0
            ],
            [
                114.6,
                264.6
            ]
        ],
        "stack": 0
    },
    {
        "type": "Spine",
        "location": [
            117,
            254
        ],
        "radloc": [
            0,
            0
        ],
        "mean": [
            83.4375,
            89.22321428571429,
            76.92857142857143,
            97.25892857142857,
            88.26785714285714,
            101.10714285714286,
            100.54464285714286,
            102.60714285714286
        ],
        "min": [
            15.0,
            30.0,
            24.0,
            27.0,
            19.0,
            30.0,
            27.0,
            36.0
        ],
        "max": [
            174.0,
            171.0,
            163.0,
            198.0,
            185.0,
            205.0,
            186.0,
            193.0
        ],
        "RawIntDen": [
            9345.0,
            9993.0,
            8616.0,
            10893.0,
            9886.0,
            11324.0,
            11261.0,
            11492.0
        ],
        "IntDen": [
            4951.583582940704,
            5294.935767183141,
            4565.312375667962,
            5771.813800853193,
            5238.240267624591,
            6000.185392532962,
            5966.803930176059,
            6089.202625484705
        ],
        "FlagUp": 0,
        "Times": [
            -15,
            -10,
            -5,
            2,
            10,
            20,
            30,
            40
        ],
        "width": 0,
        "height": 0,
        "area": 0.5298644818556131,
        "distance": -0.24517945986248557,
        "xpert": [
            [
                117.0,
                261.0
            ],
            [
                112.8,
                258.2
            ],
            [
                111.0,
                254.0
            ],
            [
                110.0,
                247.0
            ],
            [
                117.0,
                249.2
            ],
            [
                120.4,
                250.6
            ],
            [
                123.2,
                254.0
            ],
            [
                121.6,
                258.6
            ]
        ],
        "stack": 0
    },
    {
        "type": "Spine",
        "location": [
            150,
            264
        ],
        "radloc": [
            0,
            0
        ],
        "mean": [
            43.99122807017544,
            58.23684210526316,
            47.1140350877193,
            45.45614035087719,
            82.64912280701755,
            82.12280701754386,
            70.62280701754386,
            70.19298245614036
        ],
        "min": [
            7.0,
            10.0,
            9.0,
            7.0,
            23.0,
            25.0,
            12.0,
            12.0
        ],
        "max": [
            101.0,
            131.0,
            122.0,
            102.0,
            167.0,
            166.0,
            189.0,
            166.0
        ],
        "RawIntDen": [
            5015.0,
            6639.0,
            5371.0,
            5182.0,
            9422.0,
            9362.0,
            8051.0,
            8002.0
        ],
        "IntDen": [
            2565.2050413291595,
            3395.8915791394397,
            2747.3013513417577,
            2650.626624958665,
            4819.414137468263,
            4788.723748140297,
            4118.13874132424,
            4093.0749233730676
        ],
        "FlagUp": 0,
        "Times": [
            -15,
            -10,
            -5,
            2,
            10,
            20,
            30,
            40
        ],
        "width": 0,
        "height": 0,
        "area": 0.5115064887994336,
        "distance": -0.7349779097384312,
        "xpert": [
            [
                150.0,
                269.8
            ],
            [
                144.8,
                269.2
            ],
            [
                142.2,
                264.0
            ],
            [
                144.2,
                258.2
            ],
            [
                150.0,
                258.8
            ],
            [
                153.4,
                260.6
            ],
            [
                154.6,
                264.0
            ],
            [
                154.8,
                268.8
            ]
        ],
        "stack": 0
    },
    {
        "type": "Spine",
        "location": [
            9,
            270
        ],
        "radloc": [
            0,
            0
        ],
        "mean": [
            103.95833333333333,
            110.41666666666667,
            124.75595238095238,
            107.55952380952381,
            148.20238095238096,
            133.4404761904762,
            137.07142857142858,
            118.53571428571429
        ],
        "min": [
            12.0,
            9.0,
            16.0,
            13.0,
            37.0,
            23.0,
            17.0,
            16.0
        ],
        "max": [
            237.0,
            220.0,
            239.0,
            238.0,
            255.0,
            238.0,
            249.0,
            228.0
        ],
        "RawIntDen": [
            17465.0,
            18550.0,
            20959.0,
            18070.0,
            24898.0,
            22418.0,
            23028.0,
            19914.0
        ],
        "IntDen": [
            13060.803369514333,
            13872.195963612417,
            15673.711870692865,
            13513.238871292528,
            18619.403509542964,
            16764.791865890198,
            17220.966504046726,
            14892.232367621438
        ],
        "FlagUp": 0,
        "Times": [
            -15,
            -10,
            -5,
            2,
            10,
            20,
            30,
            40
        ],
        "width": 0,
        "height": 0,
        "area": 0.7478272756664376,
        "distance": 2.1103827548338927,
        "xpert": [
            [
                9.0,
                276.0
            ],
            [
                3.0,
                276.0
            ],
            [
                0.8,
                270.0
            ],
            [
                4.6,
                265.6
            ],
            [
                9.0,
                263.2
            ],
            [
                14.2,
                264.8
            ],
            [
                18.8,
                270.0
            ],
            [
                15.2,
                276.2
            ]
        ],
        "stack": 0
    },
    {
        "type": "Spine",
        "location": [
            176,
            267
        ],
        "radloc": [
            0,
            0
        ],
        "mean": [
            72.86813186813187,
            56.59340659340659,
            56.989010989010985,
            54.637362637362635,
            72.38461538461539,
            102.62637362637362,
            59.879120879120876,
            54.285714285714285
        ],
        "min": [
            16.0,
            14.0,
            11.0,
            10.0,
            14.0,
            29.0,
            12.0,
            12.0
        ],
        "max": [
            127.0,
            126.0,
            122.0,
            158.0,
            171.0,
            201.0,
            146.0,
            147.0
        ],
        "RawIntDen": [
            6631.0,
            5150.0,
            5186.0,
            4972.0,
            6587.0,
            9339.0,
            5449.0,
            4940.0
        ],
        "IntDen": [
            2645.9374777891635,
            2054.980849135001,
            2069.345763808566,
            1983.9543265823738,
            2628.380359854806,
            3726.4982815673347,
            2174.2894460071107,
            1971.185513539205
        ],
        "FlagUp": 0,
        "Times": [
            -15,
            -10,
            -5,
            2,
            10,
            20,
            30,
            40
        ],
        "width": 0,
        "height": 0,
        "area": 0.3990254075990293,
        "distance": -0.5367501531901229,
        "xpert": [
            [
                176.0,
                271.2
            ],
            [
                171.6,
                271.4
            ],
            [
                169.6,
                267.0
            ],
            [
                171.6,
                262.6
            ],
            [
                176.0,
                261.8
            ],
            [
                180.0,
                263.0
            ],
            [
                182.0,
                267.0
            ],
            [
                179.8,
                270.8
            ]
        ],
        "stack": 0
    },
    {
        "type": "Spine",
        "location": [
            231,
            274
        ],
        "radloc": [
            0,
            0
        ],
        "mean": [
            86.50833333333334,
            87.30833333333334,
            98.3,
            88.975,
            82.90833333333333,
            119.9,
            114.13333333333334,
            117.625
        ],
        "min": [
            14.0,
            14.0,
            18.0,
            19.0,
            14.0,
            32.0,
            34.0,
            38.0
        ],
        "max": [
            189.0,
            215.0,
            169.0,
            200.0,
            170.0,
            239.0,
            214.0,
            180.0
        ],
        "RawIntDen": [
            10381.0,
            10477.0,
            11796.0,
            10677.0,
            9949.0,
            14388.0,
            13696.0,
            14115.0
        ],
        "IntDen": [
            5655.404661720496,
            5707.703943824838,
            6426.274288570944,
            5816.660781542216,
            5420.05789225096,
            7838.354905388161,
            7461.3642468860335,
            7689.628821903941
        ],
        "FlagUp": 0,
        "Times": [
            -15,
            -10,
            -5,
            2,
            10,
            20,
            30,
            40
        ],
        "width": 0,
        "height": 0,
        "area": 0.5447841885868892,
        "distance": 0.57160064187018,
        "xpert": [
            [
                231.0,
                279.8
            ],
            [
                226.0,
                279.0
            ],
            [
                222.8,
                274.0
            ],
            [
                227.4,
                270.4
            ],
            [
                231.0,
                269.4
            ],
            [
                237.0,
                268.0
            ],
            [
                237.8,
                274.0
            ],
            [
                235.4,
                278.4
            ]
        ],
        "stack": 0
    },
    {
        "type": "Spine",
        "location": [
            251,
            267
        ],
        "radloc": [
            0,
            0
        ],
        "mean": [
            110.70833333333333,
            104.72222222222223,
            63.65277777777778,
            33.486111111111114,
            103.76388888888889,
            47.90277777777778,
            61.125,
            73.11111111111111
        ],
        "min": [
            30.0,
            31.0,
            13.0,
            11.0,
            22.0,
            15.0,
            16.0,
            18.0
        ],
        "max": [
            211.0,
            196.0,
            194.0,
            104.0,
            199.0,
            99.0,
            147.0,
            148.0
        ],
        "RawIntDen": [
            7971.0,
            7540.0,
            4583.0,
            2411.0,
            7471.0,
            3449.0,
            4401.0,
            5264.0
        ],
        "IntDen": [
            2546.854354631419,
            2409.1433739707563,
            1464.3374115262568,
            770.350752605238,
            2387.096836463597,
            1102.0073603216365,
            1406.1856749131696,
            1681.9271512708306
        ],
        "FlagUp": 0,
        "Times": [
            -15,
            -10,
            -5,
            2,
            10,
            20,
            30,
            40
        ],
        "width": 0,
        "height": 0,
        "area": 0.3195150363356441,
        "distance": 1.9683794888256563,
        "xpert": [
            [
                251.0,
                271.8
            ],
            [
                247.0,
                271.0
            ],
            [
                245.6,
                267.0
            ],
            [
                247.8,
                263.8
            ],
            [
                251.0,
                262.8
            ],
            [
                255.6,
                262.4
            ],
            [
                255.8,
                267.0
            ],
            [
                254.2,
                270.2
            ]
        ],
        "stack": 0
    },
    {
        "type": "Spine",
        "location": [
            302,
            270
        ],
        "radloc": [
            0,
            0
        ],
        "mean": [
            86.25773195876289,
            78.34020618556701,
            78.85567010309278,
            80.37113402061856,
            67.72164948453609,
            70.70103092783505,
            65.77319587628865,
            69.3298969072165
        ],
        "min": [
            27.0,
            22.0,
            30.0,
            17.0,
            13.0,
            12.0,
            13.0,
            17.0
        ],
        "max": [
            165.0,
            184.0,
            158.0,
            162.0,
            138.0,
            166.0,
            158.0,
            165.0
        ],
        "RawIntDen": [
            8367.0,
            7599.0,
            7649.0,
            7796.0,
            6569.0,
            6858.0,
            6380.0,
            6725.0
        ],
        "IntDen": [
            3596.017710058102,
            3265.9422228673975,
            3287.4315123980423,
            3350.6100236181383,
            2823.2628585361144,
            2947.470952023242,
            2742.033344110277,
            2890.3094418717264
        ],
        "FlagUp": 0,
        "Times": [
            -15,
            -10,
            -5,
            2,
            10,
            20,
            30,
            40
        ],
        "width": 0,
        "height": 0,
        "area": 0.4297857906128961,
        "distance": 5.609838333209447,
        "xpert": [
            [
                302.0,
                276.0
            ],
            [
                298.0,
                274.0
            ],
            [
                296.0,
                270.0
            ],
            [
                296.8,
                264.8
            ],
            [
                302.0,
                265.6
            ],
            [
                305.8,
                266.2
            ],
            [
                307.6,
                270.0
            ],
            [
                306.6,
                274.6
            ]
        ],
        "stack": 0
    },
    {
        "type": "Spine",
        "location": [
            320,
            284
        ],
        "radloc": [
            0,
            0
        ],
        "mean": [
            60.64383561643836,
            64.56164383561644,
            64.16438356164383,
            64.08219178082192,
            72.58904109589041,
            53.97260273972603,
            61.84931506849315,
            56.43835616438356
        ],
        "min": [
            17.0,
            19.0,
            12.0,
            12.0,
            23.0,
            16.0,
            14.0,
            18.0
        ],
        "max": [
            123.0,
            144.0,
            137.0,
            141.0,
            170.0,
            100.0,
            154.0,
            110.0
        ],
        "RawIntDen": [
            4427.0,
            4713.0,
            4684.0,
            4678.0,
            5299.0,
            3940.0,
            4515.0,
            4120.0
        ],
        "IntDen": [
            1418.0265804344053,
            1509.636158479185,
            1500.3470753907284,
            1498.4251961310476,
            1697.3396995079995,
            1262.0340471903223,
            1446.214142909722,
            1319.690424980743
        ],
        "FlagUp": 0,
        "Times": [
            -15,
            -10,
            -5,
            2,
            10,
            20,
            30,
            40
        ],
        "width": 0,
        "height": 0,
        "area": 0.3203132099467823,
        "distance": 6.895501768657555,
        "xpert": [
            [
                320.0,
                289.2
            ],
            [
                316.4,
                287.6
            ],
            [
                314.4,
                284.0
            ],
            [
                316.4,
                280.4
            ],
            [
                320.0,
                279.2
            ],
            [
                323.4,
                280.6
            ],
            [
                325.4,
                284.0
            ],
            [
                323.4,
                287.4
            ]
        ],
        "stack": 0
    },
    {
        "type": "Spine",
        "location": [
            375,
            290
        ],
        "radloc": [
            0,
            0
        ],
        "mean": [
            54.82222222222222,
            50.32592592592592,
            51.22222222222222,
            50.303703703703704,
            50.53333333333333,
            54.837037037037035,
            54.65925925925926,
            56.82222222222222
        ],
        "min": [
            13.0,
            12.0,
            11.0,
            10.0,
            12.0,
            10.0,
            9.0,
            8.0
        ],
        "max": [
            138.0,
            123.0,
            114.0,
            117.0,
            127.0,
            153.0,
            105.0,
            149.0
        ],
        "RawIntDen": [
            7401.0,
            6794.0,
            6915.0,
            6791.0,
            6822.0,
            7403.0,
            7379.0,
            7671.0
        ],
        "IntDen": [
            4422.2828572464305,
            4059.585154996926,
            4131.88568542887,
            4057.7925798622496,
            4076.3158562539047,
            4423.477907336215,
            4409.1373062588045,
            4583.614619367298
        ],
        "FlagUp": 0,
        "Times": [
            -15,
            -10,
            -5,
            2,
            10,
            20,
            30,
            40
        ],
        "width": 0,
        "height": 0,
        "area": 0.5975250448920998,
        "distance": 10.76806344912376,
        "xpert": [
            [
                375.0,
                297.8
            ],
            [
                369.6,
                295.4
            ],
            [
                369.2,
                290.0
            ],
            [
                371.2,
                286.2
            ],
            [
                375.0,
                283.8
            ],
            [
                380.8,
                284.2
            ],
            [
                381.6,
                290.0
            ],
            [
                380.4,
                295.4
            ]
        ],
        "stack": 0
    },
    {
        "type": "Spine",
        "location": [
            420,
            279
        ],
        "radloc": [
            0,
            0
        ],
        "mean": [
            26.988636363636363,
            21.71590909090909,
            18.727272727272727,
            12.704545454545455,
            41.63636363636363,
            13.715909090909092,
            13.113636363636363,
            13.568181818181818
        ],
        "min": [
            9.0,
            7.0,
            9.0,
            6.0,
            14.0,
            8.0,
            6.0,
            7.0
        ],
        "max": [
            58.0,
            51.0,
            43.0,
            39.0,
            93.0,
            31.0,
            38.0,
            38.0
        ],
        "RawIntDen": [
            2375.0,
            1911.0,
            1648.0,
            1118.0,
            3664.0,
            1207.0,
            1154.0,
            1194.0
        ],
        "IntDen": [
            956.7261941430843,
            769.8121082136565,
            663.8672707148644,
            450.3662673903024,
            1475.976747511689,
            486.21832266555907,
            464.8682223331029,
            480.98150560288116
        ],
        "FlagUp": 0,
        "Times": [
            -15,
            -10,
            -5,
            2,
            10,
            20,
            30,
            40
        ],
        "width": 0,
        "height": 0,
        "area": 0.40283208174445656,
        "distance": 13.241026015995908,
        "xpert": [
            [
                420.0,
                284.8
            ],
            [
                415.6,
                283.4
            ],
            [
                412.6,
                279.0
            ],
            [
                416.8,
                275.8
            ],
            [
                420.0,
                274.0
            ],
            [
                423.2,
                275.8
            ],
            [
                426.8,
                279.0
            ],
            [
                423.4,
                282.4
            ]
        ],
        "stack": 0
    },
    {
        "type": "Spine",
        "location": [
            371,
            263
        ],
        "radloc": [
            0,
            0
        ],
        "mean": [
            71.27329192546584,
            84.25465838509317,
            84.0248447204969,
            57.39751552795031,
            69.54658385093168,
            72.27950310559007,
            63.17391304347826,
            56.50931677018634
        ],
        "min": [
            23.0,
            27.0,
            22.0,
            9.0,
            13.0,
            18.0,
            11.0,
            12.0
        ],
        "max": [
            156.0,
            187.0,
            163.0,
            148.0,
            182.0,
            129.0,
            146.0,
            183.0
        ],
        "RawIntDen": [
            11475.0,
            13565.0,
            13528.0,
            9241.0,
            11197.0,
            11637.0,
            10171.0,
            9098.0
        ],
        "IntDen": [
            9065.338140812875,
            10716.45419434655,
            10687.223910145236,
            7300.460981198413,
            8845.716005462464,
            9193.319385153764,
            8035.168124636842,
            7187.48988279874
        ],
        "FlagUp": 0,
        "Times": [
            -15,
            -10,
            -5,
            2,
            10,
            20,
            30,
            40
        ],
        "width": 0,
        "height": 0,
        "area": 0.7900076811165905,
        "distance": 9.92720063283963,
        "xpert": [
            [
                371.0,
                269.2
            ],
            [
                366.8,
                267.2
            ],
            [
                365.2,
                263.0
            ],
            [
                365.4,
                257.4
            ],
            [
                371.0,
                251.2
            ],
            [
                377.2,
                256.8
            ],
            [
                377.0,
                263.0
            ],
            [
                377.8,
                269.8
            ]
        ],
        "stack": 0
    },
    {
        "type": "Spine",
        "location": [
            461,
            317
        ],
        "radloc": [
            0,
            0
        ],
        "mean": [
            44.472527472527474,
            41.86813186813187,
            41.120879120879124,
            52.934065934065934,
            53.714285714285715,
            56.91208791208791,
            63.89010989010989,
            61.032967032967036
        ],
        "min": [
            9.0,
            10.0,
            6.0,
            10.0,
            8.0,
            10.0,
            20.0,
            9.0
        ],
        "max": [
            104.0,
            90.0,
            95.0,
            104.0,
            111.0,
            111.0,
            120.0,
            143.0
        ],
        "RawIntDen": [
            4047.0,
            3810.0,
            3742.0,
            4817.0,
            4888.0,
            5179.0,
            5814.0,
            5554.0
        ],
        "IntDen": [
            1679.4599966388068,
            1581.1076321210412,
            1552.888388293159,
            1999.0014341015894,
            2028.465644568937,
            2149.2274085970794,
            2412.7453472839197,
            2304.8482385302527
        ],
        "FlagUp": 0,
        "Times": [
            -15,
            -10,
            -5,
            2,
            10,
            20,
            30,
            40
        ],
        "width": 0,
        "height": 0,
        "area": 0.4149888798217956,
        "distance": 16.974097552921968,
        "xpert": [
            [
                461.0,
                322.8
            ],
            [
                457.8,
                320.2
            ],
            [
                456.2,
                317.0
            ],
            [
                456.2,
                312.2
            ],
            [
                461.0,
                308.4
            ],
            [
                464.8,
                313.2
            ],
            [
                465.6,
                317.0
            ],
            [
                464.4,
                320.4
            ]
        ],
        "stack": 0
    },
    {
        "type": "Spine",
        "location": [
            463,
            294
        ],
        "radloc": [
            0,
            0
        ],
        "mean": [
            42.30357142857143,
            34.142857142857146,
            42.9375,
            37.38392857142857,
            40.24107142857143,
            48.723214285714285,
            32.1875,
            42.375
        ],
        "min": [
            8.0,
            7.0,
            8.0,
            11.0,
            9.0,
            12.0,
            8.0,
            13.0
        ],
        "max": [
            105.0,
            91.0,
            98.0,
            82.0,
            86.0,
            100.0,
            69.0,
            98.0
        ],
        "RawIntDen": [
            4738.0,
            3824.0,
            4809.0,
            4187.0,
            4507.0,
            5457.0,
            3605.0,
            4746.0
        ],
        "IntDen": [
            2321.7014901355137,
            1873.825770003842,
            2356.4927112835976,
            2051.7020133384117,
            2208.5075171044236,
            2674.0238564097717,
            1766.5120033639778,
            2325.621627729664
        ],
        "FlagUp": 0,
        "Times": [
            -15,
            -10,
            -5,
            2,
            10,
            20,
            30,
            40
        ],
        "width": 0,
        "height": 0,
        "area": 0.4900171992687872,
        "distance": 17.41147934358477,
        "xpert": [
            [
                463.0,
                301.0
            ],
            [
                459.0,
                298.0
            ],
            [
                456.2,
                294.0
            ],
            [
                458.8,
                289.8
            ],
            [
                463.0,
                288.8
            ],
            [
                468.0,
                289.0
            ],
            [
                469.4,
                294.0
            ],
            [
                467.4,
                298.4
            ]
        ],
        "stack": 0
    },
    {
        "type": "Spine",
        "location": [
            480,
            307
        ],
        "radloc": [
            0,
            0
        ],
        "mean": [
            49.91743119266055,
            52.403669724770644,
            39.04587155963303,
            46.11926605504587,
            59.26605504587156,
            56.58715596330275,
            61.53211009174312,
            77.60550458715596
        ],
        "min": [
            12.0,
            10.0,
            10.0,
            6.0,
            12.0,
            15.0,
            17.0,
            24.0
        ],
        "max": [
            121.0,
            142.0,
            87.0,
            120.0,
            155.0,
            129.0,
            111.0,
            157.0
        ],
        "RawIntDen": [
            5441.0,
            5712.0,
            4256.0,
            5027.0,
            6460.0,
            6168.0,
            6707.0,
            8459.0
        ],
        "IntDen": [
            2640.4604718675123,
            2771.9739414275373,
            2065.3923485146356,
            2439.5505958606846,
            3134.970528995429,
            2993.265978768391,
            3254.837049221725,
            4105.064350583953
        ],
        "FlagUp": 0,
        "Times": [
            -15,
            -10,
            -5,
            2,
            10,
            20,
            30,
            40
        ],
        "width": 0,
        "height": 0,
        "area": 0.48528955557204784,
        "distance": 17.64310241352705,
        "xpert": [
            [
                480.0,
                312.2
            ],
            [
                474.4,
                312.6
            ],
            [
                472.4,
                307.0
            ],
            [
                476.0,
                303.0
            ],
            [
                480.0,
                301.8
            ],
            [
                483.8,
                303.2
            ],
            [
                487.2,
                307.0
            ],
            [
                483.8,
                310.8
            ]
        ],
        "stack": 0
    }
]