[
    {
        "type": "Spine",
        "location": [
            95,
            213
        ],
        "radloc": [
            0,
            0
        ],
        "mean": [
            67.40163934426229,
            73.59836065573771,
            69.32786885245902,
            49.28688524590164,
            88.77868852459017,
            77.62295081967213,
            64.68032786885246,
            65.3360655737705
        ],
        "min": [
            11.0,
            10.0,
            15.0,
            9.0,
            23.0,
            24.0,
            12.0,
            14.0
        ],
        "max": [
            173.0,
            181.0,
            168.0,
            149.0,
            170.0,
            168.0,
            154.0,
            142.0
        ],
        "RawIntDen": [
            8223.0,
            8979.0,
            8458.0,
            6013.0,
            10831.0,
            9470.0,
            7891.0,
            7971.0
        ],
        "IntDen": [
            4387.3681647805015,
            4790.730724986516,
            4512.752029394805,
            3208.2262890459874,
            5778.86228781924,
            5052.702969776401,
            4210.230109240294,
            4252.913978045163
        ],
        "FlagUp": 0,
        "Times": [
            -15,
            -10,
            -5,
            2,
            10,
            20,
            30,
            40
        ],
        "width": 0,
        "height": 0,
        "area": 0.533548360060866,
        "distance": 2.6948677213733427,
        "xpert": [
            [
                95.0,
                218.4
            ],
            [
                89.4,
                218.6
            ],
            [
                87.8,
                213.0
            ],
            [
                90.0,
                208.0
            ],
            [
                95.0,
                207.8
            ],
            [
                100.2,
                207.8
            ],
            [
                100.8,
                213.0
            ],
            [
                99.2,
                217.2
            ]
        ],
        "stack": 0
    },
    {
        "type": "Stim",
        "location": [
            133,
            203
        ],
        "radloc": [
            0,
            0
        ],
        "mean": [
            78.11382113821138,
            68.8130081300813,
            76.8130081300813,
            71.78048780487805,
            55.65853658536585,
            73.99186991869918,
            90.3739837398374,
            69.73983739837398
        ],
        "min": [
            15.0,
            14.0,
            17.0,
            9.0,
            8.0,
            14.0,
            12.0,
            12.0
        ],
        "max": [
            178.0,
            146.0,
            171.0,
            197.0,
            169.0,
            171.0,
            175.0,
            161.0
        ],
        "RawIntDen": [
            9608.0,
            8464.0,
            9448.0,
            8829.0,
            6846.0,
            9101.0,
            11116.0,
            8578.0
        ],
        "IntDen": [
            5972.855928087584,
            5261.683240563418,
            5873.391216545743,
            5488.587113768243,
            4255.846345096545,
            5657.677123389374,
            6910.310834369441,
            5332.55184753698
        ],
        "FlagUp": 0,
        "Times": [
            -15,
            -10,
            -5,
            2,
            10,
            20,
            30,
            40
        ],
        "width": 0,
        "height": 0,
        "area": 0.6216544471365096,
        "distance": 0,
        "xpert": [
            [
                133.0,
                208.8
            ],
            [
                128.8,
                207.2
            ],
            [
                126.8,
                203.0
            ],
            [
                127.0,
                197.0
            ],
            [
                133.0,
                197.4
            ],
            [
                138.0,
                198.0
            ],
            [
                139.2,
                203.0
            ],
            [
                138.2,
                208.2
            ]
        ],
        "stack": 0
    },
    {
        "type": "Stim",
        "location": [
            185,
            199
        ],
        "radloc": [
            0,
            0
        ],
        "mean": [
            87.22772277227723,
            81.55445544554455,
            86.39603960396039,
            82.61386138613861,
            81.45544554455445,
            71.43564356435644,
            103.48514851485149,
            102.86138613861387
        ],
        "min": [
            19.0,
            22.0,
            18.0,
            19.0,
            20.0,
            10.0,
            36.0,
            23.0
        ],
        "max": [
            184.0,
            188.0,
            199.0,
            184.0,
            183.0,
            177.0,
            180.0,
            223.0
        ],
        "RawIntDen": [
            8810.0,
            8237.0,
            8726.0,
            8344.0,
            8227.0,
            7215.0,
            10452.0,
            10389.0
        ],
        "IntDen": [
            3927.051005582167,
            3671.6366779773334,
            3889.608067503971,
            3719.331849100749,
            3667.1791853489767,
            3216.0809313592886,
            4658.971295158321,
            4630.889091599674
        ],
        "FlagUp": 0,
        "Times": [
            -15,
            -10,
            -5,
            2,
            10,
            20,
            30,
            40
        ],
        "width": 0,
        "height": 0,
        "area": 0.44574926283566024,
        "distance": 0,
        "xpert": [
            [
                185.0,
                205.0
            ],
            [
                180.6,
                203.4
            ],
            [
                179.8,
                199.0
            ],
            [
                180.8,
                194.8
            ],
            [
                185.0,
                194.8
            ],
            [
                189.2,
                194.8
            ],
            [
                192.4,
                199.0
            ],
            [
                189.6,
                203.6
            ]
        ],
        "stack": 0
    },
    {
        "type": "Spine",
        "location": [
            211,
            205
        ],
        "radloc": [
            0,
            0
        ],
        "mean": [
            77.31060606060606,
            86.95454545454545,
            78.96212121212122,
            91.25757575757575,
            84.9090909090909,
            84.1969696969697,
            89.91666666666667,
            103.75757575757575
        ],
        "min": [
            17.0,
            13.0,
            12.0,
            14.0,
            10.0,
            13.0,
            10.0,
            18.0
        ],
        "max": [
            189.0,
            208.0,
            221.0,
            219.0,
            215.0,
            197.0,
            218.0,
            209.0
        ],
        "RawIntDen": [
            10205.0,
            11478.0,
            10423.0,
            12046.0,
            11208.0,
            11114.0,
            11869.0,
            13696.0
        ],
        "IntDen": [
            5983.70801930056,
            6730.132351350498,
            6111.532453225844,
            7063.17950029344,
            6571.817685479733,
            6516.700727732134,
            6959.395441555938,
            8030.658013948111
        ],
        "FlagUp": 0,
        "Times": [
            -15,
            -10,
            -5,
            2,
            10,
            20,
            30,
            40
        ],
        "width": 0,
        "height": 0,
        "area": 0.5863506143361646,
        "distance": -1.71314,
        "xpert": [
            [
                211.0,
                210.4
            ],
            [
                206.0,
                210.0
            ],
            [
                204.2,
                205.0
            ],
            [
                206.4,
                200.4
            ],
            [
                211.0,
                197.8
            ],
            [
                217.2,
                198.8
            ],
            [
                218.0,
                205.0
            ],
            [
                215.0,
                209.0
            ]
        ],
        "stack": 0
    },
    {
        "type": "Spine",
        "location": [
            234,
            203
        ],
        "radloc": [
            0,
            0
        ],
        "mean": [
            119.25961538461539,
            106.51923076923077,
            110.14423076923077,
            119.89423076923077,
            114.50961538461539,
            113.9423076923077,
            134.8846153846154,
            106.21153846153847
        ],
        "min": [
            20.0,
            15.0,
            19.0,
            15.0,
            14.0,
            13.0,
            27.0,
            17.0
        ],
        "max": [
            255.0,
            253.0,
            240.0,
            255.0,
            255.0,
            254.0,
            233.0,
            206.0
        ],
        "RawIntDen": [
            12403.0,
            11078.0,
            11455.0,
            12469.0,
            11909.0,
            11850.0,
            14028.0,
            11046.0
        ],
        "IntDen": [
            5833.235716149079,
            5210.0770187454245,
            5387.383304723672,
            5864.276073906544,
            5600.903341418962,
            5573.155142817592,
            6597.486948813939,
            5195.027148317563
        ],
        "FlagUp": 0,
        "Times": [
            -15,
            -10,
            -5,
            2,
            10,
            20,
            30,
            40
        ],
        "width": 0,
        "height": 0,
        "area": 0.47030845087068285,
        "distance": -2.4925150632495265,
        "xpert": [
            [
                234.0,
                208.0
            ],
            [
                230.4,
                206.6
            ],
            [
                228.6,
                203.0
            ],
            [
                228.6,
                197.6
            ],
            [
                234.0,
                196.8
            ],
            [
                240.2,
                196.8
            ],
            [
                239.4,
                203.0
            ],
            [
                237.2,
                206.2
            ]
        ],
        "stack": 0
    },
    {
        "type": "Spine",
        "location": [
            249,
            204
        ],
        "radloc": [
            0,
            0
        ],
        "mean": [
            75.69902912621359,
            63.86407766990291,
            66.63106796116504,
            78.53398058252426,
            61.20388349514563,
            122.8252427184466,
            84.53398058252426,
            83.9126213592233
        ],
        "min": [
            7.0,
            13.0,
            10.0,
            7.0,
            10.0,
            30.0,
            16.0,
            12.0
        ],
        "max": [
            223.0,
            215.0,
            193.0,
            217.0,
            222.0,
            248.0,
            234.0,
            228.0
        ],
        "RawIntDen": [
            7797.0,
            6578.0,
            6863.0,
            8089.0,
            6304.0,
            12651.0,
            8707.0,
            8643.0
        ],
        "IntDen": [
            3688.5373902134843,
            3111.863402952969,
            3246.6887404174863,
            3826.674227194674,
            2982.241850443222,
            5984.825769346004,
            4119.032327380891,
            4088.755760371315
        ],
        "FlagUp": 0,
        "Times": [
            -15,
            -10,
            -5,
            2,
            10,
            20,
            30,
            40
        ],
        "width": 0,
        "height": 0,
        "area": 0.4730713595246228,
        "distance": -1.44958,
        "xpert": [
            [
                249.0,
                209.4
            ],
            [
                245.0,
                208.0
            ],
            [
                243.8,
                204.0
            ],
            [
                243.2,
                198.2
            ],
            [
                249.0,
                198.2
            ],
            [
                253.6,
                199.4
            ],
            [
                254.8,
                204.0
            ],
            [
                253.2,
                208.2
            ]
        ],
        "stack": 0
    },
    {
        "type": "Stim",
        "location": [
            271,
            205
        ],
        "radloc": [
            0,
            0
        ],
        "mean": [
            140.5842105263158,
            137.4,
            145.48947368421054,
            145.90526315789472,
            134.20526315789473,
            132.76315789473685,
            147.81578947368422,
            151.50526315789475
        ],
        "min": [
            17.0,
            13.0,
            23.0,
            24.0,
            15.0,
            25.0,
            46.0,
            31.0
        ],
        "max": [
            251.0,
            255.0,
            255.0,
            253.0,
            255.0,
            255.0,
            255.0,
            255.0
        ],
        "RawIntDen": [
            26711.0,
            26106.0,
            27643.0,
            27722.0,
            25499.0,
            25225.0,
            28085.0,
            28786.0
        ],
        "IntDen": [
            23452.016859824715,
            22920.832321612223,
            24270.304445963633,
            24339.665732771547,
            22387.891801455222,
            22147.32227505816,
            24658.376455699043,
            25273.848127247737
        ],
        "FlagUp": 0,
        "Times": [
            -15,
            -10,
            -5,
            2,
            10,
            20,
            30,
            40
        ],
        "width": 0,
        "height": 0,
        "area": 0.8779909722520578,
        "distance": 0,
        "xpert": [
            [
                271.0,
                213.8
            ],
            [
                264.6,
                211.4
            ],
            [
                262.2,
                205.0
            ],
            [
                264.8,
                198.8
            ],
            [
                271.0,
                199.2
            ],
            [
                277.2,
                198.8
            ],
            [
                280.0,
                205.0
            ],
            [
                276.6,
                210.6
            ]
        ],
        "stack": 0
    },
    {
        "type": "Spine",
        "location": [
            136,
            180
        ],
        "radloc": [
            0,
            0
        ],
        "mean": [
            69.42285714285714,
            77.89714285714285,
            82.49142857142857,
            74.72,
            91.58285714285714,
            85.72,
            87.58285714285714,
            83.55428571428571
        ],
        "min": [
            13.0,
            20.0,
            18.0,
            22.0,
            24.0,
            14.0,
            13.0,
            9.0
        ],
        "max": [
            169.0,
            232.0,
            194.0,
            209.0,
            252.0,
            211.0,
            212.0,
            223.0
        ],
        "RawIntDen": [
            12149.0,
            13632.0,
            14436.0,
            13076.0,
            16027.0,
            15001.0,
            15327.0,
            14622.0
        ],
        "IntDen": [
            9999.110396848871,
            11219.678403971011,
            11881.402394346062,
            10762.068281273836,
            13190.85869868276,
            12346.41987514445,
            12614.730846366174,
            12034.48779510447
        ],
        "FlagUp": 0,
        "Times": [
            -15,
            -10,
            -5,
            2,
            10,
            20,
            30,
            40
        ],
        "width": 0,
        "height": 0,
        "area": 0.823039789023695,
        "distance": -0.6748875948742896,
        "xpert": [
            [
                136.0,
                188.8
            ],
            [
                130.0,
                186.0
            ],
            [
                125.4,
                180.0
            ],
            [
                131.0,
                175.0
            ],
            [
                136.0,
                173.4
            ],
            [
                140.0,
                176.0
            ],
            [
                141.4,
                180.0
            ],
            [
                143.2,
                187.2
            ]
        ],
        "stack": 0
    },
    {
        "type": "Spine",
        "location": [
            228,
            188
        ],
        "radloc": [
            0,
            0
        ],
        "mean": [
            113.23926380368098,
            144.23926380368098,
            143.32515337423314,
            114.39877300613497,
            121.07361963190183,
            108.42944785276073,
            121.61349693251533,
            109.4478527607362
        ],
        "min": [
            7.0,
            10.0,
            15.0,
            8.0,
            27.0,
            11.0,
            24.0,
            15.0
        ],
        "max": [
            239.0,
            249.0,
            241.0,
            250.0,
            212.0,
            215.0,
            234.0,
            200.0
        ],
        "RawIntDen": [
            18458.0,
            23511.0,
            23362.0,
            18647.0,
            19735.0,
            17674.0,
            19823.0,
            17840.0
        ],
        "IntDen": [
            14160.380229792094,
            18036.87829573312,
            17922.57031793276,
            14305.374913042213,
            15140.053301275706,
            13558.920802976783,
            15207.56405326518,
            13686.27063059329
        ],
        "FlagUp": 0,
        "Times": [
            -15,
            -10,
            -5,
            2,
            10,
            20,
            30,
            40
        ],
        "width": 0,
        "height": 0,
        "area": 0.7671676362440185,
        "distance": -2.83327,
        "xpert": [
            [
                228.0,
                197.4
            ],
            [
                219.0,
                197.0
            ],
            [
                222.6,
                188.0
            ],
            [
                224.0,
                184.0
            ],
            [
                228.0,
                183.0
            ],
            [
                232.0,
                184.0
            ],
            [
                234.0,
                188.0
            ],
            [
                234.8,
                194.8
            ]
        ],
        "stack": 0
    },
    {
        "type": "Spine",
        "location": [
            265,
            189
        ],
        "radloc": [
            0,
            0
        ],
        "mean": [
            116.0340909090909,
            125.07386363636364,
            113.48295454545455,
            112.11363636363636,
            113.1534090909091,
            120.0909090909091,
            126.5965909090909,
            137.92045454545453
        ],
        "min": [
            18.0,
            23.0,
            18.0,
            17.0,
            21.0,
            28.0,
            33.0,
            39.0
        ],
        "max": [
            237.0,
            236.0,
            222.0,
            239.0,
            224.0,
            213.0,
            230.0,
            246.0
        ],
        "RawIntDen": [
            20422.0,
            22013.0,
            19973.0,
            19732.0,
            19915.0,
            21136.0,
            22281.0,
            24274.0
        ],
        "IntDen": [
            16732.886410734216,
            18036.481664846357,
            16364.995606776734,
            16167.53083226949,
            16317.472963949265,
            17317.906531058583,
            18256.069048945697,
            19889.04537920685
        ],
        "FlagUp": 0,
        "Times": [
            -15,
            -10,
            -5,
            2,
            10,
            20,
            30,
            40
        ],
        "width": 0,
        "height": 0,
        "area": 0.8193559108184416,
        "distance": -0.39534,
        "xpert": [
            [
                265.0,
                197.4
            ],
            [
                257.6,
                196.4
            ],
            [
                258.6,
                189.0
            ],
            [
                260.2,
                184.2
            ],
            [
                265.0,
                183.6
            ],
            [
                270.0,
                184.0
            ],
            [
                274.2,
                189.0
            ],
            [
                271.2,
                195.2
            ]
        ],
        "stack": 0
    },
    {
        "type": "Spine",
        "location": [
            290,
            180
        ],
        "radloc": [
            0,
            0
        ],
        "mean": [
            62.62809917355372,
            67.96694214876032,
            61.49586776859504,
            55.107438016528924,
            61.52892561983471,
            59.768595041322314,
            69.76859504132231,
            60.52892561983471
        ],
        "min": [
            18.0,
            16.0,
            11.0,
            8.0,
            15.0,
            14.0,
            8.0,
            7.0
        ],
        "max": [
            133.0,
            160.0,
            119.0,
            181.0,
            157.0,
            134.0,
            155.0,
            169.0
        ],
        "RawIntDen": [
            7578.0,
            8224.0,
            7441.0,
            6668.0,
            7445.0,
            7232.0,
            8442.0,
            7324.0
        ],
        "IntDen": [
            4099.062330620062,
            4448.4941418605695,
            4024.956822663484,
            3606.8286646311135,
            4027.12048712937,
            3911.9053543209675,
            4566.413855251329,
            3961.669637036334
        ],
        "FlagUp": 0,
        "Times": [
            -15,
            -10,
            -5,
            2,
            10,
            20,
            30,
            40
        ],
        "width": 0,
        "height": 0,
        "area": 0.5409161164713727,
        "distance": -1.25191,
        "xpert": [
            [
                290.0,
                187.8
            ],
            [
                286.2,
                183.8
            ],
            [
                284.4,
                180.0
            ],
            [
                286.4,
                176.4
            ],
            [
                290.0,
                174.4
            ],
            [
                294.8,
                175.2
            ],
            [
                296.6,
                180.0
            ],
            [
                296.2,
                186.2
            ]
        ],
        "stack": 0
    },
    {
        "type": "Spine",
        "location": [
            317,
            199
        ],
        "radloc": [
            0,
            0
        ],
        "mean": [
            86.66265060240964,
            80.144578313253,
            81.96385542168674,
            82.67469879518072,
            78.1566265060241,
            78.83132530120481,
            61.33734939759036,
            50.54216867469879
        ],
        "min": [
            12.0,
            9.0,
            7.0,
            9.0,
            8.0,
            11.0,
            13.0,
            8.0
        ],
        "max": [
            200.0,
            221.0,
            227.0,
            220.0,
            236.0,
            204.0,
            140.0,
            164.0
        ],
        "RawIntDen": [
            7193.0,
            6652.0,
            6803.0,
            6862.0,
            6487.0,
            6543.0,
            5091.0,
            4195.0
        ],
        "IntDen": [
            3069.367411936568,
            2838.5141143058595,
            2902.948214014246,
            2928.124451648648,
            2768.105992107954,
            2792.002082066031,
            2172.4106067244634,
            1790.0731673952316
        ],
        "FlagUp": 0,
        "Times": [
            -15,
            -10,
            -5,
            2,
            10,
            20,
            30,
            40
        ],
        "width": 0,
        "height": 0,
        "area": 0.4267158921085177,
        "distance": -0.9770450632495267,
        "xpert": [
            [
                317.0,
                204.0
            ],
            [
                313.0,
                203.0
            ],
            [
                312.0,
                199.0
            ],
            [
                312.2,
                194.2
            ],
            [
                317.0,
                193.4
            ],
            [
                321.4,
                194.6
            ],
            [
                321.8,
                199.0
            ],
            [
                320.6,
                202.6
            ]
        ],
        "stack": 0
    },
    {
        "type": "Stim",
        "location": [
            345,
            199
        ],
        "radloc": [
            0,
            0
        ],
        "mean": [
            77.33644859813084,
            57.242990654205606,
            51.16822429906542,
            47.532710280373834,
            64.39252336448598,
            51.018691588785046,
            66.90654205607477,
            64.7196261682243
        ],
        "min": [
            17.0,
            16.0,
            12.0,
            13.0,
            18.0,
            10.0,
            15.0,
            18.0
        ],
        "max": [
            168.0,
            126.0,
            116.0,
            108.0,
            146.0,
            131.0,
            157.0,
            154.0
        ],
        "RawIntDen": [
            8275.0,
            6125.0,
            5475.0,
            5086.0,
            6890.0,
            5459.0,
            7159.0,
            6925.0
        ],
        "IntDen": [
            4084.8683478952216,
            3023.5430369617197,
            2702.6772452841496,
            2510.6514099571114,
            3401.1773917822447,
            2694.7790104120863,
            3533.9664655688084,
            3418.454780564883
        ],
        "FlagUp": 0,
        "Times": [
            -15,
            -10,
            -5,
            2,
            10,
            20,
            30,
            40
        ],
        "width": 0,
        "height": 0,
        "area": 0.49363967950395427,
        "distance": 0,
        "xpert": [
            [
                345.0,
                205.4
            ],
            [
                340.6,
                203.4
            ],
            [
                338.6,
                199.0
            ],
            [
                340.8,
                194.8
            ],
            [
                345.0,
                194.2
            ],
            [
                349.6,
                194.4
            ],
            [
                350.6,
                199.0
            ],
            [
                350.6,
                204.6
            ]
        ],
        "stack": 0
    },
    {
        "type": "Stim",
        "location": [
            331,
            178
        ],
        "radloc": [
            0,
            0
        ],
        "mean": [
            96.21604938271605,
            102.26543209876543,
            99.15432098765432,
            114.17283950617283,
            97.95679012345678,
            89.5246913580247,
            107.0,
            105.48148148148148
        ],
        "min": [
            20.0,
            26.0,
            22.0,
            20.0,
            18.0,
            22.0,
            20.0,
            25.0
        ],
        "max": [
            185.0,
            203.0,
            227.0,
            232.0,
            201.0,
            181.0,
            210.0,
            208.0
        ],
        "RawIntDen": [
            15587.0,
            16567.0,
            16063.0,
            18496.0,
            15869.0,
            14503.0,
            17334.0,
            17088.0
        ],
        "IntDen": [
            11436.271409069182,
            12155.303036764557,
            11785.515342521221,
            13570.62141413637,
            11643.176428467239,
            10640.934384148994,
            12718.05534129757,
            12537.56372863118
        ],
        "FlagUp": 0,
        "Times": [
            -15,
            -10,
            -5,
            2,
            10,
            20,
            30,
            40
        ],
        "width": 0,
        "height": 0,
        "area": 0.7337057425463003,
        "distance": 0,
        "xpert": [
            [
                331.0,
                185.2
            ],
            [
                324.2,
                184.8
            ],
            [
                323.6,
                178.0
            ],
            [
                326.0,
                173.0
            ],
            [
                331.0,
                171.8
            ],
            [
                335.8,
                173.2
            ],
            [
                337.0,
                178.0
            ],
            [
                338.2,
                185.2
            ]
        ],
        "stack": 0
    },
    {
        "type": "Spine",
        "location": [
            379,
            176
        ],
        "radloc": [
            0,
            0
        ],
        "mean": [
            181.3469387755102,
            171.6326530612245,
            163.57142857142858,
            176.55102040816325,
            160.28979591836736,
            155.32244897959183,
            175.40816326530611,
            159.31020408163266
        ],
        "min": [
            63.0,
            60.0,
            31.0,
            53.0,
            30.0,
            27.0,
            38.0,
            24.0
        ],
        "max": [
            255.0,
            255.0,
            255.0,
            255.0,
            255.0,
            255.0,
            255.0,
            255.0
        ],
        "RawIntDen": [
            44430.0,
            42050.0,
            40075.0,
            43255.0,
            39271.0,
            38054.0,
            42975.0,
            39031.0
        ],
        "IntDen": [
            49525.238928525905,
            46872.30017880968,
            44670.806888604,
            48215.48975587189,
            43774.604050464564,
            42418.03831163909,
            47903.3793147288,
            43507.080815199064
        ],
        "FlagUp": 0,
        "Times": [
            -15,
            -10,
            -5,
            2,
            10,
            20,
            30,
            40
        ],
        "width": 0,
        "height": 0,
        "area": 1.1146801469395882,
        "distance": -1.9700777213733431,
        "xpert": [
            [
                379.0,
                183.0
            ],
            [
                372.2,
                182.8
            ],
            [
                368.8,
                176.0
            ],
            [
                372.4,
                169.4
            ],
            [
                379.0,
                166.0
            ],
            [
                385.4,
                169.6
            ],
            [
                390.0,
                176.0
            ],
            [
                385.4,
                182.4
            ]
        ],
        "stack": 0
    },
    {
        "type": "Stim",
        "location": [
            402,
            210
        ],
        "radloc": [
            0,
            0
        ],
        "mean": [
            32.681481481481484,
            44.19259259259259,
            38.43703703703704,
            42.75555555555555,
            37.55555555555556,
            30.748148148148147,
            42.44444444444444,
            35.681481481481484
        ],
        "min": [
            6.0,
            10.0,
            7.0,
            8.0,
            7.0,
            7.0,
            9.0,
            5.0
        ],
        "max": [
            68.0,
            111.0,
            92.0,
            103.0,
            97.0,
            73.0,
            112.0,
            89.0
        ],
        "RawIntDen": [
            4412.0,
            5966.0,
            5189.0,
            5772.0,
            5070.0,
            4151.0,
            5730.0,
            4817.0
        ],
        "IntDen": [
            2707.5240010428606,
            3661.1713939759084,
            3184.3476975093845,
            3542.1188880370337,
            3111.3206448973942,
            2547.3554234653025,
            3516.344634173978,
            2956.0614490080375
        ],
        "FlagUp": 0,
        "Times": [
            -15,
            -10,
            -5,
            2,
            10,
            20,
            30,
            40
        ],
        "width": 0,
        "height": 0,
        "area": 0.6136727110251271,
        "distance": 0,
        "xpert": [
            [
                402.0,
                217.8
            ],
            [
                397.2,
                214.8
            ],
            [
                396.8,
                210.0
            ],
            [
                397.6,
                205.6
            ],
            [
                402.0,
                202.6
            ],
            [
                408.8,
                203.2
            ],
            [
                407.8,
                210.0
            ],
            [
                406.4,
                214.4
            ]
        ],
        "stack": 0
    },
    {
        "type": "Spine",
        "location": [
            411,
            188
        ],
        "radloc": [
            0,
            0
        ],
        "mean": [
            31.56,
            53.22666666666667,
            42.906666666666666,
            19.626666666666665,
            15.706666666666667,
            20.026666666666667,
            17.133333333333333,
            47.46666666666667
        ],
        "min": [
            10.0,
            15.0,
            11.0,
            4.0,
            3.0,
            4.0,
            5.0,
            7.0
        ],
        "max": [
            90.0,
            107.0,
            125.0,
            79.0,
            49.0,
            75.0,
            59.0,
            162.0
        ],
        "RawIntDen": [
            2367.0,
            3992.0,
            3218.0,
            1472.0,
            1178.0,
            1502.0,
            1285.0,
            3560.0
        ],
        "IntDen": [
            825.4686927203587,
            1392.1719566285053,
            1122.2468327731788,
            513.3459719832564,
            410.81627377464406,
            523.8081860861761,
            448.1315040750574,
            1241.5160735464626
        ],
        "FlagUp": 0,
        "Times": [
            -15,
            -10,
            -5,
            2,
            10,
            20,
            30,
            40
        ],
        "width": 0,
        "height": 0,
        "area": 0.34874047009732095,
        "distance": 0.59301,
        "xpert": [
            [
                411.0,
                192.8
            ],
            [
                406.4,
                192.6
            ],
            [
                406.0,
                188.0
            ],
            [
                407.0,
                184.0
            ],
            [
                411.0,
                182.8
            ],
            [
                414.4,
                184.6
            ],
            [
                416.0,
                188.0
            ],
            [
                414.6,
                191.6
            ]
        ],
        "stack": 0
    },
    {
        "type": "Spine",
        "location": [
            425,
            195
        ],
        "radloc": [
            0,
            0
        ],
        "mean": [
            106.74534161490683,
            106.73291925465838,
            107.77018633540372,
            130.28571428571428,
            115.96273291925466,
            88.95031055900621,
            87.17391304347827,
            102.67701863354037
        ],
        "min": [
            11.0,
            11.0,
            24.0,
            24.0,
            34.0,
            9.0,
            10.0,
            15.0
        ],
        "max": [
            234.0,
            238.0,
            229.0,
            247.0,
            227.0,
            234.0,
            232.0,
            230.0
        ],
        "RawIntDen": [
            17186.0,
            17184.0,
            17351.0,
            20976.0,
            18670.0,
            14321.0,
            14035.0,
            16531.0
        ],
        "IntDen": [
            12762.468790919806,
            12760.983574023387,
            12884.999184874288,
            15576.9548096319,
            13864.499728061955,
            10634.89558680103,
            10422.509570613258,
            12276.060257342911
        ],
        "FlagUp": 0,
        "Times": [
            -15,
            -10,
            -5,
            2,
            10,
            20,
            30,
            40
        ],
        "width": 0,
        "height": 0,
        "area": 0.742608448208996,
        "distance": 1.4109825316247633,
        "xpert": [
            [
                425.0,
                204.2
            ],
            [
                416.4,
                203.6
            ],
            [
                417.0,
                195.0
            ],
            [
                421.0,
                191.0
            ],
            [
                425.0,
                190.2
            ],
            [
                428.6,
                191.4
            ],
            [
                430.0,
                195.0
            ],
            [
                431.0,
                201.0
            ]
        ],
        "stack": 0
    },
    {
        "type": "Spine",
        "location": [
            457,
            229
        ],
        "radloc": [
            0,
            0
        ],
        "mean": [
            96.070796460177,
            68.80530973451327,
            61.92920353982301,
            83.59292035398231,
            56.982300884955755,
            58.85840707964602,
            102.15044247787611,
            81.61061946902655
        ],
        "min": [
            32.0,
            18.0,
            9.0,
            10.0,
            13.0,
            17.0,
            29.0,
            24.0
        ],
        "max": [
            188.0,
            152.0,
            133.0,
            205.0,
            147.0,
            127.0,
            215.0,
            179.0
        ],
        "RawIntDen": [
            10856.0,
            7775.0,
            6998.0,
            9446.0,
            6439.0,
            6651.0,
            11543.0,
            9222.0
        ],
        "IntDen": [
            5445.602087920095,
            3900.1065064092427,
            3510.3466664761263,
            4738.31589190247,
            3229.940295147153,
            3336.2840352576045,
            5790.216000447831,
            4625.952694804635
        ],
        "FlagUp": 0,
        "Times": [
            -15,
            -10,
            -5,
            2,
            10,
            20,
            30,
            40
        ],
        "width": 0,
        "height": 0,
        "area": 0.5016214156153367,
        "distance": 4.087923037620975,
        "xpert": [
            [
                457.0,
                234.4
            ],
            [
                453.0,
                233.0
            ],
            [
                450.8,
                229.0
            ],
            [
                451.8,
                223.8
            ],
            [
                457.0,
                220.2
            ],
            [
                461.0,
                225.0
            ],
            [
                462.2,
                229.0
            ],
            [
                461.0,
                233.0
            ]
        ],
        "stack": 0
    }
]