[
    {
        "type": "Stim",
        "location": [
            84,
            258
        ],
        "radloc": [
            0,
            0
        ],
        "mean": [
            47.477987421383645,
            56.79874213836478,
            59.522012578616355,
            105.39622641509433,
            82.62264150943396,
            75.76729559748428,
            73.0125786163522,
            50.333333333333336
        ],
        "min": [
            8.0,
            11.0,
            11.0,
            23.0,
            31.0,
            18.0,
            12.0,
            8.0
        ],
        "max": [
            114.0,
            129.0,
            133.0,
            187.0,
            172.0,
            149.0,
            153.0,
            131.0
        ],
        "RawIntDen": [
            7549.0,
            9031.0,
            9464.0,
            16758.0,
            13137.0,
            12047.0,
            11609.0,
            8003.0
        ],
        "IntDen": [
            5284.286841853175,
            6321.684258680093,
            6624.7835039473375,
            11730.570790273614,
            9195.87710179165,
            8432.879001696278,
            8126.279765144192,
            5602.086050516752
        ],
        "FlagUp": 0,
        "Times": [
            -15,
            -10,
            -5,
            2,
            10,
            20,
            30,
            40
        ],
        "width": 0,
        "height": 0,
        "area": 0.6999982569682309,
        "distance": 0,
        "xpert": [
            [
                84.0,
                263.4
            ],
            [
                79.6,
                262.4
            ],
            [
                77.8,
                258.0
            ],
            [
                77.4,
                251.4
            ],
            [
                84.0,
                248.2
            ],
            [
                89.6,
                252.4
            ],
            [
                91.6,
                258.0
            ],
            [
                88.8,
                262.8
            ]
        ],
        "stack": 0
    },
    {
        "type": "Stim",
        "location": [
            91,
            237
        ],
        "radloc": [
            0,
            0
        ],
        "mean": [
            38.58585858585859,
            33.03030303030303,
            30.343434343434343,
            25.454545454545453,
            24.01010101010101,
            24.404040404040405,
            26.1010101010101,
            28.505050505050505
        ],
        "min": [
            14.0,
            9.0,
            9.0,
            8.0,
            8.0,
            10.0,
            9.0,
            9.0
        ],
        "max": [
            71.0,
            84.0,
            70.0,
            61.0,
            80.0,
            54.0,
            58.0,
            76.0
        ],
        "RawIntDen": [
            3820.0,
            3270.0,
            3004.0,
            2520.0,
            2377.0,
            2416.0,
            2584.0,
            2822.0
        ],
        "IntDen": [
            1771.9515565238887,
            1516.8276413175697,
            1393.4404386905135,
            1168.9313933089527,
            1102.5991753553099,
            1120.6897802517578,
            1198.6185398056882,
            1309.0176158404226
        ],
        "FlagUp": 0,
        "Times": [
            -15,
            -10,
            -5,
            2,
            10,
            20,
            30,
            40
        ],
        "width": 0,
        "height": 0,
        "area": 0.4638616640114892,
        "distance": 0,
        "xpert": [
            [
                91.0,
                241.6
            ],
            [
                87.6,
                240.4
            ],
            [
                83.0,
                237.0
            ],
            [
                86.8,
                232.8
            ],
            [
                91.0,
                232.0
            ],
            [
                94.4,
                233.6
            ],
            [
                96.8,
                237.0
            ],
            [
                97.2,
                243.2
            ]
        ],
        "stack": 0
    },
    {
        "type": "Stim",
        "location": [
            136,
            243
        ],
        "radloc": [
            0,
            0
        ],
        "mean": [
            30.15929203539823,
            32.46017699115044,
            35.91150442477876,
            41.50442477876106,
            38.283185840707965,
            44.47787610619469,
            39.23893805309734,
            45.83185840707964
        ],
        "min": [
            9.0,
            9.0,
            11.0,
            13.0,
            12.0,
            15.0,
            14.0,
            12.0
        ],
        "max": [
            54.0,
            84.0,
            75.0,
            82.0,
            81.0,
            101.0,
            83.0,
            85.0
        ],
        "RawIntDen": [
            3408.0,
            3668.0,
            4058.0,
            4690.0,
            4326.0,
            5026.0,
            4434.0,
            5179.0
        ],
        "IntDen": [
            1677.7206535441896,
            1805.7157738263168,
            1997.7084542495074,
            2308.835054319909,
            2129.6418859249306,
            2474.24413283835,
            2182.8090897344296,
            2549.5643382351404
        ],
        "FlagUp": 0,
        "Times": [
            -15,
            -10,
            -5,
            2,
            10,
            20,
            30,
            40
        ],
        "width": 0,
        "height": 0,
        "area": 0.49228892416202746,
        "distance": 0,
        "xpert": [
            [
                136.0,
                249.8
            ],
            [
                130.8,
                248.2
            ],
            [
                130.4,
                243.0
            ],
            [
                131.8,
                238.8
            ],
            [
                136.0,
                236.4
            ],
            [
                140.4,
                238.6
            ],
            [
                141.4,
                243.0
            ],
            [
                140.6,
                247.6
            ]
        ],
        "stack": 0
    },
    {
        "type": "Stim",
        "location": [
            217,
            263
        ],
        "radloc": [
            0,
            0
        ],
        "mean": [
            59.226950354609926,
            49.04255319148936,
            46.226950354609926,
            84.52482269503547,
            58.61702127659574,
            69.44680851063829,
            57.42553191489362,
            48.716312056737586
        ],
        "min": [
            16.0,
            12.0,
            10.0,
            31.0,
            11.0,
            17.0,
            17.0,
            13.0
        ],
        "max": [
            165.0,
            128.0,
            108.0,
            159.0,
            136.0,
            160.0,
            157.0,
            132.0
        ],
        "RawIntDen": [
            8351.0,
            6915.0,
            6518.0,
            11918.0,
            8265.0,
            9792.0,
            8097.0,
            6869.0
        ],
        "IntDen": [
            5337.565605774339,
            4419.7420864482765,
            4165.998397609525,
            7617.4238881114325,
            5282.598459073753,
            6258.584889443459,
            5175.220777147027,
            4390.341054492149
        ],
        "FlagUp": 0,
        "Times": [
            -15,
            -10,
            -5,
            2,
            10,
            20,
            30,
            40
        ],
        "width": 0,
        "height": 0,
        "area": 0.6391528686114644,
        "distance": 0,
        "xpert": [
            [
                217.0,
                270.0
            ],
            [
                210.2,
                269.8
            ],
            [
                209.8,
                263.0
            ],
            [
                213.4,
                259.4
            ],
            [
                217.0,
                257.2
            ],
            [
                222.0,
                258.0
            ],
            [
                223.8,
                263.0
            ],
            [
                222.8,
                268.8
            ]
        ],
        "stack": 0
    },
    {
        "type": "Stim",
        "location": [
            246,
            249
        ],
        "radloc": [
            0,
            0
        ],
        "mean": [
            37.33846153846154,
            45.13846153846154,
            38.43076923076923,
            49.89230769230769,
            38.715384615384615,
            45.6,
            42.03076923076923,
            38.7
        ],
        "min": [
            14.0,
            11.0,
            9.0,
            8.0,
            9.0,
            13.0,
            14.0,
            8.0
        ],
        "max": [
            99.0,
            117.0,
            88.0,
            114.0,
            78.0,
            86.0,
            85.0,
            76.0
        ],
        "RawIntDen": [
            4854.0,
            5868.0,
            4996.0,
            6486.0,
            5033.0,
            5928.0,
            5464.0,
            5031.0
        ],
        "IntDen": [
            2852.7024484174544,
            3448.631637271039,
            2936.1560429117435,
            3811.831083732099,
            2957.900993589833,
            3483.8937194517243,
            3211.20028392109,
            2956.7255908504767
        ],
        "FlagUp": 0,
        "Times": [
            -15,
            -10,
            -5,
            2,
            10,
            20,
            30,
            40
        ],
        "width": 0,
        "height": 0,
        "area": 0.5877013696780912,
        "distance": 0,
        "xpert": [
            [
                246.0,
                259.0
            ],
            [
                241.2,
                253.8
            ],
            [
                240.6,
                249.0
            ],
            [
                240.8,
                243.8
            ],
            [
                246.0,
                243.0
            ],
            [
                250.8,
                244.2
            ],
            [
                251.4,
                249.0
            ],
            [
                250.6,
                253.6
            ]
        ],
        "stack": 0
    },
    {
        "type": "Stim",
        "location": [
            219,
            288
        ],
        "radloc": [
            0,
            0
        ],
        "mean": [
            46.72049689440994,
            45.50310559006211,
            57.92546583850932,
            94.47826086956522,
            76.2111801242236,
            96.98136645962732,
            78.19254658385093,
            94.90683229813665
        ],
        "min": [
            8.0,
            8.0,
            9.0,
            31.0,
            16.0,
            35.0,
            17.0,
            28.0
        ],
        "max": [
            116.0,
            133.0,
            138.0,
            185.0,
            153.0,
            185.0,
            149.0,
            199.0
        ],
        "RawIntDen": [
            7522.0,
            7326.0,
            9326.0,
            15211.0,
            12270.0,
            15614.0,
            12589.0,
            15280.0
        ],
        "IntDen": [
            5490.300792511355,
            5347.2405751047845,
            6807.038711906527,
            11102.494729445656,
            8955.861569278693,
            11396.644054011207,
            9188.699372098572,
            11152.857765165316
        ],
        "FlagUp": 0,
        "Times": [
            -15,
            -10,
            -5,
            2,
            10,
            20,
            30,
            40
        ],
        "width": 0,
        "height": 0,
        "area": 0.7298990684008715,
        "distance": 0,
        "xpert": [
            [
                219.0,
                294.4
            ],
            [
                214.4,
                292.6
            ],
            [
                212.4,
                288.0
            ],
            [
                212.2,
                281.2
            ],
            [
                219.0,
                281.8
            ],
            [
                224.8,
                282.2
            ],
            [
                228.6,
                288.0
            ],
            [
                224.4,
                293.4
            ]
        ],
        "stack": 0
    },
    {
        "type": "Spine",
        "location": [
            98,
            258
        ],
        "radloc": [
            0,
            0
        ],
        "mean": [
            72.25806451612904,
            79.97849462365592,
            89.7741935483871,
            112.50537634408602,
            92.50537634408602,
            82.6774193548387,
            84.52688172043011,
            59.526881720430104
        ],
        "min": [
            9.0,
            20.0,
            12.0,
            42.0,
            20.0,
            19.0,
            15.0,
            13.0
        ],
        "max": [
            159.0,
            159.0,
            201.0,
            188.0,
            171.0,
            188.0,
            168.0,
            134.0
        ],
        "RawIntDen": [
            6720.0,
            7438.0,
            8349.0,
            10463.0,
            8603.0,
            7689.0,
            7861.0,
            5536.0
        ],
        "IntDen": [
            2900.9509380472955,
            3210.9037317255634,
            3604.1725270471534,
            4516.763342974532,
            3713.8215654792984,
            3319.257702774651,
            3393.508232736576,
            2389.831010867534
        ],
        "FlagUp": 0,
        "Times": [
            -15,
            -10,
            -5,
            2,
            10,
            20,
            30,
            40
        ],
        "width": 0,
        "height": 0,
        "area": 0.43168912768560946,
        "distance": -0.6650500532609247,
        "xpert": [
            [
                98.0,
                263.0
            ],
            [
                95.0,
                261.0
            ],
            [
                93.0,
                258.0
            ],
            [
                91.4,
                251.4
            ],
            [
                98.0,
                252.2
            ],
            [
                102.6,
                253.4
            ],
            [
                103.2,
                258.0
            ],
            [
                101.4,
                261.4
            ]
        ],
        "stack": 0
    },
    {
        "type": "Spine",
        "location": [
            128,
            270
        ],
        "radloc": [
            0,
            0
        ],
        "mean": [
            58.828125,
            70.9609375,
            75.484375,
            91.890625,
            62.4140625,
            60.5,
            67.8359375,
            55.8515625
        ],
        "min": [
            14.0,
            13.0,
            18.0,
            27.0,
            22.0,
            13.0,
            14.0,
            10.0
        ],
        "max": [
            135.0,
            136.0,
            164.0,
            160.0,
            138.0,
            122.0,
            131.0,
            124.0
        ],
        "RawIntDen": [
            7530.0,
            9083.0,
            9662.0,
            11762.0,
            7989.0,
            7744.0,
            8683.0,
            7149.0
        ],
        "IntDen": [
            4260.8030032217075,
            5139.558257405414,
            5467.181755262701,
            6655.4535091492335,
            4520.525257999764,
            4381.893553379668,
            4913.220780474647,
            4045.216556445151
        ],
        "FlagUp": 0,
        "Times": [
            -15,
            -10,
            -5,
            2,
            10,
            20,
            30,
            40
        ],
        "width": 0,
        "height": 0,
        "area": 0.56584369232692,
        "distance": -0.52712,
        "xpert": [
            [
                128.0,
                276.2
            ],
            [
                124.0,
                274.0
            ],
            [
                122.8,
                270.0
            ],
            [
                123.4,
                265.4
            ],
            [
                128.0,
                261.8
            ],
            [
                134.4,
                263.6
            ],
            [
                134.4,
                270.0
            ],
            [
                132.4,
                274.4
            ]
        ],
        "stack": 0
    },
    {
        "type": "Spine",
        "location": [
            241,
            282
        ],
        "radloc": [
            0,
            0
        ],
        "mean": [
            32.956043956043956,
            29.813186813186814,
            29.76923076923077,
            41.56043956043956,
            31.934065934065934,
            36.24175824175824,
            52.53846153846154,
            48.637362637362635
        ],
        "min": [
            7.0,
            7.0,
            7.0,
            11.0,
            9.0,
            9.0,
            13.0,
            13.0
        ],
        "max": [
            92.0,
            79.0,
            71.0,
            97.0,
            84.0,
            89.0,
            110.0,
            102.0
        ],
        "RawIntDen": [
            2999.0,
            2713.0,
            2709.0,
            3782.0,
            2906.0,
            3298.0,
            4781.0,
            4426.0
        ],
        "IntDen": [
            1206.9886180778751,
            1091.8840016156303,
            1090.2741468399345,
            1522.1176904203146,
            1169.5594945429493,
            1327.325262561131,
            1924.1789206503236,
            1781.3043093073275
        ],
        "FlagUp": 0,
        "Times": [
            -15,
            -10,
            -5,
            2,
            10,
            20,
            30,
            40
        ],
        "width": 0,
        "height": 0,
        "area": 0.402463693923933,
        "distance": -0.7914211142523224,
        "xpert": [
            [
                241.0,
                287.0
            ],
            [
                237.0,
                286.0
            ],
            [
                235.0,
                282.0
            ],
            [
                236.2,
                277.2
            ],
            [
                241.0,
                276.8
            ],
            [
                244.4,
                278.6
            ],
            [
                247.4,
                282.0
            ],
            [
                245.0,
                286.0
            ]
        ],
        "stack": 0
    },
    {
        "type": "Spine",
        "location": [
            209,
            293
        ],
        "radloc": [
            0,
            0
        ],
        "mean": [
            27.78048780487805,
            28.390243902439025,
            25.853658536585368,
            27.471544715447155,
            26.227642276422763,
            35.853658536585364,
            19.51219512195122,
            19.829268292682926
        ],
        "min": [
            6.0,
            6.0,
            7.0,
            7.0,
            9.0,
            8.0,
            7.0,
            7.0
        ],
        "max": [
            68.0,
            64.0,
            74.0,
            86.0,
            82.0,
            132.0,
            71.0,
            51.0
        ],
        "RawIntDen": [
            3417.0,
            3492.0,
            3180.0,
            3379.0,
            3226.0,
            4410.0,
            2400.0,
            2439.0
        ],
        "IntDen": [
            1857.751228853197,
            1898.5271557375956,
            1728.8992998984977,
            1837.091425898435,
            1753.908535054262,
            2397.6245008026335,
            1304.829660300753,
            1326.0331422806403
        ],
        "FlagUp": 0,
        "Times": [
            -15,
            -10,
            -5,
            2,
            10,
            20,
            30,
            40
        ],
        "width": 0,
        "height": 0,
        "area": 0.5436790251253137,
        "distance": -0.6589,
        "xpert": [
            [
                209.0,
                297.8
            ],
            [
                204.6,
                297.4
            ],
            [
                203.0,
                293.0
            ],
            [
                204.2,
                288.2
            ],
            [
                209.0,
                284.0
            ],
            [
                213.6,
                288.4
            ],
            [
                215.4,
                293.0
            ],
            [
                213.8,
                297.8
            ]
        ],
        "stack": 0
    },
    {
        "type": "Spine",
        "location": [
            66,
            249
        ],
        "radloc": [
            0,
            0
        ],
        "mean": [
            60.31578947368421,
            71.10526315789474,
            66.22105263157894,
            59.10526315789474,
            66.01052631578948,
            58.56842105263158,
            60.410526315789475,
            48.0
        ],
        "min": [
            9.0,
            17.0,
            16.0,
            20.0,
            16.0,
            15.0,
            18.0,
            11.0
        ],
        "max": [
            143.0,
            166.0,
            155.0,
            124.0,
            121.0,
            116.0,
            115.0,
            116.0
        ],
        "RawIntDen": [
            5730.0,
            6755.0,
            6291.0,
            5615.0,
            6271.0,
            5564.0,
            5739.0,
            4560.0
        ],
        "IntDen": [
            2494.687323754649,
            2940.944654792784,
            2738.9315800594236,
            2444.6194280771997,
            2730.224119941606,
            2422.4154047767656,
            2498.605680807667,
            1985.3009068623385
        ],
        "FlagUp": 0,
        "Times": [
            -15,
            -10,
            -5,
            2,
            10,
            20,
            30,
            40
        ],
        "width": 0,
        "height": 0,
        "area": 0.4353730058908637,
        "distance": 1.5197195822869878,
        "xpert": [
            [
                66.0,
                253.8
            ],
            [
                62.6,
                252.4
            ],
            [
                61.4,
                249.0
            ],
            [
                61.4,
                244.4
            ],
            [
                66.0,
                243.2
            ],
            [
                71.0,
                244.0
            ],
            [
                74.2,
                249.0
            ],
            [
                69.4,
                252.4
            ]
        ],
        "stack": 0
    },
    {
        "type": "Spine",
        "location": [
            258,
            256
        ],
        "radloc": [
            0,
            0
        ],
        "mean": [
            96.62222222222222,
            100.65925925925926,
            93.25925925925925,
            92.22222222222223,
            86.47407407407407,
            77.33333333333333,
            86.77777777777777,
            81.31851851851852
        ],
        "min": [
            30.0,
            37.0,
            18.0,
            19.0,
            14.0,
            11.0,
            13.0,
            19.0
        ],
        "max": [
            198.0,
            214.0,
            191.0,
            201.0,
            172.0,
            156.0,
            176.0,
            176.0
        ],
        "RawIntDen": [
            13044.0,
            13589.0,
            12590.0,
            12450.0,
            11674.0,
            10440.0,
            11715.0,
            10978.0
        ],
        "IntDen": [
            7897.4295762876145,
            8227.397310040815,
            7622.557372390453,
            7537.795018765778,
            7067.969401531863,
            6320.849798868652,
            7092.792662236232,
            6646.579414940619
        ],
        "FlagUp": 0,
        "Times": [
            -15,
            -10,
            -5,
            2,
            10,
            20,
            30,
            40
        ],
        "width": 0,
        "height": 0,
        "area": 0.6054453830333958,
        "distance": 1.0815325316247633,
        "xpert": [
            [
                258.0,
                263.8
            ],
            [
                253.0,
                261.0
            ],
            [
                251.8,
                256.0
            ],
            [
                253.4,
                251.4
            ],
            [
                258.0,
                249.4
            ],
            [
                261.6,
                252.4
            ],
            [
                264.8,
                256.0
            ],
            [
                264.6,
                262.6
            ]
        ],
        "stack": 0
    },
    {
        "type": "Spine",
        "location": [
            274,
            259
        ],
        "radloc": [
            0,
            0
        ],
        "mean": [
            57.10526315789474,
            55.48245614035088,
            47.666666666666664,
            42.46491228070175,
            62.973684210526315,
            43.48245614035088,
            83.92105263157895,
            48.166666666666664
        ],
        "min": [
            14.0,
            13.0,
            12.0,
            11.0,
            12.0,
            16.0,
            31.0,
            13.0
        ],
        "max": [
            148.0,
            160.0,
            110.0,
            90.0,
            168.0,
            92.0,
            174.0,
            102.0
        ],
        "RawIntDen": [
            6510.0,
            6325.0,
            5434.0,
            4841.0,
            7179.0,
            4957.0,
            9567.0,
            5491.0
        ],
        "IntDen": [
            3340.699163286591,
            3245.763779998109,
            2788.534447511419,
            2484.228056754284,
            3684.0060358271026,
            2543.7551078973324,
            4909.442226599512,
            2817.7848088489513
        ],
        "FlagUp": 0,
        "Times": [
            -15,
            -10,
            -5,
            2,
            10,
            20,
            30,
            40
        ],
        "width": 0,
        "height": 0,
        "area": 0.5131642339917959,
        "distance": 1.8722125316247633,
        "xpert": [
            [
                274.0,
                265.2
            ],
            [
                267.8,
                265.2
            ],
            [
                268.2,
                259.0
            ],
            [
                270.0,
                255.0
            ],
            [
                274.0,
                253.8
            ],
            [
                278.0,
                255.0
            ],
            [
                280.0,
                259.0
            ],
            [
                279.4,
                264.4
            ]
        ],
        "stack": 0
    },
    {
        "type": "Spine",
        "location": [
            11,
            255
        ],
        "radloc": [
            0,
            0
        ],
        "mean": [
            53.06666666666667,
            60.725,
            54.55833333333333,
            57.325,
            64.39166666666667,
            58.34166666666667,
            47.78333333333333,
            50.74166666666667
        ],
        "min": [
            6.0,
            8.0,
            9.0,
            10.0,
            11.0,
            13.0,
            7.0,
            9.0
        ],
        "max": [
            143.0,
            143.0,
            128.0,
            138.0,
            167.0,
            116.0,
            106.0,
            124.0
        ],
        "RawIntDen": [
            6368.0,
            7287.0,
            6547.0,
            6879.0,
            7727.0,
            7001.0,
            5734.0,
            6089.0
        ],
        "IntDen": [
            3362.8385345245306,
            3848.147676049035,
            3457.365559913961,
            3632.6894282340213,
            4080.504609967187,
            3697.1156690022362,
            3028.033316106102,
            3215.5031150627933
        ],
        "FlagUp": 0,
        "Times": [
            -15,
            -10,
            -5,
            2,
            10,
            20,
            30,
            40
        ],
        "width": 0,
        "height": 0,
        "area": 0.5280839407230733,
        "distance": 5.471179961784146,
        "xpert": [
            [
                11.0,
                260.4
            ],
            [
                6.4,
                259.6
            ],
            [
                5.0,
                255.0
            ],
            [
                6.6,
                250.6
            ],
            [
                11.0,
                248.2
            ],
            [
                17.2,
                248.8
            ],
            [
                17.0,
                255.0
            ],
            [
                15.4,
                259.4
            ]
        ],
        "stack": 0
    },
    {
        "type": "Spine",
        "location": [
            61,
            221
        ],
        "radloc": [
            0,
            0
        ],
        "mean": [
            37.91156462585034,
            31.551020408163264,
            26.047619047619047,
            19.448979591836736,
            21.401360544217688,
            21.034013605442176,
            24.891156462585034,
            33.61224489795919
        ],
        "min": [
            8.0,
            8.0,
            7.0,
            5.0,
            7.0,
            9.0,
            7.0,
            10.0
        ],
        "max": [
            126.0,
            113.0,
            85.0,
            40.0,
            58.0,
            63.0,
            94.0,
            101.0
        ],
        "RawIntDen": [
            5573.0,
            4638.0,
            3829.0,
            2859.0,
            3146.0,
            3092.0,
            3659.0,
            4941.0
        ],
        "IntDen": [
            3655.7537598913273,
            3042.4162817828774,
            2511.731768638775,
            1875.435133595784,
            2063.7002204590194,
            2028.277521188585,
            2400.2158635281476,
            3241.1769832447603
        ],
        "FlagUp": 0,
        "Times": [
            -15,
            -10,
            -5,
            2,
            10,
            20,
            30,
            40
        ],
        "width": 0,
        "height": 0,
        "area": 0.6559759124154544,
        "distance": 1.9856322404108042,
        "xpert": [
            [
                61.0,
                227.8
            ],
            [
                54.6,
                227.4
            ],
            [
                55.0,
                221.0
            ],
            [
                56.2,
                216.2
            ],
            [
                61.0,
                214.8
            ],
            [
                66.4,
                215.6
            ],
            [
                67.2,
                221.0
            ],
            [
                67.4,
                227.4
            ]
        ],
        "stack": 0
    },
    {
        "type": "Spine",
        "location": [
            55,
            244
        ],
        "radloc": [
            0,
            0
        ],
        "mean": [
            23.091666666666665,
            30.0,
            49.725,
            63.075,
            60.291666666666664,
            48.96666666666667,
            41.05,
            39.025
        ],
        "min": [
            8.0,
            7.0,
            12.0,
            13.0,
            9.0,
            10.0,
            8.0,
            9.0
        ],
        "max": [
            81.0,
            114.0,
            116.0,
            172.0,
            170.0,
            149.0,
            151.0,
            131.0
        ],
        "RawIntDen": [
            2771.0,
            3600.0,
            5967.0,
            7569.0,
            7235.0,
            5876.0,
            4926.0,
            4683.0
        ],
        "IntDen": [
            1425.8911692188585,
            1852.4749942937174,
            3070.4773030418364,
            3894.828675502541,
            3722.9601621430684,
            3023.6508517971897,
            2534.80328385857,
            2409.761221743744
        ],
        "FlagUp": 0,
        "Times": [
            -15,
            -10,
            -5,
            2,
            10,
            20,
            30,
            40
        ],
        "width": 0,
        "height": 0,
        "area": 0.5145763873038104,
        "distance": 2.3809722404108045,
        "xpert": [
            [
                55.0,
                249.2
            ],
            [
                50.4,
                248.6
            ],
            [
                47.8,
                244.0
            ],
            [
                49.8,
                238.8
            ],
            [
                55.0,
                238.8
            ],
            [
                60.2,
                238.8
            ],
            [
                61.6,
                244.0
            ],
            [
                59.2,
                248.2
            ]
        ],
        "stack": 0
    },
    {
        "type": "Spine",
        "location": [
            76,
            229
        ],
        "radloc": [
            0,
            0
        ],
        "mean": [
            29.657894736842106,
            28.651315789473685,
            25.19078947368421,
            23.38157894736842,
            22.013157894736842,
            22.54605263157895,
            22.18421052631579,
            29.361842105263158
        ],
        "min": [
            9.0,
            9.0,
            7.0,
            7.0,
            8.0,
            9.0,
            8.0,
            8.0
        ],
        "max": [
            113.0,
            87.0,
            74.0,
            80.0,
            58.0,
            52.0,
            74.0,
            109.0
        ],
        "RawIntDen": [
            4508.0,
            4355.0,
            3829.0,
            3554.0,
            3346.0,
            3427.0,
            3372.0,
            4463.0
        ],
        "IntDen": [
            3080.307425042707,
            2975.7628296497314,
            2616.3480768608088,
            2428.4411243570944,
            2286.3151384633757,
            2341.6622772008336,
            2304.0808867000906,
            3049.5590146330082
        ],
        "FlagUp": 0,
        "Times": [
            -15,
            -10,
            -5,
            2,
            10,
            20,
            30,
            40
        ],
        "width": 0,
        "height": 0,
        "area": 0.683298009104416,
        "distance": 1.0252951186659527,
        "xpert": [
            [
                76.0,
                236.2
            ],
            [
                70.8,
                234.2
            ],
            [
                66.8,
                229.0
            ],
            [
                69.8,
                222.8
            ],
            [
                76.0,
                223.6
            ],
            [
                80.2,
                224.8
            ],
            [
                81.6,
                229.0
            ],
            [
                82.4,
                235.4
            ]
        ],
        "stack": 0
    },
    {
        "type": "Spine",
        "location": [
            296,
            319
        ],
        "radloc": [
            0,
            0
        ],
        "mean": [
            59.634408602150536,
            55.096774193548384,
            66.23655913978494,
            49.27956989247312,
            83.68817204301075,
            71.40860215053763,
            59.82795698924731,
            64.34408602150538
        ],
        "min": [
            15.0,
            8.0,
            6.0,
            9.0,
            21.0,
            11.0,
            13.0,
            4.0
        ],
        "max": [
            137.0,
            126.0,
            145.0,
            139.0,
            178.0,
            163.0,
            144.0,
            148.0
        ],
        "RawIntDen": [
            5546.0,
            5124.0,
            6160.0,
            4583.0,
            7783.0,
            6641.0,
            5564.0,
            5984.0
        ],
        "IntDen": [
            2254.5375138811073,
            2082.9877787823284,
            2504.138313290231,
            1863.062644449534,
            3163.913716288615,
            2699.672490026043,
            2261.8548011602024,
            2432.591504339082
        ],
        "FlagUp": 0,
        "Times": [
            -15,
            -10,
            -5,
            2,
            10,
            20,
            30,
            40
        ],
        "width": 0,
        "height": 0,
        "area": 0.40651595994971285,
        "distance": 5.1261754427466855,
        "xpert": [
            [
                296.0,
                324.2
            ],
            [
                292.2,
                322.8
            ],
            [
                290.8,
                319.0
            ],
            [
                292.4,
                315.4
            ],
            [
                296.0,
                312.4
            ],
            [
                300.6,
                314.4
            ],
            [
                301.6,
                319.0
            ],
            [
                300.4,
                323.4
            ]
        ],
        "stack": 0
    },
    {
        "type": "Spine",
        "location": [
            362,
            307
        ],
        "radloc": [
            0,
            0
        ],
        "mean": [
            58.44025157232704,
            66.86792452830188,
            75.44025157232704,
            65.9119496855346,
            72.20754716981132,
            70.68553459119497,
            67.11949685534591,
            76.33333333333333
        ],
        "min": [
            9.0,
            14.0,
            17.0,
            9.0,
            16.0,
            14.0,
            11.0,
            16.0
        ],
        "max": [
            138.0,
            147.0,
            155.0,
            147.0,
            172.0,
            146.0,
            153.0,
            179.0
        ],
        "RawIntDen": [
            9292.0,
            10632.0,
            11995.0,
            10480.0,
            11481.0,
            11239.0,
            10672.0,
            12137.0
        ],
        "IntDen": [
            6823.869369058805,
            7807.940070149938,
            8808.901537006066,
            7696.314139876914,
            8431.429641214394,
            8253.709410121815,
            7837.315314958628,
            8913.183656076919
        ],
        "FlagUp": 0,
        "Times": [
            -15,
            -10,
            -5,
            2,
            10,
            20,
            30,
            40
        ],
        "width": 0,
        "height": 0,
        "area": 0.7343811202172628,
        "distance": 8.161798100870499,
        "xpert": [
            [
                362.0,
                311.4
            ],
            [
                358.6,
                310.4
            ],
            [
                356.6,
                307.0
            ],
            [
                356.0,
                301.0
            ],
            [
                362.0,
                297.8
            ],
            [
                369.6,
                299.4
            ],
            [
                369.6,
                307.0
            ],
            [
                368.2,
                313.2
            ]
        ],
        "stack": 0
    },
    {
        "type": "Spine",
        "location": [
            364,
            257
        ],
        "radloc": [
            0,
            0
        ],
        "mean": [
            64.5111111111111,
            51.474074074074075,
            62.71111111111111,
            75.41481481481482,
            79.13333333333334,
            67.17777777777778,
            66.41481481481482,
            67.27407407407408
        ],
        "min": [
            7.0,
            10.0,
            9.0,
            14.0,
            13.0,
            11.0,
            19.0,
            12.0
        ],
        "max": [
            174.0,
            154.0,
            179.0,
            170.0,
            192.0,
            153.0,
            157.0,
            163.0
        ],
        "RawIntDen": [
            8709.0,
            6949.0,
            8466.0,
            10181.0,
            10683.0,
            9069.0,
            8966.0,
            9082.0
        ],
        "IntDen": [
            5596.326368340826,
            4465.365935652819,
            5440.176717691288,
            6542.220548407159,
            6864.801308185216,
            5827.659184117918,
            5761.472295159472,
            5836.012869132091
        ],
        "FlagUp": 0,
        "Times": [
            -15,
            -10,
            -5,
            2,
            10,
            20,
            30,
            40
        ],
        "width": 0,
        "height": 0,
        "area": 0.6425911549363676,
        "distance": 9.617933822243844,
        "xpert": [
            [
                364.0,
                263.8
            ],
            [
                359.0,
                262.0
            ],
            [
                358.2,
                257.0
            ],
            [
                359.6,
                252.6
            ],
            [
                364.0,
                250.6
            ],
            [
                368.0,
                253.0
            ],
            [
                369.4,
                257.0
            ],
            [
                372.6,
                265.6
            ]
        ],
        "stack": 0
    },
    {
        "type": "Spine",
        "location": [
            408,
            279
        ],
        "radloc": [
            0,
            0
        ],
        "mean": [
            39.36190476190476,
            60.24761904761905,
            81.48571428571428,
            102.57142857142857,
            87.58095238095238,
            76.3047619047619,
            82.04761904761905,
            74.92380952380952
        ],
        "min": [
            9.0,
            11.0,
            15.0,
            28.0,
            15.0,
            16.0,
            13.0,
            16.0
        ],
        "max": [
            110.0,
            137.0,
            164.0,
            194.0,
            214.0,
            172.0,
            172.0,
            158.0
        ],
        "RawIntDen": [
            4133.0,
            6326.0,
            8556.0,
            10770.0,
            9196.0,
            8012.0,
            8615.0,
            7867.0
        ],
        "IntDen": [
            1884.6592576318815,
            2884.6732310136176,
            3901.5593051774445,
            4911.1493357598265,
            4193.401048435224,
            3653.4938234083315,
            3928.463465884021,
            3587.373428451491
        ],
        "FlagUp": 0,
        "Times": [
            -15,
            -10,
            -5,
            2,
            10,
            20,
            30,
            40
        ],
        "width": 0,
        "height": 0,
        "area": 0.456002723840281,
        "distance": 11.09099367011624,
        "xpert": [
            [
                408.0,
                285.0
            ],
            [
                403.2,
                283.8
            ],
            [
                401.0,
                279.0
            ],
            [
                403.0,
                274.0
            ],
            [
                408.0,
                274.0
            ],
            [
                411.4,
                275.6
            ],
            [
                413.4,
                279.0
            ],
            [
                412.4,
                283.4
            ]
        ],
        "stack": 0
    },
    {
        "type": "Spine",
        "location": [
            446,
            277
        ],
        "radloc": [
            0,
            0
        ],
        "mean": [
            35.9126213592233,
            30.106796116504853,
            30.097087378640776,
            56.09708737864078,
            40.52427184466019,
            44.75728155339806,
            41.728155339805824,
            53.81553398058252
        ],
        "min": [
            4.0,
            6.0,
            4.0,
            8.0,
            8.0,
            7.0,
            8.0,
            8.0
        ],
        "max": [
            104.0,
            89.0,
            91.0,
            149.0,
            130.0,
            130.0,
            99.0,
            123.0
        ],
        "RawIntDen": [
            3699.0,
            3101.0,
            3100.0,
            5778.0,
            4174.0,
            4610.0,
            4298.0,
            5543.0
        ],
        "IntDen": [
            1728.3154052029627,
            1448.9067508879123,
            1448.439512335546,
            2699.704355572511,
            1950.2537175769576,
            2153.9697264086667,
            2008.1912980703794,
            2589.9032957664294
        ],
        "FlagUp": 0,
        "Times": [
            -15,
            -10,
            -5,
            2,
            10,
            20,
            30,
            40
        ],
        "width": 0,
        "height": 0,
        "area": 0.4672385523663051,
        "distance": 14.515334049613406,
        "xpert": [
            [
                446.0,
                282.2
            ],
            [
                442.4,
                280.6
            ],
            [
                440.4,
                277.0
            ],
            [
                440.2,
                271.2
            ],
            [
                446.0,
                270.0
            ],
            [
                451.4,
                271.6
            ],
            [
                451.0,
                277.0
            ],
            [
                449.2,
                280.2
            ]
        ],
        "stack": 0
    },
    {
        "type": "Spine",
        "location": [
            428,
            242
        ],
        "radloc": [
            0,
            0
        ],
        "mean": [
            45.69753086419753,
            57.69135802469136,
            58.04320987654321,
            111.99382716049382,
            79.29629629629629,
            85.08024691358025,
            80.88888888888889,
            78.57407407407408
        ],
        "min": [
            10.0,
            12.0,
            16.0,
            27.0,
            15.0,
            26.0,
            28.0,
            21.0
        ],
        "max": [
            109.0,
            157.0,
            157.0,
            202.0,
            179.0,
            205.0,
            176.0,
            141.0
        ],
        "RawIntDen": [
            7403.0,
            9346.0,
            9403.0,
            18143.0,
            12846.0,
            13783.0,
            13104.0,
            12729.0
        ],
        "IntDen": [
            5353.444594390252,
            6758.515896146332,
            6799.735177772733,
            13120.025027154174,
            9289.524417065673,
            9967.111555380365,
            9476.095902322013,
            9204.916417937799
        ],
        "FlagUp": 0,
        "Times": [
            -15,
            -10,
            -5,
            2,
            10,
            20,
            30,
            40
        ],
        "width": 0,
        "height": 0,
        "area": 0.7231452916912403,
        "distance": 13.724654049613406,
        "xpert": [
            [
                428.0,
                248.8
            ],
            [
                422.4,
                247.6
            ],
            [
                419.8,
                242.0
            ],
            [
                423.0,
                237.0
            ],
            [
                428.0,
                235.0
            ],
            [
                433.0,
                237.0
            ],
            [
                436.0,
                242.0
            ],
            [
                434.4,
                248.4
            ]
        ],
        "stack": 0
    },
    {
        "type": "Spine",
        "location": [
            437,
            226
        ],
        "radloc": [
            0,
            0
        ],
        "mean": [
            71.69421487603306,
            87.77685950413223,
            84.6694214876033,
            81.14049586776859,
            91.2892561983471,
            81.58677685950413,
            69.0,
            61.48760330578512
        ],
        "min": [
            10.0,
            20.0,
            15.0,
            18.0,
            13.0,
            18.0,
            8.0,
            8.0
        ],
        "max": [
            169.0,
            186.0,
            205.0,
            178.0,
            205.0,
            203.0,
            188.0,
            189.0
        ],
        "RawIntDen": [
            8675.0,
            10621.0,
            10245.0,
            9818.0,
            11046.0,
            9872.0,
            8349.0,
            7440.0
        ],
        "IntDen": [
            4607.759555298135,
            5641.384926434755,
            5441.671082885233,
            5214.868393535111,
            5867.125308106421,
            5243.550700853394,
            4434.603403709986,
            3951.7845638522335
        ],
        "FlagUp": 0,
        "Times": [
            -15,
            -10,
            -5,
            2,
            10,
            20,
            30,
            40
        ],
        "width": 0,
        "height": 0,
        "area": 0.5311538392274507,
        "distance": 13.922324049613406,
        "xpert": [
            [
                437.0,
                233.2
            ],
            [
                430.6,
                232.4
            ],
            [
                430.4,
                226.0
            ],
            [
                432.6,
                221.6
            ],
            [
                437.0,
                220.8
            ],
            [
                440.6,
                222.4
            ],
            [
                442.2,
                226.0
            ],
            [
                442.0,
                231.0
            ]
        ],
        "stack": 0
    },
    {
        "type": "Spine",
        "location": [
            479,
            242
        ],
        "radloc": [
            0,
            0
        ],
        "mean": [
            40.394557823129254,
            46.183673469387756,
            35.74829931972789,
            41.02721088435374,
            36.333333333333336,
            40.06122448979592,
            36.965986394557824,
            28.959183673469386
        ],
        "min": [
            8.0,
            10.0,
            9.0,
            12.0,
            11.0,
            14.0,
            11.0,
            11.0
        ],
        "max": [
            110.0,
            136.0,
            153.0,
            108.0,
            116.0,
            123.0,
            105.0,
            84.0
        ],
        "RawIntDen": [
            5938.0,
            6789.0,
            5255.0,
            6031.0,
            5341.0,
            5889.0,
            5434.0,
            4257.0
        ],
        "IntDen": [
            4132.5272942162865,
            4724.7773325083135,
            3657.1961824025907,
            4197.250271373934,
            3717.0475376236413,
            4098.425940660106,
            3781.77051478129,
            2962.6420834420223
        ],
        "FlagUp": 0,
        "Times": [
            -15,
            -10,
            -5,
            2,
            10,
            20,
            30,
            40
        ],
        "width": 0,
        "height": 0,
        "area": 0.695945990942453,
        "distance": 16.744289112862933,
        "xpert": [
            [
                479.0,
                249.8
            ],
            [
                472.2,
                248.8
            ],
            [
                472.0,
                242.0
            ],
            [
                474.4,
                237.4
            ],
            [
                479.0,
                236.4
            ],
            [
                483.4,
                237.6
            ],
            [
                484.4,
                242.0
            ],
            [
                486.4,
                249.4
            ]
        ],
        "stack": 0
    },
    {
        "type": "Spine",
        "location": [
            495,
            253
        ],
        "radloc": [
            0,
            0
        ],
        "mean": [
            126.6910569105691,
            119.90243902439025,
            107.4308943089431,
            109.9349593495935,
            99.70731707317073,
            93.63414634146342,
            94.45528455284553,
            83.39024390243902
        ],
        "min": [
            20.0,
            27.0,
            33.0,
            23.0,
            28.0,
            22.0,
            26.0,
            13.0
        ],
        "max": [
            220.0,
            226.0,
            208.0,
            191.0,
            194.0,
            216.0,
            199.0,
            193.0
        ],
        "RawIntDen": [
            15583.0,
            14748.0,
            13214.0,
            13522.0,
            12264.0,
            11517.0,
            11618.0,
            10257.0
        ],
        "IntDen": [
            8352.554677543421,
            7904.991104691676,
            7082.760540913738,
            7247.849858803963,
            6573.55647599259,
            6173.161279680908,
            6227.297711846209,
            5497.795888311806
        ],
        "FlagUp": 0,
        "Times": [
            -15,
            -10,
            -5,
            2,
            10,
            20,
            30,
            40
        ],
        "width": 0,
        "height": 0,
        "area": 0.5360042788643664,
        "distance": 17.504365441924843,
        "xpert": [
            [
                495.0,
                259.4
            ],
            [
                491.6,
                256.4
            ],
            [
                488.8,
                253.0
            ],
            [
                490.0,
                248.0
            ],
            [
                495.0,
                247.4
            ],
            [
                500.0,
                248.0
            ],
            [
                501.2,
                253.0
            ],
            [
                501.2,
                259.2
            ]
        ],
        "stack": 0
    },
    {
        "type": "Spine",
        "location": [
            394,
            282
        ],
        "radloc": [
            0,
            0
        ],
        "mean": [
            31.325842696629213,
            24.370786516853933,
            29.168539325842698,
            30.415730337078653,
            24.39325842696629,
            30.89887640449438,
            26.089887640449437,
            35.168539325842694
        ],
        "min": [
            10.0,
            7.0,
            10.0,
            11.0,
            10.0,
            8.0,
            7.0,
            11.0
        ],
        "max": [
            84.0,
            77.0,
            70.0,
            79.0,
            63.0,
            83.0,
            68.0,
            80.0
        ],
        "RawIntDen": [
            2788.0,
            2169.0,
            2596.0,
            2707.0,
            2171.0,
            2750.0,
            2322.0,
            3130.0
        ],
        "IntDen": [
            1086.2926726736637,
            845.1107629229471,
            1011.4834211839421,
            1054.7325197014375,
            845.8900259592983,
            1071.4866749829896,
            904.7243852038189,
            1219.54665188973
        ],
        "FlagUp": 0,
        "Times": [
            -15,
            -10,
            -5,
            2,
            10,
            20,
            30,
            40
        ],
        "width": 0,
        "height": 0,
        "area": 0.3896315181756326,
        "distance": 10.625081011992423,
        "xpert": [
            [
                394.0,
                287.0
            ],
            [
                390.2,
                285.8
            ],
            [
                386.6,
                282.0
            ],
            [
                389.8,
                277.8
            ],
            [
                394.0,
                277.8
            ],
            [
                398.2,
                277.8
            ],
            [
                399.0,
                282.0
            ],
            [
                398.0,
                286.0
            ]
        ],
        "stack": 0
    },
    {
        "type": "Spine",
        "location": [
            333,
            314
        ],
        "radloc": [
            0,
            0
        ],
        "mean": [
            25.611510791366907,
            23.35251798561151,
            26.79136690647482,
            24.35251798561151,
            24.906474820143885,
            19.31654676258993,
            23.093525179856115,
            28.41007194244604
        ],
        "min": [
            6.0,
            8.0,
            7.0,
            7.0,
            7.0,
            6.0,
            6.0,
            6.0
        ],
        "max": [
            74.0,
            68.0,
            95.0,
            73.0,
            77.0,
            60.0,
            63.0,
            90.0
        ],
        "RawIntDen": [
            3560.0,
            3246.0,
            3724.0,
            3385.0,
            3462.0,
            2685.0,
            3210.0,
            3949.0
        ],
        "IntDen": [
            2573.304354553257,
            2346.333127775245,
            2691.849836055149,
            2446.8076517311165,
            2502.4662009728586,
            1940.8208404425548,
            2320.310948908976,
            2854.4884539693294
        ],
        "FlagUp": 0,
        "Times": [
            -15,
            -10,
            -5,
            2,
            10,
            20,
            30,
            40
        ],
        "width": 0,
        "height": 0,
        "area": 0.7228383018408026,
        "distance": 7.041668100870499,
        "xpert": [
            [
                333.0,
                319.0
            ],
            [
                327.8,
                319.2
            ],
            [
                326.0,
                314.0
            ],
            [
                328.4,
                309.4
            ],
            [
                333.0,
                304.2
            ],
            [
                342.0,
                305.0
            ],
            [
                337.4,
                314.0
            ],
            [
                336.4,
                317.4
            ]
        ],
        "stack": 0
    },
    {
        "type": "Spine",
        "location": [
            457,
            232
        ],
        "radloc": [
            0,
            0
        ],
        "mean": [
            27.990243902439026,
            30.55609756097561,
            22.658536585365855,
            25.546341463414635,
            20.048780487804876,
            20.590243902439024,
            20.536585365853657,
            24.848780487804877
        ],
        "min": [
            8.0,
            9.0,
            6.0,
            8.0,
            6.0,
            6.0,
            8.0,
            7.0
        ],
        "max": [
            68.0,
            82.0,
            62.0,
            67.0,
            46.0,
            39.0,
            42.0,
            57.0
        ],
        "RawIntDen": [
            5738.0,
            6264.0,
            4645.0,
            5237.0,
            4110.0,
            4221.0,
            4210.0,
            5094.0
        ],
        "IntDen": [
            5446.581999522698,
            5945.867836355906,
            4409.092608536587,
            4971.026478128333,
            3901.2638581453975,
            4006.62645869385,
            3996.18511990076,
            4835.289073818164
        ],
        "FlagUp": 0,
        "Times": [
            -15,
            -10,
            -5,
            2,
            10,
            20,
            30,
            40
        ],
        "width": 0,
        "height": 0,
        "area": 0.9492126175536247,
        "distance": 15.953609112862935,
        "xpert": [
            [
                457.0,
                242.2
            ],
            [
                452.0,
                237.0
            ],
            [
                451.4,
                232.0
            ],
            [
                450.0,
                225.0
            ],
            [
                457.0,
                221.0
            ],
            [
                461.8,
                227.2
            ],
            [
                463.8,
                232.0
            ],
            [
                464.8,
                239.8
            ]
        ],
        "stack": 0
    }
]