[
    {
        "type": "Stim",
        "location": [
            446,
            147
        ],
        "radloc": [
            0,
            0
        ],
        "mean": [
            48.51643192488263,
            50.03755868544601,
            51.647887323943664,
            59.64319248826291,
            50.93896713615023,
            59.075117370892016,
            64.15023474178403,
            52.27230046948357
        ],
        "min": [
            10.0,
            8.0,
            8.0,
            9.0,
            11.0,
            15.0,
            16.0,
            12.0
        ],
        "max": [
            113.0,
            111.0,
            134.0,
            148.0,
            139.0,
            159.0,
            150.0,
            148.0
        ],
        "RawIntDen": [
            10334.0,
            10658.0,
            11001.0,
            12704.0,
            10850.0,
            12583.0,
            13664.0,
            11134.0
        ],
        "IntDen": [
            9942.405380604956,
            10254.127786577088,
            10584.130210183388,
            12222.59705391962,
            10438.852175301314,
            12106.182204775707,
            13146.218997540751,
            10712.090333622564
        ],
        "FlagUp": 0,
        "Times": [
            -15,
            -10,
            -5,
            2,
            10,
            20,
            30,
            40
        ],
        "width": 0,
        "height": 0,
        "area": 0.9621061912720105,
        "distance": 0,
        "xpert": [
            [
                446.0,
                155.8
            ],
            [
                438.8,
                154.2
            ],
            [
                438.4,
                147.0
            ],
            [
                439.2,
                140.2
            ],
            [
                446.0,
                139.0
            ],
            [
                452.0,
                141.0
            ],
            [
                455.2,
                147.0
            ],
            [
                451.2,
                152.2
            ]
        ],
        "stack": 0
    },
    {
        "type": "Spine",
        "location": [
            421,
            193
        ],
        "radloc": [
            0,
            0
        ],
        "mean": [
            73.98657718120805,
            71.75167785234899,
            86.08724832214764,
            96.35570469798658,
            97.21476510067114,
            108.32885906040268,
            114.75838926174497,
            115.28187919463087
        ],
        "min": [
            19.0,
            17.0,
            19.0,
            22.0,
            15.0,
            28.0,
            28.0,
            34.0
        ],
        "max": [
            178.0,
            148.0,
            185.0,
            223.0,
            197.0,
            239.0,
            236.0,
            250.0
        ],
        "RawIntDen": [
            11024.0,
            10691.0,
            12827.0,
            14357.0,
            14485.0,
            16141.0,
            17099.0,
            17177.0
        ],
        "IntDen": [
            7485.974518032165,
            7259.847022159096,
            8710.322491182746,
            9749.286661410359,
            9836.206539703911,
            10960.732465126739,
            11611.273429230043,
            11664.240230065176
        ],
        "FlagUp": 0,
        "Times": [
            -15,
            -10,
            -5,
            2,
            10,
            20,
            30,
            40
        ],
        "width": 0,
        "height": 0,
        "area": 0.6790615491683749,
        "distance": -0.7514700699027843,
        "xpert": [
            [
                421.0,
                204.6
            ],
            [
                415.4,
                198.6
            ],
            [
                413.6,
                193.0
            ],
            [
                416.4,
                188.4
            ],
            [
                421.0,
                187.0
            ],
            [
                424.4,
                189.6
            ],
            [
                426.4,
                193.0
            ],
            [
                426.2,
                198.2
            ]
        ],
        "stack": 0
    },
    {
        "type": "Spine",
        "location": [
            437,
            191
        ],
        "radloc": [
            0,
            0
        ],
        "mean": [
            41.63841807909605,
            41.06214689265537,
            43.355932203389834,
            52.43502824858757,
            65.37853107344633,
            62.68926553672316,
            54.02824858757062,
            38.49152542372882
        ],
        "min": [
            10.0,
            8.0,
            9.0,
            10.0,
            21.0,
            13.0,
            7.0,
            5.0
        ],
        "max": [
            117.0,
            138.0,
            106.0,
            134.0,
            146.0,
            134.0,
            127.0,
            140.0
        ],
        "RawIntDen": [
            7370.0,
            7268.0,
            7674.0,
            9281.0,
            11572.0,
            11096.0,
            9563.0,
            6813.0
        ],
        "IntDen": [
            6355.405190413617,
            6267.447072445884,
            6617.554875337055,
            8003.326400573783,
            9978.934716888247,
            9568.463499705495,
            8246.504726719866,
            5875.084879550607
        ],
        "FlagUp": 0,
        "Times": [
            -15,
            -10,
            -5,
            2,
            10,
            20,
            30,
            40
        ],
        "width": 0,
        "height": 0,
        "area": 0.8623344898797309,
        "distance": -0.4193213923114346,
        "xpert": [
            [
                437.0,
                199.4
            ],
            [
                430.8,
                197.2
            ],
            [
                431.4,
                191.0
            ],
            [
                431.4,
                185.4
            ],
            [
                437.0,
                177.4
            ],
            [
                442.4,
                185.6
            ],
            [
                442.4,
                191.0
            ],
            [
                441.4,
                195.4
            ]
        ],
        "stack": 0
    },
    {
        "type": "Spine",
        "location": [
            462,
            166
        ],
        "radloc": [
            0,
            0
        ],
        "mean": [
            66.60833333333333,
            65.55833333333334,
            74.025,
            77.35833333333333,
            82.51666666666667,
            74.05,
            76.15,
            76.075
        ],
        "min": [
            14.0,
            22.0,
            19.0,
            10.0,
            17.0,
            12.0,
            10.0,
            9.0
        ],
        "max": [
            122.0,
            123.0,
            155.0,
            170.0,
            198.0,
            204.0,
            201.0,
            203.0
        ],
        "RawIntDen": [
            7993.0,
            7867.0,
            8883.0,
            9283.0,
            9902.0,
            8886.0,
            9138.0,
            9129.0
        ],
        "IntDen": [
            5079.303640316835,
            4999.2345475256525,
            5644.871041778362,
            5899.058637940846,
            6292.41394300229,
            5646.777448749581,
            5806.9156343319455,
            5801.19641341829
        ],
        "FlagUp": 0,
        "Times": [
            -15,
            -10,
            -5,
            2,
            10,
            20,
            30,
            40
        ],
        "width": 0,
        "height": 0,
        "area": 0.6354689904062099,
        "distance": 1.05424,
        "xpert": [
            [
                462.0,
                171.0
            ],
            [
                458.2,
                169.8
            ],
            [
                457.0,
                166.0
            ],
            [
                454.0,
                158.0
            ],
            [
                462.0,
                159.6
            ],
            [
                467.8,
                160.2
            ],
            [
                468.8,
                166.0
            ],
            [
                466.6,
                170.6
            ]
        ],
        "stack": 0
    },
    {
        "type": "Spine",
        "location": [
            477,
            171
        ],
        "radloc": [
            0,
            0
        ],
        "mean": [
            26.14666666666667,
            24.746666666666666,
            27.36,
            29.813333333333333,
            25.106666666666666,
            23.6,
            16.013333333333332,
            13.84
        ],
        "min": [
            10.0,
            9.0,
            6.0,
            6.0,
            7.0,
            6.0,
            5.0,
            6.0
        ],
        "max": [
            55.0,
            50.0,
            58.0,
            62.0,
            67.0,
            77.0,
            55.0,
            46.0
        ],
        "RawIntDen": [
            1961.0,
            1856.0,
            2052.0,
            2236.0,
            1883.0,
            1770.0,
            1201.0,
            1038.0
        ],
        "IntDen": [
            754.9168992724483,
            714.4955456653055,
            789.9487390653054,
            860.7823491959176,
            724.889608021428,
            681.3885322346933,
            462.3432922112241,
            399.59395280204046
        ],
        "FlagUp": 0,
        "Times": [
            -15,
            -10,
            -5,
            2,
            10,
            20,
            30,
            40
        ],
        "width": 0,
        "height": 0,
        "area": 0.38496527244897927,
        "distance": 2.233637721373343,
        "xpert": [
            [
                477.0,
                175.4
            ],
            [
                473.0,
                175.0
            ],
            [
                470.4,
                171.0
            ],
            [
                470.4,
                164.4
            ],
            [
                477.0,
                167.4
            ],
            [
                479.8,
                168.2
            ],
            [
                481.2,
                171.0
            ],
            [
                480.0,
                174.0
            ]
        ],
        "stack": 0
    },
    {
        "type": "Spine",
        "location": [
            470,
            141
        ],
        "radloc": [
            0,
            0
        ],
        "mean": [
            94.60365853658537,
            90.04268292682927,
            92.4390243902439,
            100.95731707317073,
            101.1280487804878,
            110.22560975609755,
            122.64634146341463,
            111.35365853658537
        ],
        "min": [
            19.0,
            28.0,
            24.0,
            22.0,
            28.0,
            30.0,
            28.0,
            18.0
        ],
        "max": [
            198.0,
            186.0,
            178.0,
            201.0,
            241.0,
            218.0,
            244.0,
            236.0
        ],
        "RawIntDen": [
            15515.0,
            14767.0,
            15160.0,
            16557.0,
            16585.0,
            18077.0,
            20114.0,
            18262.0
        ],
        "IntDen": [
            11335.815120310426,
            10789.299508967068,
            11076.439395675543,
            12097.137669802109,
            12117.595473435284,
            13207.704152745831,
            14696.009367059227,
            13342.871783893586
        ],
        "FlagUp": 0,
        "Times": [
            -15,
            -10,
            -5,
            2,
            10,
            20,
            30,
            40
        ],
        "width": 0,
        "height": 0,
        "area": 0.7306358440419224,
        "distance": 1.772407721373343,
        "xpert": [
            [
                470.0,
                147.8
            ],
            [
                464.6,
                146.4
            ],
            [
                463.6,
                141.0
            ],
            [
                463.6,
                134.6
            ],
            [
                470.0,
                132.4
            ],
            [
                476.0,
                135.0
            ],
            [
                477.4,
                141.0
            ],
            [
                474.4,
                145.4
            ]
        ],
        "stack": 0
    },
    {
        "type": "Spine",
        "location": [
            362,
            178
        ],
        "radloc": [
            0,
            0
        ],
        "mean": [
            75.71502590673575,
            72.74093264248705,
            76.52849740932642,
            73.21761658031087,
            81.49222797927462,
            76.7720207253886,
            69.95854922279793,
            35.84455958549223
        ],
        "min": [
            17.0,
            23.0,
            17.0,
            14.0,
            12.0,
            13.0,
            10.0,
            9.0
        ],
        "max": [
            143.0,
            143.0,
            146.0,
            167.0,
            178.0,
            181.0,
            172.0,
            188.0
        ],
        "RawIntDen": [
            14613.0,
            14039.0,
            14770.0,
            14131.0,
            15728.0,
            14817.0,
            13502.0,
            6918.0
        ],
        "IntDen": [
            13507.474522870869,
            12976.899666501344,
            13652.596913898771,
            13061.939538950814,
            14538.120803100872,
            13696.041196563174,
            12480.52562839954,
            6394.628669624353
        ],
        "FlagUp": 0,
        "Times": [
            -15,
            -10,
            -5,
            2,
            10,
            20,
            30,
            40
        ],
        "width": 0,
        "height": 0,
        "area": 0.9243464396681632,
        "distance": 2.0053640504352512,
        "xpert": [
            [
                362.0,
                188.0
            ],
            [
                352.6,
                187.4
            ],
            [
                355.4,
                178.0
            ],
            [
                357.2,
                173.2
            ],
            [
                362.0,
                172.6
            ],
            [
                366.2,
                173.8
            ],
            [
                367.8,
                178.0
            ],
            [
                370.0,
                186.0
            ]
        ],
        "stack": 0
    },
    {
        "type": "Spine",
        "location": [
            309,
            199
        ],
        "radloc": [
            0,
            0
        ],
        "mean": [
            69.95918367346938,
            70.58503401360544,
            74.40816326530613,
            66.27891156462584,
            78.31972789115646,
            97.78231292517007,
            99.421768707483,
            77.19047619047619
        ],
        "min": [
            15.0,
            15.0,
            10.0,
            10.0,
            11.0,
            18.0,
            13.0,
            7.0
        ],
        "max": [
            168.0,
            194.0,
            204.0,
            186.0,
            190.0,
            207.0,
            235.0,
            236.0
        ],
        "RawIntDen": [
            10284.0,
            10376.0,
            10938.0,
            9743.0,
            11513.0,
            14374.0,
            14615.0,
            11347.0
        ],
        "IntDen": [
            7409.675260604358,
            7475.961737070286,
            7880.8856476556275,
            7019.881958777544,
            8295.176125567676,
            10356.541442622234,
            10530.183190755806,
            8175.572265857415
        ],
        "FlagUp": 0,
        "Times": [
            -15,
            -10,
            -5,
            2,
            10,
            20,
            30,
            40
        ],
        "width": 0,
        "height": 0,
        "area": 0.7205051789774756,
        "distance": 6.843998100870499,
        "xpert": [
            [
                309.0,
                209.0
            ],
            [
                302.8,
                205.2
            ],
            [
                303.0,
                199.0
            ],
            [
                304.4,
                194.4
            ],
            [
                309.0,
                193.2
            ],
            [
                313.2,
                194.8
            ],
            [
                314.6,
                199.0
            ],
            [
                315.0,
                205.0
            ]
        ],
        "stack": 0
    },
    {
        "type": "Spine",
        "location": [
            246,
            180
        ],
        "radloc": [
            0,
            0
        ],
        "mean": [
            33.345238095238095,
            38.98809523809524,
            47.82142857142857,
            61.67857142857143,
            61.160714285714285,
            63.26190476190476,
            63.76190476190476,
            38.517857142857146
        ],
        "min": [
            5.0,
            4.0,
            5.0,
            9.0,
            6.0,
            6.0,
            9.0,
            5.0
        ],
        "max": [
            115.0,
            119.0,
            144.0,
            145.0,
            170.0,
            205.0,
            173.0,
            155.0
        ],
        "RawIntDen": [
            5602.0,
            6550.0,
            8034.0,
            10362.0,
            10275.0,
            10628.0,
            10712.0,
            6471.0
        ],
        "IntDen": [
            4488.566141017915,
            5248.144988159111,
            6437.190356468748,
            8302.485246916749,
            8232.777061577843,
            8515.616020481684,
            8582.920475291663,
            5184.8467508973445
        ],
        "FlagUp": 0,
        "Times": [
            -15,
            -10,
            -5,
            2,
            10,
            20,
            30,
            40
        ],
        "width": 0,
        "height": 0,
        "area": 0.8012435096426124,
        "distance": 11.631358227369569,
        "xpert": [
            [
                246.0,
                185.8
            ],
            [
                237.2,
                188.8
            ],
            [
                236.0,
                180.0
            ],
            [
                241.0,
                175.0
            ],
            [
                246.0,
                174.4
            ],
            [
                251.2,
                174.8
            ],
            [
                253.0,
                180.0
            ],
            [
                250.6,
                184.6
            ]
        ],
        "stack": 0
    },
    {
        "type": "Spine",
        "location": [
            180,
            212
        ],
        "radloc": [
            0,
            0
        ],
        "mean": [
            69.61111111111111,
            74.22222222222223,
            80.16666666666667,
            81.86111111111111,
            78.57407407407408,
            106.16666666666667,
            98.12037037037037,
            118.98148148148148
        ],
        "min": [
            8.0,
            9.0,
            10.0,
            9.0,
            7.0,
            16.0,
            10.0,
            49.0
        ],
        "max": [
            132.0,
            167.0,
            169.0,
            180.0,
            201.0,
            205.0,
            196.0,
            217.0
        ],
        "RawIntDen": [
            7518.0,
            8016.0,
            8658.0,
            8841.0,
            8486.0,
            11466.0,
            10597.0,
            12850.0
        ],
        "IntDen": [
            3854.2759916373857,
            4109.587170652471,
            4438.723268900836,
            4532.542437093127,
            4350.543504261087,
            5878.309193949755,
            5432.796313298933,
            6587.848695469594
        ],
        "FlagUp": 0,
        "Times": [
            -15,
            -10,
            -5,
            2,
            10,
            20,
            30,
            40
        ],
        "width": 0,
        "height": 0,
        "area": 0.5126730502310968,
        "distance": 15.507563290619094,
        "xpert": [
            [
                180.0,
                217.0
            ],
            [
                176.0,
                216.0
            ],
            [
                174.2,
                212.0
            ],
            [
                173.6,
                205.6
            ],
            [
                180.0,
                204.4
            ],
            [
                184.6,
                207.4
            ],
            [
                185.6,
                212.0
            ],
            [
                183.0,
                215.0
            ]
        ],
        "stack": 0
    },
    {
        "type": "Spine",
        "location": [
            164,
            207
        ],
        "radloc": [
            0,
            0
        ],
        "mean": [
            126.37967914438502,
            118.44385026737967,
            134.29946524064172,
            144.15508021390374,
            161.33155080213905,
            174.20855614973263,
            165.81283422459893,
            154.0909090909091
        ],
        "min": [
            19.0,
            20.0,
            17.0,
            21.0,
            24.0,
            26.0,
            26.0,
            21.0
        ],
        "max": [
            241.0,
            253.0,
            255.0,
            255.0,
            255.0,
            255.0,
            255.0,
            255.0
        ],
        "RawIntDen": [
            23633.0,
            22149.0,
            25114.0,
            26957.0,
            30169.0,
            32577.0,
            31007.0,
            28815.0
        ],
        "IntDen": [
            20060.326989370256,
            18800.66781566292,
            21317.43968226821,
            22881.827726164855,
            25608.25984607588,
            27652.235109072688,
            26319.57681882975,
            24458.948174108406
        ],
        "FlagUp": 0,
        "Times": [
            -15,
            -10,
            -5,
            2,
            10,
            20,
            30,
            40
        ],
        "width": 0,
        "height": 0,
        "area": 0.8488269364604687,
        "distance": 16.34152341711815,
        "xpert": [
            [
                164.0,
                213.4
            ],
            [
                157.2,
                213.8
            ],
            [
                155.8,
                207.0
            ],
            [
                156.4,
                199.4
            ],
            [
                164.0,
                197.4
            ],
            [
                169.0,
                202.0
            ],
            [
                170.4,
                207.0
            ],
            [
                168.8,
                211.8
            ]
        ],
        "stack": 0
    },
    {
        "type": "Spine",
        "location": [
            149,
            209
        ],
        "radloc": [
            0,
            0
        ],
        "mean": [
            74.8840579710145,
            79.06521739130434,
            83.17391304347827,
            90.3840579710145,
            95.1304347826087,
            106.69565217391305,
            93.56521739130434,
            114.21739130434783
        ],
        "min": [
            24.0,
            28.0,
            29.0,
            23.0,
            25.0,
            35.0,
            23.0,
            31.0
        ],
        "max": [
            138.0,
            162.0,
            168.0,
            190.0,
            223.0,
            211.0,
            210.0,
            248.0
        ],
        "RawIntDen": [
            10334.0,
            10911.0,
            11478.0,
            12473.0,
            13128.0,
            14724.0,
            12912.0,
            15762.0
        ],
        "IntDen": [
            6827.076062240543,
            7208.26658748854,
            7582.850691155115,
            8240.189638506512,
            8672.910252089592,
            9727.295136484398,
            8530.211545930897,
            10413.041696635904
        ],
        "FlagUp": 0,
        "Times": [
            -15,
            -10,
            -5,
            2,
            10,
            20,
            30,
            40
        ],
        "width": 0,
        "height": 0,
        "area": 0.6606421581421079,
        "distance": 17.768493543617204,
        "xpert": [
            [
                149.0,
                216.4
            ],
            [
                143.8,
                214.2
            ],
            [
                141.4,
                209.0
            ],
            [
                143.6,
                203.6
            ],
            [
                149.0,
                202.0
            ],
            [
                155.0,
                203.0
            ],
            [
                155.8,
                209.0
            ],
            [
                152.2,
                212.2
            ]
        ],
        "stack": 0
    },
    {
        "type": "Spine",
        "location": [
            138,
            201
        ],
        "radloc": [
            0,
            0
        ],
        "mean": [
            83.59027777777777,
            86.81944444444444,
            93.59722222222223,
            100.10416666666667,
            87.83333333333333,
            92.81944444444444,
            83.08333333333333,
            79.01388888888889
        ],
        "min": [
            21.0,
            17.0,
            19.0,
            28.0,
            12.0,
            11.0,
            12.0,
            9.0
        ],
        "max": [
            166.0,
            158.0,
            190.0,
            186.0,
            213.0,
            215.0,
            217.0,
            207.0
        ],
        "RawIntDen": [
            12037.0,
            12502.0,
            13478.0,
            14415.0,
            12648.0,
            13366.0,
            11964.0,
            11378.0
        ],
        "IntDen": [
            7763.692579240853,
            8063.610918473802,
            8693.116938025107,
            9297.468516221392,
            8157.77882713619,
            8620.878542338893,
            7716.608624909659,
            7338.647018908568
        ],
        "FlagUp": 0,
        "Times": [
            -15,
            -10,
            -5,
            2,
            10,
            20,
            30,
            40
        ],
        "width": 0,
        "height": 0,
        "area": 0.6449856757697809,
        "distance": 18.113498062654664,
        "xpert": [
            [
                138.0,
                206.8
            ],
            [
                133.2,
                205.8
            ],
            [
                132.8,
                201.0
            ],
            [
                133.2,
                196.2
            ],
            [
                138.0,
                193.2
            ],
            [
                143.6,
                195.4
            ],
            [
                147.0,
                201.0
            ],
            [
                143.4,
                206.4
            ]
        ],
        "stack": 0
    },
    {
        "type": "Spine",
        "location": [
            112,
            162
        ],
        "radloc": [
            0,
            0
        ],
        "mean": [
            52.07377049180328,
            50.68032786885246,
            44.63934426229508,
            53.14754098360656,
            62.040983606557376,
            74.49180327868852,
            73.02459016393442,
            52.02459016393443
        ],
        "min": [
            10.0,
            11.0,
            10.0,
            8.0,
            9.0,
            13.0,
            10.0,
            7.0
        ],
        "max": [
            154.0,
            106.0,
            135.0,
            134.0,
            153.0,
            158.0,
            159.0,
            171.0
        ],
        "RawIntDen": [
            6353.0,
            6183.0,
            5446.0,
            6484.0,
            7569.0,
            9088.0,
            8909.0,
            6347.0
        ],
        "IntDen": [
            3457.8934596607755,
            3365.3636488403235,
            2964.2197042834223,
            3529.195843293006,
            4119.7537535294205,
            4946.534827860401,
            4849.106379996513,
            3454.627701631818
        ],
        "FlagUp": 0,
        "Times": [
            -15,
            -10,
            -5,
            2,
            10,
            20,
            30,
            40
        ],
        "width": 0,
        "height": 0,
        "area": 0.5442930048261885,
        "distance": 20.779566707737235,
        "xpert": [
            [
                112.0,
                166.2
            ],
            [
                107.8,
                166.2
            ],
            [
                103.0,
                162.0
            ],
            [
                106.6,
                156.6
            ],
            [
                112.0,
                154.6
            ],
            [
                116.0,
                158.0
            ],
            [
                118.0,
                162.0
            ],
            [
                116.2,
                166.2
            ]
        ],
        "stack": 0
    },
    {
        "type": "Spine",
        "location": [
            87,
            155
        ],
        "radloc": [
            0,
            0
        ],
        "mean": [
            93.79611650485437,
            69.29126213592232,
            90.6116504854369,
            81.37864077669903,
            73.24271844660194,
            96.00970873786407,
            102.86407766990291,
            71.86407766990291
        ],
        "min": [
            27.0,
            17.0,
            26.0,
            19.0,
            7.0,
            30.0,
            31.0,
            13.0
        ],
        "max": [
            195.0,
            223.0,
            189.0,
            169.0,
            206.0,
            225.0,
            219.0,
            186.0
        ],
        "RawIntDen": [
            9661.0,
            7137.0,
            9333.0,
            8382.0,
            7544.0,
            9889.0,
            10595.0,
            7402.0
        ],
        "IntDen": [
            4573.308233312461,
            3378.501279489808,
            4418.040134717441,
            3967.8573244617587,
            3571.1662676854576,
            4681.238496969975,
            5015.443611628768,
            3503.946542074199
        ],
        "FlagUp": 0,
        "Times": [
            -15,
            -10,
            -5,
            2,
            10,
            20,
            30,
            40
        ],
        "width": 0,
        "height": 0,
        "area": 0.4733783493750607,
        "distance": 22.59057189748581,
        "xpert": [
            [
                87.0,
                159.8
            ],
            [
                82.2,
                159.8
            ],
            [
                80.6,
                155.0
            ],
            [
                83.2,
                151.2
            ],
            [
                87.0,
                148.0
            ],
            [
                91.4,
                150.6
            ],
            [
                92.4,
                155.0
            ],
            [
                91.8,
                159.8
            ]
        ],
        "stack": 0
    }
]