[
    {
        "type": "Stim",
        "location": [
            305,
            159
        ],
        "radloc": [
            0,
            0
        ],
        "mean": [
            56.04635761589404,
            58.688741721854306,
            55.16556291390729,
            61.145695364238414,
            64.41059602649007,
            59.25165562913907,
            59.05960264900662,
            49.90066225165563
        ],
        "min": [
            10.0,
            8.0,
            10.0,
            13.0,
            11.0,
            14.0,
            12.0,
            14.0
        ],
        "max": [
            134.0,
            164.0,
            158.0,
            160.0,
            171.0,
            138.0,
            155.0,
            119.0
        ],
        "RawIntDen": [
            8463.0,
            8862.0,
            8330.0,
            9233.0,
            9726.0,
            8947.0,
            8918.0,
            7535.0
        ],
        "IntDen": [
            5832.114098031513,
            6107.077293720344,
            5740.45969946857,
            6362.744826553818,
            6702.486318971345,
            6165.653413102676,
            6145.668619431057,
            5192.600700539696
        ],
        "FlagUp": 0,
        "Times": [
            -15,
            -10,
            -5,
            2,
            10,
            20,
            30,
            40
        ],
        "width": 0,
        "height": 0,
        "area": 0.6891308162627334,
        "distance": 0,
        "xpert": [
            [
                305.0,
                167.0
            ],
            [
                299.6,
                164.4
            ],
            [
                299.2,
                159.0
            ],
            [
                299.6,
                153.6
            ],
            [
                305.0,
                149.4
            ],
            [
                309.0,
                155.0
            ],
            [
                310.8,
                159.0
            ],
            [
                311.2,
                165.2
            ]
        ],
        "stack": 0
    },
    {
        "type": "Stim",
        "location": [
            356,
            152
        ],
        "radloc": [
            0,
            0
        ],
        "mean": [
            90.50666666666666,
            108.61333333333333,
            98.14666666666666,
            132.82,
            121.96666666666667,
            121.90666666666667,
            124.50666666666666,
            105.27333333333333
        ],
        "min": [
            17.0,
            33.0,
            25.0,
            50.0,
            43.0,
            42.0,
            38.0,
            35.0
        ],
        "max": [
            226.0,
            241.0,
            186.0,
            239.0,
            231.0,
            221.0,
            242.0,
            193.0
        ],
        "RawIntDen": [
            13576.0,
            16292.0,
            14722.0,
            19923.0,
            18295.0,
            18286.0,
            18676.0,
            15791.0
        ],
        "IntDen": [
            9215.60543614224,
            11059.269576136518,
            9993.528523194318,
            13524.05031704934,
            12418.937938584433,
            12412.828594968842,
            12677.566818311172,
            10719.182781535217
        ],
        "FlagUp": 0,
        "Times": [
            -15,
            -10,
            -5,
            2,
            10,
            20,
            30,
            40
        ],
        "width": 0,
        "height": 0,
        "area": 0.6788159572880259,
        "distance": 0,
        "xpert": [
            [
                356.0,
                159.0
            ],
            [
                350.8,
                157.2
            ],
            [
                349.4,
                152.0
            ],
            [
                350.4,
                146.4
            ],
            [
                356.0,
                145.2
            ],
            [
                362.8,
                145.2
            ],
            [
                363.2,
                152.0
            ],
            [
                360.6,
                156.6
            ]
        ],
        "stack": 0
    },
    {
        "type": "Stim",
        "location": [
            409,
            155
        ],
        "radloc": [
            0,
            0
        ],
        "mean": [
            65.8913043478261,
            48.65217391304348,
            49.1231884057971,
            109.39855072463769,
            54.27536231884058,
            53.77536231884058,
            64.81159420289855,
            58.01449275362319
        ],
        "min": [
            11.0,
            9.0,
            9.0,
            29.0,
            8.0,
            10.0,
            12.0,
            13.0
        ],
        "max": [
            223.0,
            181.0,
            146.0,
            214.0,
            141.0,
            137.0,
            152.0,
            116.0
        ],
        "RawIntDen": [
            9093.0,
            6714.0,
            6779.0,
            15097.0,
            7490.0,
            7421.0,
            8944.0,
            8006.0
        ],
        "IntDen": [
            5716.907438142996,
            4221.193944758834,
            4262.0604336491115,
            9491.713581177259,
            4709.0769505873795,
            4665.695600842315,
            5623.228871302205,
            5033.494000854815
        ],
        "FlagUp": 0,
        "Times": [
            -15,
            -10,
            -5,
            2,
            10,
            20,
            30,
            40
        ],
        "width": 0,
        "height": 0,
        "area": 0.6287152136965793,
        "distance": 0,
        "xpert": [
            [
                409.0,
                162.4
            ],
            [
                403.6,
                160.4
            ],
            [
                401.8,
                155.0
            ],
            [
                402.2,
                148.2
            ],
            [
                409.0,
                148.2
            ],
            [
                413.8,
                150.2
            ],
            [
                413.6,
                155.0
            ],
            [
                413.4,
                159.4
            ]
        ],
        "stack": 0
    },
    {
        "type": "Stim",
        "location": [
            425,
            125
        ],
        "radloc": [
            0,
            0
        ],
        "mean": [
            55.93333333333333,
            51.74,
            55.68,
            74.98666666666666,
            35.54666666666667,
            49.84,
            49.626666666666665,
            31.35333333333333
        ],
        "min": [
            10.0,
            14.0,
            16.0,
            10.0,
            10.0,
            8.0,
            12.0,
            8.0
        ],
        "max": [
            142.0,
            125.0,
            135.0,
            185.0,
            93.0,
            122.0,
            103.0,
            86.0
        ],
        "RawIntDen": [
            8390.0,
            7761.0,
            8352.0,
            11248.0,
            5332.0,
            7476.0,
            7444.0,
            4703.0
        ],
        "IntDen": [
            5461.912458673844,
            5052.431774942515,
            5437.174356953987,
            7322.478109077878,
            3471.1462729021378,
            4866.896012043582,
            4846.063926384755,
            3061.665589170809
        ],
        "FlagUp": 0,
        "Times": [
            -15,
            -10,
            -5,
            2,
            10,
            20,
            30,
            40
        ],
        "width": 0,
        "height": 0,
        "area": 0.6510026768383604,
        "distance": 0,
        "xpert": [
            [
                425.0,
                132.6
            ],
            [
                418.8,
                131.2
            ],
            [
                418.8,
                125.0
            ],
            [
                420.0,
                120.0
            ],
            [
                425.0,
                117.0
            ],
            [
                429.8,
                120.2
            ],
            [
                431.4,
                125.0
            ],
            [
                430.0,
                130.0
            ]
        ],
        "stack": 0
    },
    {
        "type": "Stim",
        "location": [
            485,
            121
        ],
        "radloc": [
            0,
            0
        ],
        "mean": [
            85.8013698630137,
            69.4931506849315,
            43.657534246575345,
            47.157534246575345,
            69.34246575342466,
            67.66438356164383,
            53.513698630136986,
            45.35616438356164
        ],
        "min": [
            20.0,
            14.0,
            10.0,
            8.0,
            25.0,
            21.0,
            17.0,
            7.0
        ],
        "max": [
            166.0,
            146.0,
            89.0,
            154.0,
            148.0,
            148.0,
            108.0,
            100.0
        ],
        "RawIntDen": [
            12527.0,
            10146.0,
            6374.0,
            6885.0,
            10124.0,
            9879.0,
            7813.0,
            6622.0
        ],
        "IntDen": [
            8342.77883134813,
            6757.071447502046,
            4244.980623534205,
            4585.298335901004,
            6742.4198043081715,
            6579.25377783094,
            5203.331285169868,
            4410.144601356056
        ],
        "FlagUp": 0,
        "Times": [
            -15,
            -10,
            -5,
            2,
            10,
            20,
            30,
            40
        ],
        "width": 0,
        "height": 0,
        "area": 0.6659837815397246,
        "distance": 0,
        "xpert": [
            [
                485.0,
                127.6
            ],
            [
                478.0,
                128.0
            ],
            [
                477.6,
                121.0
            ],
            [
                480.8,
                116.8
            ],
            [
                485.0,
                115.0
            ],
            [
                489.2,
                116.8
            ],
            [
                494.0,
                121.0
            ],
            [
                490.0,
                126.0
            ]
        ],
        "stack": 0
    },
    {
        "type": "Stim",
        "location": [
            464,
            144
        ],
        "radloc": [
            0,
            0
        ],
        "mean": [
            130.95275590551182,
            75.16929133858268,
            76.38582677165354,
            149.2755905511811,
            99.97637795275591,
            104.20472440944881,
            101.33858267716535,
            95.44881889763779
        ],
        "min": [
            12.0,
            9.0,
            10.0,
            42.0,
            14.0,
            17.0,
            14.0,
            17.0
        ],
        "max": [
            255.0,
            247.0,
            237.0,
            255.0,
            255.0,
            255.0,
            218.0,
            235.0
        ],
        "RawIntDen": [
            33262.0,
            19093.0,
            19402.0,
            37916.0,
            25394.0,
            26468.0,
            25740.0,
            24244.0
        ],
        "IntDen": [
            37634.01691123195,
            21602.618149424314,
            21952.233663391326,
            42899.74701479979,
            28731.8328856901,
            29947.00137112883,
            29123.311745989726,
            27430.67482400058
        ],
        "FlagUp": 0,
        "Times": [
            -15,
            -10,
            -5,
            2,
            10,
            20,
            30,
            40
        ],
        "width": 0,
        "height": 0,
        "area": 1.1314417927734937,
        "distance": 0,
        "xpert": [
            [
                464.0,
                152.0
            ],
            [
                457.4,
                150.6
            ],
            [
                456.2,
                144.0
            ],
            [
                456.4,
                136.4
            ],
            [
                464.0,
                132.6
            ],
            [
                471.6,
                136.4
            ],
            [
                473.6,
                144.0
            ],
            [
                470.0,
                150.0
            ]
        ],
        "stack": 0
    },
    {
        "type": "Stim",
        "location": [
            447,
            123
        ],
        "radloc": [
            0,
            0
        ],
        "mean": [
            48.83552631578947,
            63.23026315789474,
            46.8421052631579,
            51.23684210526316,
            40.151315789473685,
            40.11842105263158,
            33.625,
            35.44078947368421
        ],
        "min": [
            16.0,
            14.0,
            12.0,
            9.0,
            10.0,
            8.0,
            10.0,
            14.0
        ],
        "max": [
            154.0,
            165.0,
            163.0,
            134.0,
            103.0,
            107.0,
            101.0,
            77.0
        ],
        "RawIntDen": [
            7423.0,
            9611.0,
            7120.0,
            7788.0,
            6103.0,
            6098.0,
            5111.0,
            5387.0
        ],
        "IntDen": [
            5161.905276578195,
            6683.42605593332,
            4951.201073587061,
            5415.723870940454,
            4243.985976418797,
            4240.509009372739,
            3554.155714480824,
            3746.084295423244
        ],
        "FlagUp": 0,
        "Times": [
            -15,
            -10,
            -5,
            2,
            10,
            20,
            30,
            40
        ],
        "width": 0,
        "height": 0,
        "area": 0.6953934092116658,
        "distance": 0,
        "xpert": [
            [
                447.0,
                131.2
            ],
            [
                440.4,
                129.6
            ],
            [
                441.8,
                123.0
            ],
            [
                443.0,
                119.0
            ],
            [
                447.0,
                116.2
            ],
            [
                452.6,
                117.4
            ],
            [
                453.6,
                123.0
            ],
            [
                453.6,
                129.6
            ]
        ],
        "stack": 0
    },
    {
        "type": "Spine",
        "location": [
            439,
            146
        ],
        "radloc": [
            0,
            0
        ],
        "mean": [
            96.01851851851852,
            85.68055555555556,
            79.04629629629629,
            106.20833333333333,
            91.6574074074074,
            101.30555555555556,
            106.65277777777777,
            78.43981481481481
        ],
        "min": [
            21.0,
            19.0,
            21.0,
            28.0,
            12.0,
            22.0,
            19.0,
            21.0
        ],
        "max": [
            210.0,
            204.0,
            162.0,
            212.0,
            182.0,
            229.0,
            211.0,
            156.0
        ],
        "RawIntDen": [
            20740.0,
            18507.0,
            17074.0,
            22941.0,
            19798.0,
            21882.0,
            23037.0,
            16943.0
        ],
        "IntDen": [
            20402.31705964629,
            18205.67414767955,
            16796.005857107077,
            22567.48098675726,
            19475.654442954547,
            21525.723331686604,
            22661.917941324573,
            16667.138762853767
        ],
        "FlagUp": 0,
        "Times": [
            -15,
            -10,
            -5,
            2,
            10,
            20,
            30,
            40
        ],
        "width": 0,
        "height": 0,
        "area": 0.9837182767428299,
        "distance": -0.6362901264990529,
        "xpert": [
            [
                439.0,
                155.6
            ],
            [
                432.8,
                152.2
            ],
            [
                431.2,
                146.0
            ],
            [
                431.8,
                138.8
            ],
            [
                439.0,
                132.6
            ],
            [
                444.2,
                140.8
            ],
            [
                444.6,
                146.0
            ],
            [
                443.6,
                150.6
            ]
        ],
        "stack": 0
    },
    {
        "type": "Spine",
        "location": [
            392,
            157
        ],
        "radloc": [
            0,
            0
        ],
        "mean": [
            85.02162162162162,
            81.5027027027027,
            77.0972972972973,
            101.70270270270271,
            78.2054054054054,
            77.64864864864865,
            68.19459459459459,
            78.15135135135135
        ],
        "min": [
            9.0,
            13.0,
            16.0,
            29.0,
            16.0,
            11.0,
            14.0,
            15.0
        ],
        "max": [
            218.0,
            205.0,
            168.0,
            189.0,
            146.0,
            188.0,
            158.0,
            165.0
        ],
        "RawIntDen": [
            15729.0,
            15078.0,
            14263.0,
            18815.0,
            14468.0,
            14365.0,
            12616.0,
            14458.0
        ],
        "IntDen": [
            12813.2880135572,
            12282.965011660974,
            11619.04297395679,
            15327.230845894763,
            11786.041768716737,
            11702.135057203202,
            10277.350218007352,
            11777.895486045521
        ],
        "FlagUp": 0,
        "Times": [
            -15,
            -10,
            -5,
            2,
            10,
            20,
            30,
            40
        ],
        "width": 0,
        "height": 0,
        "area": 0.8146282671216988,
        "distance": -1.12013,
        "xpert": [
            [
                392.0,
                164.6
            ],
            [
                386.0,
                163.0
            ],
            [
                385.4,
                157.0
            ],
            [
                385.8,
                150.8
            ],
            [
                392.0,
                149.2
            ],
            [
                399.4,
                149.6
            ],
            [
                399.2,
                157.0
            ],
            [
                397.4,
                162.4
            ]
        ],
        "stack": 0
    },
    {
        "type": "Spine",
        "location": [
            345,
            156
        ],
        "radloc": [
            0,
            0
        ],
        "mean": [
            132.5654761904762,
            113.88690476190476,
            104.79166666666667,
            108.25,
            140.50595238095238,
            114.13095238095238,
            111.69642857142857,
            113.75
        ],
        "min": [
            28.0,
            15.0,
            16.0,
            27.0,
            49.0,
            28.0,
            26.0,
            21.0
        ],
        "max": [
            255.0,
            255.0,
            236.0,
            220.0,
            246.0,
            223.0,
            233.0,
            243.0
        ],
        "RawIntDen": [
            22271.0,
            19133.0,
            17605.0,
            18186.0,
            23605.0,
            19174.0,
            18765.0,
            19110.0
        ],
        "IntDen": [
            16702.72005308093,
            14349.294722984934,
            13203.331082326335,
            13639.067257210265,
            17703.188310043348,
            14380.043747374333,
            14073.303479684957,
            14332.045270278684
        ],
        "FlagUp": 0,
        "Times": [
            -15,
            -10,
            -5,
            2,
            10,
            20,
            30,
            40
        ],
        "width": 0,
        "height": 0,
        "area": 0.7499762046195021,
        "distance": -0.72479,
        "xpert": [
            [
                345.0,
                166.0
            ],
            [
                340.8,
                160.2
            ],
            [
                338.4,
                156.0
            ],
            [
                338.8,
                149.8
            ],
            [
                345.0,
                147.6
            ],
            [
                350.2,
                150.8
            ],
            [
                351.4,
                156.0
            ],
            [
                350.8,
                161.8
            ]
        ],
        "stack": 0
    },
    {
        "type": "Spine",
        "location": [
            265,
            117
        ],
        "radloc": [
            0,
            0
        ],
        "mean": [
            59.34444444444444,
            70.24444444444444,
            61.227777777777774,
            45.51111111111111,
            43.016666666666666,
            41.43888888888889,
            34.705555555555556,
            33.705555555555556
        ],
        "min": [
            10.0,
            13.0,
            9.0,
            7.0,
            6.0,
            7.0,
            6.0,
            6.0
        ],
        "max": [
            139.0,
            151.0,
            155.0,
            124.0,
            133.0,
            122.0,
            120.0,
            110.0
        ],
        "RawIntDen": [
            10682.0,
            12644.0,
            11021.0,
            8192.0,
            7743.0,
            7459.0,
            6247.0,
            6067.0
        ],
        "IntDen": [
            8425.744987357895,
            9973.330801362408,
            8693.141313019227,
            6461.68348028795,
            6107.521385237988,
            5883.507944270974,
            4927.506921552591,
            4785.52657164392
        ],
        "FlagUp": 0,
        "Times": [
            -15,
            -10,
            -5,
            2,
            10,
            20,
            30,
            40
        ],
        "width": 0,
        "height": 0,
        "area": 0.7887797217148377,
        "distance": 2.7174775948742904,
        "xpert": [
            [
                265.0,
                124.6
            ],
            [
                258.4,
                123.6
            ],
            [
                256.8,
                117.0
            ],
            [
                259.2,
                111.2
            ],
            [
                265.0,
                109.2
            ],
            [
                270.4,
                111.6
            ],
            [
                271.2,
                117.0
            ],
            [
                271.2,
                123.2
            ]
        ],
        "stack": 0
    },
    {
        "type": "Spine",
        "location": [
            162,
            125
        ],
        "radloc": [
            0,
            0
        ],
        "mean": [
            53.5514705882353,
            59.61764705882353,
            40.14705882352941,
            37.61029411764706,
            31.573529411764707,
            28.176470588235293,
            22.477941176470587,
            20.948529411764707
        ],
        "min": [
            7.0,
            14.0,
            7.0,
            7.0,
            6.0,
            7.0,
            6.0,
            6.0
        ],
        "max": [
            146.0,
            115.0,
            105.0,
            101.0,
            98.0,
            93.0,
            97.0,
            114.0
        ],
        "RawIntDen": [
            7283.0,
            8108.0,
            5460.0,
            5115.0,
            4294.0,
            3832.0,
            3057.0,
            2849.0
        ],
        "IntDen": [
            4378.604586918023,
            4874.60194847334,
            3282.6007201115485,
            3075.1836416429614,
            2581.5911157800347,
            2303.8325933090573,
            1837.8956779086086,
            1712.8442219043593
        ],
        "FlagUp": 0,
        "Times": [
            -15,
            -10,
            -5,
            2,
            10,
            20,
            30,
            40
        ],
        "width": 0,
        "height": 0,
        "area": 0.6012089230973532,
        "distance": 9.749780379497157,
        "xpert": [
            [
                162.0,
                131.2
            ],
            [
                156.4,
                130.6
            ],
            [
                153.2,
                125.0
            ],
            [
                157.4,
                120.4
            ],
            [
                162.0,
                119.6
            ],
            [
                166.6,
                120.4
            ],
            [
                168.4,
                125.0
            ],
            [
                167.4,
                130.4
            ]
        ],
        "stack": 0
    },
    {
        "type": "Spine",
        "location": [
            119,
            121
        ],
        "radloc": [
            0,
            0
        ],
        "mean": [
            42.07299270072993,
            42.613138686131386,
            28.934306569343065,
            32.12408759124087,
            35.160583941605836,
            36.76642335766423,
            37.43065693430657,
            31.83211678832117
        ],
        "min": [
            9.0,
            8.0,
            8.0,
            9.0,
            10.0,
            11.0,
            9.0,
            8.0
        ],
        "max": [
            110.0,
            90.0,
            81.0,
            84.0,
            78.0,
            85.0,
            100.0,
            93.0
        ],
        "RawIntDen": [
            5764.0,
            5838.0,
            3964.0,
            4401.0,
            4817.0,
            5037.0,
            5128.0,
            4361.0
        ],
        "IntDen": [
            3552.781013930561,
            3598.3927063370256,
            2443.307414854397,
            2712.6629497412214,
            2969.074625972157,
            3104.6769547481326,
            3160.7670089236494,
            2688.007980872862
        ],
        "FlagUp": 0,
        "Times": [
            -15,
            -10,
            -5,
            2,
            10,
            20,
            30,
            40
        ],
        "width": 0,
        "height": 0,
        "area": 0.61637422170898,
        "distance": 13.204724429932416,
        "xpert": [
            [
                119.0,
                126.6
            ],
            [
                115.6,
                124.4
            ],
            [
                113.0,
                121.0
            ],
            [
                113.6,
                115.6
            ],
            [
                119.0,
                112.6
            ],
            [
                124.2,
                115.8
            ],
            [
                126.8,
                121.0
            ],
            [
                124.8,
                126.8
            ]
        ],
        "stack": 0
    },
    {
        "type": "Spine",
        "location": [
            94,
            143
        ],
        "radloc": [
            0,
            0
        ],
        "mean": [
            74.70714285714286,
            59.90714285714286,
            75.86428571428571,
            58.6,
            54.1,
            59.50714285714286,
            58.72857142857143,
            48.65714285714286
        ],
        "min": [
            17.0,
            13.0,
            25.0,
            18.0,
            15.0,
            18.0,
            18.0,
            12.0
        ],
        "max": [
            176.0,
            123.0,
            162.0,
            127.0,
            119.0,
            100.0,
            131.0,
            114.0
        ],
        "RawIntDen": [
            10459.0,
            8387.0,
            10621.0,
            8204.0,
            7574.0,
            8331.0,
            8222.0,
            6812.0
        ],
        "IntDen": [
            6575.732420052509,
            5273.0344972732,
            6677.584284671355,
            5157.979613166726,
            4761.889028537882,
            5237.826445306191,
            5169.296487013265,
            4282.8080357010895
        ],
        "FlagUp": 0,
        "Times": [
            -15,
            -10,
            -5,
            2,
            10,
            20,
            30,
            40
        ],
        "width": 0,
        "height": 0,
        "area": 0.628715213696578,
        "distance": 14.639688353868618,
        "xpert": [
            [
                94.0,
                148.6
            ],
            [
                89.4,
                147.6
            ],
            [
                87.8,
                143.0
            ],
            [
                87.4,
                136.4
            ],
            [
                94.0,
                136.6
            ],
            [
                99.2,
                137.8
            ],
            [
                100.2,
                143.0
            ],
            [
                100.2,
                149.2
            ]
        ],
        "stack": 0
    },
    {
        "type": "Spine",
        "location": [
            69,
            133
        ],
        "radloc": [
            0,
            0
        ],
        "mean": [
            53.78888888888889,
            45.172222222222224,
            45.833333333333336,
            36.25,
            42.766666666666666,
            50.8,
            40.27777777777778,
            39.672222222222224
        ],
        "min": [
            12.0,
            9.0,
            16.0,
            12.0,
            12.0,
            12.0,
            12.0,
            15.0
        ],
        "max": [
            147.0,
            113.0,
            94.0,
            99.0,
            92.0,
            112.0,
            98.0,
            87.0
        ],
        "RawIntDen": [
            9682.0,
            8131.0,
            8250.0,
            6525.0,
            7698.0,
            9144.0,
            7250.0,
            7141.0
        ],
        "IntDen": [
            8050.111592382533,
            6760.5306091367875,
            6859.473315136945,
            5425.219803790129,
            6400.5121915059635,
            7602.790787104512,
            6028.022004211254,
            5937.393811320354
        ],
        "FlagUp": 0,
        "Times": [
            -15,
            -10,
            -5,
            2,
            10,
            20,
            30,
            40
        ],
        "width": 0,
        "height": 0,
        "area": 0.8314513109256902,
        "distance": 16.450693543617195,
        "xpert": [
            [
                69.0,
                141.6
            ],
            [
                64.0,
                138.0
            ],
            [
                61.0,
                133.0
            ],
            [
                60.2,
                124.2
            ],
            [
                69.0,
                125.8
            ],
            [
                73.8,
                128.2
            ],
            [
                74.8,
                133.0
            ],
            [
                74.8,
                138.8
            ]
        ],
        "stack": 0
    },
    {
        "type": "Spine",
        "location": [
            49,
            128
        ],
        "radloc": [
            0,
            0
        ],
        "mean": [
            46.19310344827586,
            55.59310344827586,
            41.11724137931034,
            50.62068965517241,
            60.206896551724135,
            96.73103448275862,
            84.17241379310344,
            83.06206896551724
        ],
        "min": [
            8.0,
            11.0,
            9.0,
            8.0,
            11.0,
            20.0,
            31.0,
            28.0
        ],
        "max": [
            170.0,
            175.0,
            162.0,
            173.0,
            191.0,
            210.0,
            182.0,
            174.0
        ],
        "RawIntDen": [
            6698.0,
            8061.0,
            5962.0,
            7340.0,
            8730.0,
            14026.0,
            12205.0,
            12044.0
        ],
        "IntDen": [
            4311.066697025771,
            5188.341093568937,
            3837.35139559087,
            4724.280315940454,
            5618.932855335172,
            9027.62339392109,
            7855.564203821968,
            7751.938981633082
        ],
        "FlagUp": 0,
        "Times": [
            -15,
            -10,
            -5,
            2,
            10,
            20,
            30,
            40
        ],
        "width": 0,
        "height": 0,
        "area": 0.6436349204278548,
        "distance": 17.768493543617193,
        "xpert": [
            [
                49.0,
                135.2
            ],
            [
                44.4,
                132.6
            ],
            [
                42.4,
                128.0
            ],
            [
                44.0,
                123.0
            ],
            [
                49.0,
                121.8
            ],
            [
                55.2,
                121.8
            ],
            [
                56.0,
                128.0
            ],
            [
                54.8,
                133.8
            ]
        ],
        "stack": 0
    },
    {
        "type": "Spine",
        "location": [
            12,
            126
        ],
        "radloc": [
            0,
            0
        ],
        "mean": [
            59.72,
            87.30285714285715,
            71.10285714285715,
            62.21142857142857,
            64.69142857142857,
            66.83428571428571,
            57.05714285714286,
            52.44
        ],
        "min": [
            13.0,
            13.0,
            19.0,
            17.0,
            14.0,
            7.0,
            8.0,
            7.0
        ],
        "max": [
            134.0,
            228.0,
            170.0,
            138.0,
            151.0,
            170.0,
            147.0,
            146.0
        ],
        "RawIntDen": [
            10451.0,
            15278.0,
            12443.0,
            10887.0,
            11321.0,
            11696.0,
            9985.0,
            9177.0
        ],
        "IntDen": [
            8188.353235698662,
            11970.305304277499,
            9749.08423230298,
            8529.959016079927,
            8869.997797468619,
            9163.810108576361,
            7823.242470428776,
            7190.174877428631
        ],
        "FlagUp": 0,
        "Times": [
            -15,
            -10,
            -5,
            2,
            10,
            20,
            30,
            40
        ],
        "width": 0,
        "height": 0,
        "area": 0.7834994962873085,
        "distance": 19.34323126499054,
        "xpert": [
            [
                12.0,
                134.0
            ],
            [
                6.8,
                131.2
            ],
            [
                4.6,
                126.0
            ],
            [
                6.6,
                120.6
            ],
            [
                12.0,
                118.2
            ],
            [
                18.2,
                119.8
            ],
            [
                18.6,
                126.0
            ],
            [
                19.0,
                133.0
            ]
        ],
        "stack": 0
    }
]