[
    {
        "type": "Stim",
        "location": [
            438,
            262
        ],
        "radloc": [
            0,
            0
        ],
        "mean": [
            54.45238095238095,
            50.69047619047619,
            45.398809523809526,
            70.39285714285714,
            53.732142857142854,
            34.17261904761905,
            27.726190476190474,
            26.0
        ],
        "min": [
            8.0,
            10.0,
            10.0,
            17.0,
            15.0,
            8.0,
            7.0,
            6.0
        ],
        "max": [
            139.0,
            126.0,
            138.0,
            149.0,
            139.0,
            88.0,
            84.0,
            85.0
        ],
        "RawIntDen": [
            9148.0,
            8516.0,
            7627.0,
            11826.0,
            9027.0,
            5741.0,
            4658.0,
            4368.0
        ],
        "IntDen": [
            7068.038044462408,
            6579.734585334703,
            5892.864687922473,
            9137.146689310499,
            6974.549565737009,
            4435.680631095178,
            3598.9201149000764,
            3374.856818781351
        ],
        "FlagUp": 0,
        "Times": [
            -15,
            -10,
            -5,
            2,
            10,
            20,
            30,
            40
        ],
        "width": 0,
        "height": 0,
        "area": 0.7726320555818111,
        "distance": 0,
        "xpert": [
            [
                438.0,
                267.6
            ],
            [
                431.0,
                269.0
            ],
            [
                429.8,
                262.0
            ],
            [
                431.4,
                255.4
            ],
            [
                438.0,
                253.2
            ],
            [
                444.4,
                255.6
            ],
            [
                443.0,
                262.0
            ],
            [
                442.2,
                266.2
            ]
        ],
        "stack": 0
    },
    {
        "type": "Stim",
        "location": [
            317,
            272
        ],
        "radloc": [
            0,
            0
        ],
        "mean": [
            62.22672064777328,
            48.25101214574899,
            54.23481781376518,
            56.611336032388664,
            65.15789473684211,
            47.97165991902834,
            56.63967611336032,
            50.19028340080972
        ],
        "min": [
            13.0,
            13.0,
            13.0,
            15.0,
            18.0,
            13.0,
            10.0,
            9.0
        ],
        "max": [
            164.0,
            116.0,
            128.0,
            130.0,
            147.0,
            121.0,
            151.0,
            160.0
        ],
        "RawIntDen": [
            15370.0,
            11918.0,
            13396.0,
            13983.0,
            16094.0,
            11849.0,
            13990.0,
            12397.0
        ],
        "IntDen": [
            17588.434582980182,
            13638.188897850216,
            15329.516569525213,
            16001.241429655947,
            18416.933388320303,
            13559.229757562276,
            16009.251777221389,
            14186.325538399826
        ],
        "FlagUp": 0,
        "Times": [
            -15,
            -10,
            -5,
            2,
            10,
            20,
            30,
            40
        ],
        "width": 0,
        "height": 0,
        "area": 1.1443353664918792,
        "distance": 0,
        "xpert": [
            [
                317.0,
                281.8
            ],
            [
                310.6,
                278.4
            ],
            [
                308.4,
                272.0
            ],
            [
                307.0,
                262.0
            ],
            [
                317.0,
                262.2
            ],
            [
                323.6,
                265.4
            ],
            [
                323.2,
                272.0
            ],
            [
                323.0,
                278.0
            ]
        ],
        "stack": 0
    },
    {
        "type": "Stim",
        "location": [
            355,
            255
        ],
        "radloc": [
            0,
            0
        ],
        "mean": [
            50.54545454545455,
            50.298701298701296,
            53.506493506493506,
            66.98701298701299,
            38.01298701298701,
            39.01948051948052,
            33.97402597402598,
            23.954545454545453
        ],
        "min": [
            15.0,
            15.0,
            11.0,
            20.0,
            10.0,
            8.0,
            6.0,
            5.0
        ],
        "max": [
            121.0,
            117.0,
            130.0,
            132.0,
            103.0,
            110.0,
            118.0,
            102.0
        ],
        "RawIntDen": [
            7784.0,
            7746.0,
            8240.0,
            10316.0,
            5854.0,
            6009.0,
            5232.0,
            3689.0
        ],
        "IntDen": [
            5485.108488976982,
            5458.331237874576,
            5806.435502205849,
            7269.319009800429,
            4125.1059987758545,
            4234.328996693562,
            3686.804678099636,
            2599.507350441429
        ],
        "FlagUp": 0,
        "Times": [
            -15,
            -10,
            -5,
            2,
            10,
            20,
            30,
            40
        ],
        "width": 0,
        "height": 0,
        "area": 0.7046645026948846,
        "distance": 0,
        "xpert": [
            [
                355.0,
                265.4
            ],
            [
                349.0,
                261.0
            ],
            [
                349.6,
                255.0
            ],
            [
                349.8,
                249.8
            ],
            [
                355.0,
                247.8
            ],
            [
                360.2,
                249.8
            ],
            [
                360.2,
                255.0
            ],
            [
                360.6,
                260.6
            ]
        ],
        "stack": 0
    },
    {
        "type": "Stim",
        "location": [
            360,
            219
        ],
        "radloc": [
            0,
            0
        ],
        "mean": [
            99.12334801762114,
            110.24229074889868,
            107.98678414096916,
            128.77092511013217,
            99.70484581497797,
            101.33480176211454,
            136.68722466960352,
            127.06167400881057
        ],
        "min": [
            11.0,
            16.0,
            19.0,
            20.0,
            12.0,
            23.0,
            24.0,
            18.0
        ],
        "max": [
            245.0,
            255.0,
            253.0,
            246.0,
            243.0,
            222.0,
            247.0,
            235.0
        ],
        "RawIntDen": [
            22501.0,
            25025.0,
            24513.0,
            29231.0,
            22633.0,
            23003.0,
            31028.0,
            28843.0
        ],
        "IntDen": [
            23080.983216574376,
            25670.041553476458,
            25144.84429971502,
            29984.454931055756,
            23216.385633559745,
            23595.922711473286,
            31827.77419865205,
            29586.45388718967
        ],
        "FlagUp": 0,
        "Times": [
            -15,
            -10,
            -5,
            2,
            10,
            20,
            30,
            40
        ],
        "width": 0,
        "height": 0,
        "area": 1.0257758862528055,
        "distance": 0,
        "xpert": [
            [
                360.0,
                230.2
            ],
            [
                353.6,
                225.4
            ],
            [
                351.6,
                219.0
            ],
            [
                354.4,
                213.4
            ],
            [
                360.0,
                208.4
            ],
            [
                366.6,
                212.4
            ],
            [
                366.8,
                219.0
            ],
            [
                366.4,
                225.4
            ]
        ],
        "stack": 0
    },
    {
        "type": "Stim",
        "location": [
            403,
            230
        ],
        "radloc": [
            0,
            0
        ],
        "mean": [
            30.233870967741936,
            29.096774193548388,
            32.774193548387096,
            28.25,
            31.991935483870968,
            55.33870967741935,
            58.87096774193548,
            62.74193548387097
        ],
        "min": [
            7.0,
            8.0,
            9.0,
            8.0,
            9.0,
            14.0,
            12.0,
            20.0
        ],
        "max": [
            103.0,
            94.0,
            87.0,
            64.0,
            80.0,
            121.0,
            105.0,
            136.0
        ],
        "RawIntDen": [
            3749.0,
            3608.0,
            4064.0,
            3503.0,
            3967.0,
            6862.0,
            7300.0,
            7780.0
        ],
        "IntDen": [
            2116.5142017466055,
            2036.9120405179387,
            2294.3488172574566,
            1977.633835347655,
            2239.5870467668133,
            3873.971846461778,
            4121.246645172104,
            4392.232725950544
        ],
        "FlagUp": 0,
        "Times": [
            -15,
            -10,
            -5,
            2,
            10,
            20,
            30,
            40
        ],
        "width": 0,
        "height": 0,
        "area": 0.5645543349550828,
        "distance": 0,
        "xpert": [
            [
                403.0,
                235.8
            ],
            [
                397.2,
                235.8
            ],
            [
                395.6,
                230.0
            ],
            [
                399.2,
                226.2
            ],
            [
                403.0,
                224.0
            ],
            [
                407.8,
                225.2
            ],
            [
                409.2,
                230.0
            ],
            [
                408.6,
                235.6
            ]
        ],
        "stack": 0
    },
    {
        "type": "Stim",
        "location": [
            307,
            240
        ],
        "radloc": [
            0,
            0
        ],
        "mean": [
            58.565934065934066,
            56.06043956043956,
            51.967032967032964,
            57.84065934065934,
            54.214285714285715,
            62.6978021978022,
            61.23076923076923,
            67.06593406593407
        ],
        "min": [
            17.0,
            15.0,
            16.0,
            17.0,
            18.0,
            15.0,
            12.0,
            15.0
        ],
        "max": [
            137.0,
            115.0,
            115.0,
            139.0,
            116.0,
            111.0,
            120.0,
            167.0
        ],
        "RawIntDen": [
            10659.0,
            10203.0,
            9458.0,
            10527.0,
            9867.0,
            11411.0,
            11144.0,
            12206.0
        ],
        "IntDen": [
            9082.98612774295,
            8694.40918110154,
            8059.563073101868,
            8970.503327399383,
            8408.089325681554,
            9723.797232730538,
            9496.27520476287,
            10401.250462072469
        ],
        "FlagUp": 0,
        "Times": [
            -15,
            -10,
            -5,
            2,
            10,
            20,
            30,
            40
        ],
        "width": 0,
        "height": 0,
        "area": 0.8521424268451965,
        "distance": 0,
        "xpert": [
            [
                307.0,
                246.4
            ],
            [
                300.4,
                246.6
            ],
            [
                301.2,
                240.0
            ],
            [
                302.0,
                235.0
            ],
            [
                307.0,
                233.8
            ],
            [
                312.2,
                234.8
            ],
            [
                320.0,
                240.0
            ],
            [
                313.4,
                246.4
            ]
        ],
        "stack": 0
    },
    {
        "type": "Stim",
        "location": [
            268,
            236
        ],
        "radloc": [
            0,
            0
        ],
        "mean": [
            57.25,
            48.80172413793103,
            44.1551724137931,
            58.293103448275865,
            52.58620689655172,
            62.37068965517241,
            70.75,
            89.4396551724138
        ],
        "min": [
            14.0,
            15.0,
            14.0,
            17.0,
            14.0,
            17.0,
            23.0,
            33.0
        ],
        "max": [
            140.0,
            135.0,
            124.0,
            120.0,
            138.0,
            153.0,
            149.0,
            173.0
        ],
        "RawIntDen": [
            6641.0,
            5661.0,
            5122.0,
            6762.0,
            6100.0,
            7235.0,
            8207.0,
            10375.0
        ],
        "IntDen": [
            3483.764046938898,
            2969.6714756393767,
            2686.9205614246403,
            3547.238741966696,
            3199.963964211305,
            3795.3670952571792,
            4305.262992505276,
            5442.561660441359
        ],
        "FlagUp": 0,
        "Times": [
            -15,
            -10,
            -5,
            2,
            10,
            20,
            30,
            40
        ],
        "width": 0,
        "height": 0,
        "area": 0.5245842564280828,
        "distance": 0,
        "xpert": [
            [
                268.0,
                244.2
            ],
            [
                262.4,
                241.6
            ],
            [
                262.8,
                236.0
            ],
            [
                264.8,
                232.8
            ],
            [
                268.0,
                230.4
            ],
            [
                272.0,
                232.0
            ],
            [
                273.8,
                236.0
            ],
            [
                273.8,
                241.8
            ]
        ],
        "stack": 0
    },
    {
        "type": "Spine",
        "location": [
            5,
            279
        ],
        "radloc": [
            0,
            0
        ],
        "mean": [
            44.79136690647482,
            44.65467625899281,
            53.460431654676256,
            37.71223021582734,
            43.07194244604317,
            36.70503597122302,
            32.78417266187051,
            30.359712230215827
        ],
        "min": [
            14.0,
            17.0,
            22.0,
            11.0,
            15.0,
            11.0,
            8.0,
            8.0
        ],
        "max": [
            84.0,
            98.0,
            114.0,
            83.0,
            98.0,
            78.0,
            81.0,
            71.0
        ],
        "RawIntDen": [
            6226.0,
            6207.0,
            7431.0,
            5242.0,
            5987.0,
            5102.0,
            4557.0,
            4220.0
        ],
        "IntDen": [
            3814.6100786541974,
            3802.9689621276266,
            4552.901942576187,
            3211.722780646531,
            3668.177086556807,
            3125.946132556009,
            2792.029895346479,
            2585.5532495857233
        ],
        "FlagUp": 0,
        "Times": [
            -15,
            -10,
            -5,
            2,
            10,
            20,
            30,
            40
        ],
        "width": 0,
        "height": 0,
        "area": 0.6126903435037259,
        "distance": 18.038675822243857,
        "xpert": [
            [
                5.0,
                284.2
            ],
            [
                0.0,
                284.0
            ],
            [
                0.0,
                279.0
            ],
            [
                0.0,
                274.0
            ],
            [
                5.0,
                268.8
            ],
            [
                11.0,
                273.0
            ],
            [
                10.0,
                279.0
            ],
            [
                9.8,
                283.8
            ]
        ],
        "stack": 0
    },
    {
        "type": "Spine",
        "location": [
            78,
            286
        ],
        "radloc": [
            0,
            0
        ],
        "mean": [
            77.03139013452915,
            63.10762331838565,
            62.417040358744394,
            68.21076233183857,
            65.66367713004485,
            58.874439461883405,
            51.71300448430493,
            47.37219730941704
        ],
        "min": [
            16.0,
            9.0,
            14.0,
            12.0,
            19.0,
            17.0,
            10.0,
            11.0
        ],
        "max": [
            165.0,
            167.0,
            154.0,
            163.0,
            151.0,
            149.0,
            104.0,
            114.0
        ],
        "RawIntDen": [
            17178.0,
            14073.0,
            13919.0,
            15211.0,
            14643.0,
            13129.0,
            11532.0,
            10564.0
        ],
        "IntDen": [
            17159.876751769025,
            14058.152609596316,
            13904.315083704336,
            15194.951989239647,
            14627.551244391307,
            13115.148554777945,
            11519.833432378648,
            10552.854698200488
        ],
        "FlagUp": 0,
        "Times": [
            -15,
            -10,
            -5,
            2,
            10,
            20,
            30,
            40
        ],
        "width": 0,
        "height": 0,
        "area": 0.9989449733245446,
        "distance": 13.119535695744801,
        "xpert": [
            [
                78.0,
                294.8
            ],
            [
                72.4,
                291.6
            ],
            [
                71.0,
                286.0
            ],
            [
                73.4,
                281.4
            ],
            [
                78.0,
                273.8
            ],
            [
                86.2,
                277.8
            ],
            [
                86.0,
                286.0
            ],
            [
                84.0,
                292.0
            ]
        ],
        "stack": 0
    },
    {
        "type": "Spine",
        "location": [
            49,
            247
        ],
        "radloc": [
            0,
            0
        ],
        "mean": [
            47.440298507462686,
            38.507462686567166,
            42.82089552238806,
            40.21641791044776,
            39.75373134328358,
            53.350746268656714,
            47.8134328358209,
            54.35820895522388
        ],
        "min": [
            13.0,
            15.0,
            15.0,
            12.0,
            16.0,
            18.0,
            13.0,
            19.0
        ],
        "max": [
            113.0,
            88.0,
            104.0,
            111.0,
            87.0,
            109.0,
            96.0,
            138.0
        ],
        "RawIntDen": [
            6357.0,
            5160.0,
            5738.0,
            5389.0,
            5327.0,
            7149.0,
            6407.0,
            7284.0
        ],
        "IntDen": [
            3780.902900065981,
            3068.972622988904,
            3412.74513773456,
            3205.1731521874426,
            3168.2978997406763,
            4251.954511966604,
            3810.6410068778887,
            4332.247400358755
        ],
        "FlagUp": 0,
        "Times": [
            -15,
            -10,
            -5,
            2,
            10,
            20,
            30,
            40
        ],
        "width": 0,
        "height": 0,
        "area": 0.5947621362381597,
        "distance": 15.084930758994329,
        "xpert": [
            [
                49.0,
                252.8
            ],
            [
                43.8,
                252.2
            ],
            [
                43.2,
                247.0
            ],
            [
                45.2,
                243.2
            ],
            [
                49.0,
                240.8
            ],
            [
                54.2,
                241.8
            ],
            [
                57.8,
                247.0
            ],
            [
                54.8,
                252.8
            ]
        ],
        "stack": 0
    },
    {
        "type": "Spine",
        "location": [
            66,
            250
        ],
        "radloc": [
            0,
            0
        ],
        "mean": [
            60.73267326732673,
            70.20792079207921,
            56.08910891089109,
            52.07920792079208,
            49.504950495049506,
            48.17821782178218,
            55.62376237623762,
            54.801980198019805
        ],
        "min": [
            16.0,
            24.0,
            20.0,
            18.0,
            20.0,
            16.0,
            16.0,
            16.0
        ],
        "max": [
            146.0,
            156.0,
            113.0,
            121.0,
            151.0,
            122.0,
            123.0,
            125.0
        ],
        "RawIntDen": [
            6134.0,
            7091.0,
            5665.0,
            5260.0,
            5000.0,
            4866.0,
            5618.0,
            5535.0
        ],
        "IntDen": [
            2650.994030411664,
            3064.5905884657823,
            2448.301464343345,
            2273.2684382075895,
            2160.901557231549,
            2102.9893954977433,
            2427.988989705368,
            2392.1180238553243
        ],
        "FlagUp": 0,
        "Times": [
            -15,
            -10,
            -5,
            2,
            10,
            20,
            30,
            40
        ],
        "width": 0,
        "height": 0,
        "area": 0.43218031144630975,
        "distance": 13.964800758994327,
        "xpert": [
            [
                66.0,
                254.2
            ],
            [
                61.8,
                254.2
            ],
            [
                57.8,
                250.0
            ],
            [
                61.4,
                245.4
            ],
            [
                66.0,
                244.8
            ],
            [
                69.4,
                246.6
            ],
            [
                71.8,
                250.0
            ],
            [
                70.2,
                254.2
            ]
        ],
        "stack": 0
    },
    {
        "type": "Spine",
        "location": [
            141,
            259
        ],
        "radloc": [
            0,
            0
        ],
        "mean": [
            92.15384615384616,
            108.17094017094017,
            97.3076923076923,
            92.62393162393163,
            115.80341880341881,
            111.3931623931624,
            80.2905982905983,
            78.1025641025641
        ],
        "min": [
            25.0,
            36.0,
            31.0,
            26.0,
            50.0,
            30.0,
            30.0,
            25.0
        ],
        "max": [
            183.0,
            223.0,
            188.0,
            174.0,
            202.0,
            205.0,
            159.0,
            160.0
        ],
        "RawIntDen": [
            10782.0,
            12656.0,
            11385.0,
            10837.0,
            13549.0,
            13033.0,
            9394.0,
            9138.0
        ],
        "IntDen": [
            5548.162607909683,
            6512.478757717025,
            5858.452169453882,
            5576.464309211393,
            6971.995471579327,
            6706.47405573056,
            4833.930582331995,
            4702.19902718222
        ],
        "FlagUp": 0,
        "Times": [
            -15,
            -10,
            -5,
            2,
            10,
            20,
            30,
            40
        ],
        "width": 0,
        "height": 0,
        "area": 0.5145763873038104,
        "distance": 8.777417974371446,
        "xpert": [
            [
                141.0,
                263.2
            ],
            [
                136.8,
                263.2
            ],
            [
                134.8,
                259.0
            ],
            [
                136.8,
                254.8
            ],
            [
                141.0,
                252.2
            ],
            [
                145.8,
                254.2
            ],
            [
                150.0,
                259.0
            ],
            [
                145.2,
                263.2
            ]
        ],
        "stack": 0
    },
    {
        "type": "Spine",
        "location": [
            171,
            244
        ],
        "radloc": [
            0,
            0
        ],
        "mean": [
            47.33510638297872,
            45.57446808510638,
            43.601063829787236,
            38.744680851063826,
            43.079787234042556,
            44.755319148936174,
            38.46808510638298,
            41.25
        ],
        "min": [
            14.0,
            15.0,
            15.0,
            12.0,
            14.0,
            14.0,
            8.0,
            9.0
        ],
        "max": [
            132.0,
            98.0,
            110.0,
            105.0,
            115.0,
            131.0,
            127.0,
            115.0
        ],
        "RawIntDen": [
            8899.0,
            8568.0,
            8197.0,
            7284.0,
            8099.0,
            8414.0,
            7232.0,
            7755.0
        ],
        "IntDen": [
            7813.788042606876,
            7523.152708063346,
            7197.39527871093,
            6395.733464698111,
            7111.3461464291595,
            7387.932643049136,
            6350.074741446559,
            6809.296131072741
        ],
        "FlagUp": 0,
        "Times": [
            -15,
            -10,
            -5,
            2,
            10,
            20,
            30,
            40
        ],
        "width": 0,
        "height": 0,
        "area": 0.8780523702221459,
        "distance": 6.800717974371447,
        "xpert": [
            [
                171.0,
                255.8
            ],
            [
                163.6,
                251.4
            ],
            [
                165.8,
                244.0
            ],
            [
                166.4,
                239.4
            ],
            [
                171.0,
                238.2
            ],
            [
                176.0,
                239.0
            ],
            [
                178.4,
                244.0
            ],
            [
                178.6,
                251.6
            ]
        ],
        "stack": 0
    },
    {
        "type": "Spine",
        "location": [
            185,
            244
        ],
        "radloc": [
            0,
            0
        ],
        "mean": [
            48.62770562770563,
            52.467532467532465,
            51.48051948051948,
            47.32034632034632,
            54.705627705627705,
            50.073593073593074,
            49.04329004329004,
            47.76623376623377
        ],
        "min": [
            11.0,
            16.0,
            14.0,
            15.0,
            14.0,
            13.0,
            14.0,
            11.0
        ],
        "max": [
            126.0,
            116.0,
            123.0,
            116.0,
            152.0,
            131.0,
            112.0,
            118.0
        ],
        "RawIntDen": [
            11233.0,
            12120.0,
            11892.0,
            10931.0,
            12637.0,
            11567.0,
            11329.0,
            11034.0
        ],
        "IntDen": [
            13599.866925034254,
            14673.763654537091,
            14397.722556085404,
            13234.233540242984,
            15299.698952342016,
            14004.242920134533,
            13716.09475596128,
            13358.936317175105
        ],
        "FlagUp": 0,
        "Times": [
            -15,
            -10,
            -5,
            2,
            10,
            20,
            30,
            40
        ],
        "width": 0,
        "height": 0,
        "area": 1.2107065721565258,
        "distance": 5.82367291112192,
        "xpert": [
            [
                185.0,
                254.2
            ],
            [
                177.4,
                251.6
            ],
            [
                177.2,
                244.0
            ],
            [
                179.2,
                238.2
            ],
            [
                185.0,
                236.8
            ],
            [
                193.2,
                235.8
            ],
            [
                192.4,
                244.0
            ],
            [
                195.0,
                254.0
            ]
        ],
        "stack": 0
    },
    {
        "type": "Spine",
        "location": [
            229,
            267
        ],
        "radloc": [
            0,
            0
        ],
        "mean": [
            84.15254237288136,
            91.52542372881356,
            95.32768361581921,
            86.84180790960453,
            71.33898305084746,
            75.18079096045197,
            73.69491525423729,
            71.05649717514125
        ],
        "min": [
            19.0,
            28.0,
            31.0,
            23.0,
            21.0,
            17.0,
            22.0,
            17.0
        ],
        "max": [
            153.0,
            167.0,
            176.0,
            166.0,
            140.0,
            153.0,
            154.0,
            150.0
        ],
        "RawIntDen": [
            14895.0,
            16200.0,
            16873.0,
            15371.0,
            12627.0,
            13307.0,
            13044.0,
            12577.0
        ],
        "IntDen": [
            11743.386818355808,
            12772.263609087888,
            13302.864436798762,
            12118.670613289501,
            9955.269913083504,
            10491.389620131637,
            10284.037439317433,
            9915.849346388788
        ],
        "FlagUp": 0,
        "Times": [
            -15,
            -10,
            -5,
            2,
            10,
            20,
            30,
            40
        ],
        "width": 0,
        "height": 0,
        "area": 0.7884113338943141,
        "distance": 3.0290003794971585,
        "xpert": [
            [
                229.0,
                272.8
            ],
            [
                224.4,
                271.6
            ],
            [
                222.6,
                267.0
            ],
            [
                222.2,
                260.2
            ],
            [
                229.0,
                255.0
            ],
            [
                235.4,
                260.6
            ],
            [
                235.0,
                267.0
            ],
            [
                233.6,
                271.6
            ]
        ],
        "stack": 0
    },
    {
        "type": "Spine",
        "location": [
            234,
            243
        ],
        "radloc": [
            0,
            0
        ],
        "mean": [
            59.005780346820806,
            54.53179190751445,
            47.10982658959538,
            39.91329479768786,
            52.89017341040462,
            55.0,
            41.676300578034684,
            53.895953757225435
        ],
        "min": [
            21.0,
            13.0,
            13.0,
            12.0,
            12.0,
            17.0,
            15.0,
            16.0
        ],
        "max": [
            152.0,
            121.0,
            106.0,
            84.0,
            135.0,
            116.0,
            90.0,
            128.0
        ],
        "RawIntDen": [
            10208.0,
            9434.0,
            8150.0,
            6905.0,
            9150.0,
            9515.0,
            7210.0,
            9324.0
        ],
        "IntDen": [
            7957.2240769883365,
            7353.884398737066,
            6352.995320087671,
            5382.507077939309,
            7132.503948319287,
            7417.024597623827,
            5620.257209549952,
            7268.138449631588
        ],
        "FlagUp": 0,
        "Times": [
            -15,
            -10,
            -5,
            2,
            10,
            20,
            30,
            40
        ],
        "width": 0,
        "height": 0,
        "area": 0.779508628231616,
        "distance": 2.3767226581238163,
        "xpert": [
            [
                234.0,
                250.2
            ],
            [
                227.4,
                249.6
            ],
            [
                227.6,
                243.0
            ],
            [
                229.4,
                238.4
            ],
            [
                234.0,
                237.2
            ],
            [
                239.2,
                237.8
            ],
            [
                245.0,
                243.0
            ],
            [
                240.2,
                249.2
            ]
        ],
        "stack": 0
    },
    {
        "type": "Spine",
        "location": [
            372,
            220
        ],
        "radloc": [
            0,
            0
        ],
        "mean": [
            39.8716814159292,
            46.57079646017699,
            54.3716814159292,
            54.6858407079646,
            51.02654867256637,
            102.34955752212389,
            102.070796460177,
            131.0353982300885
        ],
        "min": [
            8.0,
            10.0,
            10.0,
            9.0,
            10.0,
            20.0,
            21.0,
            47.0
        ],
        "max": [
            141.0,
            165.0,
            176.0,
            158.0,
            164.0,
            218.0,
            213.0,
            225.0
        ],
        "RawIntDen": [
            9011.0,
            10525.0,
            12288.0,
            12359.0,
            11532.0,
            23131.0,
            23068.0,
            29614.0
        ],
        "IntDen": [
            9273.142394880826,
            10831.186739110053,
            12645.474836122026,
            12718.540323863292,
            11867.48175538405,
            23803.912633002816,
            23739.07987627465,
            30475.512027743953
        ],
        "FlagUp": 0,
        "Times": [
            -15,
            -10,
            -5,
            2,
            10,
            20,
            30,
            40
        ],
        "width": 0,
        "height": 0,
        "area": 1.0290913766375347,
        "distance": -0.79068,
        "xpert": [
            [
                372.0,
                228.6
            ],
            [
                366.0,
                226.0
            ],
            [
                365.2,
                220.0
            ],
            [
                365.6,
                213.6
            ],
            [
                372.0,
                210.2
            ],
            [
                377.6,
                214.4
            ],
            [
                379.8,
                220.0
            ],
            [
                381.4,
                229.4
            ]
        ],
        "stack": 0
    }
]