[
    {
        "type": "Stim",
        "location": [
            146,
            225
        ],
        "radloc": [
            0,
            0
        ],
        "mean": [
            62.8974358974359,
            67.41025641025641,
            85.02564102564102,
            50.61538461538461,
            49.67948717948718,
            49.52564102564103,
            34.42307692307692,
            38.80769230769231
        ],
        "min": [
            7.0,
            14.0,
            26.0,
            15.0,
            15.0,
            15.0,
            7.0,
            7.0
        ],
        "max": [
            158.0,
            143.0,
            197.0,
            106.0,
            114.0,
            101.0,
            100.0,
            106.0
        ],
        "RawIntDen": [
            4906.0,
            5258.0,
            6632.0,
            3948.0,
            3875.0,
            3863.0,
            2685.0,
            3027.0
        ],
        "IntDen": [
            1699.1732270887226,
            1821.0870012296175,
            2296.9663355182242,
            1367.3738076939007,
            1342.0905533976354,
            1337.9344020064686,
            929.9388737735875,
            1048.3891884218433
        ],
        "FlagUp": 0,
        "Times": [
            -15,
            -10,
            -5,
            2,
            10,
            20,
            30,
            40
        ],
        "width": 0,
        "height": 0,
        "area": 0.34634594926390594,
        "distance": 0,
        "xpert": [
            [
                146.0,
                231.8
            ],
            [
                142.0,
                229.0
            ],
            [
                140.8,
                225.0
            ],
            [
                142.4,
                221.4
            ],
            [
                146.0,
                220.0
            ],
            [
                149.2,
                221.8
            ],
            [
                150.8,
                225.0
            ],
            [
                149.6,
                228.6
            ]
        ],
        "stack": 0
    },
    {
        "type": "Spine",
        "location": [
            107,
            228
        ],
        "radloc": [
            0,
            0
        ],
        "mean": [
            52.232142857142854,
            109.32142857142857,
            81.17857142857143,
            78.625,
            75.75,
            79.8125,
            77.1875,
            73.10714285714286
        ],
        "min": [
            7.0,
            24.0,
            17.0,
            14.0,
            19.0,
            16.0,
            16.0,
            10.0
        ],
        "max": [
            142.0,
            230.0,
            169.0,
            157.0,
            210.0,
            170.0,
            191.0,
            172.0
        ],
        "RawIntDen": [
            5850.0,
            12244.0,
            9092.0,
            8806.0,
            8484.0,
            8939.0,
            8645.0,
            8188.0
        ],
        "IntDen": [
            2879.890206347861,
            6027.585587439865,
            4475.890898481154,
            4335.0962661708145,
            4176.579232590641,
            4400.570693084364,
            4255.8377493807275,
            4030.8617110386813
        ],
        "FlagUp": 0,
        "Times": [
            -15,
            -10,
            -5,
            2,
            10,
            20,
            30,
            40
        ],
        "width": 0,
        "height": 0,
        "area": 0.4922889241620275,
        "distance": 2.6242950632495265,
        "xpert": [
            [
                107.0,
                235.2
            ],
            [
                102.4,
                232.6
            ],
            [
                100.6,
                228.0
            ],
            [
                102.6,
                223.6
            ],
            [
                107.0,
                220.8
            ],
            [
                110.6,
                224.4
            ],
            [
                111.8,
                228.0
            ],
            [
                111.8,
                232.8
            ]
        ],
        "stack": 0
    },
    {
        "type": "Spine",
        "location": [
            59,
            225
        ],
        "radloc": [
            0,
            0
        ],
        "mean": [
            69.8395061728395,
            80.24691358024691,
            85.98765432098766,
            68.22222222222223,
            70.29629629629629,
            65.4074074074074,
            78.38271604938272,
            79.51851851851852
        ],
        "min": [
            12.0,
            9.0,
            22.0,
            19.0,
            15.0,
            17.0,
            14.0,
            19.0
        ],
        "max": [
            151.0,
            174.0,
            208.0,
            142.0,
            138.0,
            136.0,
            164.0,
            171.0
        ],
        "RawIntDen": [
            5657.0,
            6500.0,
            6965.0,
            5526.0,
            5694.0,
            5298.0,
            6349.0,
            6441.0
        ],
        "IntDen": [
            2074.9393644754227,
            2384.144576469904,
            2554.702611555828,
            2026.8896814727216,
            2088.510648987636,
            1943.2612255596234,
            2328.7590640011417,
            2362.503879545023
        ],
        "FlagUp": 0,
        "Times": [
            -15,
            -10,
            -5,
            2,
            10,
            20,
            30,
            40
        ],
        "width": 0,
        "height": 0,
        "area": 0.36679147330306217,
        "distance": 5.923477721373342,
        "xpert": [
            [
                59.0,
                231.2
            ],
            [
                54.6,
                229.4
            ],
            [
                54.2,
                225.0
            ],
            [
                55.4,
                221.4
            ],
            [
                59.0,
                219.4
            ],
            [
                62.0,
                222.0
            ],
            [
                63.6,
                225.0
            ],
            [
                63.6,
                229.6
            ]
        ],
        "stack": 0
    },
    {
        "type": "Spine",
        "location": [
            32,
            251
        ],
        "radloc": [
            0,
            0
        ],
        "mean": [
            89.5945945945946,
            97.72972972972973,
            87.33108108108108,
            67.22297297297297,
            60.75,
            68.04729729729729,
            50.932432432432435,
            62.70945945945946
        ],
        "min": [
            10.0,
            13.0,
            11.0,
            12.0,
            13.0,
            12.0,
            11.0,
            10.0
        ],
        "max": [
            183.0,
            188.0,
            198.0,
            182.0,
            150.0,
            151.0,
            131.0,
            151.0
        ],
        "RawIntDen": [
            13260.0,
            14464.0,
            12925.0,
            9949.0,
            8991.0,
            10071.0,
            7538.0,
            9281.0
        ],
        "IntDen": [
            8994.586496972324,
            9811.289524299222,
            8767.34769784067,
            6748.653171823352,
            6098.818038784175,
            6831.408794193686,
            5113.212142848973,
            6295.5322231070995
        ],
        "FlagUp": 0,
        "Times": [
            -15,
            -10,
            -5,
            2,
            10,
            20,
            30,
            40
        ],
        "width": 0,
        "height": 0,
        "area": 0.6783247735273246,
        "distance": 7.729800252998105,
        "xpert": [
            [
                32.0,
                258.6
            ],
            [
                26.8,
                256.2
            ],
            [
                26.2,
                251.0
            ],
            [
                27.4,
                246.4
            ],
            [
                32.0,
                242.2
            ],
            [
                39.6,
                243.4
            ],
            [
                37.4,
                251.0
            ],
            [
                36.0,
                255.0
            ]
        ],
        "stack": 0
    },
    {
        "type": "Spine",
        "location": [
            20,
            218
        ],
        "radloc": [
            0,
            0
        ],
        "mean": [
            83.54166666666667,
            79.40277777777777,
            99.06944444444444,
            90.07638888888889,
            114.22222222222223,
            81.09027777777777,
            71.84722222222223,
            88.97222222222223
        ],
        "min": [
            13.0,
            12.0,
            15.0,
            16.0,
            32.0,
            9.0,
            7.0,
            9.0
        ],
        "max": [
            212.0,
            170.0,
            215.0,
            191.0,
            218.0,
            192.0,
            154.0,
            204.0
        ],
        "RawIntDen": [
            12030.0,
            11434.0,
            14266.0,
            12971.0,
            16448.0,
            11677.0,
            10346.0,
            12812.0
        ],
        "IntDen": [
            7660.202923769917,
            7280.694948494201,
            9083.994589401633,
            8259.39252902906,
            10473.401304253333,
            7435.427227004266,
            6587.901866111684,
            8158.1479517323505
        ],
        "FlagUp": 0,
        "Times": [
            -15,
            -10,
            -5,
            2,
            10,
            20,
            30,
            40
        ],
        "width": 0,
        "height": 0,
        "area": 0.636758347778048,
        "distance": 8.73882050599621,
        "xpert": [
            [
                20.0,
                223.2
            ],
            [
                14.8,
                223.2
            ],
            [
                14.2,
                218.0
            ],
            [
                13.8,
                211.8
            ],
            [
                20.0,
                209.4
            ],
            [
                24.6,
                213.4
            ],
            [
                27.8,
                218.0
            ],
            [
                24.8,
                222.8
            ]
        ],
        "stack": 0
    },
    {
        "type": "Spine",
        "location": [
            16,
            203
        ],
        "radloc": [
            0,
            0
        ],
        "mean": [
            127.81218274111676,
            127.25888324873097,
            117.48730964467005,
            121.13705583756345,
            115.73096446700508,
            79.81725888324873,
            97.35532994923858,
            84.41116751269035
        ],
        "min": [
            12.0,
            13.0,
            15.0,
            16.0,
            16.0,
            8.0,
            8.0,
            8.0
        ],
        "max": [
            255.0,
            255.0,
            248.0,
            255.0,
            255.0,
            239.0,
            254.0,
            199.0
        ],
        "RawIntDen": [
            25179.0,
            25070.0,
            23145.0,
            23864.0,
            22799.0,
            15724.0,
            19179.0,
            16629.0
        ],
        "IntDen": [
            21805.47649001182,
            21711.08048789056,
            20043.995129326962,
            20666.662335980065,
            19744.352773969556,
            13617.272819768294,
            16609.366281501916,
            14401.019442885205
        ],
        "FlagUp": 0,
        "Times": [
            -15,
            -10,
            -5,
            2,
            10,
            20,
            30,
            40
        ],
        "width": 0,
        "height": 0,
        "area": 0.8660183680849843,
        "distance": 9.00238050599621,
        "xpert": [
            [
                16.0,
                211.6
            ],
            [
                9.6,
                209.4
            ],
            [
                7.6,
                203.0
            ],
            [
                9.0,
                196.0
            ],
            [
                16.0,
                195.4
            ],
            [
                20.6,
                198.4
            ],
            [
                23.6,
                203.0
            ],
            [
                22.4,
                209.4
            ]
        ],
        "stack": 0
    },
    {
        "type": "Spine",
        "location": [
            175,
            235
        ],
        "radloc": [
            0,
            0
        ],
        "mean": [
            78.97872340425532,
            122.18085106382979,
            84.2872340425532,
            111.18085106382979,
            115.64893617021276,
            128.81914893617022,
            111.11702127659575,
            127.41489361702128
        ],
        "min": [
            15.0,
            16.0,
            12.0,
            7.0,
            15.0,
            32.0,
            17.0,
            19.0
        ],
        "max": [
            189.0,
            255.0,
            192.0,
            233.0,
            251.0,
            253.0,
            237.0,
            249.0
        ],
        "RawIntDen": [
            7424.0,
            11485.0,
            7923.0,
            10451.0,
            10871.0,
            12109.0,
            10445.0,
            11977.0
        ],
        "IntDen": [
            3160.1898680048275,
            4888.844374196585,
            3372.6002591867255,
            4448.699395274576,
            4627.481688453729,
            5154.463781205611,
            4446.145362514874,
            5098.275060492163
        ],
        "FlagUp": 0,
        "Times": [
            -15,
            -10,
            -5,
            2,
            10,
            20,
            30,
            40
        ],
        "width": 0,
        "height": 0,
        "area": 0.4256721266170296,
        "distance": 1.9108100000000001,
        "xpert": [
            [
                175.0,
                239.8
            ],
            [
                170.4,
                239.6
            ],
            [
                169.2,
                235.0
            ],
            [
                171.4,
                231.4
            ],
            [
                175.0,
                228.8
            ],
            [
                179.4,
                230.6
            ],
            [
                180.4,
                235.0
            ],
            [
                179.8,
                239.8
            ]
        ],
        "stack": 0
    },
    {
        "type": "Spine",
        "location": [
            199,
            254
        ],
        "radloc": [
            0,
            0
        ],
        "mean": [
            138.0222222222222,
            111.91111111111111,
            109.72222222222223,
            118.38888888888889,
            116.04444444444445,
            139.51111111111112,
            153.94444444444446,
            106.55555555555556
        ],
        "min": [
            20.0,
            17.0,
            21.0,
            33.0,
            26.0,
            32.0,
            41.0,
            12.0
        ],
        "max": [
            253.0,
            245.0,
            231.0,
            221.0,
            247.0,
            252.0,
            255.0,
            221.0
        ],
        "RawIntDen": [
            12422.0,
            10072.0,
            9875.0,
            10655.0,
            10444.0,
            12556.0,
            13855.0,
            9590.0
        ],
        "IntDen": [
            4903.305622285212,
            3975.6958805068953,
            3897.934553217394,
            4205.822041977856,
            4122.5345289926545,
            4956.199113944061,
            5468.950200995138,
            3785.437201554917
        ],
        "FlagUp": 0,
        "Times": [
            -15,
            -10,
            -5,
            2,
            10,
            20,
            30,
            40
        ],
        "width": 0,
        "height": 0,
        "area": 0.39472754969290064,
        "distance": 3.5467550632495266,
        "xpert": [
            [
                199.0,
                258.8
            ],
            [
                195.4,
                257.6
            ],
            [
                194.0,
                254.0
            ],
            [
                194.6,
                249.6
            ],
            [
                199.0,
                248.8
            ],
            [
                204.2,
                248.8
            ],
            [
                204.6,
                254.0
            ],
            [
                203.0,
                258.0
            ]
        ],
        "stack": 0
    },
    {
        "type": "Spine",
        "location": [
            234,
            254
        ],
        "radloc": [
            0,
            0
        ],
        "mean": [
            165.31506849315068,
            150.23972602739727,
            141.62328767123287,
            135.82191780821918,
            149.71917808219177,
            160.67123287671234,
            149.86986301369862,
            141.06849315068493
        ],
        "min": [
            31.0,
            27.0,
            38.0,
            31.0,
            27.0,
            29.0,
            39.0,
            15.0
        ],
        "max": [
            255.0,
            255.0,
            255.0,
            255.0,
            255.0,
            255.0,
            255.0,
            252.0
        ],
        "RawIntDen": [
            24136.0,
            21935.0,
            20677.0,
            19830.0,
            21859.0,
            23458.0,
            21881.0,
            20596.0
        ],
        "IntDen": [
            15456.231664926952,
            14046.753462469867,
            13241.154380829243,
            12698.75181950205,
            13998.084519540864,
            15022.053463533994,
            14012.172897757153,
            13189.283533760172
        ],
        "FlagUp": 0,
        "Times": [
            -15,
            -10,
            -5,
            2,
            10,
            20,
            30,
            40
        ],
        "width": 0,
        "height": 0,
        "area": 0.6403808280132148,
        "distance": 5.852905063249526,
        "xpert": [
            [
                234.0,
                259.6
            ],
            [
                229.2,
                258.8
            ],
            [
                226.2,
                254.0
            ],
            [
                228.8,
                248.8
            ],
            [
                234.0,
                248.8
            ],
            [
                239.2,
                248.8
            ],
            [
                243.0,
                254.0
            ],
            [
                239.6,
                259.6
            ]
        ],
        "stack": 0
    },
    {
        "type": "Spine",
        "location": [
            277,
            254
        ],
        "radloc": [
            0,
            0
        ],
        "mean": [
            167.87951807228916,
            145.92168674698794,
            159.94578313253012,
            171.1867469879518,
            147.06024096385542,
            166.37951807228916,
            158.86144578313252,
            173.96987951807228
        ],
        "min": [
            24.0,
            13.0,
            25.0,
            24.0,
            20.0,
            23.0,
            21.0,
            30.0
        ],
        "max": [
            255.0,
            255.0,
            255.0,
            255.0,
            255.0,
            255.0,
            255.0,
            255.0
        ],
        "RawIntDen": [
            27868.0,
            24223.0,
            26551.0,
            28417.0,
            24412.0,
            27619.0,
            26371.0,
            28879.0
        ],
        "IntDen": [
            19967.82081676826,
            17356.12615345836,
            19024.171469284272,
            20361.18717346432,
            17491.547358222575,
            19789.408753348736,
            18895.19889331835,
            20692.216785110184
        ],
        "FlagUp": 0,
        "Times": [
            -15,
            -10,
            -5,
            2,
            10,
            20,
            30,
            40
        ],
        "width": 0,
        "height": 0,
        "area": 0.7165143109217834,
        "distance": 8.686175063249527,
        "xpert": [
            [
                277.0,
                261.8
            ],
            [
                271.8,
                259.2
            ],
            [
                268.8,
                254.0
            ],
            [
                271.8,
                248.8
            ],
            [
                277.0,
                248.8
            ],
            [
                282.2,
                248.8
            ],
            [
                285.8,
                254.0
            ],
            [
                283.0,
                260.0
            ]
        ],
        "stack": 0
    },
    {
        "type": "Spine",
        "location": [
            276,
            230
        ],
        "radloc": [
            0,
            0
        ],
        "mean": [
            70.17307692307692,
            76.75,
            76.48076923076923,
            104.28846153846153,
            103.0576923076923,
            58.32692307692308,
            58.36538461538461,
            62.27884615384615
        ],
        "min": [
            8.0,
            15.0,
            17.0,
            14.0,
            29.0,
            16.0,
            18.0,
            11.0
        ],
        "max": [
            169.0,
            176.0,
            165.0,
            220.0,
            181.0,
            135.0,
            131.0,
            159.0
        ],
        "RawIntDen": [
            7298.0,
            7982.0,
            7954.0,
            10846.0,
            10718.0,
            6066.0,
            6070.0,
            6477.0
        ],
        "IntDen": [
            3626.778829847607,
            3966.696166051466,
            3952.781421294583,
            5389.975772612654,
            5326.365510866903,
            3014.53006054475,
            3016.517881224305,
            3218.7786353689985
        ],
        "FlagUp": 0,
        "Times": [
            -15,
            -10,
            -5,
            2,
            10,
            20,
            30,
            40
        ],
        "width": 0,
        "height": 0,
        "area": 0.4969551698886828,
        "distance": 8.620285063249527,
        "xpert": [
            [
                276.0,
                235.6
            ],
            [
                272.4,
                233.6
            ],
            [
                270.8,
                230.0
            ],
            [
                271.8,
                225.8
            ],
            [
                276.0,
                224.4
            ],
            [
                279.6,
                226.4
            ],
            [
                281.6,
                230.0
            ],
            [
                283.6,
                237.6
            ]
        ],
        "stack": 0
    },
    {
        "type": "Spine",
        "location": [
            319,
            255
        ],
        "radloc": [
            0,
            0
        ],
        "mean": [
            72.14736842105263,
            73.18947368421053,
            82.83157894736843,
            92.48421052631579,
            86.45263157894736,
            86.3157894736842,
            83.30526315789474,
            67.38947368421053
        ],
        "min": [
            13.0,
            18.0,
            13.0,
            35.0,
            23.0,
            19.0,
            14.0,
            23.0
        ],
        "max": [
            164.0,
            172.0,
            180.0,
            205.0,
            173.0,
            202.0,
            161.0,
            135.0
        ],
        "RawIntDen": [
            6854.0,
            6953.0,
            7869.0,
            8786.0,
            8213.0,
            8200.0,
            7914.0,
            6402.0
        ],
        "IntDen": [
            2880.9452690658495,
            2922.5579888845714,
            3307.5807298335526,
            3693.0238012857535,
            3452.1744229410306,
            3446.710126399178,
            3326.495602478426,
            2690.9558816106755
        ],
        "FlagUp": 0,
        "Times": [
            -15,
            -10,
            -5,
            2,
            10,
            20,
            30,
            40
        ],
        "width": 0,
        "height": 0,
        "area": 0.42033050321941196,
        "distance": 11.535432658123819,
        "xpert": [
            [
                319.0,
                261.0
            ],
            [
                315.0,
                259.0
            ],
            [
                313.8,
                255.0
            ],
            [
                314.2,
                250.2
            ],
            [
                319.0,
                249.4
            ],
            [
                323.6,
                250.4
            ],
            [
                324.2,
                255.0
            ],
            [
                323.0,
                259.0
            ]
        ],
        "stack": 0
    },
    {
        "type": "Spine",
        "location": [
            309,
            251
        ],
        "radloc": [
            0,
            0
        ],
        "mean": [
            43.934065934065934,
            48.72527472527472,
            54.05494505494506,
            50.120879120879124,
            31.604395604395606,
            48.92307692307692,
            75.64835164835165,
            63.83516483516483
        ],
        "min": [
            11.0,
            10.0,
            11.0,
            11.0,
            8.0,
            10.0,
            27.0,
            16.0
        ],
        "max": [
            150.0,
            184.0,
            192.0,
            150.0,
            117.0,
            140.0,
            137.0,
            130.0
        ],
        "RawIntDen": [
            3998.0,
            4434.0,
            4919.0,
            4561.0,
            2876.0,
            4452.0,
            6884.0,
            5809.0
        ],
        "IntDen": [
            1589.166852470666,
            1762.4726923098883,
            1955.2555646081057,
            1812.953980519937,
            1143.1825582055117,
            1769.6275205601314,
            2736.324315259646,
            2309.022072536793
        ],
        "FlagUp": 0,
        "Times": [
            -15,
            -10,
            -5,
            2,
            10,
            20,
            30,
            40
        ],
        "width": 0,
        "height": 0,
        "area": 0.39749045834683994,
        "distance": 10.876532658123816,
        "xpert": [
            [
                309.0,
                256.0
            ],
            [
                305.6,
                254.4
            ],
            [
                304.4,
                251.0
            ],
            [
                305.2,
                247.2
            ],
            [
                309.0,
                245.8
            ],
            [
                314.2,
                245.8
            ],
            [
                315.4,
                251.0
            ],
            [
                313.4,
                255.4
            ]
        ],
        "stack": 0
    },
    {
        "type": "Spine",
        "location": [
            361,
            248
        ],
        "radloc": [
            0,
            0
        ],
        "mean": [
            114.29729729729729,
            78.09909909909909,
            71.73873873873873,
            81.70270270270271,
            103.46846846846847,
            101.95495495495496,
            153.9189189189189,
            141.27927927927928
        ],
        "min": [
            26.0,
            14.0,
            16.0,
            16.0,
            20.0,
            23.0,
            46.0,
            37.0
        ],
        "max": [
            234.0,
            166.0,
            154.0,
            218.0,
            246.0,
            230.0,
            255.0,
            255.0
        ],
        "RawIntDen": [
            12687.0,
            8669.0,
            7963.0,
            9069.0,
            11485.0,
            11317.0,
            17085.0,
            15682.0
        ],
        "IntDen": [
            6244.8906247971545,
            4267.120424557936,
            3919.6077910664258,
            4464.011435034712,
            5653.233138314442,
            5570.538913914195,
            8409.70728498931,
            7719.112065742018
        ],
        "FlagUp": 0,
        "Times": [
            -15,
            -10,
            -5,
            2,
            10,
            20,
            30,
            40
        ],
        "width": 0,
        "height": 0,
        "area": 0.49222752619194093,
        "distance": 14.411982784622872,
        "xpert": [
            [
                361.0,
                254.0
            ],
            [
                357.0,
                252.0
            ],
            [
                354.6,
                248.0
            ],
            [
                355.6,
                242.6
            ],
            [
                361.0,
                242.2
            ],
            [
                365.8,
                243.2
            ],
            [
                366.6,
                248.0
            ],
            [
                365.6,
                252.6
            ]
        ],
        "stack": 0
    },
    {
        "type": "Spine",
        "location": [
            385,
            240
        ],
        "radloc": [
            0,
            0
        ],
        "mean": [
            81.22151898734177,
            58.37341772151899,
            71.63291139240506,
            79.32911392405063,
            60.93037974683544,
            55.04430379746835,
            51.87341772151899,
            69.18354430379746
        ],
        "min": [
            21.0,
            14.0,
            15.0,
            17.0,
            12.0,
            13.0,
            12.0,
            18.0
        ],
        "max": [
            192.0,
            151.0,
            169.0,
            198.0,
            170.0,
            132.0,
            115.0,
            152.0
        ],
        "RawIntDen": [
            12833.0,
            9223.0,
            11318.0,
            12534.0,
            9627.0,
            8697.0,
            8196.0,
            10931.0
        ],
        "IntDen": [
            9411.706193346012,
            6764.1366961139465,
            8300.607083011779,
            9192.41996628995,
            7060.429792203075,
            6378.368952195922,
            6010.936177095295,
            8016.7817657184805
        ],
        "FlagUp": 0,
        "Times": [
            -15,
            -10,
            -5,
            2,
            10,
            20,
            30,
            40
        ],
        "width": 0,
        "height": 0,
        "area": 0.7333987526958632,
        "distance": 16.184390505996213,
        "xpert": [
            [
                385.0,
                246.2
            ],
            [
                379.8,
                245.2
            ],
            [
                373.2,
                240.0
            ],
            [
                380.0,
                235.0
            ],
            [
                385.0,
                234.8
            ],
            [
                390.6,
                234.4
            ],
            [
                391.6,
                240.0
            ],
            [
                390.6,
                245.6
            ]
        ],
        "stack": 0
    },
    {
        "type": "Spine",
        "location": [
            362,
            212
        ],
        "radloc": [
            0,
            0
        ],
        "mean": [
            51.97701149425287,
            30.79310344827586,
            33.298850574712645,
            22.264367816091955,
            34.87356321839081,
            24.64367816091954,
            19.95402298850575,
            18.54022988505747
        ],
        "min": [
            18.0,
            6.0,
            6.0,
            6.0,
            7.0,
            6.0,
            7.0,
            8.0
        ],
        "max": [
            107.0,
            99.0,
            135.0,
            88.0,
            151.0,
            71.0,
            71.0,
            53.0
        ],
        "RawIntDen": [
            4522.0,
            2679.0,
            2897.0,
            1937.0,
            3034.0,
            2144.0,
            1736.0,
            1613.0
        ],
        "IntDen": [
            1994.0221201254487,
            1181.3324325112953,
            1277.4617607261002,
            854.1399484040235,
            1337.8733110262299,
            945.4187141859712,
            765.5069439490886,
            711.2688367453226
        ],
        "FlagUp": 0,
        "Times": [
            -15,
            -10,
            -5,
            2,
            10,
            20,
            30,
            40
        ],
        "width": 0,
        "height": 0,
        "area": 0.4409602211688299,
        "distance": 15.561480526351895,
        "xpert": [
            [
                362.0,
                218.0
            ],
            [
                359.0,
                215.0
            ],
            [
                356.8,
                212.0
            ],
            [
                358.8,
                208.8
            ],
            [
                362.0,
                206.8
            ],
            [
                366.0,
                208.0
            ],
            [
                366.8,
                212.0
            ],
            [
                369.2,
                219.2
            ]
        ],
        "stack": 0
    },
    {
        "type": "Spine",
        "location": [
            357,
            217
        ],
        "radloc": [
            0,
            0
        ],
        "mean": [
            54.45945945945946,
            48.08783783783784,
            59.45945945945946,
            66.41891891891892,
            72.33108108108108,
            76.37162162162163,
            79.02702702702703,
            62.33108108108108
        ],
        "min": [
            7.0,
            7.0,
            6.0,
            7.0,
            7.0,
            14.0,
            14.0,
            17.0
        ],
        "max": [
            209.0,
            160.0,
            200.0,
            206.0,
            231.0,
            241.0,
            232.0,
            209.0
        ],
        "RawIntDen": [
            8060.0,
            7117.0,
            8800.0,
            9830.0,
            10705.0,
            11303.0,
            11696.0,
            9225.0
        ],
        "IntDen": [
            5742.938949500715,
            5071.029342877989,
            6270.2062972216245,
            7004.105443373701,
            7627.563455881533,
            8053.652474715457,
            8333.674187761831,
            6573.0287604397145
        ],
        "FlagUp": 0,
        "Times": [
            -15,
            -10,
            -5,
            2,
            10,
            20,
            30,
            40
        ],
        "width": 0,
        "height": 0,
        "area": 0.7125234428660937,
        "distance": 14.148422784622872,
        "xpert": [
            [
                357.0,
                227.0
            ],
            [
                350.4,
                223.6
            ],
            [
                352.0,
                217.0
            ],
            [
                352.6,
                212.6
            ],
            [
                357.0,
                211.0
            ],
            [
                360.0,
                214.0
            ],
            [
                362.6,
                217.0
            ],
            [
                365.0,
                225.0
            ]
        ],
        "stack": 0
    },
    {
        "type": "Spine",
        "location": [
            428,
            194
        ],
        "radloc": [
            0,
            0
        ],
        "mean": [
            68.91666666666667,
            68.04166666666667,
            65.5625,
            52.90625,
            54.572916666666664,
            56.708333333333336,
            58.510416666666664,
            92.94791666666667
        ],
        "min": [
            14.0,
            15.0,
            17.0,
            7.0,
            16.0,
            10.0,
            15.0,
            31.0
        ],
        "max": [
            139.0,
            149.0,
            129.0,
            121.0,
            123.0,
            125.0,
            130.0,
            186.0
        ],
        "RawIntDen": [
            6616.0,
            6532.0,
            6294.0,
            5079.0,
            5239.0,
            5444.0,
            5617.0,
            8923.0
        ],
        "IntDen": [
            2938.92189866824,
            2901.6078963272284,
            2795.8848896943623,
            2256.1644986904457,
            2327.2387888638013,
            2418.3027231484125,
            2495.151799398353,
            3963.724320105306
        ],
        "FlagUp": 0,
        "Times": [
            -15,
            -10,
            -5,
            2,
            10,
            20,
            30,
            40
        ],
        "width": 0,
        "height": 0,
        "area": 0.44421431358347035,
        "distance": 19.604048227369557,
        "xpert": [
            [
                428.0,
                199.2
            ],
            [
                423.6,
                198.4
            ],
            [
                419.0,
                194.0
            ],
            [
                423.8,
                189.8
            ],
            [
                428.0,
                188.6
            ],
            [
                431.6,
                190.4
            ],
            [
                433.4,
                194.0
            ],
            [
                431.4,
                197.4
            ]
        ],
        "stack": 0
    },
    {
        "type": "Spine",
        "location": [
            407,
            206
        ],
        "radloc": [
            0,
            0
        ],
        "mean": [
            82.68263473053892,
            64.96407185628742,
            80.562874251497,
            104.2934131736527,
            112.5688622754491,
            106.38922155688623,
            120.89820359281437,
            103.16167664670658
        ],
        "min": [
            13.0,
            9.0,
            13.0,
            14.0,
            20.0,
            31.0,
            40.0,
            30.0
        ],
        "max": [
            174.0,
            167.0,
            199.0,
            252.0,
            246.0,
            236.0,
            244.0,
            215.0
        ],
        "RawIntDen": [
            13808.0,
            10849.0,
            13454.0,
            17417.0,
            18799.0,
            17767.0,
            20190.0,
            17228.0
        ],
        "IntDen": [
            12077.5190536241,
            9489.354302778669,
            11767.883933043066,
            15234.222867683296,
            16443.024383623946,
            15540.359286336863,
            17659.697978901404,
            15068.909201610371
        ],
        "FlagUp": 0,
        "Times": [
            -15,
            -10,
            -5,
            2,
            10,
            20,
            30,
            40
        ],
        "width": 0,
        "height": 0,
        "area": 0.8746754818673306,
        "distance": 17.77043316412003,
        "xpert": [
            [
                407.0,
                213.0
            ],
            [
                397.2,
                215.8
            ],
            [
                400.0,
                206.0
            ],
            [
                402.6,
                201.6
            ],
            [
                407.0,
                197.6
            ],
            [
                411.6,
                201.4
            ],
            [
                413.8,
                206.0
            ],
            [
                413.4,
                212.4
            ]
        ],
        "stack": 0
    },
    {
        "type": "Spine",
        "location": [
            424,
            232
        ],
        "radloc": [
            0,
            0
        ],
        "mean": [
            88.60176991150442,
            71.48672566371681,
            62.76106194690266,
            59.29203539823009,
            68.16814159292035,
            53.80530973451327,
            67.71681415929204,
            62.54867256637168
        ],
        "min": [
            19.0,
            15.0,
            14.0,
            15.0,
            15.0,
            12.0,
            12.0,
            10.0
        ],
        "max": [
            187.0,
            162.0,
            154.0,
            129.0,
            158.0,
            120.0,
            171.0,
            149.0
        ],
        "RawIntDen": [
            10012.0,
            8078.0,
            7092.0,
            6700.0,
            7703.0,
            6080.0,
            7652.0,
            7068.0
        ],
        "IntDen": [
            5017.3158813286045,
            4048.1300129217407,
            3554.0156043130705,
            3357.5725534260537,
            3860.206175976253,
            3046.8718096761804,
            3834.6485341516664,
            3541.9884787485594
        ],
        "FlagUp": 0,
        "Times": [
            -15,
            -10,
            -5,
            2,
            10,
            20,
            30,
            40
        ],
        "width": 0,
        "height": 0,
        "area": 0.5011302318546349,
        "distance": 18.89056316412003,
        "xpert": [
            [
                424.0,
                238.4
            ],
            [
                419.8,
                236.2
            ],
            [
                418.8,
                232.0
            ],
            [
                418.6,
                226.6
            ],
            [
                424.0,
                226.2
            ],
            [
                428.4,
                227.6
            ],
            [
                430.2,
                232.0
            ],
            [
                429.2,
                237.2
            ]
        ],
        "stack": 0
    },
    {
        "type": "Spine",
        "location": [
            455,
            230
        ],
        "radloc": [
            0,
            0
        ],
        "mean": [
            127.2258064516129,
            150.4516129032258,
            138.2516129032258,
            127.91612903225807,
            147.19354838709677,
            141.7741935483871,
            139.47096774193548,
            148.28387096774193
        ],
        "min": [
            17.0,
            34.0,
            17.0,
            32.0,
            20.0,
            28.0,
            26.0,
            35.0
        ],
        "max": [
            255.0,
            255.0,
            255.0,
            255.0,
            255.0,
            255.0,
            255.0,
            255.0
        ],
        "RawIntDen": [
            19720.0,
            23320.0,
            21429.0,
            19827.0,
            22815.0,
            21975.0,
            21618.0,
            22984.0
        ],
        "IntDen": [
            13895.983993143142,
            16432.77620284473,
            15100.2556282487,
            13971.383094931494,
            16076.920628983811,
            15485.002446720107,
            15233.437219258034,
            16196.008929939248
        ],
        "FlagUp": 0,
        "Times": [
            -15,
            -10,
            -5,
            2,
            10,
            20,
            30,
            40
        ],
        "width": 0,
        "height": 0,
        "area": 0.7046645026948855,
        "distance": 21.09690835386861,
        "xpert": [
            [
                455.0,
                239.0
            ],
            [
                450.6,
                234.4
            ],
            [
                448.8,
                230.0
            ],
            [
                449.8,
                224.8
            ],
            [
                455.0,
                224.2
            ],
            [
                460.8,
                224.2
            ],
            [
                463.0,
                230.0
            ],
            [
                461.4,
                236.4
            ]
        ],
        "stack": 0
    }
]