[
    {
        "type": "Stim",
        "location": [
            26,
            277
        ],
        "radloc": [
            0,
            0
        ],
        "mean": [
            77.1,
            76.19444444444444,
            58.68888888888889,
            80.13888888888889,
            57.49444444444445,
            57.53888888888889,
            65.23333333333333,
            47.888888888888886
        ],
        "min": [
            10.0,
            16.0,
            10.0,
            15.0,
            9.0,
            11.0,
            9.0,
            8.0
        ],
        "max": [
            172.0,
            174.0,
            183.0,
            157.0,
            170.0,
            145.0,
            139.0,
            128.0
        ],
        "RawIntDen": [
            13878.0,
            13715.0,
            10564.0,
            14425.0,
            10349.0,
            10357.0,
            11742.0,
            8620.0
        ],
        "IntDen": [
            12095.290204882174,
            11953.228502663136,
            9206.99277449022,
            12572.02487429207,
            9019.610774630755,
            9026.583128113898,
            10233.671824883015,
            7512.710878086492
        ],
        "FlagUp": 0,
        "Times": [
            -15,
            -10,
            -5,
            2,
            10,
            20,
            30,
            40
        ],
        "width": 0,
        "height": 0,
        "area": 0.8715441853928645,
        "distance": 0,
        "xpert": [
            [
                26.0,
                285.8
            ],
            [
                17.2,
                285.8
            ],
            [
                15.2,
                277.0
            ],
            [
                20.6,
                271.6
            ],
            [
                26.0,
                271.2
            ],
            [
                30.4,
                272.6
            ],
            [
                31.6,
                277.0
            ],
            [
                30.0,
                281.0
            ]
        ],
        "stack": 0
    },
    {
        "type": "Stim",
        "location": [
            48,
            279
        ],
        "radloc": [
            0,
            0
        ],
        "mean": [
            108.50259067357513,
            103.84455958549223,
            100.65284974093264,
            92.37823834196891,
            92.25906735751295,
            76.40932642487047,
            84.87046632124353,
            82.27461139896373
        ],
        "min": [
            31.0,
            21.0,
            21.0,
            9.0,
            20.0,
            13.0,
            20.0,
            19.0
        ],
        "max": [
            223.0,
            217.0,
            214.0,
            243.0,
            193.0,
            187.0,
            177.0,
            189.0
        ],
        "RawIntDen": [
            20941.0,
            20042.0,
            19426.0,
            17829.0,
            17806.0,
            14747.0,
            16380.0,
            15879.0
        ],
        "IntDen": [
            19080.305791396248,
            18261.185648782943,
            17699.91978910575,
            16244.819824975106,
            16223.86346982482,
            13436.668234836945,
            14924.569450507164,
            14468.085366581396
        ],
        "FlagUp": 0,
        "Times": [
            -15,
            -10,
            -5,
            2,
            10,
            20,
            30,
            40
        ],
        "width": 0,
        "height": 0,
        "area": 0.9111458760993385,
        "distance": 0,
        "xpert": [
            [
                48.0,
                288.8
            ],
            [
                42.6,
                284.4
            ],
            [
                38.6,
                279.0
            ],
            [
                41.6,
                272.6
            ],
            [
                48.0,
                273.0
            ],
            [
                53.4,
                273.6
            ],
            [
                56.8,
                279.0
            ],
            [
                53.6,
                284.6
            ]
        ],
        "stack": 0
    },
    {
        "type": "Stim",
        "location": [
            95,
            275
        ],
        "radloc": [
            0,
            0
        ],
        "mean": [
            123.66477272727273,
            117.3125,
            110.94318181818181,
            123.8465909090909,
            97.22727272727273,
            101.0,
            93.92045454545455,
            97.375
        ],
        "min": [
            52.0,
            43.0,
            26.0,
            45.0,
            18.0,
            30.0,
            17.0,
            21.0
        ],
        "max": [
            237.0,
            206.0,
            212.0,
            221.0,
            220.0,
            212.0,
            225.0,
            232.0
        ],
        "RawIntDen": [
            21765.0,
            20647.0,
            19526.0,
            21797.0,
            17112.0,
            17776.0,
            16530.0,
            17138.0
        ],
        "IntDen": [
            16984.71386892653,
            16112.262221535771,
            15237.469469545575,
            17009.685651320542,
            13353.660635197371,
            13871.8251198731,
            12899.486342906297,
            13373.950208392505
        ],
        "FlagUp": 0,
        "Times": [
            -15,
            -10,
            -5,
            2,
            10,
            20,
            30,
            40
        ],
        "width": 0,
        "height": 0,
        "area": 0.7803681998128431,
        "distance": 0,
        "xpert": [
            [
                95.0,
                280.2
            ],
            [
                89.8,
                280.2
            ],
            [
                85.6,
                275.0
            ],
            [
                89.0,
                269.0
            ],
            [
                95.0,
                267.2
            ],
            [
                101.8,
                268.2
            ],
            [
                102.2,
                275.0
            ],
            [
                100.2,
                280.2
            ]
        ],
        "stack": 0
    },
    {
        "type": "Stim",
        "location": [
            93,
            299
        ],
        "radloc": [
            0,
            0
        ],
        "mean": [
            37.19867549668874,
            54.264900662251655,
            65.34437086092716,
            70.05298013245033,
            78.23841059602648,
            92.8543046357616,
            84.4635761589404,
            83.35761589403974
        ],
        "min": [
            5.0,
            8.0,
            11.0,
            11.0,
            16.0,
            38.0,
            15.0,
            20.0
        ],
        "max": [
            120.0,
            139.0,
            156.0,
            147.0,
            159.0,
            160.0,
            167.0,
            167.0
        ],
        "RawIntDen": [
            5617.0,
            8194.0,
            9867.0,
            10578.0,
            11814.0,
            14021.0,
            12754.0,
            12587.0
        ],
        "IntDen": [
            4074.667382155025,
            5944.06703389323,
            7157.689702639065,
            7673.46120143063,
            8570.076633929048,
            10171.071989530996,
            9251.968629518458,
            9130.82398774885
        ],
        "FlagUp": 0,
        "Times": [
            -15,
            -10,
            -5,
            2,
            10,
            20,
            30,
            40
        ],
        "width": 0,
        "height": 0,
        "area": 0.7254170165844801,
        "distance": 0,
        "xpert": [
            [
                93.0,
                303.4
            ],
            [
                88.0,
                304.0
            ],
            [
                85.6,
                299.0
            ],
            [
                84.8,
                290.8
            ],
            [
                93.0,
                290.8
            ],
            [
                99.0,
                293.0
            ],
            [
                98.8,
                299.0
            ],
            [
                96.6,
                302.6
            ]
        ],
        "stack": 0
    },
    {
        "type": "Stim",
        "location": [
            137,
            307
        ],
        "radloc": [
            0,
            0
        ],
        "mean": [
            55.391304347826086,
            75.63586956521739,
            81.96195652173913,
            82.9836956521739,
            101.66847826086956,
            109.26086956521739,
            110.45108695652173,
            92.66304347826087
        ],
        "min": [
            9.0,
            11.0,
            14.0,
            11.0,
            36.0,
            39.0,
            42.0,
            20.0
        ],
        "max": [
            169.0,
            155.0,
            189.0,
            156.0,
            226.0,
            179.0,
            189.0,
            173.0
        ],
        "RawIntDen": [
            10192.0,
            13917.0,
            15081.0,
            15269.0,
            18707.0,
            20104.0,
            20323.0,
            17050.0
        ],
        "IntDen": [
            8350.875443061555,
            11402.97621086025,
            12356.706491052917,
            12510.745402286784,
            15327.691023680585,
            16472.331231093947,
            16651.770175563186,
            13970.018279454427
        ],
        "FlagUp": 0,
        "Times": [
            -15,
            -10,
            -5,
            2,
            10,
            20,
            30,
            40
        ],
        "width": 0,
        "height": 0,
        "area": 0.8193559108184415,
        "distance": 0,
        "xpert": [
            [
                137.0,
                312.6
            ],
            [
                131.4,
                312.6
            ],
            [
                126.2,
                307.0
            ],
            [
                130.6,
                300.6
            ],
            [
                137.0,
                300.0
            ],
            [
                144.0,
                300.0
            ],
            [
                144.2,
                307.0
            ],
            [
                141.2,
                311.2
            ]
        ],
        "stack": 0
    },
    {
        "type": "Stim",
        "location": [
            175,
            312
        ],
        "radloc": [
            0,
            0
        ],
        "mean": [
            64.02762430939227,
            49.67403314917127,
            55.74585635359116,
            80.54696132596685,
            81.49723756906077,
            96.67955801104972,
            93.58563535911603,
            83.34806629834254
        ],
        "min": [
            8.0,
            8.0,
            8.0,
            27.0,
            19.0,
            35.0,
            24.0,
            16.0
        ],
        "max": [
            174.0,
            132.0,
            142.0,
            166.0,
            163.0,
            188.0,
            185.0,
            162.0
        ],
        "RawIntDen": [
            11589.0,
            8991.0,
            10090.0,
            14579.0,
            14751.0,
            17499.0,
            16939.0,
            15086.0
        ],
        "IntDen": [
            9666.285508557645,
            7499.315989942341,
            8415.982464522102,
            12160.218865239616,
            12303.682590105602,
            14595.765822266825,
            14128.67462502873,
            12583.10321702482
        ],
        "FlagUp": 0,
        "Times": [
            -15,
            -10,
            -5,
            2,
            10,
            20,
            30,
            40
        ],
        "width": 0,
        "height": 0,
        "area": 0.8340914236394551,
        "distance": 0,
        "xpert": [
            [
                175.0,
                320.2
            ],
            [
                169.6,
                317.4
            ],
            [
                166.2,
                312.0
            ],
            [
                170.8,
                307.8
            ],
            [
                175.0,
                302.8
            ],
            [
                181.6,
                305.4
            ],
            [
                183.0,
                312.0
            ],
            [
                180.4,
                317.4
            ]
        ],
        "stack": 0
    },
    {
        "type": "Stim",
        "location": [
            203,
            311
        ],
        "radloc": [
            0,
            0
        ],
        "mean": [
            40.09375,
            52.890625,
            66.28125,
            69.7578125,
            64.171875,
            75.9453125,
            49.453125,
            58.9375
        ],
        "min": [
            5.0,
            7.0,
            16.0,
            19.0,
            15.0,
            24.0,
            11.0,
            15.0
        ],
        "max": [
            97.0,
            121.0,
            121.0,
            143.0,
            107.0,
            140.0,
            107.0,
            120.0
        ],
        "RawIntDen": [
            5132.0,
            6770.0,
            8484.0,
            8929.0,
            8214.0,
            9721.0,
            6330.0,
            7544.0
        ],
        "IntDen": [
            3032.7834314598963,
            4000.76847836779,
            5013.666140394732,
            5276.641321025997,
            4854.108165629694,
            5744.67804700344,
            3740.7480750469886,
            4458.168006027564
        ],
        "FlagUp": 0,
        "Times": [
            -15,
            -10,
            -5,
            2,
            10,
            20,
            30,
            40
        ],
        "width": 0,
        "height": 0,
        "area": 0.5909554620927312,
        "distance": 0,
        "xpert": [
            [
                203.0,
                315.6
            ],
            [
                200.0,
                314.0
            ],
            [
                195.4,
                311.0
            ],
            [
                195.0,
                303.0
            ],
            [
                203.0,
                302.8
            ],
            [
                207.8,
                306.2
            ],
            [
                207.6,
                311.0
            ],
            [
                206.2,
                314.2
            ]
        ],
        "stack": 0
    },
    {
        "type": "Stim",
        "location": [
            201,
            290
        ],
        "radloc": [
            0,
            0
        ],
        "mean": [
            82.02597402597402,
            49.714285714285715,
            38.90909090909091,
            31.441558441558442,
            52.16883116883117,
            36.61038961038961,
            32.37662337662338,
            36.87012987012987
        ],
        "min": [
            30.0,
            17.0,
            8.0,
            8.0,
            12.0,
            10.0,
            9.0,
            7.0
        ],
        "max": [
            138.0,
            91.0,
            89.0,
            81.0,
            98.0,
            129.0,
            109.0,
            113.0
        ],
        "RawIntDen": [
            6316.0,
            3828.0,
            2996.0,
            2421.0,
            4017.0,
            2819.0,
            2493.0,
            2839.0
        ],
        "IntDen": [
            2450.830139741404,
            1485.3986344094512,
            1162.553372176258,
            939.4331488780776,
            1558.7372817196358,
            1093.871146917514,
            967.3716811867193,
            1101.631850336581
        ],
        "FlagUp": 0,
        "Times": [
            -15,
            -10,
            -5,
            2,
            10,
            20,
            30,
            40
        ],
        "width": 0,
        "height": 0,
        "area": 0.38803517095335716,
        "distance": 0,
        "xpert": [
            [
                201.0,
                295.4
            ],
            [
                196.4,
                294.6
            ],
            [
                195.8,
                290.0
            ],
            [
                197.0,
                286.0
            ],
            [
                201.0,
                285.6
            ],
            [
                203.8,
                287.2
            ],
            [
                204.4,
                290.0
            ],
            [
                206.0,
                295.0
            ]
        ],
        "stack": 0
    },
    {
        "type": "Stim",
        "location": [
            216,
            288
        ],
        "radloc": [
            0,
            0
        ],
        "mean": [
            41.75757575757576,
            28.151515151515152,
            21.62121212121212,
            35.60606060606061,
            45.015151515151516,
            40.93939393939394,
            69.43939393939394,
            59.90909090909091
        ],
        "min": [
            12.0,
            8.0,
            6.0,
            8.0,
            15.0,
            11.0,
            36.0,
            28.0
        ],
        "max": [
            72.0,
            63.0,
            67.0,
            78.0,
            93.0,
            73.0,
            125.0,
            102.0
        ],
        "RawIntDen": [
            2756.0,
            1858.0,
            1427.0,
            2350.0,
            2971.0,
            2702.0,
            4583.0,
            3954.0
        ],
        "IntDen": [
            824.9124271113653,
            556.1274635605649,
            427.12265366034774,
            703.3904948155691,
            889.2651745093855,
            808.749411485816,
            1371.7611224424481,
            1183.4919219152173
        ],
        "FlagUp": 0,
        "Times": [
            -15,
            -10,
            -5,
            2,
            10,
            20,
            30,
            40
        ],
        "width": 0,
        "height": 0,
        "area": 0.29931510417683793,
        "distance": 0,
        "xpert": [
            [
                216.0,
                292.2
            ],
            [
                212.2,
                291.8
            ],
            [
                209.4,
                288.0
            ],
            [
                212.0,
                284.0
            ],
            [
                216.0,
                283.8
            ],
            [
                219.0,
                285.0
            ],
            [
                220.0,
                288.0
            ],
            [
                218.8,
                290.8
            ]
        ],
        "stack": 0
    },
    {
        "type": "Spine",
        "location": [
            241,
            285
        ],
        "radloc": [
            0,
            0
        ],
        "mean": [
            30.330434782608695,
            34.15652173913043,
            25.94782608695652,
            38.44347826086957,
            49.00869565217391,
            72.2,
            53.89565217391304,
            67.68695652173913
        ],
        "min": [
            13.0,
            13.0,
            10.0,
            14.0,
            14.0,
            14.0,
            15.0,
            29.0
        ],
        "max": [
            65.0,
            65.0,
            60.0,
            82.0,
            86.0,
            150.0,
            109.0,
            109.0
        ],
        "RawIntDen": [
            3488.0,
            3928.0,
            2984.0,
            4421.0,
            5636.0,
            8303.0,
            6198.0,
            7784.0
        ],
        "IntDen": [
            1797.8406245910087,
            2024.632446500425,
            1538.0609013129501,
            2278.7423742307483,
            2904.997064276068,
            4279.664766622462,
            3194.6720731694586,
            4012.153503961127
        ],
        "FlagUp": 0,
        "Times": [
            -15,
            -10,
            -5,
            2,
            10,
            20,
            30,
            40
        ],
        "width": 0,
        "height": 0,
        "area": 0.5154359588850369,
        "distance": -1.3178,
        "xpert": [
            [
                241.0,
                290.8
            ],
            [
                236.2,
                289.8
            ],
            [
                232.4,
                285.0
            ],
            [
                236.0,
                280.0
            ],
            [
                241.0,
                278.6
            ],
            [
                245.0,
                281.0
            ],
            [
                246.4,
                285.0
            ],
            [
                244.4,
                288.4
            ]
        ],
        "stack": 0
    },
    {
        "type": "Spine",
        "location": [
            246,
            291
        ],
        "radloc": [
            0,
            0
        ],
        "mean": [
            38.26086956521739,
            30.71014492753623,
            26.231884057971016,
            35.18840579710145,
            37.7536231884058,
            54.27536231884058,
            71.94202898550725,
            62.34782608695652
        ],
        "min": [
            14.0,
            11.0,
            10.0,
            13.0,
            12.0,
            14.0,
            24.0,
            27.0
        ],
        "max": [
            92.0,
            66.0,
            65.0,
            60.0,
            86.0,
            109.0,
            124.0,
            102.0
        ],
        "RawIntDen": [
            2640.0,
            2119.0,
            1810.0,
            2428.0,
            2605.0,
            3745.0,
            4964.0,
            4302.0
        ],
        "IntDen": [
            860.701303875402,
            690.8432056484761,
            590.1020303085143,
            791.5843809884378,
            849.2904911346296,
            1220.9569632626442,
            1618.3792698626876,
            1402.5518974515073
        ],
        "FlagUp": 0,
        "Times": [
            -15,
            -10,
            -5,
            2,
            10,
            20,
            30,
            40
        ],
        "width": 0,
        "height": 0,
        "area": 0.326023221164925,
        "distance": -0.9883500000000001,
        "xpert": [
            [
                246.0,
                296.0
            ],
            [
                241.4,
                295.6
            ],
            [
                240.4,
                291.0
            ],
            [
                242.6,
                287.6
            ],
            [
                246.0,
                285.6
            ],
            [
                249.2,
                287.8
            ],
            [
                249.6,
                291.0
            ],
            [
                249.0,
                294.0
            ]
        ],
        "stack": 0
    },
    {
        "type": "Stim",
        "location": [
            261,
            316
        ],
        "radloc": [
            0,
            0
        ],
        "mean": [
            48.80392156862745,
            56.169934640522875,
            56.33986928104575,
            65.92156862745098,
            72.86274509803921,
            77.86928104575163,
            64.38562091503267,
            68.89542483660131
        ],
        "min": [
            8.0,
            18.0,
            13.0,
            24.0,
            25.0,
            22.0,
            17.0,
            22.0
        ],
        "max": [
            106.0,
            106.0,
            116.0,
            120.0,
            140.0,
            195.0,
            148.0,
            154.0
        ],
        "RawIntDen": [
            7467.0,
            8594.0,
            8620.0,
            10086.0,
            11148.0,
            11914.0,
            9851.0,
            10541.0
        ],
        "IntDen": [
            5263.105217550646,
            6057.469698624648,
            6075.795764736382,
            7109.1039539595295,
            7857.653269754198,
            8397.567371353742,
            6943.4645102573195,
            7429.810110914873
        ],
        "FlagUp": 0,
        "Times": [
            -15,
            -10,
            -5,
            2,
            10,
            20,
            30,
            40
        ],
        "width": 0,
        "height": 0,
        "area": 0.7048486966051487,
        "distance": 0,
        "xpert": [
            [
                261.0,
                321.8
            ],
            [
                256.0,
                321.0
            ],
            [
                252.6,
                316.0
            ],
            [
                255.2,
                310.2
            ],
            [
                261.0,
                308.0
            ],
            [
                268.4,
                308.6
            ],
            [
                266.4,
                316.0
            ],
            [
                264.8,
                319.8
            ]
        ],
        "stack": 0
    },
    {
        "type": "Stim",
        "location": [
            270,
            297
        ],
        "radloc": [
            0,
            0
        ],
        "mean": [
            66.04705882352941,
            62.772549019607844,
            72.66666666666667,
            76.7921568627451,
            108.46666666666667,
            94.3686274509804,
            109.79607843137255,
            101.9843137254902
        ],
        "min": [
            15.0,
            14.0,
            13.0,
            16.0,
            32.0,
            24.0,
            19.0,
            16.0
        ],
        "max": [
            135.0,
            141.0,
            146.0,
            171.0,
            196.0,
            160.0,
            221.0,
            191.0
        ],
        "RawIntDen": [
            16842.0,
            16007.0,
            18530.0,
            19582.0,
            27659.0,
            24064.0,
            27998.0,
            26006.0
        ],
        "IntDen": [
            22677.036945866763,
            21552.74494670997,
            24949.85717889272,
            26366.33045208188,
            37241.66755051234,
            32401.15289546003,
            37698.11663759516,
            35015.97332942709
        ],
        "FlagUp": 0,
        "Times": [
            -15,
            -10,
            -5,
            2,
            10,
            20,
            30,
            40
        ],
        "width": 0,
        "height": 0,
        "area": 1.3464574840201142,
        "distance": 0,
        "xpert": [
            [
                270.0,
                307.2
            ],
            [
                263.8,
                303.2
            ],
            [
                257.0,
                297.0
            ],
            [
                263.6,
                290.6
            ],
            [
                270.0,
                292.0
            ],
            [
                273.8,
                293.2
            ],
            [
                279.0,
                297.0
            ],
            [
                280.6,
                307.6
            ]
        ],
        "stack": 0
    },
    {
        "type": "Stim",
        "location": [
            281,
            334
        ],
        "radloc": [
            0,
            0
        ],
        "mean": [
            49.482608695652175,
            49.917391304347824,
            42.18695652173913,
            62.89565217391304,
            73.61304347826086,
            79.18695652173913,
            64.0,
            80.60434782608695
        ],
        "min": [
            8.0,
            9.0,
            9.0,
            16.0,
            30.0,
            20.0,
            11.0,
            16.0
        ],
        "max": [
            137.0,
            121.0,
            100.0,
            135.0,
            134.0,
            144.0,
            156.0,
            173.0
        ],
        "RawIntDen": [
            11381.0,
            11481.0,
            9703.0,
            14466.0,
            16931.0,
            18213.0,
            14720.0,
            18539.0
        ],
        "IntDen": [
            12081.738444924447,
            12187.895535205833,
            10300.422470002804,
            15356.68468010518,
            17973.456955541325,
            19334.390852948683,
            15626.323689419898,
            19680.462967265998
        ],
        "FlagUp": 0,
        "Times": [
            -15,
            -10,
            -5,
            2,
            10,
            20,
            30,
            40
        ],
        "width": 0,
        "height": 0,
        "area": 1.0615709028138518,
        "distance": 0,
        "xpert": [
            [
                281.0,
                341.6
            ],
            [
                273.6,
                341.4
            ],
            [
                272.4,
                334.0
            ],
            [
                274.2,
                327.2
            ],
            [
                281.0,
                322.0
            ],
            [
                286.0,
                329.0
            ],
            [
                290.0,
                334.0
            ],
            [
                286.8,
                339.8
            ]
        ],
        "stack": 0
    },
    {
        "type": "Stim",
        "location": [
            327,
            332
        ],
        "radloc": [
            0,
            0
        ],
        "mean": [
            55.99626865671642,
            50.65298507462686,
            54.37313432835821,
            73.81343283582089,
            73.67910447761194,
            74.70522388059702,
            87.41417910447761,
            72.28358208955224
        ],
        "min": [
            7.0,
            8.0,
            9.0,
            29.0,
            21.0,
            17.0,
            35.0,
            17.0
        ],
        "max": [
            152.0,
            119.0,
            129.0,
            147.0,
            141.0,
            166.0,
            153.0,
            169.0
        ],
        "RawIntDen": [
            15007.0,
            13575.0,
            14572.0,
            19782.0,
            19746.0,
            20021.0,
            23427.0,
            19372.0
        ],
        "IntDen": [
            18027.178030438987,
            16306.986190658308,
            17504.63372156706,
            23763.152915182516,
            23719.907868931048,
            24050.251972240883,
            28141.71384814381,
            23270.63988842967
        ],
        "FlagUp": 0,
        "Times": [
            -15,
            -10,
            -5,
            2,
            10,
            20,
            30,
            40
        ],
        "width": 0,
        "height": 0,
        "area": 1.201251284763043,
        "distance": 0,
        "xpert": [
            [
                327.0,
                341.0
            ],
            [
                318.0,
                341.0
            ],
            [
                317.4,
                332.0
            ],
            [
                320.2,
                325.2
            ],
            [
                327.0,
                324.8
            ],
            [
                334.2,
                324.8
            ],
            [
                337.0,
                332.0
            ],
            [
                333.8,
                338.8
            ]
        ],
        "stack": 0
    },
    {
        "type": "Spine",
        "location": [
            302,
            331
        ],
        "radloc": [
            0,
            0
        ],
        "mean": [
            69.84615384615384,
            69.08974358974359,
            69.80341880341881,
            77.02564102564102,
            87.37179487179488,
            78.40598290598291,
            77.6923076923077,
            78.55555555555556
        ],
        "min": [
            17.0,
            13.0,
            15.0,
            23.0,
            27.0,
            27.0,
            16.0,
            22.0
        ],
        "max": [
            165.0,
            189.0,
            138.0,
            160.0,
            189.0,
            157.0,
            162.0,
            157.0
        ],
        "RawIntDen": [
            16344.0,
            16167.0,
            16334.0,
            18024.0,
            20445.0,
            18347.0,
            18180.0,
            18382.0
        ],
        "IntDen": [
            17862.093931376217,
            17668.653486818363,
            17851.165092700634,
            19698.138828874507,
            22344.01067223365,
            20051.140318095906,
            19868.628712213635,
            20089.391253460453
        ],
        "FlagUp": 0,
        "Times": [
            -15,
            -10,
            -5,
            2,
            10,
            20,
            30,
            40
        ],
        "width": 0,
        "height": 0,
        "area": 1.0928838675585058,
        "distance": -0.7134850632495265,
        "xpert": [
            [
                302.0,
                337.2
            ],
            [
                294.8,
                338.2
            ],
            [
                290.8,
                331.0
            ],
            [
                294.8,
                323.8
            ],
            [
                302.0,
                323.2
            ],
            [
                309.8,
                323.2
            ],
            [
                311.6,
                331.0
            ],
            [
                306.8,
                335.8
            ]
        ],
        "stack": 0
    },
    {
        "type": "Stim",
        "location": [
            357,
            334
        ],
        "radloc": [
            0,
            0
        ],
        "mean": [
            38.016806722689076,
            32.2436974789916,
            43.705882352941174,
            51.12605042016807,
            53.3109243697479,
            59.91596638655462,
            48.80672268907563,
            41.554621848739494
        ],
        "min": [
            6.0,
            7.0,
            8.0,
            10.0,
            9.0,
            15.0,
            10.0,
            11.0
        ],
        "max": [
            111.0,
            79.0,
            89.0,
            110.0,
            121.0,
            117.0,
            122.0,
            97.0
        ],
        "RawIntDen": [
            4524.0,
            3837.0,
            5201.0,
            6084.0,
            6344.0,
            7130.0,
            5808.0,
            4945.0
        ],
        "IntDen": [
            2604.04140633849,
            2208.6001052433217,
            2993.7266477379503,
            3501.986718869004,
            3651.644270957423,
            4104.070563040105,
            3343.1194712674514,
            2846.3715195278146
        ],
        "FlagUp": 0,
        "Times": [
            -15,
            -10,
            -5,
            2,
            10,
            20,
            30,
            40
        ],
        "width": 0,
        "height": 0,
        "area": 0.5756059695708422,
        "distance": 0,
        "xpert": [
            [
                357.0,
                343.6
            ],
            [
                351.6,
                339.4
            ],
            [
                349.6,
                334.0
            ],
            [
                353.8,
                330.8
            ],
            [
                357.0,
                327.2
            ],
            [
                361.8,
                329.2
            ],
            [
                361.8,
                334.0
            ],
            [
                360.8,
                337.8
            ]
        ],
        "stack": 0
    },
    {
        "type": "Stim",
        "location": [
            374,
            306
        ],
        "radloc": [
            0,
            0
        ],
        "mean": [
            56.83870967741935,
            43.11290322580645,
            39.87096774193548,
            32.16129032258065,
            26.870967741935484,
            34.37096774193548,
            26.967741935483872,
            27.419354838709676
        ],
        "min": [
            25.0,
            11.0,
            11.0,
            9.0,
            7.0,
            12.0,
            8.0,
            8.0
        ],
        "max": [
            96.0,
            99.0,
            88.0,
            67.0,
            65.0,
            67.0,
            70.0,
            56.0
        ],
        "RawIntDen": [
            3524.0,
            2673.0,
            2472.0,
            1994.0,
            1666.0,
            2131.0,
            1672.0,
            1700.0
        ],
        "IntDen": [
            1050.459098187406,
            796.786937983807,
            736.8714218840146,
            594.385766681523,
            496.6131831952946,
            635.22370551571,
            498.40170606394514,
            506.74814611764754
        ],
        "FlagUp": 0,
        "Times": [
            -15,
            -10,
            -5,
            2,
            10,
            20,
            30,
            40
        ],
        "width": 0,
        "height": 0,
        "area": 0.2980871447750868,
        "distance": 0,
        "xpert": [
            [
                374.0,
                311.2
            ],
            [
                368.0,
                312.0
            ],
            [
                369.4,
                306.0
            ],
            [
                371.4,
                303.4
            ],
            [
                374.0,
                302.4
            ],
            [
                376.4,
                303.6
            ],
            [
                377.2,
                306.0
            ],
            [
                377.2,
                309.2
            ]
        ],
        "stack": 0
    },
    {
        "type": "Spine",
        "location": [
            397,
            302
        ],
        "radloc": [
            0,
            0
        ],
        "mean": [
            56.05172413793103,
            43.91379310344828,
            37.98275862068966,
            22.06896551724138,
            15.706896551724139,
            25.551724137931036,
            18.5,
            14.189655172413794
        ],
        "min": [
            27.0,
            14.0,
            10.0,
            8.0,
            7.0,
            8.0,
            7.0,
            6.0
        ],
        "max": [
            95.0,
            92.0,
            84.0,
            49.0,
            40.0,
            54.0,
            58.0,
            29.0
        ],
        "RawIntDen": [
            3251.0,
            2547.0,
            2203.0,
            1280.0,
            911.0,
            1482.0,
            1073.0,
            823.0
        ],
        "IntDen": [
            861.2947152562983,
            674.7824176431227,
            583.6457267639573,
            339.1132683875921,
            241.35327148523155,
            392.62958105500894,
            284.2722945155362,
            218.0392342835846
        ],
        "FlagUp": 0,
        "Times": [
            -15,
            -10,
            -5,
            2,
            10,
            20,
            30,
            40
        ],
        "width": 0,
        "height": 0,
        "area": 0.2649322409278063,
        "distance": 1.51547,
        "xpert": [
            [
                397.0,
                307.6
            ],
            [
                393.8,
                305.2
            ],
            [
                391.8,
                302.0
            ],
            [
                392.6,
                297.6
            ],
            [
                397.0,
                298.2
            ],
            [
                399.2,
                299.8
            ],
            [
                400.6,
                302.0
            ],
            [
                399.6,
                304.6
            ]
        ],
        "stack": 0
    },
    {
        "type": "Spine",
        "location": [
            390,
            328
        ],
        "radloc": [
            0,
            0
        ],
        "mean": [
            42.054794520547944,
            51.58904109589041,
            67.91780821917808,
            43.986301369863014,
            53.054794520547944,
            58.19178082191781,
            60.10958904109589,
            56.013698630136986
        ],
        "min": [
            8.0,
            13.0,
            30.0,
            12.0,
            15.0,
            18.0,
            20.0,
            22.0
        ],
        "max": [
            90.0,
            105.0,
            113.0,
            83.0,
            111.0,
            115.0,
            121.0,
            98.0
        ],
        "RawIntDen": [
            3070.0,
            3766.0,
            4958.0,
            3211.0,
            3873.0,
            4248.0,
            4388.0,
            4089.0
        ],
        "IntDen": [
            1070.633243198775,
            1313.3566103865105,
            1729.055250742517,
            1119.8056494824973,
            1350.6718406869238,
            1481.4495169734191,
            1530.273182787044,
            1425.9997822279452
        ],
        "FlagUp": 0,
        "Times": [
            -15,
            -10,
            -5,
            2,
            10,
            20,
            30,
            40
        ],
        "width": 0,
        "height": 0,
        "area": 0.3487404700973209,
        "distance": 1.05424,
        "xpert": [
            [
                390.0,
                332.0
            ],
            [
                387.2,
                330.8
            ],
            [
                385.0,
                328.0
            ],
            [
                384.2,
                322.2
            ],
            [
                390.0,
                322.2
            ],
            [
                393.2,
                324.8
            ],
            [
                395.2,
                328.0
            ],
            [
                393.0,
                331.0
            ]
        ],
        "stack": 0
    },
    {
        "type": "Spine",
        "location": [
            404,
            329
        ],
        "radloc": [
            0,
            0
        ],
        "mean": [
            34.890625,
            41.328125,
            53.1875,
            49.640625,
            40.859375,
            37.765625,
            50.890625,
            47.421875
        ],
        "min": [
            11.0,
            16.0,
            29.0,
            21.0,
            16.0,
            10.0,
            23.0,
            23.0
        ],
        "max": [
            70.0,
            80.0,
            102.0,
            88.0,
            85.0,
            76.0,
            99.0,
            79.0
        ],
        "RawIntDen": [
            2233.0,
            2645.0,
            3404.0,
            3177.0,
            2615.0,
            2417.0,
            3257.0,
            3035.0
        ],
        "IntDen": [
            668.3706276268791,
            791.6884505477364,
            1018.8686146179563,
            950.9240859698141,
            782.7089974224311,
            723.4446067954173,
            974.8692943039612,
            908.4213411767031
        ],
        "FlagUp": 0,
        "Times": [
            -15,
            -10,
            -5,
            2,
            10,
            20,
            30,
            40
        ],
        "width": 0,
        "height": 0,
        "area": 0.29931510417683793,
        "distance": 1.9767000000000001,
        "xpert": [
            [
                404.0,
                333.6
            ],
            [
                400.6,
                332.4
            ],
            [
                397.8,
                329.0
            ],
            [
                399.6,
                324.6
            ],
            [
                404.0,
                324.2
            ],
            [
                406.4,
                326.6
            ],
            [
                407.8,
                329.0
            ],
            [
                407.0,
                332.0
            ]
        ],
        "stack": 0
    },
    {
        "type": "Spine",
        "location": [
            457,
            322
        ],
        "radloc": [
            0,
            0
        ],
        "mean": [
            20.67924528301887,
            30.641509433962263,
            25.962264150943398,
            22.39622641509434,
            34.301886792452834,
            49.679245283018865,
            35.39622641509434,
            33.79245283018868
        ],
        "min": [
            6.0,
            9.0,
            8.0,
            8.0,
            16.0,
            21.0,
            10.0,
            13.0
        ],
        "max": [
            53.0,
            66.0,
            52.0,
            49.0,
            57.0,
            76.0,
            77.0,
            83.0
        ],
        "RawIntDen": [
            1096.0,
            1624.0,
            1376.0,
            1187.0,
            1818.0,
            2633.0,
            1876.0,
            1791.0
        ],
        "IntDen": [
            260.42071808577265,
            385.8788742438821,
            326.95155847264886,
            282.0432412115074,
            431.97524222621774,
            625.6275097808752,
            445.7566305920707,
            425.55976833176896
        ],
        "FlagUp": 0,
        "Times": [
            -15,
            -10,
            -5,
            2,
            10,
            20,
            30,
            40
        ],
        "width": 0,
        "height": 0,
        "area": 0.23761014423884363,
        "distance": 6.405377974371449,
        "xpert": [
            [
                457.0,
                326.0
            ],
            [
                454.0,
                325.0
            ],
            [
                452.8,
                322.0
            ],
            [
                453.8,
                318.8
            ],
            [
                457.0,
                317.8
            ],
            [
                460.4,
                318.6
            ],
            [
                461.4,
                322.0
            ],
            [
                460.2,
                325.2
            ]
        ],
        "stack": 0
    },
    {
        "type": "Spine",
        "location": [
            480,
            292
        ],
        "radloc": [
            0,
            0
        ],
        "mean": [
            39.57446808510638,
            41.297872340425535,
            33.702127659574465,
            33.765957446808514,
            27.04255319148936,
            25.4468085106383,
            29.25531914893617,
            25.02127659574468
        ],
        "min": [
            21.0,
            26.0,
            16.0,
            19.0,
            13.0,
            12.0,
            13.0,
            13.0
        ],
        "max": [
            61.0,
            65.0,
            59.0,
            73.0,
            50.0,
            48.0,
            50.0,
            40.0
        ],
        "RawIntDen": [
            1860.0,
            1941.0,
            1584.0,
            1587.0,
            1271.0,
            1196.0,
            1375.0,
            1176.0
        ],
        "IntDen": [
            389.9937661991501,
            406.97736569491957,
            332.1237234728246,
            332.75274567637166,
            266.4957402360859,
            250.7701851474105,
            288.3018432923825,
            246.5767037904304
        ],
        "FlagUp": 0,
        "Times": [
            -15,
            -10,
            -5,
            2,
            10,
            20,
            30,
            40
        ],
        "width": 0,
        "height": 0,
        "area": 0.20967406784900544,
        "distance": 7.684580505996209,
        "xpert": [
            [
                480.0,
                296.2
            ],
            [
                477.0,
                295.0
            ],
            [
                476.0,
                292.0
            ],
            [
                477.0,
                289.0
            ],
            [
                480.0,
                287.8
            ],
            [
                482.8,
                289.2
            ],
            [
                483.8,
                292.0
            ],
            [
                483.0,
                295.0
            ]
        ],
        "stack": 0
    },
    {
        "type": "Spine",
        "location": [
            441,
            301
        ],
        "radloc": [
            0,
            0
        ],
        "mean": [
            26.125,
            34.85,
            20.6,
            25.675,
            14.425,
            16.575,
            14.0,
            12.975
        ],
        "min": [
            14.0,
            21.0,
            10.0,
            15.0,
            8.0,
            7.0,
            7.0,
            7.0
        ],
        "max": [
            39.0,
            56.0,
            38.0,
            39.0,
            25.0,
            28.0,
            36.0,
            27.0
        ],
        "RawIntDen": [
            1045.0,
            1394.0,
            824.0,
            1027.0,
            577.0,
            663.0,
            560.0,
            519.0
        ],
        "IntDen": [
            187.67057031887742,
            250.3471531335073,
            147.9813875050287,
            184.43796719376758,
            103.62288906602132,
            119.06754844154615,
            100.56987500341756,
            93.20672344066735
        ],
        "FlagUp": 0,
        "Times": [
            -15,
            -10,
            -5,
            2,
            10,
            20,
            30,
            40
        ],
        "width": 0,
        "height": 0,
        "area": 0.1795890625061028,
        "distance": 5.148785316247633,
        "xpert": [
            [
                441.0,
                305.0
            ],
            [
                438.4,
                303.6
            ],
            [
                437.4,
                301.0
            ],
            [
                438.0,
                298.0
            ],
            [
                441.0,
                297.0
            ],
            [
                443.2,
                298.8
            ],
            [
                444.4,
                301.0
            ],
            [
                444.0,
                304.0
            ]
        ],
        "stack": 0
    },
    {
        "type": "Spine",
        "location": [
            117,
            303
        ],
        "radloc": [
            0,
            0
        ],
        "mean": [
            27.603053435114504,
            38.54961832061068,
            43.908396946564885,
            67.26717557251908,
            60.48854961832061,
            54.221374045801525,
            54.17557251908397,
            47.14503816793893
        ],
        "min": [
            7.0,
            11.0,
            15.0,
            27.0,
            23.0,
            25.0,
            21.0,
            20.0
        ],
        "max": [
            68.0,
            79.0,
            85.0,
            123.0,
            100.0,
            115.0,
            119.0,
            102.0
        ],
        "RawIntDen": [
            3616.0,
            5050.0,
            5752.0,
            8812.0,
            7924.0,
            7103.0,
            7097.0,
            6176.0
        ],
        "IntDen": [
            2462.1470135879413,
            3438.5626157685574,
            3916.5568645348003,
            6000.1215386440645,
            5395.4792410594155,
            4836.457477188923,
            4832.372056259297,
            4205.259943561705
        ],
        "FlagUp": 0,
        "Times": [
            -15,
            -10,
            -5,
            2,
            10,
            20,
            30,
            40
        ],
        "width": 0,
        "height": 0,
        "area": 0.6809034882710014,
        "distance": -1.44958,
        "xpert": [
            [
                117.0,
                308.4
            ],
            [
                110.6,
                309.4
            ],
            [
                109.8,
                303.0
            ],
            [
                113.6,
                299.6
            ],
            [
                117.0,
                295.8
            ],
            [
                121.2,
                298.8
            ],
            [
                126.4,
                303.0
            ],
            [
                122.6,
                308.6
            ]
        ],
        "stack": 0
    },
    {
        "type": "Spine",
        "location": [
            117,
            281
        ],
        "radloc": [
            0,
            0
        ],
        "mean": [
            52.84567901234568,
            38.32098765432099,
            40.4320987654321,
            72.4753086419753,
            82.95679012345678,
            55.54938271604938,
            68.68518518518519,
            67.78395061728395
        ],
        "min": [
            18.0,
            6.0,
            8.0,
            23.0,
            26.0,
            12.0,
            19.0,
            29.0
        ],
        "max": [
            114.0,
            124.0,
            140.0,
            157.0,
            161.0,
            135.0,
            129.0,
            135.0
        ],
        "RawIntDen": [
            8561.0,
            6208.0,
            6550.0,
            11741.0,
            13439.0,
            8999.0,
            11127.0,
            10981.0
        ],
        "IntDen": [
            6551.953293227456,
            4751.1419278537605,
            5012.883316276117,
            8985.689010137083,
            10285.212043883166,
            6887.165948575385,
            8515.779032092267,
            8404.041480309625
        ],
        "FlagUp": 0,
        "Times": [
            -15,
            -10,
            -5,
            2,
            10,
            20,
            30,
            40
        ],
        "width": 0,
        "height": 0,
        "area": 0.7653256971413919,
        "distance": -1.44958,
        "xpert": [
            [
                117.0,
                289.0
            ],
            [
                109.6,
                288.4
            ],
            [
                110.6,
                281.0
            ],
            [
                113.8,
                277.8
            ],
            [
                117.0,
                275.8
            ],
            [
                121.6,
                276.4
            ],
            [
                126.0,
                281.0
            ],
            [
                123.8,
                287.8
            ]
        ],
        "stack": 0
    },
    {
        "type": "Spine",
        "location": [
            134,
            281
        ],
        "radloc": [
            0,
            0
        ],
        "mean": [
            81.65441176470588,
            63.455882352941174,
            65.7720588235294,
            82.50735294117646,
            73.24264705882354,
            63.294117647058826,
            77.90441176470588,
            74.91176470588235
        ],
        "min": [
            24.0,
            15.0,
            9.0,
            13.0,
            18.0,
            11.0,
            16.0,
            24.0
        ],
        "max": [
            140.0,
            133.0,
            139.0,
            152.0,
            139.0,
            146.0,
            146.0,
            140.0
        ],
        "RawIntDen": [
            11105.0,
            8630.0,
            8945.0,
            11221.0,
            9961.0,
            8608.0,
            10595.0,
            10188.0
        ],
        "IntDen": [
            6797.78984448848,
            5282.748884100458,
            5475.572279058933,
            6868.797824854141,
            6097.504245020239,
            5269.281853341453,
            6485.5995859842815,
            6236.459516942696
        ],
        "FlagUp": 0,
        "Times": [
            -15,
            -10,
            -5,
            2,
            10,
            20,
            30,
            40
        ],
        "width": 0,
        "height": 0,
        "area": 0.6121377617729383,
        "distance": -0.7193288856494601,
        "xpert": [
            [
                134.0,
                289.8
            ],
            [
                127.0,
                288.0
            ],
            [
                124.8,
                281.0
            ],
            [
                129.4,
                276.4
            ],
            [
                134.0,
                276.6
            ],
            [
                136.8,
                278.2
            ],
            [
                138.4,
                281.0
            ],
            [
                138.2,
                285.2
            ]
        ],
        "stack": 0
    },
    {
        "type": "Spine",
        "location": [
            169,
            282
        ],
        "radloc": [
            0,
            0
        ],
        "mean": [
            69.47916666666667,
            69.02083333333333,
            56.38194444444444,
            68.77777777777777,
            69.84722222222223,
            72.20833333333333,
            88.63888888888889,
            84.93055555555556
        ],
        "min": [
            12.0,
            12.0,
            13.0,
            17.0,
            18.0,
            20.0,
            27.0,
            32.0
        ],
        "max": [
            138.0,
            140.0,
            150.0,
            135.0,
            110.0,
            136.0,
            191.0,
            149.0
        ],
        "RawIntDen": [
            10005.0,
            9939.0,
            8119.0,
            9904.0,
            10058.0,
            10398.0,
            12764.0,
            12230.0
        ],
        "IntDen": [
            6410.081617725838,
            6367.796221746838,
            5201.744393234991,
            6345.37214812161,
            6444.0380720726125,
            6661.871930146254,
            8177.739307211655,
            7835.612012472464
        ],
        "FlagUp": 0,
        "Times": [
            -15,
            -10,
            -5,
            2,
            10,
            20,
            30,
            40
        ],
        "width": 0,
        "height": 0,
        "area": 0.640687817863652,
        "distance": -1.1634101264990533,
        "xpert": [
            [
                169.0,
                287.2
            ],
            [
                163.8,
                287.2
            ],
            [
                159.6,
                282.0
            ],
            [
                163.2,
                276.2
            ],
            [
                169.0,
                275.2
            ],
            [
                173.0,
                278.0
            ],
            [
                175.4,
                282.0
            ],
            [
                174.2,
                287.2
            ]
        ],
        "stack": 0
    },
    {
        "type": "Spine",
        "location": [
            247,
            309
        ],
        "radloc": [
            0,
            0
        ],
        "mean": [
            29.556962025316455,
            34.31645569620253,
            49.75949367088607,
            50.822784810126585,
            52.77215189873418,
            64.9746835443038,
            54.51898734177215,
            45.29113924050633
        ],
        "min": [
            12.0,
            12.0,
            18.0,
            15.0,
            22.0,
            24.0,
            18.0,
            17.0
        ],
        "max": [
            73.0,
            80.0,
            115.0,
            96.0,
            118.0,
            122.0,
            112.0,
            82.0
        ],
        "RawIntDen": [
            2335.0,
            2711.0,
            3931.0,
            4015.0,
            4169.0,
            5133.0,
            4307.0,
            3578.0
        ],
        "IntDen": [
            867.3537739343886,
            1007.0218762895621,
            1460.2002935058165,
            1491.4027419043127,
            1548.6072306348892,
            1906.6924717795362,
            1599.86839586099,
            1329.0757186883266
        ],
        "FlagUp": 0,
        "Times": [
            -15,
            -10,
            -5,
            2,
            10,
            20,
            30,
            40
        ],
        "width": 0,
        "height": 0,
        "area": 0.37145771902971675,
        "distance": -0.9224600000000001,
        "xpert": [
            [
                247.0,
                312.4
            ],
            [
                244.2,
                311.8
            ],
            [
                242.0,
                309.0
            ],
            [
                241.2,
                303.2
            ],
            [
                247.0,
                302.2
            ],
            [
                251.4,
                304.6
            ],
            [
                250.6,
                309.0
            ],
            [
                249.8,
                311.8
            ]
        ],
        "stack": 0
    },
    {
        "type": "Spine",
        "location": [
            64,
            279
        ],
        "radloc": [
            0,
            0
        ],
        "mean": [
            83.33571428571429,
            80.99285714285715,
            71.81428571428572,
            85.50714285714285,
            78.9,
            69.8,
            75.89285714285714,
            73.57857142857142
        ],
        "min": [
            34.0,
            17.0,
            11.0,
            39.0,
            15.0,
            12.0,
            13.0,
            14.0
        ],
        "max": [
            124.0,
            139.0,
            163.0,
            160.0,
            172.0,
            179.0,
            183.0,
            182.0
        ],
        "RawIntDen": [
            11667.0,
            11339.0,
            10054.0,
            11971.0,
            11046.0,
            9772.0,
            10625.0,
            10301.0
        ],
        "IntDen": [
            7997.82575643364,
            7772.9790222165975,
            6892.100810421172,
            8206.220290586021,
            7572.12507976052,
            6698.787459661397,
            7283.526070292914,
            7061.421369419982
        ],
        "FlagUp": 0,
        "Times": [
            -15,
            -10,
            -5,
            2,
            10,
            20,
            30,
            40
        ],
        "width": 0,
        "height": 0,
        "area": 0.6855083360275683,
        "distance": -1.05424,
        "xpert": [
            [
                64.0,
                289.0
            ],
            [
                58.8,
                284.2
            ],
            [
                55.2,
                279.0
            ],
            [
                59.6,
                274.6
            ],
            [
                64.0,
                274.6
            ],
            [
                67.2,
                275.8
            ],
            [
                69.0,
                279.0
            ],
            [
                70.2,
                285.2
            ]
        ],
        "stack": 0
    },
    {
        "type": "Spine",
        "location": [
            7,
            264
        ],
        "radloc": [
            0,
            0
        ],
        "mean": [
            49.578947368421055,
            60.14035087719298,
            38.666666666666664,
            39.19298245614035,
            26.29824561403509,
            27.614035087719298,
            22.280701754385966,
            24.263157894736842
        ],
        "min": [
            21.0,
            27.0,
            11.0,
            9.0,
            9.0,
            7.0,
            7.0,
            8.0
        ],
        "max": [
            100.0,
            108.0,
            102.0,
            72.0,
            57.0,
            73.0,
            58.0,
            55.0
        ],
        "RawIntDen": [
            2826.0,
            3428.0,
            2204.0,
            2234.0,
            1499.0,
            1574.0,
            1270.0,
            1383.0
        ],
        "IntDen": [
            728.7447865632257,
            883.9834141326036,
            568.3487295064931,
            576.0848737375252,
            386.54934007723824,
            405.88970065481857,
            327.4967724470264,
            356.6362490505807
        ],
        "FlagUp": 0,
        "Times": [
            -15,
            -10,
            -5,
            2,
            10,
            20,
            30,
            40
        ],
        "width": 0,
        "height": 0,
        "area": 0.25787147436773733,
        "distance": 1.25191,
        "xpert": [
            [
                7.0,
                268.6
            ],
            [
                2.4,
                268.6
            ],
            [
                1.8,
                264.0
            ],
            [
                4.0,
                261.0
            ],
            [
                7.0,
                260.6
            ],
            [
                9.4,
                261.6
            ],
            [
                10.6,
                264.0
            ],
            [
                10.2,
                267.2
            ]
        ],
        "stack": 0
    }
]