[
    {
        "type": "Stim",
        "location": [
            76,
            260
        ],
        "radloc": [
            0,
            0
        ],
        "mean": [
            71.97575757575757,
            65.24848484848485,
            88.76363636363637,
            50.32121212121212,
            83.32121212121213,
            86.18181818181819,
            80.97575757575757
        ],
        "min": [
            11.0,
            11.0,
            16.0,
            6.0,
            16.0,
            20.0,
            22.0
        ],
        "max": [
            172.0,
            169.0,
            207.0,
            139.0,
            200.0,
            202.0,
            180.0
        ],
        "RawIntDen": [
            11876.0,
            10766.0,
            14646.0,
            8303.0,
            13748.0,
            14220.0,
            13361.0
        ],
        "IntDen": [
            8673.385472378053,
            7862.720444225507,
            10696.396398488461,
            6063.920476351884,
            10040.561087424509,
            10385.27630660289,
            9757.923820852406
        ],
        "FlagUp": 0,
        "Times": [
            -15,
            -10,
            -5,
            2,
            10,
            20,
            40
        ],
        "width": 0,
        "height": 0,
        "area": 0.7303288541914831,
        "distance": 0,
        "xpert": [
            [
                76.0,
                267.4
            ],
            [
                70.6,
                265.4
            ],
            [
                68.2,
                260.0
            ],
            [
                69.8,
                253.8
            ],
            [
                76.0,
                253.8
            ],
            [
                80.6,
                255.4
            ],
            [
                82.8,
                260.0
            ],
            [
                83.0,
                267.0
            ]
        ],
        "stack": 0
    },
    {
        "type": "Stim",
        "location": [
            111,
            256
        ],
        "radloc": [
            0,
            0
        ],
        "mean": [
            54.032967032967036,
            71.15934065934066,
            68.82967032967034,
            148.77472527472528,
            97.68131868131869,
            78.48351648351648,
            83.13186813186813
        ],
        "min": [
            7.0,
            9.0,
            7.0,
            47.0,
            18.0,
            11.0,
            22.0
        ],
        "max": [
            137.0,
            199.0,
            185.0,
            252.0,
            214.0,
            178.0,
            182.0
        ],
        "RawIntDen": [
            9834.0,
            12951.0,
            12527.0,
            27077.0,
            17778.0,
            14284.0,
            15130.0
        ],
        "IntDen": [
            7877.617310911921,
            10374.519198049653,
            10034.870048179137,
            21690.283092084817,
            14241.232515089703,
            11442.331265920875,
            12120.027447030443
        ],
        "FlagUp": 0,
        "Times": [
            -15,
            -10,
            -5,
            2,
            10,
            20,
            40
        ],
        "width": 0,
        "height": 0,
        "area": 0.8010593157323491,
        "distance": 0,
        "xpert": [
            [
                111.0,
                265.4
            ],
            [
                104.4,
                262.6
            ],
            [
                104.0,
                256.0
            ],
            [
                106.2,
                251.2
            ],
            [
                111.0,
                249.8
            ],
            [
                117.2,
                249.8
            ],
            [
                119.0,
                256.0
            ],
            [
                117.0,
                262.0
            ]
        ],
        "stack": 0
    },
    {
        "type": "Stim",
        "location": [
            125,
            219
        ],
        "radloc": [
            0,
            0
        ],
        "mean": [
            35.61923076923077,
            36.61538461538461,
            56.603846153846156,
            130.21923076923076,
            88.37692307692308,
            85.32692307692308,
            87.50769230769231
        ],
        "min": [
            4.0,
            5.0,
            6.0,
            29.0,
            8.0,
            8.0,
            12.0
        ],
        "max": [
            149.0,
            137.0,
            170.0,
            243.0,
            178.0,
            249.0,
            217.0
        ],
        "RawIntDen": [
            9261.0,
            9520.0,
            14717.0,
            33857.0,
            22978.0,
            22185.0,
            22752.0
        ],
        "IntDen": [
            10752.91943114906,
            11053.643557341436,
            17087.86473039852,
            39311.261546313974,
            26679.687149221798,
            25758.937218447452,
            26417.279224436174
        ],
        "FlagUp": 0,
        "Times": [
            -15,
            -10,
            -5,
            2,
            10,
            20,
            40
        ],
        "width": 0,
        "height": 0,
        "area": 1.161097012325781,
        "distance": 0,
        "xpert": [
            [
                125.0,
                231.0
            ],
            [
                119.2,
                224.8
            ],
            [
                117.6,
                219.0
            ],
            [
                118.6,
                212.6
            ],
            [
                125.0,
                208.0
            ],
            [
                132.6,
                211.4
            ],
            [
                133.6,
                219.0
            ],
            [
                132.0,
                226.0
            ]
        ],
        "stack": 0
    },
    {
        "type": "Stim",
        "location": [
            155,
            225
        ],
        "radloc": [
            0,
            0
        ],
        "mean": [
            32.604838709677416,
            40.38709677419355,
            51.016129032258064,
            131.83870967741936,
            84.66129032258064,
            56.83870967741935,
            68.11290322580645
        ],
        "min": [
            6.0,
            7.0,
            6.0,
            44.0,
            16.0,
            11.0,
            12.0
        ],
        "max": [
            110.0,
            112.0,
            128.0,
            250.0,
            159.0,
            132.0,
            142.0
        ],
        "RawIntDen": [
            4043.0,
            5008.0,
            6326.0,
            16348.0,
            10498.0,
            7048.0,
            8446.0
        ],
        "IntDen": [
            2257.1735129308727,
            2795.9250439668094,
            3531.753559930918,
            9126.953398316575,
            5860.946707580584,
            3934.8401976593595,
            4715.33205298396
        ],
        "FlagUp": 0,
        "Times": [
            -15,
            -10,
            -5,
            2,
            10,
            20,
            40
        ],
        "width": 0,
        "height": 0,
        "area": 0.5582917420061521,
        "distance": 0,
        "xpert": [
            [
                155.0,
                231.8
            ],
            [
                150.6,
                229.4
            ],
            [
                149.2,
                225.0
            ],
            [
                149.4,
                219.4
            ],
            [
                155.0,
                216.6
            ],
            [
                159.4,
                220.6
            ],
            [
                160.2,
                225.0
            ],
            [
                159.8,
                229.8
            ]
        ],
        "stack": 0
    },
    {
        "type": "Stim",
        "location": [
            183,
            229
        ],
        "radloc": [
            0,
            0
        ],
        "mean": [
            28.959731543624162,
            27.08724832214765,
            28.651006711409394,
            93.32214765100672,
            75.9261744966443,
            66.3489932885906,
            71.45637583892618
        ],
        "min": [
            4.0,
            5.0,
            5.0,
            17.0,
            13.0,
            9.0,
            10.0
        ],
        "max": [
            143.0,
            94.0,
            101.0,
            201.0,
            189.0,
            177.0,
            187.0
        ],
        "RawIntDen": [
            4315.0,
            4036.0,
            4269.0,
            13905.0,
            11313.0,
            9886.0,
            10647.0
        ],
        "IntDen": [
            2851.2007768650496,
            2666.847354676093,
            2820.8055889772645,
            9187.93668651414,
            7475.233925532863,
            6532.322336057447,
            7035.1644661140635
        ],
        "FlagUp": 0,
        "Times": [
            -15,
            -10,
            -5,
            2,
            10,
            20,
            40
        ],
        "width": 0,
        "height": 0,
        "area": 0.6607649540822826,
        "distance": 0,
        "xpert": [
            [
                183.0,
                236.4
            ],
            [
                177.4,
                234.6
            ],
            [
                177.8,
                229.0
            ],
            [
                178.2,
                224.2
            ],
            [
                183.0,
                221.0
            ],
            [
                189.2,
                222.8
            ],
            [
                190.0,
                229.0
            ],
            [
                188.0,
                234.0
            ]
        ],
        "stack": 0
    },
    {
        "type": "Stim",
        "location": [
            218,
            250
        ],
        "radloc": [
            0,
            0
        ],
        "mean": [
            41.095588235294116,
            44.06617647058823,
            45.22794117647059,
            148.43382352941177,
            62.205882352941174,
            65.58823529411765,
            73.90441176470588
        ],
        "min": [
            6.0,
            6.0,
            7.0,
            63.0,
            9.0,
            9.0,
            10.0
        ],
        "max": [
            142.0,
            129.0,
            116.0,
            241.0,
            209.0,
            150.0,
            174.0
        ],
        "RawIntDen": [
            5589.0,
            5993.0,
            6151.0,
            20187.0,
            8460.0,
            8920.0,
            10051.0
        ],
        "IntDen": [
            3294.6143995206085,
            3532.765091488103,
            3625.9032333961823,
            11899.871333534178,
            4987.016965457926,
            5258.178644430815,
            5924.882685557637
        ],
        "FlagUp": 0,
        "Times": [
            -15,
            -10,
            -5,
            2,
            10,
            20,
            40
        ],
        "width": 0,
        "height": 0,
        "area": 0.5894819108106295,
        "distance": 0,
        "xpert": [
            [
                218.0,
                257.0
            ],
            [
                212.0,
                256.0
            ],
            [
                210.0,
                250.0
            ],
            [
                213.8,
                245.8
            ],
            [
                218.0,
                245.8
            ],
            [
                222.2,
                245.8
            ],
            [
                225.8,
                250.0
            ],
            [
                223.0,
                255.0
            ]
        ],
        "stack": 0
    },
    {
        "type": "Stim",
        "location": [
            236,
            221
        ],
        "radloc": [
            0,
            0
        ],
        "mean": [
            26.42361111111111,
            24.59027777777778,
            23.493055555555557,
            66.05555555555556,
            51.1875,
            61.729166666666664,
            48.75
        ],
        "min": [
            6.0,
            9.0,
            6.0,
            13.0,
            12.0,
            9.0,
            15.0
        ],
        "max": [
            71.0,
            82.0,
            57.0,
            140.0,
            164.0,
            174.0,
            112.0
        ],
        "RawIntDen": [
            3805.0,
            3541.0,
            3383.0,
            9512.0,
            7371.0,
            8889.0,
            7020.0
        ],
        "IntDen": [
            2443.6576288757783,
            2274.110818357196,
            2172.6396211528927,
            6108.822960805887,
            4733.82401641087,
            5708.718176892718,
            4508.403825153209
        ],
        "FlagUp": 0,
        "Times": [
            -15,
            -10,
            -5,
            2,
            10,
            20,
            40
        ],
        "width": 0,
        "height": 0,
        "area": 0.6422227671158418,
        "distance": 0,
        "xpert": [
            [
                236.0,
                230.4
            ],
            [
                229.6,
                227.4
            ],
            [
                228.6,
                221.0
            ],
            [
                231.2,
                216.2
            ],
            [
                236.0,
                215.8
            ],
            [
                240.4,
                216.6
            ],
            [
                242.8,
                221.0
            ],
            [
                240.2,
                225.2
            ]
        ],
        "stack": 0
    },
    {
        "type": "Spine",
        "location": [
            12,
            275
        ],
        "radloc": [
            0,
            0
        ],
        "mean": [
            39.63636363636363,
            32.79020979020979,
            29.727272727272727,
            17.482517482517483,
            25.53846153846154,
            25.46853146853147,
            28.251748251748253
        ],
        "min": [
            7.0,
            7.0,
            7.0,
            5.0,
            4.0,
            4.0,
            5.0
        ],
        "max": [
            110.0,
            85.0,
            88.0,
            56.0,
            80.0,
            79.0,
            76.0
        ],
        "RawIntDen": [
            5668.0,
            4689.0,
            4251.0,
            2500.0,
            3652.0,
            3642.0,
            4040.0
        ],
        "IntDen": [
            4384.846550149004,
            3627.478029930959,
            3288.6349126117525,
            1934.036057758029,
            2825.2398731729286,
            2817.5037289418965,
            3125.4022693369748
        ],
        "FlagUp": 0,
        "Times": [
            -15,
            -10,
            -5,
            2,
            10,
            20,
            40
        ],
        "width": 0,
        "height": 0,
        "area": 0.7736144231032116,
        "distance": 4.576165096533245,
        "xpert": [
            [
                12.0,
                281.2
            ],
            [
                8.0,
                279.0
            ],
            [
                4.8,
                275.0
            ],
            [
                2.4,
                265.4
            ],
            [
                12.0,
                269.8
            ],
            [
                16.4,
                270.6
            ],
            [
                19.4,
                275.0
            ],
            [
                18.2,
                281.2
            ]
        ],
        "stack": 0
    },
    {
        "type": "Spine",
        "location": [
            18,
            241
        ],
        "radloc": [
            0,
            0
        ],
        "mean": [
            72.45762711864407,
            66.11864406779661,
            73.44915254237289,
            45.74576271186441,
            58.69491525423729,
            58.559322033898304,
            62.61864406779661
        ],
        "min": [
            11.0,
            12.0,
            14.0,
            11.0,
            21.0,
            15.0,
            18.0
        ],
        "max": [
            162.0,
            163.0,
            184.0,
            104.0,
            100.0,
            138.0,
            132.0
        ],
        "RawIntDen": [
            8550.0,
            7802.0,
            8667.0,
            5398.0,
            6926.0,
            6910.0,
            7389.0
        ],
        "IntDen": [
            4590.710873954074,
            4189.090788139144,
            4653.531128018708,
            2898.3224909478467,
            3718.7442705270073,
            3710.1534665523563,
            3967.340660543468
        ],
        "FlagUp": 0,
        "Times": [
            -15,
            -10,
            -5,
            2,
            10,
            20,
            40
        ],
        "width": 0,
        "height": 0,
        "area": 0.5369252484156811,
        "distance": 4.180825096533246,
        "xpert": [
            [
                18.0,
                247.2
            ],
            [
                12.6,
                246.4
            ],
            [
                10.8,
                241.0
            ],
            [
                13.4,
                236.4
            ],
            [
                18.0,
                236.0
            ],
            [
                22.0,
                237.0
            ],
            [
                23.0,
                241.0
            ],
            [
                24.2,
                247.2
            ]
        ],
        "stack": 0
    },
    {
        "type": "Spine",
        "location": [
            27,
            262
        ],
        "radloc": [
            0,
            0
        ],
        "mean": [
            31.993006993006993,
            31.944055944055943,
            25.167832167832167,
            17.426573426573427,
            29.013986013986013,
            34.46153846153846,
            30.853146853146853
        ],
        "min": [
            12.0,
            10.0,
            8.0,
            7.0,
            7.0,
            11.0,
            8.0
        ],
        "max": [
            109.0,
            104.0,
            61.0,
            41.0,
            60.0,
            73.0,
            64.0
        ],
        "RawIntDen": [
            4575.0,
            4568.0,
            3599.0,
            2492.0,
            4149.0,
            4928.0,
            4412.0
        ],
        "IntDen": [
            3093.5044889272435,
            3088.7712580152233,
            2433.556864622765,
            1685.030204679058,
            2805.4535791386083,
            3332.194562061957,
            2983.2878262616387
        ],
        "FlagUp": 0,
        "Times": [
            -15,
            -10,
            -5,
            2,
            10,
            20,
            40
        ],
        "width": 0,
        "height": 0,
        "area": 0.6761758445742608,
        "distance": 3.587815096533246,
        "xpert": [
            [
                27.0,
                267.8
            ],
            [
                21.2,
                267.8
            ],
            [
                16.4,
                262.0
            ],
            [
                21.2,
                256.2
            ],
            [
                27.0,
                256.2
            ],
            [
                32.8,
                256.2
            ],
            [
                32.2,
                262.0
            ],
            [
                31.0,
                266.0
            ]
        ],
        "stack": 0
    },
    {
        "type": "Spine",
        "location": [
            52,
            236
        ],
        "radloc": [
            0,
            0
        ],
        "mean": [
            135.84868421052633,
            128.26315789473685,
            136.83552631578948,
            81.875,
            104.0592105263158,
            120.3092105263158,
            120.32894736842105
        ],
        "min": [
            24.0,
            25.0,
            40.0,
            14.0,
            30.0,
            28.0,
            33.0
        ],
        "max": [
            255.0,
            245.0,
            245.0,
            172.0,
            209.0,
            233.0,
            225.0
        ],
        "RawIntDen": [
            20649.0,
            19496.0,
            20799.0,
            12445.0,
            15817.0,
            18287.0,
            18290.0
        ],
        "IntDen": [
            14291.984752541754,
            13493.948120274785,
            14395.805650061307,
            8613.673797538966,
            10947.567573778531,
            12657.151686267182,
            12659.228104217573
        ],
        "FlagUp": 0,
        "Times": [
            -15,
            -10,
            -5,
            2,
            10,
            20,
            40
        ],
        "width": 0,
        "height": 0,
        "area": 0.6921393167970242,
        "distance": 1.8859800332837195,
        "xpert": [
            [
                52.0,
                243.2
            ],
            [
                46.8,
                241.2
            ],
            [
                45.8,
                236.0
            ],
            [
                47.0,
                231.0
            ],
            [
                52.0,
                229.0
            ],
            [
                56.6,
                231.4
            ],
            [
                58.6,
                236.0
            ],
            [
                59.8,
                243.8
            ]
        ],
        "stack": 0
    },
    {
        "type": "Spine",
        "location": [
            95,
            228
        ],
        "radloc": [
            0,
            0
        ],
        "mean": [
            25.01769911504425,
            32.34513274336283,
            28.97345132743363,
            33.415929203539825,
            33.743362831858406,
            42.424778761061944,
            34.008849557522126
        ],
        "min": [
            6.0,
            9.0,
            6.0,
            10.0,
            12.0,
            14.0,
            7.0
        ],
        "max": [
            64.0,
            115.0,
            83.0,
            107.0,
            85.0,
            109.0,
            104.0
        ],
        "RawIntDen": [
            2827.0,
            3655.0,
            3274.0,
            3776.0,
            3813.0,
            4794.0,
            3843.0
        ],
        "IntDen": [
            1458.8731763823735,
            1886.1625255315087,
            1689.547498930276,
            1948.604568100404,
            1967.6984158280827,
            2473.9434055808624,
            1983.17991398566
        ],
        "FlagUp": 0,
        "Times": [
            -15,
            -10,
            -5,
            2,
            10,
            20,
            40
        ],
        "width": 0,
        "height": 0,
        "area": 0.5160499385859121,
        "distance": -1.05424,
        "xpert": [
            [
                95.0,
                237.2
            ],
            [
                90.0,
                233.0
            ],
            [
                89.0,
                228.0
            ],
            [
                89.8,
                222.8
            ],
            [
                95.0,
                222.2
            ],
            [
                98.6,
                224.4
            ],
            [
                99.8,
                228.0
            ],
            [
                98.8,
                231.8
            ]
        ],
        "stack": 0
    },
    {
        "type": "Spine",
        "location": [
            96,
            253
        ],
        "radloc": [
            0,
            0
        ],
        "mean": [
            65.15107913669065,
            71.71223021582733,
            66.65467625899281,
            76.9568345323741,
            65.33812949640287,
            63.798561151079134,
            66.02877697841727
        ],
        "min": [
            26.0,
            15.0,
            17.0,
            30.0,
            14.0,
            9.0,
            13.0
        ],
        "max": [
            133.0,
            155.0,
            140.0,
            182.0,
            128.0,
            138.0,
            139.0
        ],
        "RawIntDen": [
            9056.0,
            9968.0,
            9265.0,
            10697.0,
            9082.0,
            8868.0,
            9178.0
        ],
        "IntDen": [
            5652.499493969855,
            6221.744142655865,
            5782.9513926270665,
            6676.765358546328,
            5668.727959831518,
            5535.1552023547565,
            5728.648449166887
        ],
        "FlagUp": 0,
        "Times": [
            -15,
            -10,
            -5,
            2,
            10,
            20,
            40
        ],
        "width": 0,
        "height": 0,
        "area": 0.6241717639100989,
        "distance": -1.0702275948742896,
        "xpert": [
            [
                96.0,
                259.2
            ],
            [
                91.6,
                257.4
            ],
            [
                89.6,
                253.0
            ],
            [
                90.0,
                247.0
            ],
            [
                96.0,
                245.4
            ],
            [
                103.2,
                245.8
            ],
            [
                101.4,
                253.0
            ],
            [
                99.6,
                256.6
            ]
        ],
        "stack": 0
    },
    {
        "type": "Spine",
        "location": [
            145,
            251
        ],
        "radloc": [
            0,
            0
        ],
        "mean": [
            91.17985611510791,
            127.85611510791367,
            97.9136690647482,
            76.71942446043165,
            77.5251798561151,
            74.00719424460432,
            79.97122302158273
        ],
        "min": [
            22.0,
            47.0,
            28.0,
            21.0,
            22.0,
            17.0,
            24.0
        ],
        "max": [
            161.0,
            210.0,
            186.0,
            160.0,
            163.0,
            139.0,
            162.0
        ],
        "RawIntDen": [
            12674.0,
            17772.0,
            13610.0,
            10664.0,
            10776.0,
            10287.0,
            11116.0
        ],
        "IntDen": [
            8008.800827780688,
            11230.26734348417,
            8600.266629800786,
            6738.665932417016,
            6809.439618128822,
            6500.436651047809,
            7024.288306896807
        ],
        "FlagUp": 0,
        "Times": [
            -15,
            -10,
            -5,
            2,
            10,
            20,
            40
        ],
        "width": 0,
        "height": 0,
        "area": 0.6319079081411305,
        "distance": -0.6589,
        "xpert": [
            [
                145.0,
                260.4
            ],
            [
                139.6,
                256.4
            ],
            [
                139.6,
                251.0
            ],
            [
                140.4,
                246.4
            ],
            [
                145.0,
                246.2
            ],
            [
                149.6,
                246.4
            ],
            [
                151.8,
                251.0
            ],
            [
                151.4,
                257.4
            ]
        ],
        "stack": 0
    },
    {
        "type": "Spine",
        "location": [
            157,
            252
        ],
        "radloc": [
            0,
            0
        ],
        "mean": [
            96.26811594202898,
            112.6304347826087,
            95.52173913043478,
            77.09420289855072,
            129.47101449275362,
            92.67391304347827,
            89.55797101449275
        ],
        "min": [
            30.0,
            26.0,
            22.0,
            21.0,
            54.0,
            36.0,
            18.0
        ],
        "max": [
            201.0,
            226.0,
            201.0,
            192.0,
            216.0,
            166.0,
            186.0
        ],
        "RawIntDen": [
            13285.0,
            15543.0,
            13182.0,
            10639.0,
            17867.0,
            12789.0,
            12359.0
        ],
        "IntDen": [
            8190.162879469006,
            9582.213145320795,
            8126.6636866511435,
            6558.911770769346,
            11014.952214337429,
            7884.380358715026,
            7619.28664112589
        ],
        "FlagUp": 0,
        "Times": [
            -15,
            -10,
            -5,
            2,
            10,
            20,
            40
        ],
        "width": 0,
        "height": 0,
        "area": 0.6164970176491537,
        "distance": -0.13178,
        "xpert": [
            [
                157.0,
                258.8
            ],
            [
                149.8,
                259.2
            ],
            [
                150.6,
                252.0
            ],
            [
                151.8,
                246.8
            ],
            [
                157.0,
                246.8
            ],
            [
                162.2,
                246.8
            ],
            [
                163.6,
                252.0
            ],
            [
                161.0,
                256.0
            ]
        ],
        "stack": 0
    },
    {
        "type": "Spine",
        "location": [
            163,
            259
        ],
        "radloc": [
            0,
            0
        ],
        "mean": [
            58.152542372881356,
            58.5,
            53.58474576271186,
            63.46610169491525,
            81.22881355932203,
            68.36440677966101,
            51.66949152542373
        ],
        "min": [
            22.0,
            14.0,
            10.0,
            17.0,
            13.0,
            12.0,
            8.0
        ],
        "max": [
            117.0,
            120.0,
            122.0,
            119.0,
            176.0,
            142.0,
            118.0
        ],
        "RawIntDen": [
            6862.0,
            6903.0,
            6323.0,
            7489.0,
            9585.0,
            8067.0,
            6097.0
        ],
        "IntDen": [
            3867.6521534006647,
            3890.7611213822192,
            3563.8537694480333,
            4221.0502735088285,
            5402.425807395129,
            4546.830358712207,
            3436.472628866781
        ],
        "FlagUp": 0,
        "Times": [
            -15,
            -10,
            -5,
            2,
            10,
            20,
            40
        ],
        "width": 0,
        "height": 0,
        "area": 0.5636333654037693,
        "distance": -0.52712,
        "xpert": [
            [
                163.0,
                264.4
            ],
            [
                156.0,
                266.0
            ],
            [
                157.0,
                259.0
            ],
            [
                159.0,
                255.0
            ],
            [
                163.0,
                252.2
            ],
            [
                167.8,
                254.2
            ],
            [
                168.8,
                259.0
            ],
            [
                167.8,
                263.8
            ]
        ],
        "stack": 0
    },
    {
        "type": "Spine",
        "location": [
            193,
            236
        ],
        "radloc": [
            0,
            0
        ],
        "mean": [
            60.28,
            48.69,
            51.55,
            123.63,
            88.99,
            95.85,
            77.84
        ],
        "min": [
            10.0,
            8.0,
            10.0,
            47.0,
            21.0,
            20.0,
            20.0
        ],
        "max": [
            143.0,
            111.0,
            117.0,
            230.0,
            177.0,
            214.0,
            152.0
        ],
        "RawIntDen": [
            6028.0,
            4869.0,
            5155.0,
            12363.0,
            8899.0,
            9585.0,
            7784.0
        ],
        "IntDen": [
            2604.8128104346665,
            2103.986989715725,
            2227.572998969925,
            5342.286127306534,
            3845.4262110249,
            4141.859785669589,
            3363.6136224989123
        ],
        "FlagUp": 0,
        "Times": [
            -15,
            -10,
            -5,
            2,
            10,
            20,
            40
        ],
        "width": 0,
        "height": 0,
        "area": 0.43211891347622206,
        "distance": -0.6589,
        "xpert": [
            [
                193.0,
                240.2
            ],
            [
                188.8,
                240.2
            ],
            [
                185.0,
                236.0
            ],
            [
                188.8,
                231.8
            ],
            [
                193.0,
                230.6
            ],
            [
                197.2,
                231.8
            ],
            [
                199.0,
                236.0
            ],
            [
                196.8,
                239.8
            ]
        ],
        "stack": 0
    },
    {
        "type": "Spine",
        "location": [
            205,
            232
        ],
        "radloc": [
            0,
            0
        ],
        "mean": [
            33.11038961038961,
            59.25974025974026,
            47.96103896103896,
            115.93506493506493,
            67.98701298701299,
            57.76623376623377,
            89.51948051948052
        ],
        "min": [
            7.0,
            9.0,
            8.0,
            27.0,
            15.0,
            14.0,
            32.0
        ],
        "max": [
            122.0,
            167.0,
            134.0,
            224.0,
            148.0,
            160.0,
            195.0
        ],
        "RawIntDen": [
            5099.0,
            9126.0,
            7386.0,
            17854.0,
            10470.0,
            8896.0,
            13786.0
        ],
        "IntDen": [
            3447.507563234675,
            6170.2204397096775,
            4993.781302618418,
            12071.347329670894,
            7078.918255945685,
            6014.714116990718,
            9320.913760885122
        ],
        "FlagUp": 0,
        "Times": [
            -15,
            -10,
            -5,
            2,
            10,
            20,
            40
        ],
        "width": 0,
        "height": 0,
        "area": 0.6761144466041724,
        "distance": -0.85657,
        "xpert": [
            [
                205.0,
                238.2
            ],
            [
                199.6,
                237.4
            ],
            [
                198.0,
                232.0
            ],
            [
                200.2,
                227.2
            ],
            [
                205.0,
                226.0
            ],
            [
                210.4,
                226.6
            ],
            [
                213.8,
                232.0
            ],
            [
                211.2,
                238.2
            ]
        ],
        "stack": 0
    },
    {
        "type": "Spine",
        "location": [
            221,
            230
        ],
        "radloc": [
            0,
            0
        ],
        "mean": [
            36.56521739130435,
            36.3768115942029,
            36.789855072463766,
            101.71014492753623,
            86.71014492753623,
            83.34782608695652,
            87.05072463768116
        ],
        "min": [
            7.0,
            10.0,
            10.0,
            40.0,
            32.0,
            24.0,
            27.0
        ],
        "max": [
            100.0,
            92.0,
            98.0,
            206.0,
            180.0,
            160.0,
            160.0
        ],
        "RawIntDen": [
            5046.0,
            5020.0,
            5077.0,
            14036.0,
            11966.0,
            11502.0,
            12013.0
        ],
        "IntDen": [
            3058.485358514187,
            3042.7262187358733,
            3077.275102096022,
            8507.510997246358,
            7252.841022588339,
            6971.600989621517,
            7281.328698341444
        ],
        "FlagUp": 0,
        "Times": [
            -15,
            -10,
            -5,
            2,
            10,
            20,
            40
        ],
        "width": 0,
        "height": 0,
        "area": 0.6061207607043573,
        "distance": -0.19767,
        "xpert": [
            [
                221.0,
                237.2
            ],
            [
                215.4,
                235.6
            ],
            [
                213.4,
                230.0
            ],
            [
                215.8,
                224.8
            ],
            [
                221.0,
                223.8
            ],
            [
                224.4,
                226.6
            ],
            [
                228.8,
                230.0
            ],
            [
                225.8,
                234.8
            ]
        ],
        "stack": 0
    },
    {
        "type": "Spine",
        "location": [
            256,
            226
        ],
        "radloc": [
            0,
            0
        ],
        "mean": [
            61.70175438596491,
            47.70175438596491,
            47.86842105263158,
            36.89473684210526,
            42.35087719298246,
            44.780701754385966,
            87.14035087719299
        ],
        "min": [
            11.0,
            10.0,
            10.0,
            10.0,
            13.0,
            10.0,
            26.0
        ],
        "max": [
            127.0,
            136.0,
            108.0,
            91.0,
            81.0,
            109.0,
            160.0
        ],
        "RawIntDen": [
            7034.0,
            5438.0,
            5457.0,
            4206.0,
            4828.0,
            5105.0,
            9934.0
        ],
        "IntDen": [
            3770.2540975319657,
            2914.7912684644343,
            2924.975349762857,
            2254.4339969035327,
            2587.82865835717,
            2736.3018436025995,
            5324.666506238634
        ],
        "FlagUp": 0,
        "Times": [
            -15,
            -10,
            -5,
            2,
            10,
            20,
            40
        ],
        "width": 0,
        "height": 0,
        "area": 0.5360042788643682,
        "distance": 1.3178,
        "xpert": [
            [
                256.0,
                233.6
            ],
            [
                251.0,
                231.0
            ],
            [
                250.8,
                226.0
            ],
            [
                252.4,
                222.4
            ],
            [
                256.0,
                220.0
            ],
            [
                261.6,
                220.4
            ],
            [
                261.2,
                226.0
            ],
            [
                261.6,
                231.6
            ]
        ],
        "stack": 0
    },
    {
        "type": "Spine",
        "location": [
            287,
            228
        ],
        "radloc": [
            0,
            0
        ],
        "mean": [
            65.72592592592592,
            70.60740740740741,
            67.63703703703703,
            55.007407407407406,
            88.87407407407407,
            74.71111111111111,
            77.77037037037037
        ],
        "min": [
            10.0,
            16.0,
            11.0,
            11.0,
            22.0,
            20.0,
            20.0
        ],
        "max": [
            156.0,
            133.0,
            123.0,
            123.0,
            169.0,
            145.0,
            146.0
        ],
        "RawIntDen": [
            8873.0,
            9532.0,
            9131.0,
            7426.0,
            11998.0,
            10086.0,
            10499.0
        ],
        "IntDen": [
            5515.939909442247,
            5925.610190105207,
            5676.326756803466,
            4616.405924435718,
            7458.610056743839,
            6270.006753818833,
            6526.750040486211
        ],
        "FlagUp": 0,
        "Times": [
            -15,
            -10,
            -5,
            2,
            10,
            20,
            40
        ],
        "width": 0,
        "height": 0,
        "area": 0.6216544471365093,
        "distance": 3.387682531624763,
        "xpert": [
            [
                287.0,
                234.8
            ],
            [
                280.2,
                234.8
            ],
            [
                280.8,
                228.0
            ],
            [
                281.4,
                222.4
            ],
            [
                287.0,
                222.4
            ],
            [
                291.4,
                223.6
            ],
            [
                293.4,
                228.0
            ],
            [
                292.2,
                233.2
            ]
        ],
        "stack": 0
    },
    {
        "type": "Spine",
        "location": [
            301,
            219
        ],
        "radloc": [
            0,
            0
        ],
        "mean": [
            48.015151515151516,
            39.49242424242424,
            42.015151515151516,
            32.85606060606061,
            45.06060606060606,
            51.95454545454545,
            38.96969696969697
        ],
        "min": [
            12.0,
            10.0,
            13.0,
            10.0,
            10.0,
            12.0,
            10.0
        ],
        "max": [
            117.0,
            104.0,
            104.0,
            91.0,
            122.0,
            145.0,
            117.0
        ],
        "RawIntDen": [
            6338.0,
            5213.0,
            5546.0,
            4337.0,
            5948.0,
            6858.0,
            5144.0
        ],
        "IntDen": [
            3875.44859043832,
            3187.5534083235975,
            3391.1703822295553,
            2651.9123598502674,
            3636.9782606385497,
            4193.409030171348,
            3145.3625038205614
        ],
        "FlagUp": 0,
        "Times": [
            -15,
            -10,
            -5,
            2,
            10,
            20,
            40
        ],
        "width": 0,
        "height": 0,
        "area": 0.6114623841019754,
        "distance": 4.337435063249527,
        "xpert": [
            [
                301.0,
                229.6
            ],
            [
                294.4,
                225.6
            ],
            [
                293.0,
                219.0
            ],
            [
                296.6,
                214.6
            ],
            [
                301.0,
                214.0
            ],
            [
                304.0,
                216.0
            ],
            [
                305.6,
                219.0
            ],
            [
                305.0,
                223.0
            ]
        ],
        "stack": 0
    },
    {
        "type": "Spine",
        "location": [
            283,
            258
        ],
        "radloc": [
            0,
            0
        ],
        "mean": [
            36.88235294117647,
            37.48039215686274,
            49.15686274509804,
            27.764705882352942,
            43.86274509803921,
            42.34313725490196,
            48.411764705882355
        ],
        "min": [
            10.0,
            10.0,
            11.0,
            6.0,
            7.0,
            13.0,
            12.0
        ],
        "max": [
            89.0,
            82.0,
            107.0,
            82.0,
            110.0,
            105.0,
            103.0
        ],
        "RawIntDen": [
            3762.0,
            3823.0,
            5014.0,
            2832.0,
            4474.0,
            4319.0,
            4938.0
        ],
        "IntDen": [
            1658.1994145467313,
            1685.086752209504,
            2210.051000674458,
            1248.2777091962635,
            1972.0319459548316,
            1903.7116617297536,
            2176.552022602807
        ],
        "FlagUp": 0,
        "Times": [
            -15,
            -10,
            -5,
            2,
            10,
            20,
            40
        ],
        "width": 0,
        "height": 0,
        "area": 0.4407760272585676,
        "distance": 3.09683,
        "xpert": [
            [
                283.0,
                264.6
            ],
            [
                279.0,
                262.0
            ],
            [
                277.6,
                258.0
            ],
            [
                278.0,
                253.0
            ],
            [
                283.0,
                252.0
            ],
            [
                287.0,
                254.0
            ],
            [
                288.4,
                258.0
            ],
            [
                287.2,
                262.2
            ]
        ],
        "stack": 0
    },
    {
        "type": "Spine",
        "location": [
            291,
            247
        ],
        "radloc": [
            0,
            0
        ],
        "mean": [
            42.043010752688176,
            43.56989247311828,
            38.54838709677419,
            26.989247311827956,
            38.89247311827957,
            66.16129032258064,
            36.956989247311824
        ],
        "min": [
            8.0,
            11.0,
            13.0,
            10.0,
            10.0,
            15.0,
            12.0
        ],
        "max": [
            117.0,
            96.0,
            89.0,
            72.0,
            73.0,
            143.0,
            102.0
        ],
        "RawIntDen": [
            3910.0,
            4052.0,
            3585.0,
            2510.0,
            3617.0,
            6153.0,
            3437.0
        ],
        "IntDen": [
            1577.9542323773417,
            1635.2610101260839,
            1446.794353727051,
            1012.9578320376285,
            1459.7085571633872,
            2483.159179493039,
            1387.0661628339956
        ],
        "FlagUp": 0,
        "Times": [
            -15,
            -10,
            -5,
            2,
            10,
            20,
            40
        ],
        "width": 0,
        "height": 0,
        "area": 0.40356885738550935,
        "distance": 3.651242531624763,
        "xpert": [
            [
                291.0,
                252.8
            ],
            [
                286.6,
                251.4
            ],
            [
                285.2,
                247.0
            ],
            [
                287.2,
                243.2
            ],
            [
                291.0,
                242.8
            ],
            [
                295.2,
                242.8
            ],
            [
                297.8,
                247.0
            ],
            [
                294.8,
                250.8
            ]
        ],
        "stack": 0
    },
    {
        "type": "Spine",
        "location": [
            309,
            254
        ],
        "radloc": [
            0,
            0
        ],
        "mean": [
            25.46875,
            28.0390625,
            35.546875,
            23.34375,
            41.125,
            29.578125,
            38.53125
        ],
        "min": [
            8.0,
            10.0,
            13.0,
            7.0,
            12.0,
            9.0,
            12.0
        ],
        "max": [
            55.0,
            66.0,
            77.0,
            59.0,
            80.0,
            82.0,
            100.0
        ],
        "RawIntDen": [
            3260.0,
            3589.0,
            4550.0,
            2988.0,
            5264.0,
            3786.0,
            4932.0
        ],
        "IntDen": [
            2030.5966453147312,
            2235.5249570658193,
            2834.114949749088,
            1861.1726307363242,
            3278.8529880174065,
            2358.2327911538564,
            3072.0560290467038
        ],
        "FlagUp": 0,
        "Times": [
            -15,
            -10,
            -5,
            2,
            10,
            20,
            40
        ],
        "width": 0,
        "height": 0,
        "area": 0.6228824065382611,
        "distance": 4.864555063249527,
        "xpert": [
            [
                309.0,
                259.8
            ],
            [
                305.0,
                258.0
            ],
            [
                303.8,
                254.0
            ],
            [
                305.6,
                250.6
            ],
            [
                309.0,
                248.6
            ],
            [
                317.0,
                246.0
            ],
            [
                316.8,
                254.0
            ],
            [
                315.0,
                260.0
            ]
        ],
        "stack": 0
    },
    {
        "type": "Spine",
        "location": [
            323,
            255
        ],
        "radloc": [
            0,
            0
        ],
        "mean": [
            75.05357142857143,
            72.31547619047619,
            68.67857142857143,
            47.5,
            58.32142857142857,
            55.464285714285715,
            61.660714285714285
        ],
        "min": [
            20.0,
            20.0,
            14.0,
            10.0,
            13.0,
            12.0,
            20.0
        ],
        "max": [
            174.0,
            152.0,
            147.0,
            109.0,
            129.0,
            134.0,
            122.0
        ],
        "RawIntDen": [
            12609.0,
            12149.0,
            11538.0,
            7980.0,
            9798.0,
            9318.0,
            10359.0
        ],
        "IntDen": [
            9543.930835593546,
            9195.750314983425,
            8733.275753912154,
            6040.175118410381,
            7416.2450889956035,
            7052.926284880694,
            7840.873941304905
        ],
        "FlagUp": 0,
        "Times": [
            -15,
            -10,
            -5,
            2,
            10,
            20,
            40
        ],
        "width": 0,
        "height": 0,
        "area": 0.7569141752393962,
        "distance": 5.814307594874291,
        "xpert": [
            [
                323.0,
                264.4
            ],
            [
                316.6,
                261.4
            ],
            [
                315.2,
                255.0
            ],
            [
                316.2,
                248.2
            ],
            [
                323.0,
                248.4
            ],
            [
                327.6,
                250.4
            ],
            [
                328.8,
                255.0
            ],
            [
                328.0,
                260.0
            ]
        ],
        "stack": 0
    },
    {
        "type": "Spine",
        "location": [
            319,
            222
        ],
        "radloc": [
            0,
            0
        ],
        "mean": [
            59.144654088050316,
            71.69182389937107,
            73.52830188679245,
            47.40251572327044,
            74.25786163522012,
            120.937106918239,
            75.20754716981132
        ],
        "min": [
            10.0,
            11.0,
            16.0,
            7.0,
            21.0,
            48.0,
            13.0
        ],
        "max": [
            162.0,
            146.0,
            150.0,
            143.0,
            153.0,
            210.0,
            164.0
        ],
        "RawIntDen": [
            9404.0,
            11399.0,
            11691.0,
            7537.0,
            11807.0,
            19229.0,
            11958.0
        ],
        "IntDen": [
            6630.129302406928,
            8036.669918985173,
            8242.539523015674,
            5313.832895814655,
            8324.323338315462,
            13557.077451720843,
            8430.783304783288
        ],
        "FlagUp": 0,
        "Times": [
            -15,
            -10,
            -5,
            2,
            10,
            20,
            40
        ],
        "width": 0,
        "height": 0,
        "area": 0.7050328905154113,
        "distance": 5.550747594874291,
        "xpert": [
            [
                319.0,
                230.8
            ],
            [
                312.4,
                228.6
            ],
            [
                311.6,
                222.0
            ],
            [
                314.0,
                217.0
            ],
            [
                319.0,
                215.0
            ],
            [
                323.2,
                217.8
            ],
            [
                325.2,
                222.0
            ],
            [
                324.8,
                227.8
            ]
        ],
        "stack": 0
    },
    {
        "type": "Spine",
        "location": [
            335,
            250
        ],
        "radloc": [
            0,
            0
        ],
        "mean": [
            37.30555555555556,
            31.814814814814813,
            31.87962962962963,
            22.24074074074074,
            29.462962962962962,
            43.601851851851855,
            48.24074074074074
        ],
        "min": [
            10.0,
            11.0,
            6.0,
            6.0,
            8.0,
            9.0,
            13.0
        ],
        "max": [
            84.0,
            70.0,
            66.0,
            66.0,
            71.0,
            89.0,
            109.0
        ],
        "RawIntDen": [
            4029.0,
            3436.0,
            3443.0,
            2402.0,
            3182.0,
            4709.0,
            5210.0
        ],
        "IntDen": [
            1939.1524120033926,
            1653.7422903061943,
            1657.1113811188088,
            1156.0794474142838,
            1531.4924236770403,
            2266.4355195145135,
            2507.5661619602074
        ],
        "FlagUp": 0,
        "Times": [
            -15,
            -10,
            -5,
            2,
            10,
            20,
            40
        ],
        "width": 0,
        "height": 0,
        "area": 0.4812986875163546,
        "distance": 6.60498759487429,
        "xpert": [
            [
                335.0,
                255.2
            ],
            [
                330.0,
                255.0
            ],
            [
                329.8,
                250.0
            ],
            [
                330.6,
                245.6
            ],
            [
                335.0,
                244.4
            ],
            [
                341.6,
                243.4
            ],
            [
                340.4,
                250.0
            ],
            [
                338.4,
                253.4
            ]
        ],
        "stack": 0
    },
    {
        "type": "Spine",
        "location": [
            356,
            228
        ],
        "radloc": [
            0,
            0
        ],
        "mean": [
            44.44055944055944,
            37.3006993006993,
            45.34265734265734,
            39.05594405594405,
            45.06293706293706,
            46.74125874125874,
            51.06993006993007
        ],
        "min": [
            14.0,
            9.0,
            14.0,
            14.0,
            15.0,
            12.0,
            19.0
        ],
        "max": [
            105.0,
            89.0,
            94.0,
            78.0,
            91.0,
            119.0,
            93.0
        ],
        "RawIntDen": [
            6355.0,
            5334.0,
            6484.0,
            5585.0,
            6444.0,
            6684.0,
            7303.0
        ],
        "IntDen": [
            4071.5710825235114,
            3417.428820484722,
            4154.219811027922,
            3578.241462768499,
            4128.592298313377,
            4282.357374600653,
            4678.943133858254
        ],
        "FlagUp": 0,
        "Times": [
            -15,
            -10,
            -5,
            2,
            10,
            20,
            40
        ],
        "width": 0,
        "height": 0,
        "area": 0.6406878178636525,
        "distance": 7.988677594874289,
        "xpert": [
            [
                356.0,
                233.8
            ],
            [
                350.2,
                233.8
            ],
            [
                345.0,
                228.0
            ],
            [
                349.8,
                221.8
            ],
            [
                356.0,
                221.4
            ],
            [
                359.8,
                224.2
            ],
            [
                360.8,
                228.0
            ],
            [
                359.4,
                231.4
            ]
        ],
        "stack": 0
    },
    {
        "type": "Spine",
        "location": [
            367,
            239
        ],
        "radloc": [
            0,
            0
        ],
        "mean": [
            95.62295081967213,
            91.90710382513662,
            86.59562841530055,
            77.9672131147541,
            82.56830601092896,
            92.26775956284153,
            88.40983606557377
        ],
        "min": [
            28.0,
            23.0,
            24.0,
            11.0,
            18.0,
            21.0,
            18.0
        ],
        "max": [
            192.0,
            177.0,
            149.0,
            150.0,
            144.0,
            185.0,
            160.0
        ],
        "RawIntDen": [
            17499.0,
            16819.0,
            15847.0,
            14268.0,
            15110.0,
            16885.0,
            16179.0
        ],
        "IntDen": [
            15037.345487555865,
            14453.003814800964,
            13617.738953157197,
            12260.863215980746,
            12984.415699009607,
            14509.719330097763,
            13903.035181619884
        ],
        "FlagUp": 0,
        "Times": [
            -15,
            -10,
            -5,
            2,
            10,
            20,
            40
        ],
        "width": 0,
        "height": 0,
        "area": 0.8593259893454406,
        "distance": 8.624967721373343,
        "xpert": [
            [
                367.0,
                251.8
            ],
            [
                360.0,
                246.0
            ],
            [
                355.8,
                239.0
            ],
            [
                362.0,
                234.0
            ],
            [
                367.0,
                233.4
            ],
            [
                371.2,
                234.8
            ],
            [
                372.2,
                239.0
            ],
            [
                370.8,
                242.8
            ]
        ],
        "stack": 0
    },
    {
        "type": "Spine",
        "location": [
            352,
            249
        ],
        "radloc": [
            0,
            0
        ],
        "mean": [
            77.8225806451613,
            80.1774193548387,
            68.2258064516129,
            60.21774193548387,
            78.44354838709677,
            94.69354838709677,
            84.2258064516129
        ],
        "min": [
            14.0,
            14.0,
            12.0,
            10.0,
            21.0,
            24.0,
            23.0
        ],
        "max": [
            166.0,
            165.0,
            144.0,
            153.0,
            140.0,
            207.0,
            160.0
        ],
        "RawIntDen": [
            9650.0,
            9942.0,
            8460.0,
            7467.0,
            9727.0,
            11742.0,
            10444.0
        ],
        "IntDen": [
            5314.638989763937,
            5475.455008936069,
            4659.258637658333,
            4112.374024514748,
            5357.045953723712,
            6466.786633969757,
            5751.926384362131
        ],
        "FlagUp": 0,
        "Times": [
            -15,
            -10,
            -5,
            2,
            10,
            20,
            40
        ],
        "width": 0,
        "height": 0,
        "area": 0.5507397916853821,
        "distance": 7.725117594874289,
        "xpert": [
            [
                352.0,
                253.8
            ],
            [
                348.4,
                252.6
            ],
            [
                345.2,
                249.0
            ],
            [
                346.2,
                243.2
            ],
            [
                352.0,
                242.8
            ],
            [
                358.2,
                242.8
            ],
            [
                359.0,
                249.0
            ],
            [
                356.0,
                253.0
            ]
        ],
        "stack": 0
    },
    {
        "type": "Spine",
        "location": [
            361,
            265
        ],
        "radloc": [
            0,
            0
        ],
        "mean": [
            17.3953488372093,
            20.813953488372093,
            20.666666666666668,
            16.496124031007753,
            21.007751937984494,
            25.387596899224807,
            27.651162790697676
        ],
        "min": [
            7.0,
            8.0,
            6.0,
            7.0,
            8.0,
            8.0,
            10.0
        ],
        "max": [
            31.0,
            57.0,
            49.0,
            38.0,
            46.0,
            65.0,
            55.0
        ],
        "RawIntDen": [
            2244.0,
            2685.0,
            2666.0,
            2128.0,
            2710.0,
            3275.0,
            3567.0
        ],
        "IntDen": [
            1423.925758798391,
            1703.761435995401,
            1691.7050235991578,
            1350.3181883792229,
            1719.6251365167734,
            2078.1447682997905,
            2263.432790389421
        ],
        "FlagUp": 0,
        "Times": [
            -15,
            -10,
            -5,
            2,
            10,
            20,
            40
        ],
        "width": 0,
        "height": 0,
        "area": 0.6345480208548979,
        "distance": 9.556793037620976,
        "xpert": [
            [
                361.0,
                274.6
            ],
            [
                356.0,
                270.0
            ],
            [
                355.2,
                265.0
            ],
            [
                356.2,
                260.2
            ],
            [
                361.0,
                254.0
            ],
            [
                364.2,
                261.8
            ],
            [
                365.6,
                265.0
            ],
            [
                364.8,
                268.8
            ]
        ],
        "stack": 0
    },
    {
        "type": "Spine",
        "location": [
            384,
            282
        ],
        "radloc": [
            0,
            0
        ],
        "mean": [
            51.631147540983605,
            45.98360655737705,
            45.07377049180328,
            31.950819672131146,
            42.5655737704918,
            44.532786885245905,
            54.32786885245902
        ],
        "min": [
            15.0,
            11.0,
            14.0,
            8.0,
            10.0,
            12.0,
            19.0
        ],
        "max": [
            106.0,
            88.0,
            109.0,
            76.0,
            102.0,
            103.0,
            127.0
        ],
        "RawIntDen": [
            6299.0,
            5610.0,
            5499.0,
            3898.0,
            5193.0,
            5433.0,
            6628.0
        ],
        "IntDen": [
            3577.3987756290567,
            3186.0941627685356,
            3123.053796981137,
            2213.795908461988,
            2949.266842648308,
            3085.5703362426834,
            3764.248148098013
        ],
        "FlagUp": 0,
        "Times": [
            -15,
            -10,
            -5,
            2,
            10,
            20,
            40
        ],
        "width": 0,
        "height": 0,
        "area": 0.5679312233098994,
        "distance": 11.439742404303857,
        "xpert": [
            [
                384.0,
                287.2
            ],
            [
                379.6,
                286.4
            ],
            [
                378.0,
                282.0
            ],
            [
                378.4,
                276.4
            ],
            [
                384.0,
                271.4
            ],
            [
                388.8,
                277.2
            ],
            [
                388.6,
                282.0
            ],
            [
                387.6,
                285.6
            ]
        ],
        "stack": 0
    },
    {
        "type": "Spine",
        "location": [
            372,
            274
        ],
        "radloc": [
            0,
            0
        ],
        "mean": [
            11.516129032258064,
            12.459677419354838,
            23.556451612903224,
            20.008064516129032,
            25.258064516129032,
            25.89516129032258,
            36.064516129032256
        ],
        "min": [
            5.0,
            5.0,
            6.0,
            5.0,
            5.0,
            5.0,
            14.0
        ],
        "max": [
            45.0,
            40.0,
            116.0,
            74.0,
            97.0,
            106.0,
            74.0
        ],
        "RawIntDen": [
            1428.0,
            1545.0,
            2921.0,
            2481.0,
            3132.0,
            3211.0,
            4472.0
        ],
        "IntDen": [
            810.8304342839656,
            877.2640202862233,
            1658.5684163469632,
            1408.7327083042849,
            1778.375994521975,
            1823.232860284183,
            2539.239287197405
        ],
        "FlagUp": 0,
        "Times": [
            -15,
            -10,
            -5,
            2,
            10,
            20,
            40
        ],
        "width": 0,
        "height": 0,
        "area": 0.5678084273697238,
        "distance": 10.48861835386861,
        "xpert": [
            [
                372.0,
                278.8
            ],
            [
                368.8,
                277.2
            ],
            [
                366.6,
                274.0
            ],
            [
                368.0,
                270.0
            ],
            [
                372.0,
                264.2
            ],
            [
                378.6,
                267.4
            ],
            [
                378.0,
                274.0
            ],
            [
                376.8,
                278.8
            ]
        ],
        "stack": 0
    },
    {
        "type": "Spine",
        "location": [
            379,
            250
        ],
        "radloc": [
            0,
            0
        ],
        "mean": [
            78.67153284671532,
            68.51094890510949,
            72.62773722627738,
            52.53284671532847,
            59.21167883211679,
            57.62043795620438,
            59.693430656934304
        ],
        "min": [
            16.0,
            18.0,
            19.0,
            11.0,
            11.0,
            17.0,
            15.0
        ],
        "max": [
            161.0,
            146.0,
            131.0,
            112.0,
            111.0,
            142.0,
            136.0
        ],
        "RawIntDen": [
            10778.0,
            9386.0,
            9950.0,
            7197.0,
            8112.0,
            7894.0,
            8178.0
        ],
        "IntDen": [
            6694.2359053428545,
            5829.662108698092,
            6179.963560786919,
            4470.07012532497,
            5038.378332171204,
            4902.978125512757,
            5079.371055287982
        ],
        "FlagUp": 0,
        "Times": [
            -15,
            -10,
            -5,
            2,
            10,
            20,
            40
        ],
        "width": 0,
        "height": 0,
        "area": 0.6211018654057204,
        "distance": 9.69656683505812,
        "xpert": [
            [
                379.0,
                259.4
            ],
            [
                373.2,
                255.8
            ],
            [
                369.6,
                250.0
            ],
            [
                374.0,
                245.0
            ],
            [
                379.0,
                245.4
            ],
            [
                382.0,
                247.0
            ],
            [
                384.4,
                250.0
            ],
            [
                383.6,
                254.6
            ]
        ],
        "stack": 0
    },
    {
        "type": "Spine",
        "location": [
            405,
            294
        ],
        "radloc": [
            0,
            0
        ],
        "mean": [
            39.43448275862069,
            41.220689655172414,
            48.02758620689655,
            33.703448275862065,
            48.675862068965515,
            49.144827586206894,
            49.262068965517244
        ],
        "min": [
            9.0,
            8.0,
            11.0,
            7.0,
            14.0,
            14.0,
            10.0
        ],
        "max": [
            101.0,
            102.0,
            99.0,
            83.0,
            101.0,
            100.0,
            109.0
        ],
        "RawIntDen": [
            5718.0,
            5977.0,
            6964.0,
            4887.0,
            7058.0,
            7126.0,
            7143.0
        ],
        "IntDen": [
            3691.187756388247,
            3858.3821650808945,
            4495.528425233955,
            3154.7454644052755,
            4556.209021439008,
            4600.105622949047,
            4611.079773326556
        ],
        "FlagUp": 0,
        "Times": [
            -15,
            -10,
            -5,
            2,
            10,
            20,
            40
        ],
        "width": 0,
        "height": 0,
        "area": 0.6455382575005679,
        "distance": 12.64974379661529,
        "xpert": [
            [
                405.0,
                300.4
            ],
            [
                401.0,
                298.0
            ],
            [
                399.8,
                294.0
            ],
            [
                399.8,
                288.8
            ],
            [
                405.0,
                285.0
            ],
            [
                412.4,
                286.6
            ],
            [
                410.8,
                294.0
            ],
            [
                409.6,
                298.6
            ]
        ],
        "stack": 0
    },
    {
        "type": "Spine",
        "location": [
            442,
            289
        ],
        "radloc": [
            0,
            0
        ],
        "mean": [
            55.52985074626866,
            59.298507462686565,
            59.61194029850746,
            49.865671641791046,
            57.88805970149254,
            52.08955223880597,
            54.78358208955224
        ],
        "min": [
            16.0,
            19.0,
            19.0,
            11.0,
            22.0,
            19.0,
            15.0
        ],
        "max": [
            136.0,
            134.0,
            114.0,
            130.0,
            117.0,
            144.0,
            114.0
        ],
        "RawIntDen": [
            7441.0,
            7946.0,
            7988.0,
            6682.0,
            7757.0,
            6980.0,
            7341.0
        ],
        "IntDen": [
            4548.064150921121,
            4856.728630993042,
            4882.39973626635,
            4084.150605624907,
            4741.208657263155,
            4266.2932097069515,
            4486.942471698959
        ],
        "FlagUp": 0,
        "Times": [
            -15,
            -10,
            -5,
            2,
            10,
            20,
            40
        ],
        "width": 0,
        "height": 0,
        "area": 0.6112167922216263,
        "distance": 14.912045568423881,
        "xpert": [
            [
                442.0,
                298.0
            ],
            [
                435.4,
                295.6
            ],
            [
                433.6,
                289.0
            ],
            [
                438.2,
                285.2
            ],
            [
                442.0,
                282.4
            ],
            [
                446.0,
                285.0
            ],
            [
                447.4,
                289.0
            ],
            [
                445.6,
                292.6
            ]
        ],
        "stack": 0
    },
    {
        "type": "Spine",
        "location": [
            431,
            315
        ],
        "radloc": [
            0,
            0
        ],
        "mean": [
            30.02777777777778,
            39.23148148148148,
            37.5462962962963,
            27.10185185185185,
            35.71296296296296,
            30.76851851851852,
            26.435185185185187
        ],
        "min": [
            7.0,
            9.0,
            10.0,
            10.0,
            14.0,
            7.0,
            10.0
        ],
        "max": [
            60.0,
            79.0,
            71.0,
            72.0,
            74.0,
            59.0,
            56.0
        ],
        "RawIntDen": [
            3243.0,
            4237.0,
            4055.0,
            2927.0,
            3857.0,
            3323.0,
            2855.0
        ],
        "IntDen": [
            1656.4261797726333,
            2164.1312746520653,
            2071.1711868572397,
            1495.0229504145846,
            1970.03878365188,
            1697.2877568253039,
            1458.247531067181
        ],
        "FlagUp": 0,
        "Times": [
            -15,
            -10,
            -5,
            2,
            10,
            20,
            40
        ],
        "width": 0,
        "height": 0,
        "area": 0.5107697131583822,
        "distance": 15.803901897485792,
        "xpert": [
            [
                431.0,
                322.2
            ],
            [
                427.0,
                319.0
            ],
            [
                426.0,
                315.0
            ],
            [
                427.4,
                311.4
            ],
            [
                431.0,
                310.2
            ],
            [
                438.2,
                307.8
            ],
            [
                437.0,
                315.0
            ],
            [
                435.2,
                319.2
            ]
        ],
        "stack": 0
    },
    {
        "type": "Spine",
        "location": [
            440,
            319
        ],
        "radloc": [
            0,
            0
        ],
        "mean": [
            61.51704545454545,
            65.74431818181819,
            66.68181818181819,
            46.14204545454545,
            62.14772727272727,
            57.79545454545455,
            53.59659090909091
        ],
        "min": [
            17.0,
            20.0,
            17.0,
            13.0,
            21.0,
            18.0,
            17.0
        ],
        "max": [
            128.0,
            169.0,
            146.0,
            119.0,
            131.0,
            134.0,
            136.0
        ],
        "RawIntDen": [
            10827.0,
            11571.0,
            11736.0,
            8121.0,
            10938.0,
            10172.0,
            9433.0
        ],
        "IntDen": [
            8562.054989137097,
            9150.414545054526,
            9280.8975110846,
            6422.134346243868,
            8649.834439011875,
            8044.077154290436,
            7459.671627646646
        ],
        "FlagUp": 0,
        "Times": [
            -15,
            -10,
            -5,
            2,
            10,
            20,
            40
        ],
        "width": 0,
        "height": 0,
        "area": 0.7908058547277267,
        "distance": 16.332393416296277,
        "xpert": [
            [
                440.0,
                327.8
            ],
            [
                434.2,
                324.8
            ],
            [
                434.0,
                319.0
            ],
            [
                435.8,
                314.8
            ],
            [
                440.0,
                310.6
            ],
            [
                447.4,
                311.6
            ],
            [
                447.2,
                319.0
            ],
            [
                445.8,
                324.8
            ]
        ],
        "stack": 0
    },
    {
        "type": "Spine",
        "location": [
            459,
            323
        ],
        "radloc": [
            0,
            0
        ],
        "mean": [
            80.6,
            72.93076923076923,
            77.97692307692307,
            71.13076923076923,
            73.25384615384615,
            65.73846153846154,
            79.55384615384615
        ],
        "min": [
            15.0,
            21.0,
            20.0,
            22.0,
            23.0,
            18.0,
            31.0
        ],
        "max": [
            150.0,
            159.0,
            143.0,
            135.0,
            142.0,
            116.0,
            150.0
        ],
        "RawIntDen": [
            10478.0,
            9481.0,
            10137.0,
            9247.0,
            9523.0,
            8546.0,
            10342.0
        ],
        "IntDen": [
            6018.976118482312,
            5446.260028567552,
            5823.092280306852,
            5311.841207062984,
            5470.386483709397,
            4909.15918195742,
            5940.852358975384
        ],
        "FlagUp": 0,
        "Times": [
            -15,
            -10,
            -5,
            2,
            10,
            20,
            40
        ],
        "width": 0,
        "height": 0,
        "area": 0.5744394081391785,
        "distance": 17.442589998356297,
        "xpert": [
            [
                459.0,
                329.2
            ],
            [
                454.6,
                327.4
            ],
            [
                452.2,
                323.0
            ],
            [
                453.6,
                317.6
            ],
            [
                459.0,
                313.4
            ],
            [
                463.6,
                318.4
            ],
            [
                464.4,
                323.0
            ],
            [
                462.8,
                326.8
            ]
        ],
        "stack": 0
    },
    {
        "type": "Spine",
        "location": [
            467,
            326
        ],
        "radloc": [
            0,
            0
        ],
        "mean": [
            73.36065573770492,
            53.18032786885246,
            54.18852459016394,
            57.33606557377049,
            60.84426229508197,
            58.82786885245902,
            64.31967213114754
        ],
        "min": [
            17.0,
            17.0,
            16.0,
            21.0,
            28.0,
            26.0,
            23.0
        ],
        "max": [
            130.0,
            95.0,
            109.0,
            118.0,
            112.0,
            112.0,
            130.0
        ],
        "RawIntDen": [
            8950.0,
            6488.0,
            6611.0,
            6995.0,
            7423.0,
            7177.0,
            7847.0
        ],
        "IntDen": [
            4817.020721798311,
            3491.936362349435,
            3558.1367588612998,
            3764.811167483708,
            3995.167018760767,
            3862.7662257370366,
            4223.370011614676
        ],
        "FlagUp": 0,
        "Times": [
            -15,
            -10,
            -5,
            2,
            10,
            20,
            40
        ],
        "width": 0,
        "height": 0,
        "area": 0.5382146057875208,
        "distance": 17.748997049018524,
        "xpert": [
            [
                467.0,
                332.0
            ],
            [
                462.0,
                331.0
            ],
            [
                461.6,
                326.0
            ],
            [
                463.4,
                322.4
            ],
            [
                467.0,
                319.2
            ],
            [
                471.8,
                321.2
            ],
            [
                475.2,
                326.0
            ],
            [
                472.0,
                331.0
            ]
        ],
        "stack": 0
    },
    {
        "type": "Spine",
        "location": [
            475,
            335
        ],
        "radloc": [
            0,
            0
        ],
        "mean": [
            92.13385826771653,
            75.78740157480316,
            70.7244094488189,
            55.22047244094488,
            62.71653543307087,
            68.14173228346456,
            74.51968503937007
        ],
        "min": [
            22.0,
            24.0,
            24.0,
            6.0,
            8.0,
            14.0,
            18.0
        ],
        "max": [
            192.0,
            150.0,
            161.0,
            137.0,
            146.0,
            149.0,
            154.0
        ],
        "RawIntDen": [
            11701.0,
            9625.0,
            8982.0,
            7013.0,
            7965.0,
            8654.0,
            9464.0
        ],
        "IntDen": [
            6606.568690957408,
            5434.426429404755,
            5071.378513133872,
            3959.650135004213,
            4497.164312748974,
            4886.184552734416,
            5343.523296403803
        ],
        "FlagUp": 0,
        "Times": [
            -15,
            -10,
            -5,
            2,
            10,
            20,
            40
        ],
        "width": 0,
        "height": 0,
        "area": 0.5646157329251694,
        "distance": 18.26203783594507,
        "xpert": [
            [
                475.0,
                340.8
            ],
            [
                471.0,
                339.0
            ],
            [
                469.2,
                335.0
            ],
            [
                470.0,
                330.0
            ],
            [
                475.0,
                327.0
            ],
            [
                480.0,
                330.0
            ],
            [
                481.8,
                335.0
            ],
            [
                480.4,
                340.4
            ]
        ],
        "stack": 0
    },
    {
        "type": "Spine",
        "location": [
            488,
            309
        ],
        "radloc": [
            0,
            0
        ],
        "mean": [
            31.22608695652174,
            31.85217391304348,
            28.243478260869566,
            28.77391304347826,
            28.321739130434782,
            27.83478260869565,
            29.017391304347825
        ],
        "min": [
            6.0,
            9.0,
            10.0,
            8.0,
            9.0,
            9.0,
            9.0
        ],
        "max": [
            82.0,
            74.0,
            62.0,
            82.0,
            67.0,
            63.0,
            71.0
        ],
        "RawIntDen": [
            3591.0,
            3663.0,
            3248.0,
            3309.0,
            3257.0,
            3201.0,
            3337.0
        ],
        "IntDen": [
            1831.0873184035706,
            1867.8008485971259,
            1656.1881398426058,
            1687.2926584788124,
            1660.7773311168003,
            1632.2223631884794,
            1701.5701424429728
        ],
        "FlagUp": 0,
        "Times": [
            -15,
            -10,
            -5,
            2,
            10,
            20,
            40
        ],
        "width": 0,
        "height": 0,
        "area": 0.509910141577157,
        "distance": 18.869560124855358,
        "xpert": [
            [
                488.0,
                314.2
            ],
            [
                483.0,
                314.0
            ],
            [
                482.2,
                309.0
            ],
            [
                482.4,
                303.4
            ],
            [
                488.0,
                301.4
            ],
            [
                492.2,
                304.8
            ],
            [
                493.2,
                309.0
            ],
            [
                492.4,
                313.4
            ]
        ],
        "stack": 0
    }
]